cycle,district_id,checkpoint_date,pvi,abs_pvi,incumb_status,cook_ordinal,cand_ratio_t,r_ratio_t,generic_ballot,party_share_final,funded
2012,AL-02,2012-08-07,-17.48894147961364,17.48894147961364,Challenger,-3,0.00016412419979601852,0.0034226662690138585,1.2,0.0,0
2012,AL-03,2012-08-07,-19.224766238484722,19.224766238484722,Challenger,-3,0.00031803323741453384,0.004425710592462829,1.2,0.0,0
2012,AL-04,2012-08-07,-32.99150514498746,32.99150514498746,Challenger,-3,0.0,0.0048242882306931975,1.2,0.0,0
2012,AL-05,2012-08-07,-17.288279129804017,17.288279129804017,Challenger,-3,0.0011310008646549386,0.004150375382792805,1.2,0.0,0
2012,AL-06,2012-08-07,-19.298201595586924,19.298201595586924,Challenger,-3,0.00011160735547179201,0.01750837471458739,1.2,0.0,0
2012,AL-07,2012-08-07,14.226682719477429,14.226682719477429,Incumbent,3,0.004025146243853755,9.422758697396728e-05,1.2,0.0,0
2012,AR-01,2012-08-07,-21.391296630854292,21.391296630854292,Challenger,-3,0.002842691397910013,0.00342575521032465,1.2,0.00016901529254037033,0
2012,AR-02,2012-08-07,-9.052831282224066,9.052831282224066,Challenger,-3,0.00033896102882738496,0.005566331258804545,1.2,0.0,0
2012,AR-03,2012-08-07,-15.476863151334888,15.476863151334888,Challenger,-3,0.0003421942489181074,0.0017238962654089946,1.2,0.0,0
2012,AR-04,2012-08-07,-18.710195024103218,18.710195024103218,Incumbent,-3,0.003279497228687195,0.007516659455460967,1.2,0.0,0
2012,AZ-01,2012-08-07,-2.448492787482301,2.448492787482301,Challenger,-1,0.0036696019271473266,0.0021875960537424736,1.2,0.019878191849878626,1
2012,AZ-02,2012-08-07,-6.433271888721167,6.433271888721167,Open,-2,0.009347248755836625,0.0024004170083962374,1.2,0.00877637285125193,1
2012,AZ-03,2012-08-07,24.623777496420452,24.623777496420452,Incumbent,3,0.003102527305262078,0.0009373877944989867,1.2,0.0,0
2012,AZ-05,2012-08-07,-11.63027765524259,11.63027765524259,Challenger,-3,2.3514985021063033e-05,0.0034753824791035432,1.2,0.0,0
2012,AZ-06,2012-08-07,-3.0859031340330274,3.0859031340330274,Open,-1,0.00010575957371635329,0.0,1.2,0.0,0
2012,AZ-07,2012-08-07,15.636005284412564,15.636005284412564,Incumbent,3,0.0044215839105889955,3.874313305611827e-05,1.2,0.0,0
2012,AZ-08,2012-08-07,-10.181826844449171,10.181826844449171,Incumbent,-2,0.006713889797644621,0.002199058497551537,1.2,3.1617824457960845e-06,0
2012,AZ-09,2012-08-07,-15.971098802177186,15.971098802177186,Challenger,-3,0.0018771092421237493,0.0010368169963968748,1.2,0.02101579704761509,1
2012,CA-01,2012-08-07,-12.4413722392534,12.4413722392534,Challenger,-3,0.0005742410527426707,0.00278126063723331,1.2,0.0,0
2012,CA-02,2012-08-07,23.304486035062574,23.304486035062574,Open,3,0.0,0.004554651260910892,1.2,0.0,0
2012,CA-03,2012-08-07,-4.260867603951912,4.260867603951912,Incumbent,0,0.007176485881381431,0.0029632293010916962,1.2,0.0006146584792863192,0
2012,CA-04,2012-08-07,16.90863605237989,16.90863605237989,Challenger,3,9.216186010391917e-05,0.00538423326333555,1.2,0.0,0
2012,CA-05,2012-08-07,-8.888000805717656,8.888000805717656,Incumbent,-2,0.00809718316135948,3.9617998595707545e-05,1.2,0.0,0
2012,CA-06,2012-08-07,7.578196341651678,7.578196341651678,Incumbent,2,0.0035221306985126826,0.0001293423473081425,1.2,0.0,0
2012,CA-07,2012-08-07,18.0949623630077,18.0949623630077,Challenger,3,0.0038767394487336853,0.00493450149947136,1.2,0.03810265632424527,1
2012,CA-08,2012-08-07,26.86109662816917,26.86109662816917,Challenger,3,0.00015785452892338957,0.004426554581220721,1.2,0.0,0
2012,CA-09,2012-08-07,4.989054547840372,4.989054547840372,Incumbent,2,0.0041726306652951255,0.0058314724989972306,1.2,0.005233925581254993,1
2012,CA-10,2012-08-07,18.00449331076005,18.00449331076005,Challenger,3,0.0027017312404412673,0.004799522946536909,1.2,0.026607815543207604,1
2012,CA-11,2012-08-07,37.65186614121579,37.65186614121579,Incumbent,3,0.004250356366814523,0.0010672412928932262,1.2,0.0,0
2012,CA-12,2012-08-07,40.46856696126791,40.46856696126791,Incumbent,3,0.011572251258685743,0.0002614958852408095,1.2,0.0,0
2012,CA-13,2012-08-07,4.383782670392684,4.383782670392684,Incumbent,2,0.00535866111273391,0.0,1.2,0.0005968526813755775,0
2012,CA-14,2012-08-07,22.448767455138224,22.448767455138224,Incumbent,3,0.004344035329517334,4.654309933436394e-05,1.2,0.0,0
2012,CA-15,2012-08-07,28.539933135818373,28.539933135818373,Incumbent,3,0.0037204879861764124,7.565008004430573e-05,1.2,0.00033123144757650887,0
2012,CA-16,2012-08-07,26.442084135142792,26.442084135142792,Incumbent,3,0.004654219057453899,0.001128198094970877,1.2,4.26523441424986e-05,0
2012,CA-17,2012-08-07,24.68124762453286,24.68124762453286,Incumbent,3,0.00423472892585252,0.00015583041553412887,1.2,0.0,0
2012,CA-18,2012-08-07,22.530887217829346,22.530887217829346,Incumbent,3,0.00766772095206196,4.5835740335482085e-05,1.2,0.0,0
2012,CA-19,2012-08-07,18.97607047198322,18.97607047198322,Incumbent,3,0.0031194835706291235,0.0003015624392651731,1.2,0.0,0
2012,CA-20,2012-08-07,-16.1928793689232,16.1928793689232,Incumbent,-3,0.00251706078800987,5.936763026329802e-07,1.2,0.0,0
2012,CA-21,2012-08-07,9.24463230357992,9.24463230357992,Challenger,2,0.0023130988030720624,0.001325258557803324,1.2,0.0,0
2012,CA-22,2012-08-07,5.826128820806293,5.826128820806293,Challenger,1,0.0009303609407297375,0.00640842839277063,1.2,0.0,0
2012,CA-23,2012-08-07,-8.137760237717675,8.137760237717675,Open,-2,0.0,0.019884932461846642,1.2,9.020069324461847e-05,0
2012,CA-24,2012-08-07,12.509524773144115,12.509524773144115,Incumbent,3,0.008405874277599,0.008964110771595939,1.2,0.00416095334715525,1
2012,CA-25,2012-08-07,6.785435303968063,6.785435303968063,Challenger,1,0.001355001459867221,0.007835435700522341,1.2,0.00019724649544217268,0
2012,CA-26,2012-08-07,8.003792259311972,8.003792259311972,Challenger,2,0.004217271684702436,0.002902797895524425,1.2,0.01206080306686228,1
2012,CA-27,2012-08-07,4.063200566994896,4.063200566994896,Incumbent,2,0.003535964900203116,0.00041385778557278223,1.2,0.0,0
2012,CA-28,2012-08-07,16.169126222614,16.169126222614,Incumbent,3,0.005559025531556966,2.9957495696692584e-05,1.2,0.0,0
2012,CA-29,2012-08-07,27.637639681993456,27.637639681993456,Challenger,3,0.002568028530161446,6.14143398428008e-05,1.2,0.0,0
2012,CA-30,2012-08-07,24.07935261980949,24.07935261980949,Incumbent,3,0.01937940165176381,0.00021088343660226306,1.2,9.948646429303374e-05,0
2012,CA-31,2012-08-07,16.10022520246681,16.10022520246681,Challenger,3,0.0029468912731036336,0.006174963011350591,1.2,0.0001345946983983518,0
2012,CA-32,2012-08-07,20.567593412917894,20.567593412917894,Incumbent,3,0.0026463621534077598,5.98860093232921e-05,1.2,0.0,0
2012,CA-33,2012-08-07,12.701667657858678,12.701667657858678,Incumbent,3,0.00390668950593297,5.741565626400264e-05,1.2,0.0,0
2012,CA-34,2012-08-07,34.29769394227007,34.29769394227007,Incumbent,3,0.007877740680870746,0.0,1.2,0.0,0
2012,CA-35,2012-08-07,14.526011827287176,14.526011827287176,Challenger,3,0.004247891908413557,2.105235115719788e-07,1.2,0.03755378181080795,1
2012,CA-36,2012-08-07,21.379065236746058,21.379065236746058,Challenger,3,0.0015622465589679932,0.006706385336202118,1.2,0.013942352600717599,1
2012,CA-37,2012-08-07,38.17115571896528,38.17115571896528,Incumbent,3,0.004202787035535749,0.00044108058085415487,1.2,0.0,0
2012,CA-39,2012-08-07,12.638332359465792,12.638332359465792,Incumbent,3,0.005433475975833306,0.017137681196162748,1.2,0.007482790713617284,1
2012,CA-40,2012-08-07,-2.3490241947268897,2.3490241947268897,Incumbent,0,0.002487235220380429,0.0,1.2,0.0,0
2012,CA-41,2012-08-07,-3.5498506287901357,3.5498506287901357,Open,-1,0.003605173101142327,0.0028854748280257173,1.2,0.0009635397970260006,0
2012,CA-42,2012-08-07,23.548646756052822,23.548646756052822,Challenger,3,0.00020635479517033432,0.004098397408483699,1.2,0.0,0
2012,CA-43,2012-08-07,33.66523654372313,33.66523654372313,Incumbent,3,0.0011370483630483554,0.0,1.2,0.0012280538175032097,1
2012,CA-44,2012-08-07,25.585392212203978,25.585392212203978,Incumbent,3,0.014873521109637727,3.5648647959521743e-07,1.2,0.0,0
2012,CA-45,2012-08-07,3.405664749834103,3.405664749834103,Challenger,1,0.001689240235806535,0.0051614924408165145,1.2,0.0,0
2012,CA-46,2012-08-07,16.58257586569293,16.58257586569293,Incumbent,3,0.003583266164877154,0.0004046045053196514,1.2,0.0,0
2012,CA-47,2012-08-07,3.120100066463399,3.120100066463399,Challenger,1,0.002064070050012042,0.004427996386576974,1.2,0.0,0
2012,CA-48,2012-08-07,-10.09708544488959,10.09708544488959,Challenger,-3,0.0,0.002680633837252593,1.2,0.0,0
2012,CA-49,2012-08-07,2.7222366320874105,2.7222366320874105,Challenger,0,0.00020410864965086903,0.004282186539321151,1.2,0.0,0
2012,CA-50,2012-08-07,14.071194061937565,14.071194061937565,Challenger,3,0.0005449364606298667,0.004296882413744449,1.2,0.0,0
2012,CA-51,2012-08-07,11.437344844143032,11.437344844143032,Open,3,0.004477886318523806,2.0754109515804243e-05,1.2,0.0,0
2012,CA-52,2012-08-07,20.016199703055122,20.016199703055122,Challenger,3,0.0,0.005442052984392764,1.2,0.02889589734617804,1
2012,CO-01,2012-08-07,28.762867479927927,28.762867479927927,Incumbent,3,0.004981713853049011,4.931078176649688e-05,1.2,5.308701216800197e-07,0
2012,CO-02,2012-08-07,16.877197454600925,16.877197454600925,Incumbent,3,0.006197123909145223,0.0017899797360404464,1.2,5.308701216800197e-07,0
2012,CO-03,2012-08-07,-7.619998140340705,7.619998140340705,Challenger,-2,0.0027519178000159038,0.004524435101992981,1.2,0.006054621245907192,1
2012,CO-04,2012-08-07,-13.921511275641516,13.921511275641516,Challenger,-3,0.0019672714095657503,0.004883012711628643,1.2,5.308701216808366e-07,0
2012,CO-06,2012-08-07,8.034491840473857,8.034491840473857,Challenger,2,0.0019732716805180707,0.0032128304675796814,1.2,0.03212740258254972,1
2012,CO-07,2012-08-07,2.769295170062125,2.769295170062125,Incumbent,1,0.004872713761093534,0.008724825958920018,1.2,0.016253273608236956,1
2012,CT-01,2012-08-07,11.526638530994981,11.526638530994981,Incumbent,3,0.009991909572327604,4.809339447357999e-05,1.2,0.0,0
2012,CT-02,2012-08-07,2.1286702699589153,2.1286702699589153,Incumbent,1,0.003250162742235748,0.0008369485007925768,1.2,0.0,0
2012,CT-03,2012-08-07,6.922120923630809,6.922120923630809,Incumbent,2,0.005508605711931509,0.00013301219316186523,1.2,0.0,0
2012,CT-04,2012-08-07,12.541705966334455,12.541705966334455,Incumbent,3,0.0040135897662095235,0.0019342213936585687,1.2,0.0,0
2012,CT-05,2012-08-07,2.141638010775665,2.141638010775665,Open,1,0.008905160398932575,0.009505056899412966,1.2,0.022506226036892445,1
2012,DE-00,2012-08-07,6.127682804332846,6.127682804332846,Incumbent,2,0.0024111242341947887,0.0,1.2,0.0,0
2012,FL-02,2012-08-07,-7.56900038068406,7.56900038068406,Challenger,-2,0.0007016662326054309,0.0040799686013277105,1.2,0.01167924365808586,1
2012,FL-03,2012-08-07,-9.079725707420678,9.079725707420678,Open,-2,0.0,0.005188742183107368,1.2,0.0,0
2012,FL-05,2012-08-07,-11.450101278446976,11.450101278446976,Incumbent,-2,0.002723064780835422,0.00011588175467624558,1.2,0.0,0
2012,FL-06,2012-08-07,-13.732136947426714,13.732136947426714,Challenger,-3,0.0006532478600044877,0.0019442839262901826,1.2,0.0,0
2012,FL-07,2012-08-07,-5.117554716684672,5.117554716684672,Challenger,-2,0.0002335149947942662,0.008522593845676798,1.2,0.0,0
2012,FL-08,2012-08-07,-11.553985107654771,11.553985107654771,Challenger,-3,0.0003250923714555577,0.00250750898541733,1.2,1.1320691311271596e-05,0
2012,FL-09,2012-08-07,9.587847940804794,9.587847940804794,Challenger,2,0.010973147379226422,0.0008902159316100612,1.2,9.742326370512606e-05,0
2012,FL-10,2012-08-07,14.832758363085407,14.832758363085407,Challenger,3,0.00349074964283074,0.002633900705361783,1.2,0.04602774837438582,1
2012,FL-11,2012-08-07,-8.31671764256397,8.31671764256397,Challenger,-3,0.0,0.002172524043978501,1.2,0.0,0
2012,FL-12,2012-08-07,-16.34021772390692,16.34021772390692,Challenger,-3,6.066340247702355e-05,0.00295328424057954,1.2,0.0,0
2012,FL-13,2012-08-07,-5.446031223054323,5.446031223054323,Challenger,-2,0.001339213880687415,0.003154542191360213,1.2,0.00031975251275903805,0
2012,FL-14,2012-08-07,8.855974120729392,8.855974120729392,Incumbent,3,0.002225104676926734,0.0,1.2,0.0,0
2012,FL-16,2012-08-07,-7.226442069336062,7.226442069336062,Challenger,-2,0.0020480643684742477,0.011570801523610556,1.2,0.001055379696506223,1
2012,FL-17,2012-08-07,-9.993020786991144,9.993020786991144,Open,-2,0.00016098957488321563,0.005599965828328858,1.2,0.0,0
2012,FL-18,2012-08-07,-12.982997177715792,12.982997177715792,Challenger,-3,0.01095479036058788,0.05344089517356943,1.2,0.03355658256311537,1
2012,FL-19,2012-08-07,-12.964311255917192,12.964311255917192,Challenger,-3,0.0008545316350025801,0.003590355333605829,1.2,0.0,0
2012,FL-20,2012-08-07,26.10346106505017,26.10346106505017,Incumbent,3,0.002322993758988465,0.004131500335966788,1.2,0.0,0
2012,FL-21,2012-08-07,-6.707063416602949,6.707063416602949,Incumbent,-1,0.0047087459100921105,0.0004952460347975015,1.2,0.0,0
2012,FL-22,2012-08-07,7.92701110812219,7.92701110812219,Challenger,2,0.0095581051050804,0.009679794782393893,1.2,0.0003144877407816469,0
2012,FL-23,2012-08-07,5.290088644609193,5.290088644609193,Incumbent,2,0.010261878818385674,0.0030790290217729325,1.2,0.0,0
2012,FL-24,2012-08-07,26.86007770418651,26.86007770418651,Incumbent,3,0.00273913712815188,3.4525855897804527e-06,1.2,0.0,0
2012,FL-25,2012-08-07,10.651298537769655,10.651298537769655,Challenger,2,0.0014121388040489254,0.0030146004764659484,1.2,1.1320691311271596e-05,0
2012,FL-26,2012-08-07,-5.3717735987451976,5.3717735987451976,Challenger,-2,0.0011254569385012023,0.0012799696172018983,1.2,0.003660890674761989,1
2012,FL-27,2012-08-07,2.7019707357899074,2.7019707357899074,Open,1,0.0,0.004731883777329443,1.2,0.00015566810190670687,0
2012,GA-01,2012-08-07,-9.338075294766407,9.338075294766407,Challenger,-3,0.00018410638976939218,0.003909117333242921,1.2,0.0,0
2012,GA-02,2012-08-07,3.2435955198042765,3.2435955198042765,Incumbent,2,0.00385459412967891,0.0007109053376087827,1.2,0.0,0
2012,GA-03,2012-08-07,-18.45277392927388,18.45277392927388,Challenger,-3,0.0,0.0060498400464358785,1.2,0.0,0
2012,GA-04,2012-08-07,26.368184394606217,26.368184394606217,Incumbent,3,0.0021759816119580554,6.859438455397085e-05,1.2,0.0,0
2012,GA-05,2012-08-07,31.892357754569606,31.892357754569606,Incumbent,3,0.005434813642225833,0.00011929665655745466,1.2,0.0,0
2012,GA-06,2012-08-07,-12.44589773553291,12.44589773553291,Challenger,-3,8.013079229009985e-05,0.007266281387040778,1.2,0.0,0
2012,GA-07,2012-08-07,8.481636073280551,8.481636073280551,Challenger,2,7.450441109433101e-05,0.00044963660723695934,1.2,0.0,0
2012,GA-08,2012-08-07,-16.510851096950546,16.510851096950546,Challenger,-3,0.00014814595648923235,0.0040522858823480576,1.2,0.0,0
2012,GA-09,2012-08-07,-23.031996818710944,23.031996818710944,Challenger,-3,4.834356657983136e-05,0.002795932161103769,1.2,0.0,0
2012,GA-11,2012-08-07,-12.045124653017183,12.045124653017183,Challenger,-3,6.240337930016596e-06,0.006066673295897662,1.2,0.0,0
2012,GA-12,2012-08-07,-7.63401355344136,7.63401355344136,Incumbent,-2,0.0037773858247764523,0.003517552584055534,1.2,0.017722623439696637,1
2012,GA-13,2012-08-07,27.507513349372736,27.507513349372736,Incumbent,3,0.003671051592048011,4.328131822057155e-05,1.2,0.0,0
2012,GA-14,2012-08-07,-22.307036948383235,22.307036948383235,Challenger,-3,3.887000855909231e-05,0.004683450457559179,1.2,0.0,0
2012,HI-01,2012-08-07,14.514952454064334,14.514952454064334,Incumbent,3,0.003895628951507497,0.0009646740977063503,1.2,0.0,0
2012,HI-02,2012-08-07,14.587435870590864,14.587435870590864,Incumbent,3,0.0,9.306753225070181e-06,1.2,0.0,0
2012,IA-01,2012-08-07,-3.23919947167052,3.23919947167052,Incumbent,0,0.005648957105579292,0.0018047527322434833,1.2,0.0016389607651887915,1
2012,IA-02,2012-08-07,-4.036017317545893,4.036017317545893,Incumbent,0,0.0019768298085616524,0.0024160132217040243,1.2,0.0005978867728644199,0
2012,IA-03,2012-08-07,-2.591819058935757,2.591819058935757,Incumbent,0,0.005389050953548867,0.00782415100873155,1.2,0.0018304141448140302,1
2012,IA-04,2012-08-07,-15.527668627078642,15.527668627078642,Challenger,-3,0.00859441506444164,0.007757907610405807,1.2,0.022807043222926645,1
2012,ID-01,2012-08-07,-22.463689738740225,22.463689738740225,Challenger,-3,0.0009420006453355445,0.002752044043948343,1.2,0.0,0
2012,ID-02,2012-08-07,-14.863293758937132,14.863293758937132,Challenger,-3,0.0002461323004133096,0.005744590849261553,1.2,0.0,0
2012,IL-01,2012-08-07,21.557606615631734,21.557606615631734,Incumbent,3,0.0023893292262632685,0.0003450788420736666,1.2,0.0,0
2012,IL-02,2012-08-07,19.498388941928752,19.498388941928752,Incumbent,3,0.0066643510189150915,0.0,1.2,0.0,0
2012,IL-03,2012-08-07,20.7490927090049,20.7490927090049,Incumbent,3,0.0026225586810013396,3.538731810715706e-05,1.2,0.0,0
2012,IL-04,2012-08-07,23.590651459594714,23.590651459594714,Incumbent,3,0.001986294805292921,1.6130872852675876e-05,1.2,0.0,0
2012,IL-05,2012-08-07,18.68377102039282,18.68377102039282,Incumbent,3,0.0025423970119295425,0.0,1.2,0.0,0
2012,IL-06,2012-08-07,3.3013832950879953,3.3013832950879953,Challenger,1,0.0012566342087362062,0.013551086022997103,1.2,0.0,0
2012,IL-07,2012-08-07,36.705380273468435,36.705380273468435,Incumbent,3,0.002665669264654026,0.0,1.2,0.0,0
2012,IL-08,2012-08-07,6.424280826815448,6.424280826815448,Challenger,1,0.012071448468922932,0.00735573879194054,1.2,0.005495823987449925,1
2012,IL-09,2012-08-07,20.158433724412745,20.158433724412745,Incumbent,3,0.006721369698010773,0.00014361261336554522,1.2,0.0,0
2012,IL-10,2012-08-07,11.04113176541972,11.04113176541972,Challenger,2,0.007370844274942853,0.006975006108994065,1.2,0.017757247890772362,1
2012,IL-11,2012-08-07,5.085982935594202,5.085982935594202,Challenger,1,0.0036139536157629706,0.005401231352706894,1.2,0.024865913763249887,1
2012,IL-12,2012-08-07,-23.83831770974748,23.83831770974748,Open,-3,8.812163321883747e-06,0.0028247314266142964,1.2,0.024596952644114232,1
2012,IL-13,2012-08-07,3.4188055743444465,3.4188055743444465,Challenger,1,0.0016226480000221175,0.0010465127970713298,1.2,0.022075036412007965,1
2012,IL-14,2012-08-07,3.54197654493737,3.54197654493737,Challenger,1,0.0004984703427262341,0.00702716815102679,1.2,0.0,0
2012,IL-15,2012-08-07,-21.8139353277361,21.8139353277361,Challenger,-3,4.790406366217292e-05,0.009536154309750315,1.2,0.0,0
2012,IL-16,2012-08-07,-13.631151449570353,13.631151449570353,Challenger,-3,1.4704365538264148e-05,0.01086662388586108,1.2,0.0,0
2012,IL-17,2012-08-07,2.1001234628320264,2.1001234628320264,Challenger,0,0.0032288002197715005,0.004244747739768229,1.2,0.03347250298131871,1
2012,IN-01,2012-08-07,3.573714791027988,3.573714791027988,Incumbent,2,0.004492073287445129,0.00012631726479586086,1.2,0.0,0
2012,IN-02,2012-08-07,-14.123373420505617,14.123373420505617,Incumbent,-3,0.0,0.003394015492753493,1.2,0.0035957001746921196,1
2012,IN-03,2012-08-07,-18.388894143413275,18.388894143413275,Challenger,-3,9.52291876675229e-05,0.0028477960316696032,1.2,0.0,0
2012,IN-04,2012-08-07,-18.261366892061144,18.261366892061144,Open,-3,0.0006515785489067295,0.0032743711215294253,1.2,0.0,0
2012,IN-05,2012-08-07,-12.021418015673689,12.021418015673689,Open,-3,0.0013724468415261522,0.005417296401874953,1.2,0.0,0
2012,IN-06,2012-08-07,-19.774364527800465,19.774364527800465,Open,-3,0.00022740826911959395,0.005117043208328245,1.2,0.0,0
2012,IN-07,2012-08-07,18.607074845547505,18.607074845547505,Incumbent,3,0.0035441092829462933,0.00018958372031896808,1.2,0.0,0
2012,IN-08,2012-08-07,-19.049853045606127,19.049853045606127,Challenger,-3,0.0014906412671515199,0.0033391387500390484,1.2,0.004236653040573782,1
2012,IN-09,2012-08-07,-16.1330901327918,16.1330901327918,Challenger,-3,0.00042768489963832603,0.002692938725980464,1.2,0.0,0
2012,KS-01,2012-08-07,-18.35642947387447,18.35642947387447,Open,-3,0.0,0.0015952973467947167,1.2,0.0,0
2012,KS-02,2012-08-07,-10.919753167294175,10.919753167294175,Challenger,-3,0.00024071012702376557,0.0028010200933314402,1.2,0.0,0
2012,KS-03,2012-08-07,-2.001934384644852,2.001934384644852,Open,0,2.3859331311490934e-06,0.002863720661655442,1.2,0.0,0
2012,KS-04,2012-08-07,-14.574908575782132,14.574908575782132,Challenger,-3,1.4956292007111949e-05,0.002825480539442973,1.2,0.0,0
2012,KY-03,2012-08-07,8.079431177631157,8.079431177631157,Incumbent,3,0.0026129341074482993,2.7182865988677762e-05,1.2,0.0,0
2012,KY-04,2012-08-07,-19.686205100289342,19.686205100289342,Open,-3,0.00020214488633492561,0.003420717312518229,1.2,0.0,0
2012,KY-05,2012-08-07,-32.1729608712165,32.1729608712165,Challenger,-3,5.136773682356283e-06,0.0052592596999395495,1.2,0.0,0
2012,KY-06,2012-08-07,-9.185896454494886,9.185896454494886,Incumbent,-2,0.0021099260707791384,0.0025295580250528134,1.2,0.00440678144109434,1
2012,LA-01,2012-08-07,-22.944673490403893,22.944673490403893,Challenger,-3,2.5715867985540356e-05,0.004984459219988918,1.2,0.0,0
2012,LA-02,2012-08-07,25.16643417438329,25.16643417438329,Incumbent,3,0.0030276190398980476,0.00021201317593986212,1.2,0.0,0
2012,LA-03,2012-08-07,-21.06595306282636,21.06595306282636,Challenger,-3,0.0,0.0067033924637871075,1.2,0.0007305597424746387,0
2012,LA-04,2012-08-07,-13.802598221073296,13.802598221073296,Challenger,-3,1.5205411495805457e-05,0.0057171084784904125,1.2,0.0,0
2012,MA-01,2012-08-07,8.575942547188976,8.575942547188976,Incumbent,3,0.008280586613123734,2.665929401539825e-05,1.2,0.0,0
2012,MA-02,2012-08-07,12.66908430464133,12.66908430464133,Incumbent,3,0.003123551516443229,4.936678102057503e-05,1.2,0.0,0
2012,MA-03,2012-08-07,11.100187597102483,11.100187597102483,Incumbent,3,0.0054950020334862465,0.0006506173687273959,1.2,0.0,0
2012,MA-04,2012-08-07,11.65184581520879,11.65184581520879,Open,3,0.0049227479016457935,0.0016939873304689715,1.2,0.0,0
2012,MA-05,2012-08-07,22.981622359533727,22.981622359533727,Incumbent,3,0.005153814227302462,0.00012473223327723546,1.2,0.0,0
2012,MA-06,2012-08-07,10.243287841991489,10.243287841991489,Incumbent,3,0.005760452181844913,0.004194106659932109,1.2,0.017174054816921618,1
2012,MA-07,2012-08-07,35.552286282446815,35.552286282446815,Incumbent,3,0.002709281876707308,0.0,1.2,0.0,0
2012,MA-08,2012-08-07,14.729375410314466,14.729375410314466,Incumbent,3,0.003066918095373724,0.00010425096223242847,1.2,0.0,0
2012,MA-09,2012-08-07,5.6093782672373695,5.6093782672373695,Incumbent,2,0.0019666565405629523,0.0002227239806381097,1.2,0.0,0
2012,MD-01,2012-08-07,-11.511437051533768,11.511437051533768,Challenger,-3,0.001062247113802708,0.003940169831897803,1.2,0.0,0
2012,MD-02,2012-08-07,6.588015915525597,6.588015915525597,Incumbent,2,0.00490476126403861,0.0006452096512856464,1.2,0.0,0
2012,MD-03,2012-08-07,8.507214711156301,8.507214711156301,Incumbent,3,0.0030576901481164857,8.244184922563318e-05,1.2,0.0,0
2012,MD-04,2012-08-07,40.07215890845792,40.07215890845792,Incumbent,3,0.0037712635905364274,0.00013282461671305457,1.2,0.0,0
2012,MD-05,2012-08-07,13.90135693169312,13.90135693169312,Incumbent,3,0.015958836056522922,0.000417532052420248,1.2,0.0,0
2012,MD-06,2012-08-07,1.142896202854865,1.142896202854865,Challenger,0,0.019339535726645974,0.004383588557045981,1.2,0.0012929459355826758,1
2012,MD-07,2012-08-07,30.226960116774826,30.226960116774826,Incumbent,3,0.004170888021840836,1.3871113479462255e-05,1.2,0.0,0
2012,MD-08,2012-08-07,29.458751280694372,29.458751280694372,Incumbent,3,0.005723141310412523,0.00035113637542113493,1.2,0.0,0
2012,ME-01,2012-08-07,8.0535576548473,8.0535576548473,Incumbent,3,0.003048814406694107,0.0001312240766290767,1.2,0.0,0
2012,ME-02,2012-08-07,-5.701764426813255,5.701764426813255,Incumbent,-1,0.002404445726662687,0.0013333559938034211,1.2,0.0,0
2012,MI-01,2012-08-07,-12.864139449304293,12.864139449304293,Challenger,-3,0.00215474301766762,0.0005131159722047697,1.2,0.014959907748423196,1
2012,MI-02,2012-08-07,-16.32899492778914,16.32899492778914,Open,-3,0.0,0.003792767584800451,1.2,0.0,0
2012,MI-03,2012-08-07,0.5192327169860678,0.5192327169860678,Challenger,0,0.002434575921813372,0.0038017157463108102,1.2,0.0,0
2012,MI-04,2012-08-07,-5.202260954909226,5.202260954909226,Challenger,-2,0.0,0.011062547662080044,1.2,0.0,0
2012,MI-05,2012-08-07,-14.539167945315114,14.539167945315114,Open,-3,0.001232492144348674,0.0001591255997117573,1.2,0.0,0
2012,MI-06,2012-08-07,10.536606251083619,10.536606251083619,Challenger,2,8.853875046976542e-05,0.015231941317861236,1.2,0.0,0
2012,MI-07,2012-08-07,-2.55840954579728,2.55840954579728,Challenger,-1,9.944590342980577e-05,0.004458590294849149,1.2,0.0,0
2012,MI-08,2012-08-07,-0.8913436295996224,0.8913436295996224,Challenger,0,0.00020467341405791282,0.0035943742976162424,1.2,0.0,0
2012,MI-09,2012-08-07,-17.85195581310617,17.85195581310617,Incumbent,-3,0.0074559535974091104,6.46241216492349e-05,1.2,0.0,0
2012,MI-10,2012-08-07,-3.3435538497304127,3.3435538497304127,Challenger,-2,5.985000980281328e-05,0.0023220928587079446,1.2,0.0,0
2012,MI-11,2012-08-07,6.989361726624355,6.989361726624355,Open,2,0.0018215359472840168,0.005978823238008753,1.2,7.017450385732627e-05,0
2012,MI-12,2012-08-07,22.83353465712751,22.83353465712751,Incumbent,3,0.004510522375032732,0.00041937525593856455,1.2,0.0,0
2012,MI-13,2012-08-07,24.1254278498976,24.1254278498976,Incumbent,3,0.004224968424285508,0.0,1.2,0.0,0
2012,MN-01,2012-08-07,-7.847842235909125,7.847842235909125,Incumbent,-2,0.005013712233841386,0.0010117684879430175,1.2,6.034305586690833e-07,0
2012,MN-02,2012-08-07,-0.14427997792423597,0.14427997792423597,Challenger,0,0.0005636718601932071,0.004580655967154309,1.2,0.0010609186402701853,1
2012,MN-03,2012-08-07,6.6782863467643505,6.6782863467643505,Challenger,1,0.0011715969554854096,0.005622702858800159,1.2,4.687656857668578e-07,0
2012,MN-04,2012-08-07,16.427906101446403,16.427906101446403,Incumbent,3,0.0038232497752624848,0.00011937160292757429,1.2,4.3297668879937634e-07,0
2012,MN-05,2012-08-07,29.534822063444928,29.534822063444928,Incumbent,3,0.010250971525076627,0.0004405001675327509,1.2,2.901715734506977e-07,0
2012,MN-06,2012-08-07,-12.677496490338452,12.677496490338452,Challenger,-3,0.001591629465827102,0.035534319938535404,1.2,0.0004255875240670368,0
2012,MN-07,2012-08-07,-19.328215156854412,19.328215156854412,Incumbent,-3,0.0029875985203482148,0.0021748672408368015,1.2,0.0,0
2012,MN-08,2012-08-07,-8.04388507656337,8.04388507656337,Challenger,-3,0.007426647671980732,0.004522245867996145,1.2,0.04052506202220368,1
2012,MO-01,2012-08-07,27.249169270162675,27.249169270162675,Incumbent,3,0.006128267914040873,0.0,1.2,0.0,0
2012,MO-02,2012-08-07,-7.986075858271152,7.986075858271152,Challenger,-2,5.8670516741979344e-05,0.0,1.2,0.0,0
2012,MO-04,2012-08-07,-22.699460623660684,22.699460623660684,Challenger,-3,0.0011788870338186282,0.003470634472172557,1.2,0.0004294427007854483,0
2012,MO-05,2012-08-07,10.413225733597686,10.413225733597686,Incumbent,3,0.0035209980118459214,0.00126719140144551,1.2,0.0,0
2012,MO-06,2012-08-07,-21.2217918081147,21.2217918081147,Challenger,-3,0.00018954856289253556,0.004981640871565,1.2,0.0,0
2012,MO-07,2012-08-07,-24.16088679935535,24.16088679935535,Challenger,-3,2.166679911297263e-05,0.0023596539022465867,1.2,0.0,0
2012,MO-08,2012-08-07,-27.92529244087229,27.92529244087229,Challenger,-3,7.818197614347806e-05,0.0060460519565431565,1.2,0.0,0
2012,MS-01,2012-08-07,-18.345109622786225,18.345109622786225,Challenger,-3,0.0006307690015328781,0.006797091636747028,1.2,0.0,0
2012,MS-02,2012-08-07,11.473888206130106,11.473888206130106,Incumbent,3,0.009300259276483225,7.319488467784946e-05,1.2,0.0,0
2012,MS-04,2012-08-07,-21.91982653549508,21.91982653549508,Challenger,-3,0.0007921369573408924,0.003946068139296019,1.2,0.0,0
2012,NC-01,2012-08-07,2.6847642563189944,2.6847642563189944,Incumbent,1,0.0035802598891319067,0.0,1.2,0.0,0
2012,NC-02,2012-08-07,11.44542313038604,11.44542313038604,Open,3,0.0008975705704868283,0.005682279889782968,1.2,0.0,0
2012,NC-03,2012-08-07,-14.845244174580227,14.845244174580227,Challenger,-3,8.32129266740175e-05,0.004033339397877114,1.2,0.0,0
2012,NC-04,2012-08-07,16.04355221243226,16.04355221243226,Incumbent,3,0.0049037095587493,0.0009904201407285494,1.2,0.0,0
2012,NC-05,2012-08-07,-12.9346878047449,12.9346878047449,Challenger,-3,0.0006300266956310753,0.0028077317232293626,1.2,0.0,0
2012,NC-06,2012-08-07,4.163220378592431,4.163220378592431,Challenger,1,2.147339818034184e-05,0.003105160603519324,1.2,0.0,0
2012,NC-07,2012-08-07,-8.254535703796442,8.254535703796442,Incumbent,-2,0.002727934119483578,0.00428255144674121,1.2,0.015282370400521205,1
2012,NC-08,2012-08-07,-19.6845056221601,19.6845056221601,Incumbent,-3,0.0026274706155733365,0.004504354106318176,1.2,0.00011598441997538886,0
2012,NC-09,2012-08-07,-5.841307578312968,5.841307578312968,Open,-2,0.0006658287450560292,0.015711553174944364,1.2,0.0,0
2012,NC-10,2012-08-07,-22.055350387332396,22.055350387332396,Challenger,-3,0.001119846416743305,0.005183209835746768,1.2,0.0,0
2012,NC-11,2012-08-07,-8.230709932398778,8.230709932398778,Open,-2,0.002106461274825687,0.0032304978813688175,1.2,0.0,0
2012,NC-12,2012-08-07,12.402821989006103,12.402821989006103,Incumbent,3,0.001666371908838517,6.914413161718915e-05,1.2,0.0,0
2012,NC-13,2012-08-07,-1.864598296187117,1.864598296187117,Incumbent,0,0.0018962371276871638,0.007184818121271435,1.2,2.2398578839197007e-05,0
2012,ND-00,2012-08-07,-20.198325659708185,20.198325659708185,Open,-3,0.0018925305805679237,0.0022397902356979644,1.2,0.0,0
2012,NE-01,2012-08-07,-9.41435049125387,9.41435049125387,Challenger,-3,8.014314300277876e-05,0.00139520892429533,1.2,0.0,0
2012,NE-02,2012-08-07,-0.5855479710474842,0.5855479710474842,Challenger,0,0.001457153362340269,0.0063473121542202155,1.2,0.002140621732081907,1
2012,NE-03,2012-08-07,-29.05395314239278,29.05395314239278,Challenger,-3,4.833374214929133e-05,0.0030632621440717647,1.2,0.0,0
2012,NH-01,2012-08-07,-0.6241611239493683,0.6241611239493683,Challenger,0,0.0020873140912737115,0.0032265220045037727,1.2,0.01805888583780368,1
2012,NH-02,2012-08-07,1.2041262086251447,1.2041262086251447,Challenger,0,0.0043748382876364995,0.003454684158318306,1.2,0.02774124297203142,1
2012,NJ-01,2012-08-07,10.541473432003373,10.541473432003373,Incumbent,3,0.006650595693366994,7.341235546530331e-06,1.2,0.0,0
2012,NJ-02,2012-08-07,-4.761067754946824,4.761067754946824,Challenger,-2,0.0001725515261387487,0.005030778111783458,1.2,0.0,0
2012,NJ-03,2012-08-07,4.31835427530044,4.31835427530044,Challenger,1,0.000983585565099869,0.004252982226574361,1.2,0.0006980734383569439,0
2012,NJ-04,2012-08-07,-14.584596480441704,14.584596480441704,Challenger,-3,8.059036511586148e-05,0.001600111387933833,1.2,0.0,0
2012,NJ-05,2012-08-07,3.445661758280183,3.445661758280183,Challenger,1,0.0,0.004532734430040676,1.2,0.0,0
2012,NJ-06,2012-08-07,8.090405096667297,8.090405096667297,Incumbent,3,0.00763244254478479,0.0012247889487112477,1.2,0.0,0
2012,NJ-07,2012-08-07,-2.1840325062936543,2.1840325062936543,Challenger,-1,0.0003642910072162139,0.0049669213483339025,1.2,0.0,0
2012,NJ-08,2012-08-07,23.722217972151167,23.722217972151167,Incumbent,3,0.002788277877095531,1.288803885492497e-05,1.2,0.0,0
2012,NJ-09,2012-08-07,9.263237829680254,9.263237829680254,Incumbent,3,0.01985665908406802,0.0008858731122643467,1.2,0.0,0
2012,NJ-10,2012-08-07,30.651816525153706,30.651816525153706,Incumbent,3,0.006942276439696994,0.0,1.2,0.0,0
2012,NJ-11,2012-08-07,5.375678065707767,5.375678065707767,Challenger,1,9.141590512791579e-05,0.0032035588016065394,1.2,0.0,0
2012,NJ-12,2012-08-07,15.154219911894874,15.154219911894874,Incumbent,3,0.00581925673188926,0.0002853189363338061,1.2,0.0,0
2012,NM-01,2012-08-07,4.293054721329781,4.293054721329781,Incumbent,2,0.0,0.0011914128318846415,1.2,9.60688957835553e-08,0
2012,NM-02,2012-08-07,1.5160307331892997,1.5160307331892997,Challenger,0,0.0002945021122575836,0.0027873881345611235,1.2,0.0,0
2012,NM-03,2012-08-07,3.9759876881442278,3.9759876881442278,Incumbent,2,0.0034147365500779804,0.0001988610002524182,1.2,0.0,0
2012,NV-01,2012-08-07,3.1666798532818117,3.1666798532818117,Incumbent,2,0.003458656315934646,0.00038711954524054456,1.2,7.791475163280896e-07,0
2012,NV-02,2012-08-07,-8.147825812678416,8.147825812678416,Challenger,-3,0.005739513934430987,0.011159284198090421,1.2,0.000131780700793673,0
2012,NV-03,2012-08-07,1.8001935367752464,1.8001935367752464,Challenger,0,0.002115691818539568,0.005202909573342116,1.2,0.021657871723115413,1
2012,NV-04,2012-08-07,3.217223200349606,3.217223200349606,Open,1,0.001993903335524644,0.002939030676054055,1.2,0.017320889562806273,1
2012,NY-01,2012-08-07,-3.6928800390495202,3.6928800390495202,Incumbent,0,0.004392945625390317,0.0050144278032572195,1.2,0.0170799755788488,1
2012,NY-02,2012-08-07,-3.774283387941013,3.774283387941013,Challenger,-2,0.0,0.004390075839055071,1.2,0.0,0
2012,NY-03,2012-08-07,1.705849946619914,1.705849946619914,Incumbent,1,0.011282630063869451,0.0006834713872453034,1.2,0.0,0
2012,NY-04,2012-08-07,5.110116322913344,5.110116322913344,Incumbent,2,0.006175001607327713,0.000791280828393833,1.2,0.0,0
2012,NY-05,2012-08-07,31.66570070517945,31.66570070517945,Incumbent,3,0.00474590267831403,2.0053206571277268e-05,1.2,0.0,0
2012,NY-06,2012-08-07,16.45316367287223,16.45316367287223,Challenger,3,0.005995898800032356,6.984166618553097e-05,1.2,0.0,0
2012,NY-07,2012-08-07,32.947096636428,32.947096636428,Incumbent,3,0.007363421215924824,0.0,1.2,0.0,0
2012,NY-08,2012-08-07,27.20390212058902,27.20390212058902,Challenger,3,0.007334062238571531,0.0,1.2,0.0,0
2012,NY-09,2012-08-07,26.546679495384446,26.546679495384446,Open,3,0.00624196387327097,0.0003010907262502441,1.2,8.285503670434512e-05,0
2012,NY-10,2012-08-07,35.683837953159355,35.683837953159355,Incumbent,3,0.00746864907742545,0.0,1.2,0.0,0
2012,NY-12,2012-08-07,34.68988016555067,34.68988016555067,Incumbent,3,0.009182477055893515,0.0001788624596196458,1.2,0.0,0
2012,NY-13,2012-08-07,40.02459454905407,40.02459454905407,Incumbent,3,0.009243863396109277,0.0035936303777008506,1.2,0.0,0
2012,NY-14,2012-08-07,29.655224876126084,29.655224876126084,Incumbent,3,0.013754387104457583,0.00013719115504107286,1.2,0.0,0
2012,NY-15,2012-08-07,36.766509186357546,36.766509186357546,Incumbent,3,0.0009640407728090381,6.186900045329242e-05,1.2,0.0,0
2012,NY-16,2012-08-07,20.483740598184923,20.483740598184923,Incumbent,3,0.00536101104634458,0.0,1.2,0.0,0
2012,NY-17,2012-08-07,2.957058137633134,2.957058137633134,Incumbent,1,0.00739069902801722,0.0016558985746613227,1.2,3.0375104169145965e-05,0
2012,NY-18,2012-08-07,0.6565680576901656,0.6565680576901656,Open,0,0.002694813508025516,0.005142510448046619,1.2,0.017109506974958073,1
2012,NY-19,2012-08-07,-0.9436788799621371,0.9436788799621371,Challenger,0,0.0013940659921510058,0.002479712934613947,1.2,0.019514179365268218,1
2012,NY-20,2012-08-07,6.380110330079763,6.380110330079763,Incumbent,2,0.0027409903666242483,0.000556576937155216,1.2,0.0,0
2012,NY-21,2012-08-07,-9.049076835055661,9.049076835055661,Incumbent,-2,0.003295808309665777,0.001725355895089227,1.2,0.008645730942306855,1
2012,NY-22,2012-08-07,0.758852657433734,0.758852657433734,Open,0,0.00022386993028609983,0.00281744703241589,1.2,0.0,0
2012,NY-23,2012-08-07,-12.452534835467782,12.452534835467782,Open,-3,0.0016458742169598076,0.004589265536683557,1.2,0.0,0
2012,NY-24,2012-08-07,-11.822715104854463,11.822715104854463,Challenger,-3,0.002347661711107904,0.0036527942212049467,1.2,0.013928237490488228,1
2012,NY-25,2012-08-07,6.997501041410814,6.997501041410814,Incumbent,2,0.0023881900133676487,0.0012241243961597186,1.2,0.003947330087398887,1
2012,NY-26,2012-08-07,8.41704225398517,8.41704225398517,Incumbent,3,0.00451884268525708,0.02252228133180446,1.2,0.00045022909057302674,0
2012,OH-01,2012-08-07,1.4899957446163237,1.4899957446163237,Challenger,0,0.0006492993511959476,0.0015478913115864195,1.2,0.0,0
2012,OH-02,2012-08-07,-24.48289495044701,24.48289495044701,Challenger,-3,0.0004923625644340041,0.00250716660401301,1.2,0.0,0
2012,OH-03,2012-08-07,19.48297892975578,19.48297892975578,Challenger,3,0.00271277761961696,6.747096092171892e-05,1.2,0.0,0
2012,OH-04,2012-08-07,-20.55908860807346,20.55908860807346,Challenger,-3,6.897830926457429e-05,0.003430359780569752,1.2,0.0,0
2012,OH-05,2012-08-07,-15.071640600961539,15.071640600961539,Challenger,-3,0.0006804269365699571,0.0032724872167988715,1.2,0.0,0
2012,OH-06,2012-08-07,-15.378152225349016,15.378152225349016,Challenger,-3,0.002435963131405624,0.003909568414953716,1.2,0.023434535145303897,1
2012,OH-07,2012-08-07,-7.0155130829773595,7.0155130829773595,Open,-2,0.001246342696698506,0.0023863014069453363,1.2,0.0,0
2012,OH-08,2012-08-07,-14.035211394428032,14.035211394428032,Challenger,-3,1.3772939348565855e-05,0.11145378130690589,1.2,0.0,0
2012,OH-09,2012-08-07,-2.6750752258288104,2.6750752258288104,Incumbent,0,0.00820989330915939,0.0025269175689961736,1.2,0.00044798350644959233,0
2012,OH-10,2012-08-07,-4.1762804360223,4.1762804360223,Challenger,-2,0.0008800672246877109,0.0037600507574375845,1.2,0.0,0
2012,OH-11,2012-08-07,28.441346247008543,28.441346247008543,Incumbent,3,0.0033934496055543877,0.0,1.2,0.0,0
2012,OH-12,2012-08-07,-17.225752396313208,17.225752396313208,Challenger,-3,6.610466333161678e-05,0.00893187765708816,1.2,0.0,0
2012,OH-13,2012-08-07,-0.4196957081654351,0.4196957081654351,Incumbent,1,0.00431956723438488,0.0001799186560772024,1.2,7.578881503843198e-05,0
2012,OH-14,2012-08-07,-9.040584982726719,9.040584982726719,Challenger,-3,8.305468316781923e-05,0.005680408756812116,1.2,0.0,0
2012,OH-15,2012-08-07,-6.124369085418522,6.124369085418522,Challenger,-2,0.00041747563211914674,0.006852896226751474,1.2,0.0,0
2012,OK-01,2012-08-07,-14.538246122325646,14.538246122325646,Challenger,-3,0.00019926232823997824,0.007811063954983685,1.2,0.0,0
2012,OK-02,2012-08-07,-28.318688286984766,28.318688286984766,Open,-3,0.0033654284349426303,0.005035795869507272,1.2,7.49533875700102e-05,0
2012,OK-03,2012-08-07,-25.040406323060722,25.040406323060722,Challenger,-3,2.6245264442640026e-06,0.006356711116743355,1.2,0.0,0
2012,OK-04,2012-08-07,-19.182424517801458,19.182424517801458,Challenger,-3,0.00012182602637448812,0.0025015077320219552,1.2,0.0,0
2012,OK-05,2012-08-07,-12.644828798930217,12.644828798930217,Challenger,-3,0.00017623126659751533,0.0021267314609628913,1.2,0.0,0
2012,OR-01,2012-08-07,17.576673418835615,17.576673418835615,Incumbent,3,0.013361505390356306,0.009556472986469685,1.2,6.456054354874017e-06,0
2012,OR-02,2012-08-07,-15.622567897681755,15.622567897681755,Challenger,-3,0.00010376226698756608,0.005314474262715563,1.2,0.0,0
2012,OR-03,2012-08-07,22.427199819667493,22.427199819667493,Incumbent,3,0.004590470082042268,0.0,1.2,0.0,0
2012,OR-04,2012-08-07,3.8251339099398374,3.8251339099398374,Incumbent,2,0.0026497296173243613,0.004132649162769436,1.2,0.0,0
2012,OR-05,2012-08-07,1.3926991240531428,1.3926991240531428,Incumbent,1,0.0029757773444754323,0.00017021948702656203,1.2,7.01604689565548e-05,0
2012,PA-01,2012-08-07,-0.3294379916098378,0.3294379916098378,Incumbent,1,0.0030132052669802566,1.8392737461005216e-05,1.2,0.0,0
2012,PA-02,2012-08-07,21.679232400053635,21.679232400053635,Incumbent,3,0.0024307742180669015,6.403346285026779e-05,1.2,0.0,0
2012,PA-03,2012-08-07,39.56244943477092,39.56244943477092,Challenger,3,0.0007676041613158827,0.0032272996783555196,1.2,0.0,0
2012,PA-04,2012-08-07,6.7213071147185115,6.7213071147185115,Challenger,1,0.00023942579325416882,0.0016348340833149577,1.2,0.0,0
2012,PA-05,2012-08-07,13.93763368095236,13.93763368095236,Challenger,3,3.438859456825959e-05,0.005668621264701185,1.2,0.0,0
2012,PA-06,2012-08-07,4.3527128827801125,4.3527128827801125,Challenger,1,0.0016301512684980541,0.006537120713649543,1.2,0.00020709618880358766,0
2012,PA-07,2012-08-07,-2.2695414278169013,2.2695414278169013,Challenger,-1,0.0007768906341093381,0.004351290110075111,1.2,0.0,0
2012,PA-08,2012-08-07,-4.501763513589582,4.501763513589582,Challenger,-2,0.0017686772829515012,0.004357945249497428,1.2,0.001869187663430319,1
2012,PA-09,2012-08-07,-21.24854746987166,21.24854746987166,Challenger,-3,3.309731352278094e-05,0.004939757990857298,1.2,0.0,0
2012,PA-10,2012-08-07,-5.326025754717467,5.326025754717467,Challenger,-2,0.0002904916393621374,0.0020277906034373468,1.2,0.0,0
2012,PA-11,2012-08-07,-13.771108373802177,13.771108373802177,Challenger,-3,0.0010636287796091548,0.0045841404119688406,1.2,0.0,0
2012,PA-12,2012-08-07,7.88100756160039,7.88100756160039,Incumbent,2,0.00944670644858308,0.002332478685278829,1.2,0.035713184152517646,1
2012,PA-13,2012-08-07,-25.087095894319965,25.087095894319965,Incumbent,-3,0.00631344811406829,0.00040189492737671223,1.2,0.0,0
2012,PA-14,2012-08-07,-17.931297318589706,17.931297318589706,Incumbent,-3,0.003261793955726588,8.19715397007814e-06,1.2,0.0,0
2012,PA-15,2012-08-07,-20.54575453550953,20.54575453550953,Challenger,-3,0.0010658911354390112,0.004960129228280055,1.2,0.0,0
2012,PA-16,2012-08-07,-12.68595112222987,12.68595112222987,Challenger,-3,0.0003989915976286231,0.004205566226586514,1.2,0.0,0
2012,PA-17,2012-08-07,0.060852313130244085,0.060852313130244085,Challenger,0,0.006126509621672224,1.4492999932645881e-05,1.2,0.0,0
2012,RI-01,2012-08-07,12.30038609480771,12.30038609480771,Incumbent,3,0.005415526179840648,0.0028810394485094147,1.2,0.0041136025392814884,1
2012,RI-02,2012-08-07,3.7712601111473285,3.7712601111473285,Incumbent,2,0.0043801630588146895,0.002012627858039887,1.2,0.0,0
2012,SC-01,2012-08-07,-7.794760907709938,7.794760907709938,Challenger,-2,0.00022208876102919317,0.005445168872713037,1.2,0.0,0
2012,SC-02,2012-08-07,-8.884926417688632,8.884926417688632,Challenger,-3,6.74769257545468e-05,0.005148610577317929,1.2,0.0,0
2012,SC-03,2012-08-07,-21.02599305771811,21.02599305771811,Challenger,-3,0.00010759990008001166,0.0021833322508881025,1.2,0.0,0
2012,SC-04,2012-08-07,-12.715665017842142,12.715665017842142,Challenger,-3,7.250822715760553e-05,0.0018509534501735272,1.2,0.0,0
2012,SC-05,2012-08-07,-11.5696148738559,11.5696148738559,Open,-3,0.00020614027171204252,0.0028427257834169033,1.2,0.0,0
2012,SC-06,2012-08-07,14.673162065264773,14.673162065264773,Incumbent,3,0.009509686451781442,1.5087518329325148e-05,1.2,0.0,0
2012,SC-07,2012-08-07,-11.271404349615027,11.271404349615027,Challenger,-3,0.002414425944601276,0.004731063367204848,1.2,0.00011179500209510649,0
2012,SD-00,2012-08-07,-16.388862204651893,16.388862204651893,Challenger,-3,0.0013181025127724732,0.004753298790322576,1.2,0.0,0
2012,TN-01,2012-08-07,-30.27155839221352,30.27155839221352,Challenger,-3,8.282851074188707e-05,0.0027878197077598464,1.2,0.0,0
2012,TN-02,2012-08-07,-18.47057443452429,18.47057443452429,Challenger,-3,0.0,0.00224518405858795,1.2,0.0,0
2012,TN-03,2012-08-07,-19.071192130050548,19.071192130050548,Challenger,-3,0.000286894424119907,0.00557642508926488,1.2,0.0,0
2012,TN-04,2012-08-07,-22.05113294578421,22.05113294578421,Challenger,-3,0.0017421634606825992,0.002409122155599739,1.2,0.00391149161740643,1
2012,TN-05,2012-08-07,-9.101000979194431,9.101000979194431,Incumbent,-2,0.001835386359284841,2.686399304315007e-05,1.2,0.0,0
2012,TN-06,2012-08-07,-17.433317798148636,17.433317798148636,Open,-3,0.0010404022117989455,0.016493037432076207,1.2,0.0,0
2012,TN-07,2012-08-07,-10.102757532277787,10.102757532277787,Challenger,-3,8.01919142829596e-06,0.006882165380739831,1.2,0.0,0
2012,TN-08,2012-08-07,-21.234299336382385,21.234299336382385,Open,-3,0.0032956212244384933,0.003984806219787859,1.2,0.0,0
2012,TN-09,2012-08-07,22.626245642096478,22.626245642096478,Incumbent,3,0.00278907505945935,0.002495364094558254,1.2,0.0,0
2012,TX-01,2012-08-07,-25.594871709035786,25.594871709035786,Challenger,-3,0.0002821843815955071,0.0032869664625287615,1.2,0.0,0
2012,TX-02,2012-08-07,-15.801396694115272,15.801396694115272,Challenger,-3,6.923156904899539e-05,0.0019406940091963533,1.2,0.0,0
2012,TX-03,2012-08-07,-12.263087849046576,12.263087849046576,Challenger,-3,5.122451066119003e-05,0.005167884706547382,1.2,0.0,0
2012,TX-05,2012-08-07,-14.83951783996549,14.83951783996549,Challenger,-3,3.524100426661454e-05,0.01253260906300884,1.2,0.0,0
2012,TX-06,2012-08-07,-15.863029594192207,15.863029594192207,Open,-3,0.0006112359283841913,0.011657468790236948,1.2,0.0,0
2012,TX-07,2012-08-07,13.729817763471857,13.729817763471857,Challenger,3,0.00035274884517076855,0.0037186889224210223,1.2,0.0,0
2012,TX-08,2012-08-07,-16.869917309464675,16.869917309464675,Challenger,-3,5.107223198781963e-05,0.004611550994222536,1.2,0.0,0
2012,TX-09,2012-08-07,26.617373897635815,26.617373897635815,Incumbent,3,0.0016492565578712268,2.7819559262175283e-05,1.2,0.0,0
2012,TX-10,2012-08-07,-13.4287872760659,13.4287872760659,Challenger,-3,0.0004053962140721697,0.006164685183341143,1.2,0.0,0
2012,TX-12,2012-08-07,-13.051453656022414,13.051453656022414,Open,-3,0.0,0.006854723149784896,1.2,0.0,0
2012,TX-14,2012-08-07,-16.3040863161223,16.3040863161223,Open,-3,0.0014826375842885765,0.011480034241421792,1.2,0.0016732363086313375,1
2012,TX-15,2012-08-07,1.0192203759560066,1.0192203759560066,Incumbent,1,0.003729774950191395,0.0006067495320035847,1.2,0.0,0
2012,TX-16,2012-08-07,18.43690817546573,18.43690817546573,Incumbent,3,0.00814392120546556,0.00018726908448373804,1.2,0.0,0
2012,TX-17,2012-08-07,-14.809739204605819,14.809739204605819,Open,-3,0.0006324288390726154,0.00828793486612065,1.2,0.0,0
2012,TX-18,2012-08-07,24.071403016543012,24.071403016543012,Incumbent,3,0.002101434885637898,6.983310489606038e-05,1.2,0.0,0
2012,TX-20,2012-08-07,15.203957520397655,15.203957520397655,Open,3,0.005243349245203489,0.00017079568987773454,1.2,0.0,0
2012,TX-21,2012-08-07,-14.049205651119959,14.049205651119959,Challenger,-3,8.507879655707994e-05,0.00881625744278779,1.2,0.0,0
2012,TX-22,2012-08-07,-12.074613279983733,12.074613279983733,Challenger,-3,0.00020760179610387905,0.0061507411585521735,1.2,0.0,0
2012,TX-23,2012-08-07,-4.585290023430264,4.585290023430264,Challenger,-2,0.005876777720083552,0.006487954210662976,1.2,0.019350127094338657,1
2012,TX-24,2012-08-07,-11.114874528587615,11.114874528587615,Challenger,-3,0.0,0.004479549945486751,1.2,0.0,0
2012,TX-25,2012-08-07,-19.19898352457276,19.19898352457276,Challenger,-3,0.0,0.01557008726982632,1.2,0.0,0
2012,TX-26,2012-08-07,-14.460784914132033,14.460784914132033,Challenger,-3,2.6818028743123522e-05,0.005012207271431663,1.2,0.0,0
2012,TX-27,2012-08-07,-12.998842038805336,12.998842038805336,Challenger,-3,0.0012598162014391128,0.0056379366909700265,1.2,0.0,0
2012,TX-28,2012-08-07,5.10353280309821,5.10353280309821,Incumbent,2,0.005513197159544391,2.242587672119733e-05,1.2,0.0,0
2012,TX-29,2012-08-07,20.482512838177314,20.482512838177314,Incumbent,3,0.003834946812437943,4.447631984675796e-05,1.2,0.0,0
2012,TX-30,2012-08-07,27.154332784294745,27.154332784294745,Incumbent,3,0.00439410308365694,0.00015268708898284766,1.2,0.0,0
2012,TX-31,2012-08-07,-14.829107583854608,14.829107583854608,Challenger,-3,0.0,0.004061419515072111,1.2,0.0,0
2012,TX-32,2012-08-07,13.571719379477386,13.571719379477386,Challenger,3,0.0002146994559475206,0.005913510564127669,1.2,0.0,0
2012,TX-33,2012-08-07,24.328975075347326,24.328975075347326,Challenger,3,0.022580306102761946,0.0001195782668414341,1.2,0.0,0
2012,TX-34,2012-08-07,11.644424539330867,11.644424539330867,Challenger,2,0.002839179655213481,0.0008234164003412493,1.2,0.0,0
2012,TX-35,2012-08-07,21.121858476582872,21.121858476582872,Incumbent,3,0.009005984950665163,0.0005746625909873415,1.2,0.0,0
2012,TX-36,2012-08-07,-18.290803523740188,18.290803523740188,Challenger,-3,1.787484962253815e-06,0.004097685347793058,1.2,0.0,0
2012,UT-01,2012-08-07,-12.123124549168047,12.123124549168047,Challenger,-3,0.00042371049643786244,0.001424037312224958,1.2,0.0,0
2012,UT-02,2012-08-07,-11.340716989963664,11.340716989963664,Challenger,-3,0.00020208600992618932,0.0010882918896878277,1.2,0.0010357763786791746,1
2012,UT-03,2012-08-07,-13.645002876084327,13.645002876084327,Challenger,-3,0.0,0.004364452952287141,1.2,0.0,0
2012,UT-04,2012-08-07,-16.033873855329205,16.033873855329205,Incumbent,-3,0.00231523091502276,0.0015872684712848885,1.2,0.021658884060508053,1
2012,VA-01,2012-08-07,-6.880373957461114,6.880373957461114,Challenger,-2,0.0006058611929592548,0.002459049280033615,1.2,0.0,0
2012,VA-02,2012-08-07,-2.661735182405322,2.661735182405322,Challenger,-1,0.002507077973614638,0.006118437237970004,1.2,0.006226520429858079,1
2012,VA-03,2012-08-07,16.85842965665598,16.85842965665598,Incumbent,3,0.0013562729517026118,6.883662694128635e-05,1.2,0.0,0
2012,VA-04,2012-08-07,15.574281632020249,15.574281632020249,Challenger,3,0.00017629105527480174,0.004460004170752866,1.2,0.0,0
2012,VA-05,2012-08-07,-6.758397945939892,6.758397945939892,Challenger,-2,0.002708491781968378,0.0051516982554876516,1.2,0.0,0
2012,VA-06,2012-08-07,-13.950633267870007,13.950633267870007,Challenger,-3,0.0003966724706251462,0.0067962570513726535,1.2,0.0,0
2012,VA-07,2012-08-07,0.6168037879000998,0.6168037879000998,Challenger,0,0.0009748705232913239,0.03597304476129507,1.2,0.0,0
2012,VA-08,2012-08-07,26.392191262569703,26.392191262569703,Incumbent,3,0.006530803534637803,0.000348991351361728,1.2,0.0,0
2012,VA-09,2012-08-07,-23.06933825260913,23.06933825260913,Challenger,-3,0.00038282297089287196,0.004321990851224601,1.2,0.0,0
2012,VA-10,2012-08-07,4.930169768920273,4.930169768920273,Challenger,1,0.0005857514959123724,0.002878153592212786,1.2,0.0,0
2012,VA-11,2012-08-07,17.903084074439196,17.903084074439196,Incumbent,3,0.003959540731768077,0.001822784211358631,1.2,0.0,0
2012,VT-00,2012-08-07,15.057806438313465,15.057806438313465,Incumbent,3,0.0027465064334999535,1.0204776350932386e-05,1.2,9.564784875756839e-08,0
2012,WA-01,2012-08-07,13.178214590932551,13.178214590932551,Incumbent,3,0.015821068207409146,0.0005965878427980207,1.2,0.012072054004716719,1
2012,WA-02,2012-08-07,9.080595379195262,9.080595379195262,Incumbent,3,0.00492973959798861,0.0005720327312807844,1.2,0.0,0
2012,WA-03,2012-08-07,-4.816242854185046,4.816242854185046,Open,-1,0.0003946595149819988,0.0038655461943214184,1.2,0.0,0
2012,WA-04,2012-08-07,-11.858442573624501,11.858442573624501,Challenger,-3,0.00023084464439898333,0.0059982911892178595,1.2,0.0,0
2012,WA-05,2012-08-07,-8.078962030869253,8.078962030869253,Challenger,-3,0.0009414478807686601,0.00640799885463252,1.2,0.0,0
2012,WA-06,2012-08-07,6.012415033952323,6.012415033952323,Open,2,0.0019689267559372405,0.0025113974248505686,1.2,0.0,0
2012,WA-07,2012-08-07,36.72818037182857,36.72818037182857,Incumbent,3,0.002720907756935855,2.9647394564147064e-05,1.2,0.0,0
2012,WA-08,2012-08-07,0.9197171183407571,0.9197171183407571,Challenger,0,0.00021879034882438727,0.005260645155169204,1.2,0.0,0
2012,WA-09,2012-08-07,21.550272727277893,21.550272727277893,Incumbent,3,0.0041978007861641665,3.932165166591806e-05,1.2,0.0,0
2012,WA-10,2012-08-07,6.465507414278027,6.465507414278027,Challenger,1,0.002792168912985412,0.0009464285161799339,1.2,0.0,0
2012,WI-01,2012-08-07,-2.905236133876948,2.905236133876948,Challenger,-1,0.005469473461251502,0.013675283596729449,1.2,6.610971589589294e-05,0
2012,WI-02,2012-08-07,18.958739607660107,18.958739607660107,Incumbent,3,0.003666954874687325,0.00022180455428857102,1.2,0.0,0
2012,WI-03,2012-08-07,-4.072955843970282,4.072955843970282,Incumbent,0,0.005559453666205001,0.00037634881151600276,1.2,1.0346248150709474e-05,0
2012,WI-04,2012-08-07,24.931618077414967,24.931618077414967,Incumbent,3,0.003935887994195941,6.720521007561124e-05,1.2,0.0,0
2012,WI-06,2012-08-07,-10.259029707645526,10.259029707645526,Challenger,-3,4.543799124761876e-07,0.003581194964395805,1.2,0.0,0
2012,WI-07,2012-08-07,-12.13181484837636,12.13181484837636,Challenger,-3,0.0025477591861182885,0.0054945654077232465,1.2,0.01859355506677418,1
2012,WI-08,2012-08-07,-10.173587881331,10.173587881331,Challenger,-3,0.0014398771714101376,0.005408644236421864,1.2,0.0015326904614333648,1
2012,WV-01,2012-08-07,-23.41158043159246,23.41158043159246,Challenger,-3,0.0005895744625335118,0.0037800362456126392,1.2,0.0,0
2012,WV-02,2012-08-07,-21.92686288918549,21.92686288918549,Challenger,-3,6.45675609991259e-05,0.005239878414242706,1.2,0.0,0
2012,WY-00,2012-08-07,-25.77787700236944,25.77787700236944,Challenger,-3,6.007569100721845e-06,0.0018520436110909507,1.2,0.0,0
2012,AL-01,2012-08-07,-16.357029889797673,16.357029889797673,Open,-3,0.0,0.007333349125263332,1.2,0.0,0
2012,AZ-04,2012-08-07,1.6182962123334588,1.6182962123334588,Open,1,0.0,0.0029894814426357145,1.2,0.0,0
2012,CO-05,2012-08-07,-10.35789116985529,10.35789116985529,Open,-3,0.0,0.0060000515868216244,1.2,0.0,0
2012,FL-01,2012-08-07,-19.928854314051243,19.928854314051243,Open,-3,0.0,0.0027199531731598838,1.2,0.0,0
2012,FL-04,2012-08-07,-6.09606681878749,6.09606681878749,Open,-2,0.0,0.0028777093174288653,1.2,0.0,0
2012,FL-15,2012-08-07,-3.487792213850338,3.487792213850338,Open,-1,0.0,0.003283524543463567,1.2,0.0,0
2012,GA-10,2012-08-07,-15.057241628373404,15.057241628373404,Open,-3,0.0,0.007464789900760321,1.2,0.0,0
2012,KY-01,2012-08-07,-24.043650607051916,24.043650607051916,Open,-3,0.0,0.00422959846787551,1.2,0.0,0
2012,KY-02,2012-08-07,-21.47130501822055,21.47130501822055,Open,-3,0.0,0.004036954016396301,1.2,0.0,0
2012,LA-05,2012-08-07,-16.599572159228913,16.599572159228913,Open,-3,0.0,0.0054167232867019495,1.2,0.0,0
2012,LA-06,2012-08-07,-18.66232902104467,18.66232902104467,Open,-3,0.0,0.002996787240057797,1.2,0.0,0
2012,MO-03,2012-08-07,-16.521251165170824,16.521251165170824,Open,-3,0.0,0.0019288554300466146,1.2,0.0,0
2012,MS-03,2012-08-07,-14.883227445186996,14.883227445186996,Open,-3,0.0,0.0031775338851060117,1.2,0.0,0
2012,TX-04,2012-08-07,-17.269135073146472,17.269135073146472,Open,-3,0.0,0.002861485884405602,1.2,0.0,0
2012,TX-11,2012-08-07,-22.919337360625505,22.919337360625505,Open,-3,0.0,0.0063037099981680085,1.2,0.0,0
2012,TX-13,2012-08-07,-26.679313899188365,26.679313899188365,Open,-3,0.0,0.004219903930342124,1.2,0.0,0
2012,TX-19,2012-08-07,-26.119921275348524,26.119921275348524,Open,-3,0.0,0.006832782249059857,1.2,0.0,0
2012,WI-05,2012-08-07,-14.692106941889419,14.692106941889419,Open,-3,0.0,0.0030460460225169355,1.2,0.0,0
2014,AL-01,2014-08-05,-16.357029889797673,16.357029889797673,Challenger,-3,0.00032126876622426913,0.012886844671841455,-5.8,0.0,0
2014,AL-03,2014-08-05,-19.224766238484722,19.224766238484722,Challenger,-3,0.0,0.006077400711245254,-5.8,0.0,0
2014,AL-04,2014-08-05,-32.99150514498746,32.99150514498746,Challenger,-3,4.022369718365391e-05,0.006420496228636247,-5.8,0.0,0
2014,AL-05,2014-08-05,-17.288279129804017,17.288279129804017,Open,-3,0.0007359131688230641,0.0012756484929258276,-5.8,0.0,0
2014,AL-06,2014-08-05,-19.298201595586924,19.298201595586924,Open,-3,0.0,0.013819655263934626,-5.8,0.0,0
2014,AL-07,2014-08-05,14.226682719477429,14.226682719477429,Incumbent,3,0.010676632102193537,0.0,-5.8,0.0,0
2014,AR-01,2014-08-05,-21.391296630854292,21.391296630854292,Challenger,-3,0.0004812340528476511,0.0035264966115630403,-5.8,0.0,0
2014,AR-02,2014-08-05,-9.052831282224066,9.052831282224066,Open,-2,0.0024045391265565593,0.008406464879963745,-5.8,0.01636565842009856,1
2014,AR-03,2014-08-05,-15.476863151334888,15.476863151334888,Challenger,-3,0.0,0.0034224153383996666,-5.8,0.0,0
2014,AR-04,2014-08-05,-18.710195024103218,18.710195024103218,Open,-3,0.004070965535335295,0.003713482258669205,-5.8,0.0015050769096194314,1
2014,AZ-01,2014-08-05,-2.448492787482301,2.448492787482301,Incumbent,0,0.005969851143846865,0.004262987023695632,-5.8,0.04779049189682265,1
2014,AZ-02,2014-08-05,-6.433271888721167,6.433271888721167,Incumbent,-1,0.006197467784470882,0.0074139938815561655,-5.8,0.048216285397409596,1
2014,AZ-03,2014-08-05,24.623777496420452,24.623777496420452,Incumbent,3,0.002928218273211771,0.00037083025017050736,-5.8,0.0,0
2014,AZ-04,2014-08-05,1.6182962123334588,1.6182962123334588,Challenger,0,0.00023700109772665354,0.0021968642016114304,-5.8,0.0,0
2014,AZ-05,2014-08-05,-11.63027765524259,11.63027765524259,Challenger,-3,0.00017190536320348408,0.0032987958341706026,-5.8,0.0,0
2014,AZ-06,2014-08-05,-3.0859031340330274,3.0859031340330274,Challenger,-2,3.9004225369985865e-05,0.005072690741549869,-5.8,0.0,0
2014,AZ-07,2014-08-05,15.636005284412564,15.636005284412564,Open,3,0.0012534426149727856,4.976071609510538e-05,-5.8,0.0,0
2014,AZ-09,2014-08-05,-15.971098802177186,15.971098802177186,Incumbent,-3,0.007933302378756153,0.0030873141155718744,-5.8,0.010060369971194241,1
2014,CA-01,2014-08-05,-12.4413722392534,12.4413722392534,Challenger,-3,0.0009442795957389225,0.003342784582014463,-5.8,0.0,0
2014,CA-02,2014-08-05,23.304486035062574,23.304486035062574,Incumbent,3,0.005187197536492974,0.0,-5.8,0.0,0
2014,CA-03,2014-08-05,-4.260867603951912,4.260867603951912,Incumbent,0,0.006396899351424525,0.008108410610256708,-5.8,4.276565024680186e-06,0
2014,CA-04,2014-08-05,16.90863605237989,16.90863605237989,Challenger,3,9.031928691395272e-05,0.009117527394272417,-5.8,0.0,0
2014,CA-05,2014-08-05,-8.888000805717656,8.888000805717656,Incumbent,-2,0.010076926320812073,0.0,-5.8,0.0,0
2014,CA-06,2014-08-05,7.578196341651678,7.578196341651678,Incumbent,2,0.005452795466726835,0.00017407023479402108,-5.8,0.0,0
2014,CA-07,2014-08-05,18.0949623630077,18.0949623630077,Incumbent,3,0.006792810539839124,0.013758268055038294,-5.8,0.05796936120828577,1
2014,CA-08,2014-08-05,26.86109662816917,26.86109662816917,Challenger,3,0.0,0.0020364087834486982,-5.8,0.0,0
2014,CA-09,2014-08-05,4.989054547840372,4.989054547840372,Incumbent,2,0.004360422700748262,0.0007759357744817531,-5.8,0.0,0
2014,CA-10,2014-08-05,18.00449331076005,18.00449331076005,Challenger,3,0.0031268171185800647,0.00533218638536873,-5.8,0.0,0
2014,CA-11,2014-08-05,37.65186614121579,37.65186614121579,Open,3,0.0029087354515537913,0.00028314542028056247,-5.8,0.0,0
2014,CA-12,2014-08-05,40.46856696126791,40.46856696126791,Incumbent,3,0.016252663762766895,0.003369173591343276,-5.8,0.0,0
2014,CA-13,2014-08-05,4.383782670392684,4.383782670392684,Incumbent,2,0.0068039780456506365,3.74450455432704e-05,-5.8,0.0,0
2014,CA-14,2014-08-05,22.448767455138224,22.448767455138224,Incumbent,3,0.005907554514101154,0.000170460813913191,-5.8,0.0,0
2014,CA-15,2014-08-05,28.539933135818373,28.539933135818373,Incumbent,3,0.010688590958472225,3.826484446474062e-05,-5.8,0.0,0
2014,CA-16,2014-08-05,26.442084135142792,26.442084135142792,Incumbent,3,0.0038916054685121594,0.0008800370359381768,-5.8,0.0,0
2014,CA-17,2014-08-05,24.68124762453286,24.68124762453286,Challenger,3,0.027490918369953096,0.004064563424524544,-5.8,0.0009418781185399565,0
2014,CA-18,2014-08-05,22.530887217829346,22.530887217829346,Incumbent,3,0.009409357960305276,0.0015995282880352738,-5.8,0.0,0
2014,CA-19,2014-08-05,18.97607047198322,18.97607047198322,Incumbent,3,0.004243677588858761,0.0,-5.8,0.0,0
2014,CA-20,2014-08-05,-16.1928793689232,16.1928793689232,Incumbent,-3,0.00376853708335845,4.6402682862682585e-05,-5.8,0.0,0
2014,CA-21,2014-08-05,9.24463230357992,9.24463230357992,Challenger,2,0.006015115051818519,0.007902424277714695,-5.8,0.0024956832327074465,1
2014,CA-22,2014-08-05,5.826128820806293,5.826128820806293,Challenger,1,0.0,0.00708259318903799,-5.8,0.0,0
2014,CA-23,2014-08-05,-8.137760237717675,8.137760237717675,Challenger,-3,0.0,0.025573706657653916,-5.8,3.439845780721019e-06,0
2014,CA-24,2014-08-05,12.509524773144115,12.509524773144115,Incumbent,3,0.008399774937733072,0.003366402098300869,-5.8,0.0019757449648231708,1
2014,CA-25,2014-08-05,6.785435303968063,6.785435303968063,Open,2,0.006033133056986741,0.009514819541314768,-5.8,0.0005113284268639353,0
2014,CA-26,2014-08-05,8.003792259311972,8.003792259311972,Incumbent,3,0.00489623139440793,0.004238217809854318,-5.8,0.019511961893151186,1
2014,CA-27,2014-08-05,4.063200566994896,4.063200566994896,Incumbent,2,0.004409689101707796,0.00023830796021691287,-5.8,0.0,0
2014,CA-28,2014-08-05,16.169126222614,16.169126222614,Incumbent,3,0.00609404454450848,0.0,-5.8,0.0,0
2014,CA-29,2014-08-05,27.637639681993456,27.637639681993456,Incumbent,3,0.006015531738002011,0.0,-5.8,0.0,0
2014,CA-30,2014-08-05,24.07935261980949,24.07935261980949,Incumbent,3,0.00957079141029539,0.0013524239913754233,-5.8,0.0,0
2014,CA-31,2014-08-05,16.10022520246681,16.10022520246681,Open,3,0.009494767657602092,0.004843043941133592,-5.8,0.013740943039341681,1
2014,CA-32,2014-08-05,20.567593412917894,20.567593412917894,Incumbent,3,0.0012166002861915804,0.00015738335697413366,-5.8,0.0,0
2014,CA-33,2014-08-05,12.701667657858678,12.701667657858678,Open,3,0.010032574622753943,0.005869453666608229,-5.8,0.00017269885195317204,0
2014,CA-34,2014-08-05,34.29769394227007,34.29769394227007,Incumbent,3,0.009912948779476297,0.0,-5.8,0.0,0
2014,CA-35,2014-08-05,14.526011827287176,14.526011827287176,Open,3,0.0014544644133339755,0.0,-5.8,0.0,0
2014,CA-36,2014-08-05,21.379065236746058,21.379065236746058,Incumbent,3,0.00573285952893831,0.006642848138808468,-5.8,0.003962119982796817,1
2014,CA-37,2014-08-05,38.17115571896528,38.17115571896528,Incumbent,3,0.005050878493516707,8.132474097900145e-05,-5.8,0.0,0
2014,CA-38,2014-08-05,15.524643438248566,15.524643438248566,Incumbent,3,0.005368904972670635,2.186607697118979e-05,-5.8,0.0,0
2014,CA-39,2014-08-05,12.638332359465792,12.638332359465792,Challenger,3,0.0020647437228325464,0.012731097008020458,-5.8,0.0,0
2014,CA-40,2014-08-05,-2.3490241947268897,2.3490241947268897,Incumbent,0,0.0027529576658400106,0.0,-5.8,0.0,0
2014,CA-41,2014-08-05,-3.5498506287901357,3.5498506287901357,Incumbent,0,0.006081181566602291,0.0008357836059068107,-5.8,0.0,0
2014,CA-42,2014-08-05,23.548646756052822,23.548646756052822,Challenger,3,0.0002514972586282461,0.005598221733829572,-5.8,0.0,0
2014,CA-43,2014-08-05,33.66523654372313,33.66523654372313,Incumbent,3,0.005042315601742834,0.0,-5.8,0.0,0
2014,CA-44,2014-08-05,25.585392212203978,25.585392212203978,Incumbent,3,0.003882559882703327,0.0,-5.8,0.0,0
2014,CA-45,2014-08-05,3.405664749834103,3.405664749834103,Challenger,1,0.0002710794639386469,0.007791625450585597,-5.8,0.0,0
2014,CA-46,2014-08-05,16.58257586569293,16.58257586569293,Incumbent,3,0.005579265859357677,0.0001366108720547985,-5.8,0.0,0
2014,CA-47,2014-08-05,3.120100066463399,3.120100066463399,Incumbent,2,0.002841119425699012,0.0002981560705483851,-5.8,0.0,0
2014,CA-48,2014-08-05,-10.09708544488959,10.09708544488959,Challenger,-3,0.00041981802362180424,0.005845889607384631,-5.8,0.0,0
2014,CA-49,2014-08-05,2.7222366320874105,2.7222366320874105,Challenger,0,0.0003009024620134737,0.01354028725916532,-5.8,0.0,0
2014,CA-50,2014-08-05,14.071194061937565,14.071194061937565,Challenger,3,0.0002916293815390889,0.005296479856476798,-5.8,0.0,0
2014,CA-51,2014-08-05,11.437344844143032,11.437344844143032,Incumbent,3,0.004395850695100761,4.2303595286526625e-06,-5.8,0.0,0
2014,CA-52,2014-08-05,20.016199703055122,20.016199703055122,Incumbent,3,0.005998381503658579,0.008551705767269544,-5.8,0.03552883333859253,1
2014,CO-01,2014-08-05,28.762867479927927,28.762867479927927,Incumbent,3,0.007008502908579868,8.547170748967285e-05,-5.8,0.0,0
2014,CO-02,2014-08-05,16.877197454600925,16.877197454600925,Incumbent,3,0.003774235606253836,0.0003391500142805058,-5.8,0.0,0
2014,CO-03,2014-08-05,-7.619998140340705,7.619998140340705,Challenger,-2,0.00046237626046490905,0.00374374927575616,-5.8,0.0,0
2014,CO-04,2014-08-05,-13.921511275641516,13.921511275641516,Open,-3,0.00032843461576714523,0.007842342071932523,-5.8,0.0,0
2014,CO-05,2014-08-05,-10.35789116985529,10.35789116985529,Challenger,-3,0.0018646260460988568,0.003706285450514303,-5.8,1.3176468716257458e-06,0
2014,CO-06,2014-08-05,8.034491840473857,8.034491840473857,Challenger,2,0.007205725815635874,0.0009529302500646067,-5.8,0.03847627997784331,1
2014,CO-07,2014-08-05,2.769295170062125,2.769295170062125,Incumbent,1,0.006555046911974808,0.0008162034459101174,-5.8,0.0,0
2014,CT-01,2014-08-05,11.526638530994981,11.526638530994981,Incumbent,3,0.00907401455374076,1.7493568139868955e-05,-5.8,0.0,0
2014,CT-02,2014-08-05,2.1286702699589153,2.1286702699589153,Incumbent,1,0.004030258121459828,0.00024976264666671383,-5.8,0.0,0
2014,CT-03,2014-08-05,6.922120923630809,6.922120923630809,Incumbent,2,0.008695836235169802,4.597586307945853e-05,-5.8,0.0,0
2014,CT-04,2014-08-05,12.541705966334455,12.541705966334455,Incumbent,3,0.010356620646086523,0.004955594114609101,-5.8,0.0,0
2014,CT-05,2014-08-05,2.141638010775665,2.141638010775665,Incumbent,1,0.00509455533102018,0.0054722001945887114,-5.8,0.00620414889466509,1
2014,DE-00,2014-08-05,6.127682804332846,6.127682804332846,Incumbent,2,0.004298244978103997,0.00011278640720871984,-5.8,0.0,0
2014,FL-01,2014-08-05,-19.928854314051243,19.928854314051243,Challenger,-3,0.0001193569774939214,0.0034001974674707945,-5.8,0.0,0
2014,FL-02,2014-08-05,-7.56900038068406,7.56900038068406,Challenger,-2,0.007248793428560941,0.0074592405902989154,-5.8,0.03683583137736939,1
2014,FL-03,2014-08-05,-9.079725707420678,9.079725707420678,Challenger,-3,0.00021181984614209262,0.0025797609659366826,-5.8,0.0,0
2014,FL-05,2014-08-05,-11.450101278446976,11.450101278446976,Incumbent,-2,0.002874330671867849,0.0002520231831574769,-5.8,0.0,0
2014,FL-06,2014-08-05,-13.732136947426714,13.732136947426714,Challenger,-3,0.0002782955166361605,0.0023637215446473043,-5.8,0.0,0
2014,FL-07,2014-08-05,-5.117554716684672,5.117554716684672,Challenger,-2,0.00041660139594161056,0.002369167936143844,-5.8,0.0,0
2014,FL-08,2014-08-05,-11.553985107654771,11.553985107654771,Challenger,-3,0.001411622063823144,0.004019623884713132,-5.8,0.0012432013573643347,1
2014,FL-09,2014-08-05,9.587847940804794,9.587847940804794,Incumbent,3,0.013675422065504967,0.0022192419788847036,-5.8,0.0,0
2014,FL-10,2014-08-05,14.832758363085407,14.832758363085407,Challenger,3,0.0003582257255418967,0.004127905953325205,-5.8,0.0,0
2014,FL-11,2014-08-05,-8.31671764256397,8.31671764256397,Challenger,-3,0.00025026393446265024,0.0016297519816591522,-5.8,0.0,0
2014,FL-12,2014-08-05,-16.34021772390692,16.34021772390692,Challenger,-3,0.0,0.004664026836231675,-5.8,0.0,0
2014,FL-13,2014-08-05,-5.446031223054323,5.446031223054323,Open,-2,0.029709227778756005,0.013672061150239594,-5.8,0.0008345065864029192,0
2014,FL-14,2014-08-05,8.855974120729392,8.855974120729392,Incumbent,3,0.0030225289898258233,0.0,-5.8,0.0,0
2014,FL-15,2014-08-05,-3.487792213850338,3.487792213850338,Challenger,-2,0.0015172468980540125,0.005701706612109612,-5.8,0.0,0
2014,FL-16,2014-08-05,-7.226442069336062,7.226442069336062,Challenger,-2,0.0002753097304984947,0.007453745669086226,-5.8,0.0,0
2014,FL-17,2014-08-05,-9.993020786991144,9.993020786991144,Challenger,-3,0.00012290829287169876,0.003696236452394353,-5.8,0.0,0
2014,FL-18,2014-08-05,-12.982997177715792,12.982997177715792,Incumbent,-3,0.010916658869675149,0.0029452730285925853,-5.8,0.012626696387012309,1
2014,FL-19,2014-08-05,-12.964311255917192,12.964311255917192,Challenger,-3,0.0012314732496593692,0.03817410979320644,-5.8,0.0,0
2014,FL-20,2014-08-05,26.10346106505017,26.10346106505017,Incumbent,3,0.003689229672476634,0.0001647828371236841,-5.8,0.0,0
2014,FL-21,2014-08-05,-6.707063416602949,6.707063416602949,Incumbent,-1,0.006723475613750837,0.0002950465429314182,-5.8,0.0,0
2014,FL-22,2014-08-05,7.92701110812219,7.92701110812219,Incumbent,2,0.006689433412403944,0.00028254205273686305,-5.8,0.0,0
2014,FL-23,2014-08-05,5.290088644609193,5.290088644609193,Incumbent,2,0.015716994429345748,0.004342534851906878,-5.8,0.0,0
2014,FL-24,2014-08-05,26.86007770418651,26.86007770418651,Incumbent,3,0.0014765868053002312,9.705943229926334e-05,-5.8,0.0,0
2014,FL-26,2014-08-05,-5.3717735987451976,5.3717735987451976,Challenger,-2,0.008523351583343084,0.004334484032310307,-5.8,0.027741412774083055,1
2014,GA-01,2014-08-05,-9.338075294766407,9.338075294766407,Open,-2,9.087468255433185e-05,0.018899553690989567,-5.8,0.0,0
2014,GA-02,2014-08-05,3.2435955198042765,3.2435955198042765,Incumbent,2,0.004920126422576916,0.00032132519828883394,-5.8,0.0,0
2014,GA-04,2014-08-05,26.368184394606217,26.368184394606217,Incumbent,3,0.004964038099281527,0.0,-5.8,0.0,0
2014,GA-05,2014-08-05,31.892357754569606,31.892357754569606,Incumbent,3,0.004142279674310765,0.0,-5.8,0.0,0
2014,GA-06,2014-08-05,-12.44589773553291,12.44589773553291,Challenger,-3,7.566266185512977e-06,0.009456750110158342,-5.8,0.0,0
2014,GA-07,2014-08-05,8.481636073280551,8.481636073280551,Challenger,2,0.00010921045509764813,0.0025180906670294774,-5.8,0.0,0
2014,GA-08,2014-08-05,-16.510851096950546,16.510851096950546,Challenger,-3,0.0,0.005300104431272823,-5.8,0.0,0
2014,GA-09,2014-08-05,-23.031996818710944,23.031996818710944,Challenger,-3,0.00011205725287201188,0.004034784493663232,-5.8,0.0,0
2014,GA-10,2014-08-05,-15.057241628373404,15.057241628373404,Open,-3,0.0003325883690005732,0.0,-5.8,6.8644446774410094e-06,0
2014,GA-12,2014-08-05,-7.63401355344136,7.63401355344136,Incumbent,-2,0.005246730482575888,0.009978044699937075,-5.8,0.030049056930156186,1
2014,GA-13,2014-08-05,27.507513349372736,27.507513349372736,Incumbent,3,0.007761538235167289,0.0,-5.8,0.0,0
2014,HI-01,2014-08-05,14.514952454064334,14.514952454064334,Challenger,3,0.0,0.0004295962036131257,-5.8,0.003934147621752018,1
2014,HI-02,2014-08-05,14.587435870590864,14.587435870590864,Incumbent,3,0.006796675531964581,0.0,-5.8,0.0,0
2014,IA-01,2014-08-05,-3.23919947167052,3.23919947167052,Open,-1,0.005604007740370355,0.0029065282791570324,-5.8,0.013612060478099305,1
2014,IA-02,2014-08-05,-4.036017317545893,4.036017317545893,Incumbent,0,0.002870439648477024,0.0017927461919456662,-5.8,0.00552986809347684,1
2014,IA-03,2014-08-05,-2.591819058935757,2.591819058935757,Open,0,0.004296923891386591,0.0077574964163749415,-5.8,0.03820936058901683,1
2014,IA-04,2014-08-05,-15.527668627078642,15.527668627078642,Challenger,-3,0.0038590655500833925,0.007102842631461046,-5.8,0.0004850276449309549,0
2014,ID-01,2014-08-05,-22.463689738740225,22.463689738740225,Challenger,-3,0.0011870450382748207,0.0022343032041823832,-5.8,0.0,0
2014,ID-02,2014-08-05,-14.863293758937132,14.863293758937132,Challenger,-3,0.0001462743285408927,0.019515405550652905,-5.8,0.0,0
2014,IL-01,2014-08-05,21.557606615631734,21.557606615631734,Incumbent,3,0.0022203940483148305,0.0,-5.8,0.0,0
2014,IL-02,2014-08-05,19.498388941928752,19.498388941928752,Incumbent,3,0.010668730683466415,0.00020846581056827989,-5.8,0.0005961756628911992,0
2014,IL-03,2014-08-05,20.7490927090049,20.7490927090049,Incumbent,3,0.0035612828422554228,0.0001613008764743505,-5.8,0.0,0
2014,IL-04,2014-08-05,23.590651459594714,23.590651459594714,Incumbent,3,0.002971671892614717,0.0,-5.8,0.0,0
2014,IL-05,2014-08-05,18.68377102039282,18.68377102039282,Incumbent,3,0.005139964828140283,0.0,-5.8,0.0,0
2014,IL-06,2014-08-05,3.3013832950879953,3.3013832950879953,Challenger,1,2.3284316089700576e-05,0.023644331464736497,-5.8,0.0,0
2014,IL-07,2014-08-05,36.705380273468435,36.705380273468435,Incumbent,3,0.0027112494427799626,0.0,-5.8,0.0,0
2014,IL-08,2014-08-05,6.424280826815448,6.424280826815448,Incumbent,2,0.006536666049561123,0.0017661639934403032,-5.8,7.157287115946085e-05,0
2014,IL-09,2014-08-05,20.158433724412745,20.158433724412745,Incumbent,3,0.00945853678465061,0.0005153893972300887,-5.8,0.0,0
2014,IL-10,2014-08-05,11.04113176541972,11.04113176541972,Challenger,2,0.00886262682660377,0.007862354815778344,-5.8,0.031092223445991992,1
2014,IL-11,2014-08-05,5.085982935594202,5.085982935594202,Incumbent,2,0.004966801875913129,0.004046594227978886,-5.8,4.6329516413239384e-05,0
2014,IL-12,2014-08-05,-23.83831770974748,23.83831770974748,Incumbent,-3,0.005411054146772248,0.0036945978772082665,-5.8,0.03998836450409971,1
2014,IL-13,2014-08-05,3.4188055743444465,3.4188055743444465,Challenger,1,0.0059004998552489194,0.013034225143222862,-5.8,0.008356684454482002,1
2014,IL-14,2014-08-05,3.54197654493737,3.54197654493737,Challenger,1,0.00021614391822606874,0.006042024872392295,-5.8,0.0,0
2014,IL-15,2014-08-05,-21.8139353277361,21.8139353277361,Challenger,-3,0.00011909731562187942,0.012135376148522753,-5.8,0.0,0
2014,IL-16,2014-08-05,-13.631151449570353,13.631151449570353,Challenger,-3,5.474096200395522e-05,0.01016585869909476,-5.8,0.0,0
2014,IL-17,2014-08-05,2.1001234628320264,2.1001234628320264,Incumbent,1,0.004815825557096405,0.0019135404671630997,-5.8,0.011713989090380917,1
2014,IN-01,2014-08-05,3.573714791027988,3.573714791027988,Incumbent,2,0.006052356867554311,3.842437893392216e-05,-5.8,0.0,0
2014,IN-02,2014-08-05,-14.123373420505617,14.123373420505617,Challenger,-3,0.0023827458441595937,0.005536682149062033,-5.8,0.0,0
2014,IN-04,2014-08-05,-18.261366892061144,18.261366892061144,Challenger,-3,0.00012241156054720168,0.005824677008142974,-5.8,0.0,0
2014,IN-05,2014-08-05,-12.021418015673689,12.021418015673689,Challenger,-3,0.00010958484047491742,0.00580611820343674,-5.8,0.0,0
2014,IN-06,2014-08-05,-19.774364527800465,19.774364527800465,Open,-3,0.00012466763453533025,0.004834647370551656,-5.8,0.0,0
2014,IN-07,2014-08-05,18.607074845547505,18.607074845547505,Incumbent,3,0.004752727164377371,0.0001377015820737017,-5.8,0.0,0
2014,IN-08,2014-08-05,-19.049853045606127,19.049853045606127,Challenger,-3,7.024890240910418e-05,0.0036157042704769906,-5.8,0.0,0
2014,IN-09,2014-08-05,-16.1330901327918,16.1330901327918,Challenger,-3,0.000395301034148142,0.0068115311102658555,-5.8,0.0,0
2014,KS-01,2014-08-05,-18.35642947387447,18.35642947387447,Challenger,-3,0.0006028339027594074,0.003691671219230507,-5.8,0.0,0
2014,KS-02,2014-08-05,-10.919753167294175,10.919753167294175,Challenger,-3,0.002550715187070689,0.005764680705536516,-5.8,0.0,0
2014,KS-03,2014-08-05,-2.001934384644852,2.001934384644852,Challenger,-1,0.0007223879741196837,0.005452210228100087,-5.8,0.0001015126380532238,0
2014,KS-04,2014-08-05,-14.574908575782132,14.574908575782132,Challenger,-3,0.0,0.014832718387780067,-5.8,0.0,0
2014,KY-01,2014-08-05,-24.043650607051916,24.043650607051916,Open,-3,0.0,0.007314337737567677,-5.8,0.0,0
2014,KY-02,2014-08-05,-21.47130501822055,21.47130501822055,Challenger,-3,0.0008726244471871377,0.006918205841210283,-5.8,2.5658088584812605e-05,0
2014,KY-03,2014-08-05,8.079431177631157,8.079431177631157,Incumbent,3,0.0033398447224664094,0.00046956061079995716,-5.8,4.06067286597777e-05,0
2014,KY-05,2014-08-05,-32.1729608712165,32.1729608712165,Challenger,-3,2.1440279844819462e-05,0.007967212843306527,-5.8,0.0,0
2014,KY-06,2014-08-05,-9.185896454494886,9.185896454494886,Challenger,-3,0.0033755197349334873,0.007001490922409076,-5.8,0.00017334861093050888,0
2014,LA-02,2014-08-05,25.16643417438329,25.16643417438329,Incumbent,3,0.004473265261115131,0.0,-5.8,0.0,0
2014,LA-03,2014-08-05,-21.06595306282636,21.06595306282636,Challenger,-3,0.00019988293050135652,0.010690562919792625,-5.8,0.0,0
2014,LA-04,2014-08-05,-13.802598221073296,13.802598221073296,Open,-3,2.789064146530556e-07,0.006860836000310614,-5.8,0.0,0
2014,LA-05,2014-08-05,-16.599572159228913,16.599572159228913,Open,-3,0.0018463616735976917,0.009278027902305518,-5.8,0.002402069596192416,1
2014,LA-06,2014-08-05,-18.66232902104467,18.66232902104467,Open,-3,0.0010174605483164695,0.0,-5.8,0.0,0
2014,MA-01,2014-08-05,8.575942547188976,8.575942547188976,Incumbent,3,0.008647602531694923,0.0,-5.8,0.0,0
2014,MA-02,2014-08-05,12.66908430464133,12.66908430464133,Incumbent,3,0.005923163325659602,0.0001250683300843818,-5.8,0.0,0
2014,MA-03,2014-08-05,11.100187597102483,11.100187597102483,Incumbent,3,0.005215091896710474,1.0632377370598902e-05,-5.8,0.0,0
2014,MA-04,2014-08-05,11.65184581520879,11.65184581520879,Incumbent,3,0.010840025427559418,0.0001560184819496265,-5.8,0.0,0
2014,MA-05,2014-08-05,22.981622359533727,22.981622359533727,Incumbent,3,0.021093151433641384,0.0005700376693355741,-5.8,0.0,0
2014,MA-06,2014-08-05,10.243287841991489,10.243287841991489,Challenger,2,0.006516228252339371,0.004627050353465021,-5.8,0.008298884911766155,1
2014,MA-07,2014-08-05,35.552286282446815,35.552286282446815,Incumbent,3,0.0036086365959920727,0.0,-5.8,0.0,0
2014,MA-08,2014-08-05,14.729375410314466,14.729375410314466,Incumbent,3,0.010282143429462471,0.0,-5.8,0.0,0
2014,MA-09,2014-08-05,5.6093782672373695,5.6093782672373695,Incumbent,2,0.002400680456309834,0.0024410045598027633,-5.8,0.0,0
2014,MD-01,2014-08-05,-11.511437051533768,11.511437051533768,Challenger,-3,0.002684582363755741,0.003996050249702631,-5.8,0.0,0
2014,MD-02,2014-08-05,6.588015915525597,6.588015915525597,Incumbent,2,0.006457258883151667,5.7486516749799904e-05,-5.8,0.0,0
2014,MD-03,2014-08-05,8.507214711156301,8.507214711156301,Incumbent,3,0.00473013490807123,0.0,-5.8,0.0,0
2014,MD-04,2014-08-05,40.07215890845792,40.07215890845792,Incumbent,3,0.0035076343566776635,0.0002647277422201431,-5.8,0.0,0
2014,MD-05,2014-08-05,13.90135693169312,13.90135693169312,Incumbent,3,0.022018612004989207,0.0,-5.8,0.0,0
2014,MD-06,2014-08-05,1.142896202854865,1.142896202854865,Incumbent,1,0.005428836568988893,0.005312469561228856,-5.8,0.0,0
2014,MD-07,2014-08-05,30.226960116774826,30.226960116774826,Incumbent,3,0.004855686768909815,0.0,-5.8,0.0,0
2014,MD-08,2014-08-05,29.458751280694372,29.458751280694372,Incumbent,3,0.007399133840752255,0.0,-5.8,0.0,0
2014,ME-01,2014-08-05,8.0535576548473,8.0535576548473,Incumbent,3,0.0014071504502458163,0.00014253698258454174,-5.8,0.0,0
2014,ME-02,2014-08-05,-5.701764426813255,5.701764426813255,Open,-2,0.0057946683513647925,0.005946486967553769,-5.8,0.014104398353127125,1
2014,MI-01,2014-08-05,-12.864139449304293,12.864139449304293,Challenger,-3,0.002891988329948339,0.0077536066945473854,-5.8,0.005853009530337896,1
2014,MI-02,2014-08-05,-16.32899492778914,16.32899492778914,Challenger,-3,0.0002588383543683292,0.006248803020245509,-5.8,0.0,0
2014,MI-03,2014-08-05,0.5192327169860678,0.5192327169860678,Challenger,0,0.000610564537791956,0.011438014354021081,-5.8,0.0,0
2014,MI-04,2014-08-05,-5.202260954909226,5.202260954909226,Open,-2,4.3655082803130456e-05,0.020141653925828853,-5.8,0.0,0
2014,MI-05,2014-08-05,-14.539167945315114,14.539167945315114,Incumbent,-3,0.0035330131669726035,0.0,-5.8,0.0,0
2014,MI-06,2014-08-05,10.536606251083619,10.536606251083619,Challenger,2,0.001400471850209339,0.008901898337287798,-5.8,0.01955646048192103,1
2014,MI-07,2014-08-05,-2.55840954579728,2.55840954579728,Challenger,-1,0.003074999932520917,0.00483098737464097,-5.8,0.0,0
2014,MI-08,2014-08-05,-0.8913436295996224,0.8913436295996224,Open,0,0.0005115334230787053,0.0018531786112158367,-5.8,0.0,0
2014,MI-09,2014-08-05,-17.85195581310617,17.85195581310617,Incumbent,-3,0.01002500184875209,0.00029822858621619483,-5.8,0.0,0
2014,MI-11,2014-08-05,6.989361726624355,6.989361726624355,Challenger,1,0.00780028540179177,0.02237538007263932,-5.8,0.0,0
2014,MI-12,2014-08-05,22.83353465712751,22.83353465712751,Open,3,0.0030863951189355923,6.448920604010394e-05,-5.8,0.0,0
2014,MI-13,2014-08-05,24.1254278498976,24.1254278498976,Incumbent,3,0.005310061948088767,0.0,-5.8,0.0,0
2014,MN-01,2014-08-05,-7.847842235909125,7.847842235909125,Incumbent,-2,0.006032046902439276,0.002526490491519583,-5.8,0.0,0
2014,MN-02,2014-08-05,-0.14427997792423597,0.14427997792423597,Challenger,0,0.0032969424080764283,0.009841201684776481,-5.8,0.0,0
2014,MN-03,2014-08-05,6.6782863467643505,6.6782863467643505,Challenger,1,0.0007166935418517122,0.008689603048677526,-5.8,0.0,0
2014,MN-04,2014-08-05,16.427906101446403,16.427906101446403,Incumbent,3,0.004013406316980076,0.00035023329035479384,-5.8,0.0,0
2014,MN-05,2014-08-05,29.534822063444928,29.534822063444928,Incumbent,3,0.013244622473681418,8.523091828502239e-05,-5.8,0.0,0
2014,MN-06,2014-08-05,-12.677496490338452,12.677496490338452,Open,-3,0.0023581204530594363,0.020425014568892723,-5.8,0.0,0
2014,MN-07,2014-08-05,-19.328215156854412,19.328215156854412,Incumbent,-3,0.0032472787514136224,0.0033120823779518443,-5.8,0.03689680729227292,1
2014,MN-08,2014-08-05,-8.04388507656337,8.04388507656337,Incumbent,-2,0.005462742664005435,0.0089124965021382,-5.8,0.060645867186023585,1
2014,MO-01,2014-08-05,27.249169270162675,27.249169270162675,Incumbent,3,0.002510269666318581,0.0,-5.8,0.0,0
2014,MO-02,2014-08-05,-7.986075858271152,7.986075858271152,Challenger,-2,0.0,0.006144363166401697,-5.8,0.0,0
2014,MO-04,2014-08-05,-22.699460623660684,22.699460623660684,Challenger,-3,0.00019506909875324964,0.0027561557927280322,-5.8,0.0,0
2014,MO-05,2014-08-05,10.413225733597686,10.413225733597686,Incumbent,3,0.005515269295014655,0.00026694746540556187,-5.8,0.0,0
2014,MO-06,2014-08-05,-21.2217918081147,21.2217918081147,Challenger,-3,8.562612867458577e-05,0.005913456080866407,-5.8,0.0,0
2014,MO-07,2014-08-05,-24.16088679935535,24.16088679935535,Challenger,-3,0.0002939680118259548,0.005291044621236844,-5.8,0.0,0
2014,MO-08,2014-08-05,-27.92529244087229,27.92529244087229,Challenger,-3,0.002671607544377276,0.011932127561346973,-5.8,0.0,0
2014,MS-01,2014-08-05,-18.345109622786225,18.345109622786225,Challenger,-3,2.9520756490147785e-05,0.00546136086865844,-5.8,0.0,0
2014,MS-02,2014-08-05,11.473888206130106,11.473888206130106,Incumbent,3,0.006754655491532951,0.0,-5.8,0.0,0
2014,NC-01,2014-08-05,2.6847642563189944,2.6847642563189944,Incumbent,1,0.004356101603666041,7.309402674498001e-05,-5.8,0.0,0
2014,NC-02,2014-08-05,11.44542313038604,11.44542313038604,Challenger,2,0.004437592015055347,0.0095592912621,-5.8,0.0,0
2014,NC-03,2014-08-05,-14.845244174580227,14.845244174580227,Challenger,-3,0.0003999140532776987,0.005000647262300081,-5.8,0.0,0
2014,NC-04,2014-08-05,16.04355221243226,16.04355221243226,Incumbent,3,0.0035899241138513645,6.172570831491658e-06,-5.8,0.0,0
2014,NC-05,2014-08-05,-12.9346878047449,12.9346878047449,Challenger,-3,0.0,0.002826699127342205,-5.8,0.0,0
2014,NC-06,2014-08-05,4.163220378592431,4.163220378592431,Open,1,0.004288054109587794,0.00823791364530288,-5.8,2.6031265367618523e-05,0
2014,NC-07,2014-08-05,-8.254535703796442,8.254535703796442,Incumbent,-2,0.003524112426561781,0.008517574966651596,-5.8,0.0,0
2014,NC-08,2014-08-05,-19.6845056221601,19.6845056221601,Challenger,-3,5.847951655476966e-05,0.0060747780612594665,-5.8,0.0,0
2014,NC-09,2014-08-05,-5.841307578312968,5.841307578312968,Open,-2,2.503185071511174e-06,0.007217218526326873,-5.8,0.0,0
2014,NC-10,2014-08-05,-22.055350387332396,22.055350387332396,Challenger,-3,0.0004268492543352077,0.004966389094419443,-5.8,0.0,0
2014,NC-11,2014-08-05,-8.230709932398778,8.230709932398778,Challenger,-3,0.00044700675061023294,0.001761471021138546,-5.8,0.0,0
2014,NC-12,2014-08-05,12.402821989006103,12.402821989006103,Incumbent,3,0.004479927591610753,0.0007300810497550588,-5.8,0.0,0
2014,NC-13,2014-08-05,-1.864598296187117,1.864598296187117,Challenger,-1,0.00022444826375355857,0.00766457102792247,-5.8,0.0,0
2014,ND-00,2014-08-05,-20.198325659708185,20.198325659708185,Challenger,-3,0.0010311675900022037,0.0032449291508077796,-5.8,0.0009353763451703675,0
2014,NE-01,2014-08-05,-9.41435049125387,9.41435049125387,Challenger,-3,6.877971638551679e-05,0.0022291491995772047,-5.8,0.0,0
2014,NE-02,2014-08-05,-0.5855479710474842,0.5855479710474842,Challenger,0,0.001233498575073775,0.01171086933619541,-5.8,0.014062492199481478,1
2014,NE-03,2014-08-05,-29.05395314239278,29.05395314239278,Challenger,-3,0.0002375081495884928,0.005937622392008046,-5.8,0.0,0
2014,NH-01,2014-08-05,-0.6241611239493683,0.6241611239493683,Challenger,0,0.0034285337084179104,0.003104390067840203,-5.8,0.030128871299931033,1
2014,NH-02,2014-08-05,1.2041262086251447,1.2041262086251447,Incumbent,1,0.00538015931134591,0.0023286351176839497,-5.8,0.04546930692728692,1
2014,NJ-01,2014-08-05,10.541473432003373,10.541473432003373,Incumbent,3,0.0029304702565724843,0.00022605299829466736,-5.8,0.007584978760622487,1
2014,NJ-02,2014-08-05,-4.761067754946824,4.761067754946824,Challenger,-2,0.0009876389447737157,0.00611743447316053,-5.8,4.63295164132383e-05,0
2014,NJ-03,2014-08-05,4.31835427530044,4.31835427530044,Open,1,0.0019555899787058774,0.019058694809157648,-5.8,0.01724283536372327,1
2014,NJ-04,2014-08-05,-14.584596480441704,14.584596480441704,Challenger,-3,0.0,0.0015086867023754809,-5.8,0.0,0
2014,NJ-05,2014-08-05,3.445661758280183,3.445661758280183,Challenger,1,0.002318862050976897,0.0049133491826384565,-5.8,4.6329516413239384e-05,0
2014,NJ-06,2014-08-05,8.090405096667297,8.090405096667297,Incumbent,3,0.04156191721508149,0.0002649648126725982,-5.8,0.0,0
2014,NJ-07,2014-08-05,-2.1840325062936543,2.1840325062936543,Challenger,-1,0.0004722913835058252,0.005554206118001099,-5.8,0.0,0
2014,NJ-08,2014-08-05,23.722217972151167,23.722217972151167,Incumbent,3,0.0043964580603030705,5.590307206500961e-06,-5.8,0.0,0
2014,NJ-09,2014-08-05,9.263237829680254,9.263237829680254,Incumbent,3,0.006305991850882069,7.73580409810008e-05,-5.8,0.0,0
2014,NJ-10,2014-08-05,30.651816525153706,30.651816525153706,Incumbent,3,0.003477968847758311,0.0,-5.8,0.0,0
2014,NJ-11,2014-08-05,5.375678065707767,5.375678065707767,Challenger,1,0.0006755118011337251,0.006539592521601273,-5.8,0.0,0
2014,NJ-12,2014-08-05,15.154219911894874,15.154219911894874,Open,3,0.003931006763647806,0.0004675986901104827,-5.8,0.0,0
2014,NM-01,2014-08-05,4.293054721329781,4.293054721329781,Incumbent,2,0.003981813006922641,0.0010213241459098533,-5.8,0.0,0
2014,NM-02,2014-08-05,1.5160307331892997,1.5160307331892997,Challenger,0,0.002186453182965261,0.0052990170681308955,-5.8,0.0,0
2014,NM-03,2014-08-05,3.9759876881442278,3.9759876881442278,Incumbent,2,0.006263084237270209,0.00017369231660216623,-5.8,0.0,0
2014,NV-01,2014-08-05,3.1666798532818117,3.1666798532818117,Incumbent,2,0.00453491659438614,0.0003386880522890355,-5.8,0.0,0
2014,NV-02,2014-08-05,-8.147825812678416,8.147825812678416,Challenger,-3,0.0,0.003274392638514119,-5.8,0.0,0
2014,NV-03,2014-08-05,1.8001935367752464,1.8001935367752464,Challenger,0,0.00385351252336765,0.00595583423713445,-5.8,0.0006206111187229787,0
2014,NV-04,2014-08-05,3.217223200349606,3.217223200349606,Incumbent,2,0.006670651203659573,0.0023586903518333776,-5.8,0.005135808564749122,1
2014,NY-01,2014-08-05,-3.6928800390495202,3.6928800390495202,Incumbent,0,0.006531553416074118,0.026341602954733295,-5.8,0.03357274681349977,1
2014,NY-02,2014-08-05,-3.774283387941013,3.774283387941013,Challenger,-2,0.0,0.005647912723321014,-5.8,0.0,0
2014,NY-03,2014-08-05,1.705849946619914,1.705849946619914,Incumbent,1,0.015947927732084016,0.0005069060867531964,-5.8,0.00023262579983118547,0
2014,NY-04,2014-08-05,5.110116322913344,5.110116322913344,Open,2,0.009672213589701462,0.0040636900755714606,-5.8,0.00023242201221087966,0
2014,NY-05,2014-08-05,31.66570070517945,31.66570070517945,Incumbent,3,0.005658305520081426,2.0602444975201678e-05,-5.8,0.0,0
2014,NY-06,2014-08-05,16.45316367287223,16.45316367287223,Incumbent,3,0.004335142995199328,1.8965636196407781e-06,-5.8,0.0,0
2014,NY-07,2014-08-05,32.947096636428,32.947096636428,Incumbent,3,0.00539548493992468,0.0001105812801256679,-5.8,0.0,0
2014,NY-08,2014-08-05,27.20390212058902,27.20390212058902,Incumbent,3,0.0036865861974785526,0.0,-5.8,0.0,0
2014,NY-09,2014-08-05,26.546679495384446,26.546679495384446,Incumbent,3,0.003356695225382894,0.0,-5.8,0.0,0
2014,NY-10,2014-08-05,35.683837953159355,35.683837953159355,Incumbent,3,0.00897965670194263,0.0,-5.8,0.0,0
2014,NY-11,2014-08-05,-5.641502588722533,5.641502588722533,Challenger,-2,0.005008782218665072,0.008676857676309517,-5.8,0.035653079824441734,1
2014,NY-12,2014-08-05,34.68988016555067,34.68988016555067,Incumbent,3,0.00943927783187479,0.0003135319952505983,-5.8,0.0,0
2014,NY-13,2014-08-05,40.02459454905407,40.02459454905407,Incumbent,3,0.0127474537536142,0.0,-5.8,0.0,0
2014,NY-14,2014-08-05,29.655224876126084,29.655224876126084,Incumbent,3,0.01809899484962778,0.0,-5.8,0.0,0
2014,NY-15,2014-08-05,36.766509186357546,36.766509186357546,Incumbent,3,0.0012787981830665045,8.673989495710029e-06,-5.8,0.0,0
2014,NY-16,2014-08-05,20.483740598184923,20.483740598184923,Incumbent,3,0.006033624304151749,0.0,-5.8,0.0,0
2014,NY-17,2014-08-05,2.957058137633134,2.957058137633134,Incumbent,1,0.010135371067033815,0.0004271928670380603,-5.8,0.0,0
2014,NY-18,2014-08-05,0.6565680576901656,0.6565680576901656,Incumbent,1,0.009510669692771144,0.006913460527471376,-5.8,0.021455375933418973,1
2014,NY-19,2014-08-05,-0.9436788799621371,0.9436788799621371,Challenger,0,0.008952517155451986,0.0045109451458595394,-5.8,0.0,0
2014,NY-20,2014-08-05,6.380110330079763,6.380110330079763,Incumbent,2,0.004822268574181305,0.00039587297823579057,-5.8,0.0,0
2014,NY-21,2014-08-05,-9.049076835055661,9.049076835055661,Open,-2,0.002159097019159236,0.007274031205178871,-5.8,4.6484402442175936e-05,0
2014,NY-22,2014-08-05,0.758852657433734,0.758852657433734,Open,0,0.0,0.007130758746378889,-5.8,0.0,0
2014,NY-23,2014-08-05,-12.452534835467782,12.452534835467782,Challenger,-3,0.0035225484123572112,0.012922279917760737,-5.8,0.0006728166354801269,0
2014,NY-24,2014-08-05,-11.822715104854463,11.822715104854463,Incumbent,-2,0.004737039422303576,0.0016036995194040199,-5.8,0.018823932400252617,1
2014,NY-25,2014-08-05,6.997501041410814,6.997501041410814,Incumbent,2,0.0031009733712918978,5.398438186980637e-05,-5.8,0.0,0
2014,NY-26,2014-08-05,8.41704225398517,8.41704225398517,Incumbent,3,0.004314753169880897,5.432418285165868e-05,-5.8,0.0,0
2014,OH-01,2014-08-05,1.4899957446163237,1.4899957446163237,Challenger,0,0.0010093354466447965,0.002907376433563992,-5.8,0.0,0
2014,OH-02,2014-08-05,-24.48289495044701,24.48289495044701,Challenger,-3,0.0006891524630927719,0.004185670818676828,-5.8,0.0,0
2014,OH-03,2014-08-05,19.48297892975578,19.48297892975578,Incumbent,3,0.0028927554155574395,5.146167334926948e-05,-5.8,0.0,0
2014,OH-04,2014-08-05,-20.55908860807346,20.55908860807346,Challenger,-3,3.141583260891041e-05,0.007162275636078708,-5.8,0.0,0
2014,OH-05,2014-08-05,-15.071640600961539,15.071640600961539,Challenger,-3,0.0003501779739158877,0.0027791548805243477,-5.8,0.0,0
2014,OH-06,2014-08-05,-15.378152225349016,15.378152225349016,Challenger,-3,0.0031635760543432885,0.005416588579727014,-5.8,0.0,0
2014,OH-07,2014-08-05,-7.0155130829773595,7.0155130829773595,Challenger,-2,0.00012984041883909558,0.0037652253485908594,-5.8,0.0,0
2014,OH-08,2014-08-05,-14.035211394428032,14.035211394428032,Challenger,-3,0.00022487564134961193,0.13169021914987952,-5.8,0.0004404100560908588,0
2014,OH-09,2014-08-05,-2.6750752258288104,2.6750752258288104,Incumbent,0,0.00315432212544271,2.9442290818825393e-06,-5.8,0.0,0
2014,OH-10,2014-08-05,-4.1762804360223,4.1762804360223,Challenger,-2,0.00013026844721678314,0.00550415942986217,-5.8,0.0,0
2014,OH-11,2014-08-05,28.441346247008543,28.441346247008543,Incumbent,3,0.0032126876622426913,0.0,-5.8,0.0,0
2014,OH-12,2014-08-05,-17.225752396313208,17.225752396313208,Challenger,-3,2.789064146530556e-06,0.01485387232370584,-5.8,0.0,0
2014,OH-13,2014-08-05,-0.4196957081654351,0.4196957081654351,Incumbent,1,0.004837813702108408,2.7304752056924373e-05,-5.8,0.0,0
2014,OH-14,2014-08-05,-9.040584982726719,9.040584982726719,Challenger,-3,0.004397514278895362,0.01106766633304151,-5.8,4.6329516413239384e-05,0
2014,OH-15,2014-08-05,-6.124369085418522,6.124369085418522,Challenger,-2,0.00040450550364452213,0.008716215090169259,-5.8,0.0,0
2014,OK-01,2014-08-05,-14.538246122325646,14.538246122325646,Challenger,-3,3.618615495633139e-05,0.0025036216530189104,-5.8,0.0,0
2014,OK-02,2014-08-05,-28.318688286984766,28.318688286984766,Challenger,-3,0.002163429923279676,0.005999676187235399,-5.8,0.0,0
2014,OK-03,2014-08-05,-25.040406323060722,25.040406323060722,Challenger,-3,4.7479168654438496e-07,0.009477626441232734,-5.8,0.0,0
2014,OK-04,2014-08-05,-19.182424517801458,19.182424517801458,Challenger,-3,0.00010244232610206733,0.004868968757219617,-5.8,0.0,0
2014,OK-05,2014-08-05,-12.644828798930217,12.644828798930217,Open,-3,0.0006900934003670063,0.0,-5.8,0.0,0
2014,OR-01,2014-08-05,17.576673418835615,17.576673418835615,Incumbent,3,0.0037929937360777423,7.171306811722785e-05,-5.8,0.0,0
2014,OR-02,2014-08-05,-15.622567897681755,15.622567897681755,Challenger,-3,0.00032809732494302476,0.02404133949911112,-5.8,0.0,0
2014,OR-03,2014-08-05,22.427199819667493,22.427199819667493,Incumbent,3,0.008110418922379821,0.0,-5.8,0.0,0
2014,OR-04,2014-08-05,3.8251339099398374,3.8251339099398374,Incumbent,2,0.0029427978271313444,0.001321112469765593,-5.8,0.0,0
2014,OR-05,2014-08-05,1.3926991240531428,1.3926991240531428,Incumbent,1,0.00445729684621939,0.0005893829901311296,-5.8,2.0131465009656687e-05,0
2014,PA-01,2014-08-05,-0.3294379916098378,0.3294379916098378,Incumbent,1,0.0031479402818314238,2.8264190123330883e-05,-5.8,1.7493847046283087e-05,0
2014,PA-02,2014-08-05,21.679232400053635,21.679232400053635,Incumbent,3,0.0036728221659154243,0.0,-5.8,0.0,0
2014,PA-03,2014-08-05,39.56244943477092,39.56244943477092,Challenger,3,0.001091206937165323,0.004714839587322851,-5.8,0.0,0
2014,PA-04,2014-08-05,6.7213071147185115,6.7213071147185115,Challenger,1,2.1462871264406357e-05,0.0027000852838454255,-5.8,0.0,0
2014,PA-05,2014-08-05,13.93763368095236,13.93763368095236,Challenger,3,0.00042892766493720237,0.0062288030131259576,-5.8,0.0,0
2014,PA-06,2014-08-05,4.3527128827801125,4.3527128827801125,Open,1,0.001207113935278791,0.0019319659546031293,-5.8,0.0,0
2014,PA-07,2014-08-05,-2.2695414278169013,2.2695414278169013,Challenger,-1,0.00019720719532797997,0.00703269552989329,-5.8,0.0,0
2014,PA-08,2014-08-05,-4.501763513589582,4.501763513589582,Challenger,-2,0.006947465541296316,0.006721540561045973,-5.8,0.0,0
2014,PA-09,2014-08-05,-21.24854746987166,21.24854746987166,Challenger,-3,0.0,0.03056655420909942,-5.8,0.0,0
2014,PA-10,2014-08-05,-5.326025754717467,5.326025754717467,Challenger,-2,0.00037511778551416387,0.0022980518207227785,-5.8,0.0,0
2014,PA-11,2014-08-05,-13.771108373802177,13.771108373802177,Challenger,-3,5.006797799524816e-05,0.006364741534783834,-5.8,0.0,0
2014,PA-12,2014-08-05,7.88100756160039,7.88100756160039,Challenger,2,0.0018457519841752598,4.4625026344488893e-07,-5.8,0.00022829047852181885,0
2014,PA-13,2014-08-05,-25.087095894319965,25.087095894319965,Incumbent,-3,0.03386082097497128,0.0,-5.8,0.0,0
2014,PA-14,2014-08-05,-17.931297318589706,17.931297318589706,Incumbent,-3,0.0054376299304300735,1.3294539098462316e-06,-5.8,0.0,0
2014,PA-15,2014-08-05,-20.54575453550953,20.54575453550953,Challenger,-3,1.1853522622754863e-05,0.006934676287652399,-5.8,0.0,0
2014,PA-16,2014-08-05,-12.68595112222987,12.68595112222987,Challenger,-3,0.00040837374967815025,0.005838035788685612,-5.8,0.0,0
2014,PA-17,2014-08-05,0.060852313130244085,0.060852313130244085,Incumbent,1,0.003925298571996712,0.0004212358908650955,-5.8,0.0,0
2014,RI-01,2014-08-05,12.30038609480771,12.30038609480771,Incumbent,3,0.00519488549884408,0.0005516912053796962,-5.8,0.0,0
2014,RI-02,2014-08-05,3.7712601111473285,3.7712601111473285,Incumbent,2,0.005417067926884997,6.379119625303222e-05,-5.8,0.0,0
2014,SC-01,2014-08-05,-7.794760907709938,7.794760907709938,Open,-2,0.017640501431298864,0.012577089348351675,-5.8,9.887232399450821e-05,0
2014,SC-02,2014-08-05,-8.884926417688632,8.884926417688632,Challenger,-3,0.00034473455742110393,0.005623391829157546,-5.8,0.0,0
2014,SC-03,2014-08-05,-21.02599305771811,21.02599305771811,Challenger,-3,6.123213692978554e-05,0.003341772430635687,-5.8,0.0,0
2014,SC-04,2014-08-05,-12.715665017842142,12.715665017842142,Challenger,-3,0.0,0.003766638753331516,-5.8,0.0,0
2014,SC-05,2014-08-05,-11.5696148738559,11.5696148738559,Challenger,-3,9.496317168673099e-05,0.00547868374607254,-5.8,0.0,0
2014,SC-06,2014-08-05,14.673162065264773,14.673162065264773,Incumbent,3,0.014487733465367409,0.0,-5.8,0.0,0
2014,SC-07,2014-08-05,-11.271404349615027,11.271404349615027,Challenger,-3,0.000958853943405423,0.004721623149140043,-5.8,0.0,0
2014,SD-00,2014-08-05,-16.388862204651893,16.388862204651893,Challenger,-3,0.0012291384310935036,0.00886670295088512,-5.8,0.0,0
2014,TN-01,2014-08-05,-30.27155839221352,30.27155839221352,Challenger,-3,8.851559913039141e-07,0.003338300603586086,-5.8,0.0,0
2014,TN-02,2014-08-05,-18.47057443452429,18.47057443452429,Challenger,-3,9.883513647255446e-07,0.005883773744593371,-5.8,0.0,0
2014,TN-03,2014-08-05,-19.071192130050548,19.071192130050548,Challenger,-3,0.00018761690529132976,0.008386627289346327,-5.8,0.0,0
2014,TN-04,2014-08-05,-22.05113294578421,22.05113294578421,Challenger,-3,0.0035078819326050713,0.010366955802187905,-5.8,0.0,0
2014,TN-05,2014-08-05,-9.101000979194431,9.101000979194431,Incumbent,-2,0.002902098687479512,0.00018622237321806452,-5.8,0.0,0
2014,TN-06,2014-08-05,-17.433317798148636,17.433317798148636,Open,-3,0.00021245705433076993,0.003911065605781748,-5.8,0.0,0
2014,TN-08,2014-08-05,-21.234299336382385,21.234299336382385,Open,-3,0.0018991984485400054,0.004365978051684125,-5.8,0.0,0
2014,TN-09,2014-08-05,22.626245642096478,22.626245642096478,Incumbent,3,0.004958385781882167,0.00020089722016264477,-5.8,0.0,0
2014,TX-01,2014-08-05,-25.594871709035786,25.594871709035786,Challenger,-3,0.0002226746978627798,0.004199198058693916,-5.8,6.864072802221464e-06,0
2014,TX-02,2014-08-05,-15.801396694115272,15.801396694115272,Challenger,-3,0.00022401363459072422,0.0032264463945839415,-5.8,0.0,0
2014,TX-03,2014-08-05,-12.263087849046576,12.263087849046576,Challenger,-3,9.027270954270566e-06,0.00910969495839852,-5.8,0.0,0
2014,TX-06,2014-08-05,-15.863029594192207,15.863029594192207,Challenger,-3,8.611226255532602e-05,0.012017654585275551,-5.8,0.0,0
2014,TX-07,2014-08-05,13.729817763471857,13.729817763471857,Challenger,3,0.0003606442160321582,0.004211037357089524,-5.8,0.0,0
2014,TX-08,2014-08-05,-16.869917309464675,16.869917309464675,Challenger,-3,3.778363793065921e-05,0.009391722800675567,-5.8,0.0,0
2014,TX-09,2014-08-05,26.617373897635815,26.617373897635815,Incumbent,3,0.002865737193357169,0.0,-5.8,0.0,0
2014,TX-10,2014-08-05,-13.4287872760659,13.4287872760659,Challenger,-3,2.705838472398084e-05,0.010784862852025312,-5.8,0.0,0
2014,TX-12,2014-08-05,-13.051453656022414,13.051453656022414,Challenger,-3,0.0003426825499596965,0.008726537881419591,-5.8,0.0,0
2014,TX-14,2014-08-05,-16.3040863161223,16.3040863161223,Challenger,-3,9.048291201054919e-05,0.0027663559581247235,-5.8,0.0,0
2014,TX-15,2014-08-05,1.0192203759560066,1.0192203759560066,Incumbent,1,0.0022036087165305707,0.0005873546897149678,-5.8,0.0,0
2014,TX-16,2014-08-05,18.43690817546573,18.43690817546573,Incumbent,3,0.001776748956720411,0.0,-5.8,0.0,0
2014,TX-18,2014-08-05,24.071403016543012,24.071403016543012,Incumbent,3,0.0014379578949955637,5.440339227342014e-05,-5.8,0.0,0
2014,TX-19,2014-08-05,-26.119921275348524,26.119921275348524,Challenger,-3,0.0003561288141477302,0.013409301743556463,-5.8,0.0,0
2014,TX-20,2014-08-05,15.203957520397655,15.203957520397655,Incumbent,3,0.006972724700739369,0.0,-5.8,0.0,0
2014,TX-21,2014-08-05,-14.049205651119959,14.049205651119959,Challenger,-3,2.9229392255640226e-06,0.010845752863753125,-5.8,0.0,0
2014,TX-22,2014-08-05,-12.074613279983733,12.074613279983733,Challenger,-3,0.00019898559559661274,0.0076846877108921515,-5.8,0.0,0
2014,TX-23,2014-08-05,-4.585290023430264,4.585290023430264,Challenger,-2,0.008147893253096629,0.005799543635492929,-5.8,0.023538428932685443,1
2014,TX-24,2014-08-05,-11.114874528587615,11.114874528587615,Challenger,-3,7.179859941772145e-05,0.002004499286485852,-5.8,0.0,0
2014,TX-25,2014-08-05,-19.19898352457276,19.19898352457276,Challenger,-3,0.00013292112612654837,0.008251613342453027,-5.8,0.0,0
2014,TX-26,2014-08-05,-14.460784914132033,14.460784914132033,Challenger,-3,9.741550282197041e-06,0.007399770026284079,-5.8,0.0,0
2014,TX-27,2014-08-05,-12.998842038805336,12.998842038805336,Challenger,-3,0.0007373120704301589,0.0043081805542819875,-5.8,0.0,0
2014,TX-28,2014-08-05,5.10353280309821,5.10353280309821,Incumbent,2,0.006096496224862086,0.0,-5.8,0.0,0
2014,TX-29,2014-08-05,20.482512838177314,20.482512838177314,Incumbent,3,0.004586871560214126,0.0,-5.8,0.0,0
2014,TX-30,2014-08-05,27.154332784294745,27.154332784294745,Incumbent,3,0.002920147186415736,3.1665174943610247e-05,-5.8,0.0,0
2014,TX-31,2014-08-05,-14.829107583854608,14.829107583854608,Challenger,-3,0.0005630967113317133,0.005720353086398852,-5.8,0.0,0
2014,TX-32,2014-08-05,13.571719379477386,13.571719379477386,Challenger,3,5.0572612668160416e-05,0.022337545487803583,-5.8,0.0,0
2014,TX-33,2014-08-05,24.328975075347326,24.328975075347326,Challenger,3,0.01376268481702074,0.0,-5.8,0.0,0
2014,TX-34,2014-08-05,11.644424539330867,11.644424539330867,Incumbent,3,0.005457755538405024,0.000766763472191863,-5.8,0.0,0
2014,TX-35,2014-08-05,21.121858476582872,21.121858476582872,Incumbent,3,0.003565516827567466,0.00023352443629919828,-5.8,0.0,0
2014,TX-36,2014-08-05,-18.290803523740188,18.290803523740188,Open,-3,0.00011004550090311938,0.01264999176638979,-5.8,0.0,0
2014,UT-01,2014-08-05,-12.123124549168047,12.123124549168047,Challenger,-3,0.00067336543033536,0.002044372491275092,-5.8,0.00012643757464271852,0
2014,UT-02,2014-08-05,-11.340716989963664,11.340716989963664,Challenger,-3,0.0010491155896603474,0.0033429562953970846,-5.8,0.0,0
2014,UT-03,2014-08-05,-13.645002876084327,13.645002876084327,Challenger,-3,0.0,0.00511440324117494,-5.8,0.0,0
2014,UT-04,2014-08-05,-16.033873855329205,16.033873855329205,Open,-3,0.0007883542685317902,0.019678832995570182,-5.8,0.0001861413973890106,0
2014,VA-01,2014-08-05,-6.880373957461114,6.880373957461114,Challenger,-2,5.440227664776153e-05,0.004166272598631293,-5.8,0.0,0
2014,VA-02,2014-08-05,-2.661735182405322,2.661735182405322,Challenger,-1,0.001837376145636814,0.004606653369548614,-5.8,0.0,0
2014,VA-03,2014-08-05,16.85842965665598,16.85842965665598,Incumbent,3,0.0019011306192119168,2.043919175382476e-06,-5.8,0.0,0
2014,VA-04,2014-08-05,15.574281632020249,15.574281632020249,Challenger,3,0.0,0.00649630131870046,-5.8,0.0,0
2014,VA-05,2014-08-05,-6.758397945939892,6.758397945939892,Challenger,-2,7.185754164001813e-05,0.005194274321920771,-5.8,0.0,0
2014,VA-06,2014-08-05,-13.950633267870007,13.950633267870007,Challenger,-3,0.0004647258610707513,0.010530225943887318,-5.8,0.0,0
2014,VA-07,2014-08-05,0.6168037879000998,0.6168037879000998,Challenger,0,0.00012833209294865186,0.05401125571145265,-5.8,0.0,0
2014,VA-08,2014-08-05,26.392191262569703,26.392191262569703,Open,3,0.017453261142636123,0.00043260365148232955,-5.8,0.0,0
2014,VA-09,2014-08-05,-23.06933825260913,23.06933825260913,Open,-3,0.0007111213635621638,0.005850698232879665,-5.8,0.0,0
2014,VA-10,2014-08-05,4.930169768920273,4.930169768920273,Open,1,0.0033021728330392217,0.008253922315691135,-5.8,0.016540038055075236,1
2014,VA-11,2014-08-05,17.903084074439196,17.903084074439196,Incumbent,3,0.005752405104539586,0.0005792912263609333,-5.8,0.0,0
2014,VT-00,2014-08-05,15.057806438313465,15.057806438313465,Incumbent,3,0.004962972955683967,3.425305459637106e-05,-5.8,0.0,0
2014,WA-01,2014-08-05,13.178214590932551,13.178214590932551,Incumbent,3,0.006281368040251595,0.0017408861472674674,-5.8,0.0,0
2014,WA-02,2014-08-05,9.080595379195262,9.080595379195262,Incumbent,3,0.006804465016250621,0.0,-5.8,0.0,0
2014,WA-03,2014-08-05,-4.816242854185046,4.816242854185046,Challenger,-2,0.0007758729275696513,0.005816708094063506,-5.8,0.0,0
2014,WA-04,2014-08-05,-11.858442573624501,11.858442573624501,Open,-3,0.0002716078986256095,0.0028412687335996564,-5.8,0.0020236572751395655,1
2014,WA-05,2014-08-05,-8.078962030869253,8.078962030869253,Challenger,-3,0.0005965860271959595,0.014383222397419054,-5.8,0.0,0
2014,WA-06,2014-08-05,6.012415033952323,6.012415033952323,Incumbent,2,0.005055575649414683,5.06630713153129e-05,-5.8,0.0,0
2014,WA-07,2014-08-05,36.72818037182857,36.72818037182857,Incumbent,3,0.0029558652434394745,0.0,-5.8,0.0,0
2014,WA-08,2014-08-05,0.9197171183407571,0.9197171183407571,Challenger,0,0.0010560624976677208,0.004778465392071994,-5.8,0.0,0
2014,WA-09,2014-08-05,21.550272727277893,21.550272727277893,Incumbent,3,0.005596212306080802,0.00046646893319352803,-5.8,0.0,0
2014,WA-10,2014-08-05,6.465507414278027,6.465507414278027,Incumbent,2,0.005309192224919073,0.0003276071934036745,-5.8,0.0,0
2014,WI-01,2014-08-05,-2.905236133876948,2.905236133876948,Challenger,-1,0.003926914834669627,0.0426539803949398,-5.8,0.0,0
2014,WI-02,2014-08-05,18.958739607660107,18.958739607660107,Incumbent,3,0.0048300940373948355,0.00010127352228706123,-5.8,0.0,0
2014,WI-03,2014-08-05,-4.072955843970282,4.072955843970282,Incumbent,0,0.006775629997665299,0.0007144006522168494,-5.8,0.0,0
2014,WI-04,2014-08-05,24.931618077414967,24.931618077414967,Incumbent,3,0.006525229863903494,6.845544119408017e-05,-5.8,0.0,0
2014,WI-05,2014-08-05,-14.692106941889419,14.692106941889419,Challenger,-3,2.7196536368038988e-05,0.0019985201837373246,-5.8,0.0,0
2014,WI-06,2014-08-05,-10.259029707645526,10.259029707645526,Open,-3,0.00015909063610702992,0.001643362800631831,-5.8,6.864072802221532e-06,0
2014,WI-07,2014-08-05,-12.13181484837636,12.13181484837636,Challenger,-3,0.0017806459301147482,0.00852585541919623,-5.8,0.0,0
2014,WI-08,2014-08-05,-10.173587881331,10.173587881331,Challenger,-3,2.0141691578194833e-05,0.004834746196391249,-5.8,0.0,0
2014,WV-01,2014-08-05,-23.41158043159246,23.41158043159246,Challenger,-3,0.0012694762939695556,0.005951795114437445,-5.8,0.0,0
2014,WV-02,2014-08-05,-21.92686288918549,21.92686288918549,Open,-3,0.003078074689804857,0.007456946956913614,-5.8,0.00822169040291295,1
2014,AL-02,2014-08-05,-17.48894147961364,17.48894147961364,Open,-3,0.0,0.004774354590426423,-5.8,0.0,0
2014,AZ-08,2014-08-05,-10.181826844449171,10.181826844449171,Open,-3,0.0,0.0020307475410440705,-5.8,0.0,0
2014,FL-04,2014-08-05,-6.09606681878749,6.09606681878749,Open,-2,0.0,0.004623578991259444,-5.8,0.0,0
2014,FL-25,2014-08-05,10.651298537769655,10.651298537769655,Open,3,0.0,0.0040342160823901695,-5.8,0.0,0
2014,FL-27,2014-08-05,2.7019707357899074,2.7019707357899074,Open,1,0.0,0.0060125872300137145,-5.8,0.0,0
2014,GA-03,2014-08-05,-18.45277392927388,18.45277392927388,Open,-3,0.0,0.007347567391559881,-5.8,0.0,0
2014,GA-11,2014-08-05,-12.045124653017183,12.045124653017183,Open,-3,0.0,0.0,-5.8,0.0,0
2014,GA-14,2014-08-05,-22.307036948383235,22.307036948383235,Open,-3,0.0,0.0056739998629403675,-5.8,0.0,0
2014,KY-04,2014-08-05,-19.686205100289342,19.686205100289342,Open,-3,0.0,0.0036736320171747716,-5.8,0.0,0
2014,LA-01,2014-08-05,-22.944673490403893,22.944673490403893,Open,-3,0.0,0.012357977401029672,-5.8,0.0,0
2014,MI-10,2014-08-05,-3.3435538497304127,3.3435538497304127,Open,-1,0.0,0.004495209617820034,-5.8,0.0,0
2014,MO-03,2014-08-05,-16.521251165170824,16.521251165170824,Open,-3,0.0,0.002954284680787636,-5.8,0.0,0
2014,MS-03,2014-08-05,-14.883227445186996,14.883227445186996,Open,-3,0.0,0.004646502681354998,-5.8,0.0,0
2014,MS-04,2014-08-05,-21.91982653549508,21.91982653549508,Open,-3,0.0,0.009153717732824968,-5.8,0.0,0
2014,TN-07,2014-08-05,-10.102757532277787,10.102757532277787,Open,-3,0.0,0.008731610166445277,-5.8,0.0,0
2014,TX-04,2014-08-05,-17.269135073146472,17.269135073146472,Open,-3,0.0,0.010426093258974842,-5.8,0.0,0
2014,TX-05,2014-08-05,-14.83951783996549,14.83951783996549,Open,-3,0.0,0.028673577325951077,-5.8,0.0,0
2014,TX-11,2014-08-05,-22.919337360625505,22.919337360625505,Open,-3,0.0,0.009775238365366132,-5.8,0.0,0
2014,TX-13,2014-08-05,-26.679313899188365,26.679313899188365,Open,-3,0.0,0.011998404650473807,-5.8,0.0,0
2014,TX-17,2014-08-05,-14.809739204605819,14.809739204605819,Open,-3,0.0,0.008716555355995135,-5.8,0.0,0
2014,WY-00,2014-08-05,-25.77787700236944,25.77787700236944,Open,-3,0.0,0.001742004654959031,-5.8,0.0,0
2016,AL-02,2016-08-09,-17.48894147961364,17.48894147961364,Challenger,-3,0.0,0.008276146768358516,1.3,0.0,0
2016,AL-03,2016-08-09,-19.224766238484722,19.224766238484722,Challenger,-3,3.69039864596622e-05,0.00529360130125897,1.3,0.0,0
2016,AL-05,2016-08-09,-17.288279129804017,17.288279129804017,Open,-3,0.001202591502638697,0.0004072059550881714,1.3,0.0,0
2016,AL-06,2016-08-09,-19.298201595586924,19.298201595586924,Challenger,-3,0.00012521463917832776,0.002750866588339452,1.3,0.0,0
2016,AL-07,2016-08-09,14.226682719477429,14.226682719477429,Incumbent,3,0.0047096984225175765,0.0,1.3,0.0,0
2016,AR-01,2016-08-09,-21.391296630854292,21.391296630854292,Challenger,-3,4.7959084036821595e-05,0.003669204436983698,1.3,0.0,0
2016,AR-02,2016-08-09,-9.052831282224066,9.052831282224066,Challenger,-3,9.78258828009703e-05,0.00534243042936598,1.3,0.0004707699568594086,0
2016,AR-03,2016-08-09,-15.476863151334888,15.476863151334888,Open,-3,0.0,0.002075894295761731,1.3,0.0,0
2016,AR-04,2016-08-09,-18.710195024103218,18.710195024103218,Open,-3,0.0,0.0,1.3,0.0,0
2016,AZ-01,2016-08-09,-2.448492787482301,2.448492787482301,Open,0,0.0018555585839726656,0.0029440399017274634,1.3,0.02183027868305187,1
2016,AZ-02,2016-08-09,-6.433271888721167,6.433271888721167,Challenger,-2,0.002481865277491533,0.018452738609387734,1.3,0.0,0
2016,AZ-03,2016-08-09,24.623777496420452,24.623777496420452,Incumbent,3,0.0023318001209657897,0.0,1.3,0.0,0
2016,AZ-04,2016-08-09,1.6182962123334588,1.6182962123334588,Challenger,0,7.581073812984396e-05,0.0011405460114934588,1.3,0.0,0
2016,AZ-05,2016-08-09,-11.63027765524259,11.63027765524259,Open,-3,0.0,0.0015459633908988795,1.3,0.0,0
2016,AZ-06,2016-08-09,-3.0859031340330274,3.0859031340330274,Challenger,-2,2.8258614195782998e-05,0.0023429658520903356,1.3,0.0,0
2016,AZ-07,2016-08-09,15.636005284412564,15.636005284412564,Challenger,3,0.006449321305990542,4.099631020238847e-05,1.3,0.0,0
2016,AZ-08,2016-08-09,-10.181826844449171,10.181826844449171,Challenger,-3,0.00010151329521033197,0.001502423067861888,1.3,0.0,0
2016,AZ-09,2016-08-09,-15.971098802177186,15.971098802177186,Incumbent,-3,0.005431369371366101,0.0011299458028061434,1.3,8.720152346834993e-05,0
2016,CA-01,2016-08-09,-12.4413722392534,12.4413722392534,Challenger,-3,0.0003552987061734001,0.0037606701324883586,1.3,0.0,0
2016,CA-02,2016-08-09,23.304486035062574,23.304486035062574,Incumbent,3,0.0035663310072300745,2.0605094655275886e-05,1.3,0.0,0
2016,CA-03,2016-08-09,-4.260867603951912,4.260867603951912,Incumbent,0,0.0028103840843017288,0.0013926325580397548,1.3,0.0,0
2016,CA-04,2016-08-09,16.90863605237989,16.90863605237989,Challenger,3,0.00015090179944638485,0.0043343685875394,1.3,0.0,0
2016,CA-05,2016-08-09,-8.888000805717656,8.888000805717656,Incumbent,-2,0.00824625751997524,1.460673245109201e-05,1.3,0.0,0
2016,CA-06,2016-08-09,7.578196341651678,7.578196341651678,Incumbent,2,0.003959720061511291,1.4593881079425887e-05,1.3,0.0,0
2016,CA-07,2016-08-09,18.0949623630077,18.0949623630077,Incumbent,3,0.0067267234405371575,0.0019837947234227185,1.3,0.028672670987395867,1
2016,CA-08,2016-08-09,26.86109662816917,26.86109662816917,Challenger,3,0.0001037211856961408,0.004768544729208924,1.3,0.0,0
2016,CA-09,2016-08-09,4.989054547840372,4.989054547840372,Incumbent,2,0.0024211878055475657,0.0004043114164350808,1.3,0.0,0
2016,CA-10,2016-08-09,18.00449331076005,18.00449331076005,Challenger,3,0.0018859880866372867,0.005554469059688496,1.3,0.03948609218781383,1
2016,CA-11,2016-08-09,37.65186614121579,37.65186614121579,Incumbent,3,0.0016064279149935,1.7459240289603167e-05,1.3,0.0,0
2016,CA-12,2016-08-09,40.46856696126791,40.46856696126791,Incumbent,3,0.016605682542576515,8.026768074114586e-05,1.3,0.0,0
2016,CA-13,2016-08-09,4.383782670392684,4.383782670392684,Incumbent,2,0.004958698901514212,2.0020884957796454e-05,1.3,0.0,0
2016,CA-14,2016-08-09,22.448767455138224,22.448767455138224,Incumbent,3,0.003026496971945932,1.7868187077838767e-05,1.3,0.0,0
2016,CA-15,2016-08-09,28.539933135818373,28.539933135818373,Incumbent,3,0.006115569010884021,8.629913367527198e-06,1.3,0.0,0
2016,CA-16,2016-08-09,26.442084135142792,26.442084135142792,Incumbent,3,0.0040791377387254584,0.002041166412820279,1.3,0.0,0
2016,CA-17,2016-08-09,24.68124762453286,24.68124762453286,Challenger,3,0.00901129911650441,0.00010954136704678951,1.3,0.0013715771687047948,1
2016,CA-18,2016-08-09,22.530887217829346,22.530887217829346,Incumbent,3,0.0053461755798219586,0.00010034630374555824,1.3,0.0,0
2016,CA-19,2016-08-09,18.97607047198322,18.97607047198322,Incumbent,3,0.004221112366990127,3.259405857350709e-05,1.3,1.1003257503047657e-05,0
2016,CA-20,2016-08-09,-16.1928793689232,16.1928793689232,Open,-3,0.004251139441678226,0.00045803306794377734,1.3,0.0,0
2016,CA-21,2016-08-09,9.24463230357992,9.24463230357992,Challenger,2,0.0015568606711486221,0.004869437309376174,1.3,0.012650965700098219,1
2016,CA-22,2016-08-09,5.826128820806293,5.826128820806293,Challenger,1,2.919806808975311e-05,0.006933519456226945,1.3,0.0,0
2016,CA-23,2016-08-09,-8.137760237717675,8.137760237717675,Challenger,-3,0.00012749671994984199,0.03578403262936843,1.3,0.0,0
2016,CA-24,2016-08-09,12.509524773144115,12.509524773144115,Open,3,0.010261707220581022,0.006546541994728704,1.3,0.005220814484673774,1
2016,CA-25,2016-08-09,6.785435303968063,6.785435303968063,Challenger,1,0.0027701859249889046,0.0031735385173466343,1.3,0.031029542954887777,1
2016,CA-26,2016-08-09,8.003792259311972,8.003792259311972,Incumbent,3,0.004144263399447855,0.0010500673261663257,1.3,0.0,0
2016,CA-27,2016-08-09,4.063200566994896,4.063200566994896,Incumbent,2,0.0031950905159664113,0.00038729576576168275,1.3,0.0,0
2016,CA-28,2016-08-09,16.169126222614,16.169126222614,Incumbent,3,0.0045691580569979864,0.0,1.3,0.0,0
2016,CA-29,2016-08-09,27.637639681993456,27.637639681993456,Incumbent,3,0.006971102392447675,0.0,1.3,0.0,0
2016,CA-30,2016-08-09,24.07935261980949,24.07935261980949,Incumbent,3,0.0025702186439479106,2.2857313060744678e-05,1.3,0.0,0
2016,CA-31,2016-08-09,16.10022520246681,16.10022520246681,Incumbent,3,0.005126109250166512,0.005769409678734632,1.3,0.00013930402631495697,0
2016,CA-32,2016-08-09,20.567593412917894,20.567593412917894,Incumbent,3,0.003664109023327882,0.0,1.3,0.0,0
2016,CA-33,2016-08-09,12.701667657858678,12.701667657858678,Incumbent,3,0.005125887610568212,0.00016747472967847303,1.3,0.0,0
2016,CA-34,2016-08-09,34.29769394227007,34.29769394227007,Incumbent,3,0.008314285914428312,0.0,1.3,0.0,0
2016,CA-35,2016-08-09,14.526011827287176,14.526011827287176,Incumbent,3,0.0018312058555045685,9.575141066158904e-06,1.3,0.0,0
2016,CA-36,2016-08-09,21.379065236746058,21.379065236746058,Incumbent,3,0.005005323119163627,0.0009349443041937245,1.3,0.0007649670337399382,0
2016,CA-37,2016-08-09,38.17115571896528,38.17115571896528,Incumbent,3,0.003181599928248718,1.3968882245788751e-05,1.3,0.0,0
2016,CA-38,2016-08-09,15.524643438248566,15.524643438248566,Incumbent,3,0.005864653801676975,0.0,1.3,0.0,0
2016,CA-39,2016-08-09,12.638332359465792,12.638332359465792,Challenger,3,0.00013106729041970777,0.008292811148206373,1.3,0.0,0
2016,CA-40,2016-08-09,-2.3490241947268897,2.3490241947268897,Incumbent,0,0.002483015195878007,0.0,1.3,0.0,0
2016,CA-41,2016-08-09,-3.5498506287901357,3.5498506287901357,Incumbent,0,0.0031239957345666667,0.0008137623261099533,1.3,0.0,0
2016,CA-42,2016-08-09,23.548646756052822,23.548646756052822,Challenger,3,0.0003282265777936139,0.004635151588853332,1.3,0.0,0
2016,CA-43,2016-08-09,33.66523654372313,33.66523654372313,Incumbent,3,0.003285010756423318,1.6255122640016177e-05,1.3,0.0,0
2016,CA-44,2016-08-09,25.585392212203978,25.585392212203978,Open,3,0.006952901808056308,5.488218624567669e-05,1.3,0.0029683212957702255,1
2016,CA-45,2016-08-09,3.405664749834103,3.405664749834103,Challenger,1,0.0005090071334406088,0.007178618395370372,1.3,0.0,0
2016,CA-46,2016-08-09,16.58257586569293,16.58257586569293,Incumbent,3,0.007244488318138822,0.0004890910461416164,1.3,0.00021729372382338057,0
2016,CA-47,2016-08-09,3.120100066463399,3.120100066463399,Incumbent,2,0.0025265765653642485,0.0002580119601431962,1.3,0.0,0
2016,CA-48,2016-08-09,-10.09708544488959,10.09708544488959,Challenger,-3,0.00020763570072256332,0.0031234581498939275,1.3,0.0,0
2016,CA-49,2016-08-09,2.7222366320874105,2.7222366320874105,Challenger,0,0.00031089783790614695,0.004601008039777201,1.3,0.029103450703994192,1
2016,CA-50,2016-08-09,14.071194061937565,14.071194061937565,Challenger,3,9.767228718018772e-06,0.004075842510445638,1.3,0.0,0
2016,CA-51,2016-08-09,11.437344844143032,11.437344844143032,Incumbent,3,0.004105189952449539,0.0001541227132726583,1.3,0.0,0
2016,CA-52,2016-08-09,20.016199703055122,20.016199703055122,Incumbent,3,0.00516568129313512,0.0026203637649303163,1.3,0.0,0
2016,CO-01,2016-08-09,28.762867479927927,28.762867479927927,Incumbent,3,0.005124577081077873,0.00013768220804426023,1.3,0.0,0
2016,CO-02,2016-08-09,16.877197454600925,16.877197454600925,Incumbent,3,0.003181191664383615,0.0007935501605912711,1.3,0.0,0
2016,CO-03,2016-08-09,-7.619998140340705,7.619998140340705,Challenger,-2,0.00045655621562883147,0.002781912956844047,1.3,0.019941185593268986,1
2016,CO-04,2016-08-09,-13.921511275641516,13.921511275641516,Challenger,-3,0.000133382958592533,0.0,1.3,0.0,0
2016,CO-05,2016-08-09,-10.35789116985529,10.35789116985529,Challenger,-3,1.5810353429310262e-05,0.001611722121364654,1.3,0.0,0
2016,CO-06,2016-08-09,8.034491840473857,8.034491840473857,Challenger,2,0.0031764610558481375,0.000967650113825198,1.3,0.038712601962966726,1
2016,CO-07,2016-08-09,2.769295170062125,2.769295170062125,Incumbent,1,0.004694239464081649,7.552931171553213e-05,1.3,0.0,0
2016,CT-01,2016-08-09,11.526638530994981,11.526638530994981,Incumbent,3,0.006786670867652999,2.3850966217828454e-05,1.3,0.0,0
2016,CT-02,2016-08-09,2.1286702699589153,2.1286702699589153,Incumbent,1,0.002694476259482599,0.00010573028346661179,1.3,0.0,0
2016,CT-03,2016-08-09,6.922120923630809,6.922120923630809,Incumbent,2,0.004738029488649275,1.1615901636387001e-05,1.3,0.0,0
2016,CT-04,2016-08-09,12.541705966334455,12.541705966334455,Incumbent,3,0.003503817217068036,0.00030217964120282637,1.3,0.0,0
2016,CT-05,2016-08-09,2.141638010775665,2.141638010775665,Incumbent,1,0.0031177183051371723,0.0007066108796056155,1.3,0.0,0
2016,DE-00,2016-08-09,6.127682804332846,6.127682804332846,Open,2,0.0015728328773602204,0.00046368854065176795,1.3,0.0,0
2016,FL-01,2016-08-09,-19.928854314051243,19.928854314051243,Open,-3,3.7651725205299e-05,0.0019719492354461315,1.3,0.0,0
2016,FL-02,2016-08-09,-7.56900038068406,7.56900038068406,Incumbent,-2,0.005110595968299629,0.005214315539813822,1.3,0.0,0
2016,FL-03,2016-08-09,-9.079725707420678,9.079725707420678,Challenger,-3,9.058416590906905e-05,0.001990868192888459,1.3,0.0,0
2016,FL-04,2016-08-09,-6.09606681878749,6.09606681878749,Open,-2,6.48156136204598e-05,0.005638439425483591,1.3,0.0,0
2016,FL-05,2016-08-09,-11.450101278446976,11.450101278446976,Incumbent,-2,0.002349874054158128,4.446599430047911e-05,1.3,0.0,0
2016,FL-06,2016-08-09,-13.732136947426714,13.732136947426714,Challenger,-3,0.0001079797701795525,0.013124439473805122,1.3,0.0,0
2016,FL-07,2016-08-09,-5.117554716684672,5.117554716684672,Challenger,-2,6.701828905689687e-05,0.0013823494740213792,1.3,0.0395036734850923,1
2016,FL-08,2016-08-09,-11.553985107654771,11.553985107654771,Challenger,-3,0.0002450601366927431,0.0029888374241665754,1.3,0.0,0
2016,FL-09,2016-08-09,9.587847940804794,9.587847940804794,Incumbent,3,0.02169285070866448,9.387119911130586e-05,1.3,1.4325864792070019e-05,0
2016,FL-10,2016-08-09,14.832758363085407,14.832758363085407,Challenger,3,0.00927710304333215,0.003785405918749596,1.3,0.0,0
2016,FL-11,2016-08-09,-8.31671764256397,8.31671764256397,Open,-2,0.0001556843722238164,0.0006647782369021913,1.3,0.0,0
2016,FL-12,2016-08-09,-16.34021772390692,16.34021772390692,Challenger,-3,6.927857837210768e-05,0.005213848172055838,1.3,0.0,0
2016,FL-13,2016-08-09,-5.446031223054323,5.446031223054323,Challenger,-2,0.0020240165987934003,0.008343560842412378,1.3,0.022345747448915855,1
2016,FL-14,2016-08-09,8.855974120729392,8.855974120729392,Incumbent,3,0.0019182011361870497,0.0001285007411217482,1.3,0.0,0
2016,FL-15,2016-08-09,-3.487792213850338,3.487792213850338,Challenger,-2,0.00016423047229786886,0.00313720557879318,1.3,0.0,0
2016,FL-16,2016-08-09,-7.226442069336062,7.226442069336062,Challenger,-2,0.0,0.0024111319486803885,1.3,0.0,0
2016,FL-17,2016-08-09,-9.993020786991144,9.993020786991144,Challenger,-3,0.0005169316492966843,0.0026307994512267366,1.3,0.0,0
2016,FL-18,2016-08-09,-12.982997177715792,12.982997177715792,Incumbent,-3,0.009772309852372736,0.005347789761770361,1.3,0.00014285634411201684,0
2016,FL-19,2016-08-09,-12.964311255917192,12.964311255917192,Open,-3,6.560047855090986e-05,0.007212059464879342,1.3,0.0,0
2016,FL-20,2016-08-09,26.10346106505017,26.10346106505017,Incumbent,3,0.003101557798392901,5.2237907878509426e-05,1.3,0.0,0
2016,FL-21,2016-08-09,-6.707063416602949,6.707063416602949,Incumbent,-1,0.003695643495620106,0.00010779047630414181,1.3,0.0,0
2016,FL-22,2016-08-09,7.92701110812219,7.92701110812219,Incumbent,2,0.006661129604965804,0.0008530975189195936,1.3,0.0,0
2016,FL-23,2016-08-09,5.290088644609193,5.290088644609193,Incumbent,2,0.011469194412901382,0.00035984573255420715,1.3,0.0,0
2016,FL-24,2016-08-09,26.86007770418651,26.86007770418651,Incumbent,3,0.0012110062331357181,0.0,1.3,1.5934335019731876e-05,0
2016,FL-25,2016-08-09,10.651298537769655,10.651298537769655,Challenger,2,0.00014359328025538817,0.003258669914550079,1.3,0.0,0
2016,FL-26,2016-08-09,-5.3717735987451976,5.3717735987451976,Challenger,-2,0.004422739337493683,0.004325579118494665,1.3,0.0473823286936638,1
2016,FL-27,2016-08-09,2.7019707357899074,2.7019707357899074,Challenger,0,0.00017006033874020796,0.004469229640125301,1.3,0.0,0
2016,GA-01,2016-08-09,-9.338075294766407,9.338075294766407,Open,-2,4.573101627665775e-07,0.003517377338777353,1.3,0.0,0
2016,GA-02,2016-08-09,3.2435955198042765,3.2435955198042765,Incumbent,2,0.004093327577646415,0.000839685032774635,1.3,0.0,0
2016,GA-03,2016-08-09,-18.45277392927388,18.45277392927388,Open,-3,2.696888281900959e-05,0.0036993335776380736,1.3,0.0,0
2016,GA-04,2016-08-09,26.368184394606217,26.368184394606217,Incumbent,3,0.001943359589783084,3.2477961641064306e-05,1.3,0.0,0
2016,GA-05,2016-08-09,31.892357754569606,31.892357754569606,Incumbent,3,0.004563406975051513,5.4056780514753305e-05,1.3,0.0,0
2016,GA-06,2016-08-09,-12.44589773553291,12.44589773553291,Open,-3,0.0,0.008684807101382199,1.3,0.0,0
2016,GA-10,2016-08-09,-15.057241628373404,15.057241628373404,Open,-3,0.0,0.002006594360520768,1.3,0.0,0
2016,GA-12,2016-08-09,-7.63401355344136,7.63401355344136,Challenger,-2,0.00018673005780527917,0.005692638812765095,1.3,0.0,0
2016,GA-13,2016-08-09,27.507513349372736,27.507513349372736,Incumbent,3,0.004297412698921705,0.0,1.3,0.0,0
2016,HI-01,2016-08-09,14.514952454064334,14.514952454064334,Incumbent,3,0.00344907205003621,0.0003450182296797106,1.3,0.0,0
2016,HI-02,2016-08-09,14.587435870590864,14.587435870590864,Incumbent,3,0.004225410436847352,0.0,1.3,0.0,0
2016,IA-01,2016-08-09,-3.23919947167052,3.23919947167052,Challenger,-2,0.008179317642910683,0.002052854518056896,1.3,0.015747308449119358,1
2016,IA-02,2016-08-09,-4.036017317545893,4.036017317545893,Incumbent,0,0.0025488555667000177,0.0002582124912083246,1.3,0.0,0
2016,IA-03,2016-08-09,-2.591819058935757,2.591819058935757,Challenger,-1,0.004981751530590714,0.004547451593582531,1.3,0.024405184042203043,1
2016,IA-04,2016-08-09,-15.527668627078642,15.527668627078642,Challenger,-3,0.0002559698337267041,0.00396733955906304,1.3,0.0,0
2016,ID-01,2016-08-09,-22.463689738740225,22.463689738740225,Challenger,-3,0.0005643258317354862,0.0028082713684669546,1.3,0.0,0
2016,ID-02,2016-08-09,-14.863293758937132,14.863293758937132,Challenger,-3,1.4250805331469313e-05,0.00318424445495157,1.3,0.0,0
2016,IL-01,2016-08-09,21.557606615631734,21.557606615631734,Incumbent,3,0.0029517528355804557,0.0001156375114266939,1.3,0.0,0
2016,IL-02,2016-08-09,19.498388941928752,19.498388941928752,Incumbent,3,0.004181092140195152,0.0,1.3,8.042971977522591e-07,0
2016,IL-03,2016-08-09,20.7490927090049,20.7490927090049,Incumbent,3,0.0028086119608580675,0.0,1.3,0.0,0
2016,IL-04,2016-08-09,23.590651459594714,23.590651459594714,Incumbent,3,0.0030332912500185207,0.0,1.3,0.0,0
2016,IL-05,2016-08-09,18.68377102039282,18.68377102039282,Incumbent,3,0.003425790517542641,5.468829816010515e-05,1.3,0.0,0
2016,IL-06,2016-08-09,3.3013832950879953,3.3013832950879953,Challenger,1,7.174871134061077e-05,0.011209923204586669,1.3,0.0,0
2016,IL-07,2016-08-09,36.705380273468435,36.705380273468435,Incumbent,3,0.0021010067451722363,0.0,1.3,0.0,0
2016,IL-08,2016-08-09,6.424280826815448,6.424280826815448,Open,2,0.009450191649491483,0.0004902591551169698,1.3,6.493171055290952e-06,0
2016,IL-09,2016-08-09,20.158433724412745,20.158433724412745,Incumbent,3,0.0062081501061150264,0.0003089777063946014,1.3,0.0,0
2016,IL-10,2016-08-09,11.04113176541972,11.04113176541972,Challenger,2,0.012309965541791607,0.010581042946286758,1.3,0.015665997448084255,1
2016,IL-11,2016-08-09,5.085982935594202,5.085982935594202,Incumbent,2,0.004728134491221648,0.0024969385706096344,1.3,0.0,0
2016,IL-12,2016-08-09,-23.83831770974748,23.83831770974748,Challenger,-3,0.0020966947064327644,0.005639102109257332,1.3,0.0015894512530225478,1
2016,IL-14,2016-08-09,3.54197654493737,3.54197654493737,Challenger,1,3.674958374790542e-05,0.0043886419167709235,1.3,0.0,0
2016,IL-15,2016-08-09,-21.8139353277361,21.8139353277361,Challenger,-3,0.0,0.017723393715388662,1.3,0.0,0
2016,IL-16,2016-08-09,-13.631151449570353,13.631151449570353,Challenger,-3,0.0,0.0045172254778434095,1.3,0.0,0
2016,IL-17,2016-08-09,2.1001234628320264,2.1001234628320264,Incumbent,1,0.004688373092293708,0.0002951392624670277,1.3,3.96468540935228e-05,0
2016,IN-01,2016-08-09,3.573714791027988,3.573714791027988,Incumbent,2,0.004026866243445638,2.1282988989683743e-06,1.3,0.0,0
2016,IN-02,2016-08-09,-14.123373420505617,14.123373420505617,Challenger,-3,0.0006213756160021827,0.0036408092381615123,1.3,0.0,0
2016,IN-03,2016-08-09,-18.388894143413275,18.388894143413275,Challenger,-3,0.0,0.0,1.3,0.0,0
2016,IN-05,2016-08-09,-12.021418015673689,12.021418015673689,Challenger,-3,0.0002813480023194843,0.005203161232130757,1.3,0.0,0
2016,IN-06,2016-08-09,-19.774364527800465,19.774364527800465,Challenger,-3,0.0,0.006352492553046237,1.3,0.0,0
2016,IN-07,2016-08-09,18.607074845547505,18.607074845547505,Incumbent,3,0.003182864888140976,5.302898120106872e-06,1.3,0.0,0
2016,IN-08,2016-08-09,-19.049853045606127,19.049853045606127,Challenger,-3,1.6650597217374727e-05,0.003897761177435977,1.3,0.0,0
2016,IN-09,2016-08-09,-16.1330901327918,16.1330901327918,Open,-3,0.0007734265888279879,0.013287075631009337,1.3,0.01555474628985058,1
2016,KS-01,2016-08-09,-18.35642947387447,18.35642947387447,Challenger,-3,0.0001287891830191435,0.005272903825729109,1.3,0.00029024233110694407,0
2016,KS-02,2016-08-09,-10.919753167294175,10.919753167294175,Challenger,-3,6.550244803950498e-05,0.0035708118521509966,1.3,0.0,0
2016,KS-03,2016-08-09,-2.001934384644852,2.001934384644852,Challenger,-1,0.0002476455595027147,0.006861468334106694,1.3,0.014288186805366098,1
2016,KS-04,2016-08-09,-14.574908575782132,14.574908575782132,Challenger,-3,0.0007373771254582413,0.00473871234969737,1.3,0.0,0
2016,KY-01,2016-08-09,-24.043650607051916,24.043650607051916,Open,-3,3.7095887859758793e-05,0.004717686015637482,1.3,0.0,0
2016,KY-02,2016-08-09,-21.47130501822055,21.47130501822055,Challenger,-3,0.0,0.005837099157062459,1.3,0.0,0
2016,KY-03,2016-08-09,8.079431177631157,8.079431177631157,Incumbent,3,0.0027665322862326165,3.144072557137368e-05,1.3,0.0,0
2016,KY-06,2016-08-09,-9.185896454494886,9.185896454494886,Challenger,-3,0.0009819656106024456,0.005571652585284527,1.3,3.524162738849232e-05,0
2016,LA-01,2016-08-09,-22.944673490403893,22.944673490403893,Challenger,-3,0.0,0.014660918862834008,1.3,0.0,0
2016,LA-02,2016-08-09,25.16643417438329,25.16643417438329,Incumbent,3,0.002989434919823169,0.0,1.3,0.0,0
2016,LA-03,2016-08-09,-21.06595306282636,21.06595306282636,Challenger,-3,2.7316925280653557e-09,0.0,1.3,7.823815736063547e-05,0
2016,LA-04,2016-08-09,-13.802598221073296,13.802598221073296,Open,-3,0.0,0.0,1.3,0.0008195077584196068,0
2016,LA-05,2016-08-09,-16.599572159228913,16.599572159228913,Open,-3,6.764583333129879e-05,0.0012381940238604995,1.3,0.0,0
2016,LA-06,2016-08-09,-18.66232902104467,18.66232902104467,Open,-3,0.00013917992055669315,0.005211513133699632,1.3,0.0,0
2016,MA-01,2016-08-09,8.575942547188976,8.575942547188976,Incumbent,3,0.005839686069886536,0.0,1.3,0.0,0
2016,MA-02,2016-08-09,12.66908430464133,12.66908430464133,Incumbent,3,0.004408888166362286,0.0,1.3,0.0,0
2016,MA-03,2016-08-09,11.100187597102483,11.100187597102483,Incumbent,3,0.0049849345111412,1.7484011774119034e-05,1.3,0.0,0
2016,MA-04,2016-08-09,11.65184581520879,11.65184581520879,Incumbent,3,0.007524030237109808,3.840772111244109e-05,1.3,0.0,0
2016,MA-05,2016-08-09,22.981622359533727,22.981622359533727,Incumbent,3,0.003122795217784503,7.037833295033834e-06,1.3,0.0,0
2016,MA-06,2016-08-09,10.243287841991489,10.243287841991489,Incumbent,3,0.005932779916221845,9.596777312659603e-05,1.3,0.0,0
2016,MA-07,2016-08-09,35.552286282446815,35.552286282446815,Incumbent,3,0.002793298899636707,0.0,1.3,0.0,0
2016,MA-08,2016-08-09,14.729375410314466,14.729375410314466,Incumbent,3,0.0026296987033057684,0.0,1.3,0.0,0
2016,MA-09,2016-08-09,5.6093782672373695,5.6093782672373695,Incumbent,2,0.0017919701211365183,0.0009834561213800316,1.3,0.0,0
2016,MD-01,2016-08-09,-11.511437051533768,11.511437051533768,Challenger,-3,0.0003799419873922098,0.0031131344009072363,1.3,0.0,0
2016,MD-02,2016-08-09,6.588015915525597,6.588015915525597,Incumbent,2,0.004201881189508625,0.00031309057991520925,1.3,0.0,0
2016,MD-03,2016-08-09,8.507214711156301,8.507214711156301,Incumbent,3,0.003289285110222687,0.0018045361551013036,1.3,0.0,0
2016,MD-04,2016-08-09,40.07215890845792,40.07215890845792,Open,3,0.007372906301393755,1.9390050235576633e-05,1.3,0.0,0
2016,MD-05,2016-08-09,13.90135693169312,13.90135693169312,Incumbent,3,0.016279255280984003,0.0015527876555053556,1.3,0.0,0
2016,MD-06,2016-08-09,1.142896202854865,1.142896202854865,Incumbent,1,0.004857595794770538,0.0034740433206101504,1.3,0.0,0
2016,MD-07,2016-08-09,30.226960116774826,30.226960116774826,Incumbent,3,0.0045051534456387555,0.0,1.3,0.0,0
2016,MD-08,2016-08-09,29.458751280694372,29.458751280694372,Open,3,0.017797474298805505,9.052208198797664e-05,1.3,9.312588163859167e-05,0
2016,ME-01,2016-08-09,8.0535576548473,8.0535576548473,Incumbent,3,0.0012559050765340535,0.0006814443550998392,1.3,0.0,0
2016,ME-02,2016-08-09,-5.701764426813255,5.701764426813255,Challenger,-2,0.0035127278118428223,0.003678349150224924,1.3,0.037508943113556605,1
2016,MI-01,2016-08-09,-12.864139449304293,12.864139449304293,Challenger,-3,0.006875875528835396,0.0025424270870905053,1.3,0.01715326589289141,1
2016,MI-02,2016-08-09,-16.32899492778914,16.32899492778914,Challenger,-3,1.9493730383800933e-05,0.004867577150932404,1.3,0.0,0
2016,MI-03,2016-08-09,0.5192327169860678,0.5192327169860678,Challenger,0,4.343769831542579e-05,0.0036599505802091927,1.3,0.0,0
2016,MI-05,2016-08-09,-14.539167945315114,14.539167945315114,Incumbent,-3,0.0029418022109595297,0.0,1.3,0.0,0
2016,MI-06,2016-08-09,10.536606251083619,10.536606251083619,Challenger,2,0.0012007549360849418,0.006250655117683882,1.3,7.450070531087334e-05,0
2016,MI-07,2016-08-09,-2.55840954579728,2.55840954579728,Challenger,-1,0.0032533844620117993,0.003551748984179577,1.3,0.005580531517259555,1
2016,MI-08,2016-08-09,-0.8913436295996224,0.8913436295996224,Challenger,0,0.004064977886338391,0.0027246577989663763,1.3,0.000328796446105321,0
2016,MI-09,2016-08-09,-17.85195581310617,17.85195581310617,Incumbent,-3,0.004820636491537182,1.3254172146173107e-05,1.3,0.0,0
2016,MI-10,2016-08-09,-3.3435538497304127,3.3435538497304127,Open,-1,8.666418713129527e-06,0.015463174989596143,1.3,0.0,0
2016,MI-11,2016-08-09,6.989361726624355,6.989361726624355,Challenger,1,0.0016428239928947053,0.002197760252404178,1.3,0.0,0
2016,MI-12,2016-08-09,22.83353465712751,22.83353465712751,Incumbent,3,0.004143794479591843,6.48776975415522e-05,1.3,0.0,0
2016,MI-13,2016-08-09,24.1254278498976,24.1254278498976,Incumbent,3,0.0026313957672888296,0.0,1.3,6.861185914349628e-05,0
2016,MN-01,2016-08-09,-7.847842235909125,7.847842235909125,Incumbent,-2,0.00482006978950545,0.0010506294339878962,1.3,0.0,0
2016,MN-02,2016-08-09,-0.14427997792423597,0.14427997792423597,Challenger,0,0.004709553021974379,0.002229768362930415,1.3,0.027604801655611588,1
2016,MN-03,2016-08-09,6.6782863467643505,6.6782863467643505,Challenger,1,0.0006514897323476542,0.007824261871120517,1.3,0.031015216965927857,1
2016,MN-04,2016-08-09,16.427906101446403,16.427906101446403,Incumbent,3,0.003759700692060501,2.8989404030961566e-05,1.3,0.0,0
2016,MN-05,2016-08-09,29.534822063444928,29.534822063444928,Incumbent,3,0.010590190515388355,1.6221038567336454e-05,1.3,0.0,0
2016,MN-07,2016-08-09,-19.328215156854412,19.328215156854412,Incumbent,-3,0.0019401422768242338,0.0001305994880742766,1.3,0.00010864686191169028,0
2016,MN-08,2016-08-09,-8.04388507656337,8.04388507656337,Incumbent,-2,0.004052397200568227,0.00739715038299994,1.3,0.058745118281295916,1
2016,MO-01,2016-08-09,27.249169270162675,27.249169270162675,Incumbent,3,0.002527784408049101,0.0,1.3,0.0,0
2016,MO-02,2016-08-09,-7.986075858271152,7.986075858271152,Challenger,-2,0.0011898377889804498,0.0049415300898074796,1.3,5.432343095584514e-06,0
2016,MO-04,2016-08-09,-22.699460623660684,22.699460623660684,Challenger,-3,0.0007562268593285508,0.0022573675217163543,1.3,0.0,0
2016,MO-05,2016-08-09,10.413225733597686,10.413225733597686,Incumbent,3,0.002605309966163438,0.0001892635163732965,1.3,0.0,0
2016,MO-06,2016-08-09,-21.2217918081147,21.2217918081147,Challenger,-3,1.3152540767344858e-05,0.004342065876244278,1.3,0.0,0
2016,MO-07,2016-08-09,-24.16088679935535,24.16088679935535,Challenger,-3,0.0,0.0064396883027099255,1.3,0.0,0
2016,MS-01,2016-08-09,-18.345109622786225,18.345109622786225,Open,-3,0.00018515548539853384,0.004586283596211718,1.3,5.860101311911112e-05,0
2016,MS-02,2016-08-09,11.473888206130106,11.473888206130106,Incumbent,3,0.0040330397443912236,0.0,1.3,0.0,0
2016,MS-04,2016-08-09,-21.91982653549508,21.91982653549508,Challenger,-3,0.00015198249426084018,0.0026804758386048955,1.3,0.0,0
2016,NC-01,2016-08-09,2.6847642563189944,2.6847642563189944,Incumbent,1,0.003450729628645456,3.3766016751968216e-05,1.3,0.0,0
2016,NC-02,2016-08-09,11.44542313038604,11.44542313038604,Challenger,2,0.0001441704744697842,0.008890246769647881,1.3,3.7250352655798045e-09,0
2016,NC-03,2016-08-09,-14.845244174580227,14.845244174580227,Challenger,-3,1.2547160452772918e-05,0.003398283553379524,1.3,0.0,0
2016,NC-04,2016-08-09,16.04355221243226,16.04355221243226,Incumbent,3,0.0028742306920817784,0.00030889879773089295,1.3,3.7250352653991164e-09,0
2016,NC-05,2016-08-09,-12.9346878047449,12.9346878047449,Challenger,-3,0.00014526793194293445,0.004233047317897007,1.3,3.7250352655346326e-09,0
2016,NC-06,2016-08-09,4.163220378592431,4.163220378592431,Challenger,1,0.00017313367908604479,0.002787962538283132,1.3,0.0,0
2016,NC-07,2016-08-09,-8.254535703796442,8.254535703796442,Open,-2,0.0006233225677676402,0.0031904783635523784,1.3,0.0,0
2016,NC-08,2016-08-09,-19.6845056221601,19.6845056221601,Challenger,-3,0.00041222724054220327,0.011663613129746507,1.3,3.7250352653991164e-09,0
2016,NC-09,2016-08-09,-5.841307578312968,5.841307578312968,Challenger,-2,0.00015965917110391474,0.005967278088655255,1.3,0.0,0
2016,NC-10,2016-08-09,-22.055350387332396,22.055350387332396,Challenger,-3,0.0010730773656729576,0.010134930239528406,1.3,0.0,0
2016,NC-11,2016-08-09,-8.230709932398778,8.230709932398778,Challenger,-3,7.735377190467432e-05,0.0024955482632806913,1.3,3.7250352655346326e-09,0
2016,NC-12,2016-08-09,12.402821989006103,12.402821989006103,Incumbent,3,0.004495872085687206,9.098913932635473e-05,1.3,3.7250352653991164e-09,0
2016,NC-13,2016-08-09,-1.864598296187117,1.864598296187117,Challenger,-1,0.00020735564015451552,0.012788580485004173,1.3,3.7250352655798045e-09,0
2016,ND-00,2016-08-09,-20.198325659708185,20.198325659708185,Challenger,-3,0.00031830494636383836,0.0025763891648652834,1.3,0.0,0
2016,NE-01,2016-08-09,-9.41435049125387,9.41435049125387,Challenger,-3,6.836308887167923e-06,0.001637891052860388,1.3,0.0,0
2016,NE-02,2016-08-09,-0.5855479710474842,0.5855479710474842,Incumbent,1,0.0031230359171465784,0.004068385362347546,1.3,0.018384683891352123,1
2016,NE-03,2016-08-09,-29.05395314239278,29.05395314239278,Challenger,-3,0.0,0.003637886327156482,1.3,0.0,0
2016,NH-01,2016-08-09,-0.6241611239493683,0.6241611239493683,Challenger,0,0.002307314036235186,0.0051111238678806774,1.3,0.0009613733673188364,0
2016,NH-02,2016-08-09,1.2041262086251447,1.2041262086251447,Incumbent,1,0.003563251955163497,7.022008103547384e-05,1.3,8.567966031061276e-05,0
2016,NJ-01,2016-08-09,10.541473432003373,10.541473432003373,Incumbent,3,0.011211742077222912,0.0003769926907207156,1.3,0.0,0
2016,NJ-02,2016-08-09,-4.761067754946824,4.761067754946824,Challenger,-2,0.00025693660454595484,0.0037415171807474337,1.3,0.0,0
2016,NJ-03,2016-08-09,4.31835427530044,4.31835427530044,Open,1,7.024963298191382e-05,0.004289792083859377,1.3,0.0,0
2016,NJ-04,2016-08-09,-14.584596480441704,14.584596480441704,Challenger,-3,0.0008286404894640612,0.0015529023865915343,1.3,0.0,0
2016,NJ-05,2016-08-09,3.445661758280183,3.445661758280183,Challenger,1,0.0025138184437476035,0.0037702749496687994,1.3,0.04472375717993089,1
2016,NJ-06,2016-08-09,8.090405096667297,8.090405096667297,Incumbent,3,0.006395076597446642,8.64925250894748e-05,1.3,0.0,0
2016,NJ-07,2016-08-09,-2.1840325062936543,2.1840325062936543,Challenger,-1,6.614476828712688e-05,0.004884511099165645,1.3,0.0,0
2016,NJ-08,2016-08-09,23.722217972151167,23.722217972151167,Incumbent,3,0.0018709968684628695,0.0,1.3,0.0,0
2016,NJ-09,2016-08-09,9.263237829680254,9.263237829680254,Incumbent,3,0.005078160472060592,9.206710244828198e-05,1.3,0.0,0
2016,NJ-10,2016-08-09,30.651816525153706,30.651816525153706,Incumbent,3,0.0020472263622741864,0.0,1.3,0.0,0
2016,NJ-11,2016-08-09,5.375678065707767,5.375678065707767,Challenger,1,4.600604804709706e-06,0.00587604849830251,1.3,0.0,0
2016,NJ-12,2016-08-09,15.154219911894874,15.154219911894874,Incumbent,3,0.003013107456851778,0.0,1.3,0.0,0
2016,NM-01,2016-08-09,4.293054721329781,4.293054721329781,Incumbent,2,0.006657704310871294,7.874662467438219e-05,1.3,0.0,0
2016,NM-02,2016-08-09,1.5160307331892997,1.5160307331892997,Challenger,0,0.0006868535408928563,0.0033780356896062134,1.3,0.0,0
2016,NM-03,2016-08-09,3.9759876881442278,3.9759876881442278,Incumbent,2,0.006172922075105254,0.00035509805094042954,1.3,0.0,0
2016,NV-01,2016-08-09,3.1666798532818117,3.1666798532818117,Incumbent,2,0.0024167948093749892,0.00024293438323453947,1.3,9.432242504980527e-05,0
2016,NV-02,2016-08-09,-8.147825812678416,8.147825812678416,Challenger,-3,0.0003327416309550583,0.003356459602425053,1.3,0.0,0
2016,NV-03,2016-08-09,1.8001935367752464,1.8001935367752464,Open,1,0.0021522708667484117,0.005425122549309706,1.3,0.05146605573792034,1
2016,NV-04,2016-08-09,3.217223200349606,3.217223200349606,Challenger,1,0.005984850321681247,0.0038841887010263626,1.3,0.04032247131387421,1
2016,NY-01,2016-08-09,-3.6928800390495202,3.6928800390495202,Challenger,-2,0.009276763816787301,0.008140771536738128,1.3,0.007585576635613383,1
2016,NY-02,2016-08-09,-3.774283387941013,3.774283387941013,Challenger,-2,0.0012284106533229965,0.0035489732741514576,1.3,7.732552372057729e-05,0
2016,NY-03,2016-08-09,1.705849946619914,1.705849946619914,Open,1,0.00431599565818308,0.0013200968088314556,1.3,0.0019998201976386145,1
2016,NY-04,2016-08-09,5.110116322913344,5.110116322913344,Incumbent,2,0.0061183837096145865,0.0012398840723604765,1.3,0.0,0
2016,NY-05,2016-08-09,31.66570070517945,31.66570070517945,Incumbent,3,0.004709163569537367,0.0001587796281937988,1.3,0.0,0
2016,NY-06,2016-08-09,16.45316367287223,16.45316367287223,Incumbent,3,0.0035757711157678577,0.0,1.3,1.3097286077572539e-05,0
2016,NY-07,2016-08-09,32.947096636428,32.947096636428,Incumbent,3,0.0037288817369588675,0.0,1.3,0.0,0
2016,NY-08,2016-08-09,27.20390212058902,27.20390212058902,Incumbent,3,0.003327134758968429,0.0,1.3,0.0,0
2016,NY-09,2016-08-09,26.546679495384446,26.546679495384446,Incumbent,3,0.002763751857826494,0.0,1.3,0.0,0
2016,NY-10,2016-08-09,35.683837953159355,35.683837953159355,Incumbent,3,0.005574356774635548,0.00013836022654651028,1.3,0.0,0
2016,NY-11,2016-08-09,-5.641502588722533,5.641502588722533,Open,-2,0.0015474013786792216,0.007128507234292804,1.3,0.0,0
2016,NY-12,2016-08-09,34.68988016555067,34.68988016555067,Incumbent,3,0.007218728830102693,0.0,1.3,0.0,0
2016,NY-13,2016-08-09,40.02459454905407,40.02459454905407,Open,3,0.005548935271465846,0.0,1.3,0.0,0
2016,NY-14,2016-08-09,29.655224876126084,29.655224876126084,Incumbent,3,0.013479433037506353,0.0001906795885294929,1.3,0.0,0
2016,NY-15,2016-08-09,36.766509186357546,36.766509186357546,Incumbent,3,0.0012781252223126268,0.0,1.3,0.0,0
2016,NY-16,2016-08-09,20.483740598184923,20.483740598184923,Incumbent,3,0.004440885660538016,0.0,1.3,0.0,0
2016,NY-17,2016-08-09,2.957058137633134,2.957058137633134,Incumbent,1,0.00644904726756284,3.8185709010614685e-05,1.3,0.0,0
2016,NY-18,2016-08-09,0.6565680576901656,0.6565680576901656,Incumbent,1,0.006200133395636129,0.0005399262919908854,1.3,0.0,0
2016,NY-19,2016-08-09,-0.9436788799621371,0.9436788799621371,Open,0,0.003275624660896886,0.008372003038762831,1.3,0.027800098859940173,1
2016,NY-20,2016-08-09,6.380110330079763,6.380110330079763,Incumbent,2,0.003791355482991801,0.00010834507197126015,1.3,0.0,0
2016,NY-21,2016-08-09,-9.049076835055661,9.049076835055661,Challenger,-3,0.0014229363407641635,0.005029721355145884,1.3,0.0,0
2016,NY-22,2016-08-09,0.758852657433734,0.758852657433734,Open,0,0.0009822386556874098,0.0021864018748724823,1.3,0.0181754612014386,1
2016,NY-23,2016-08-09,-12.452534835467782,12.452534835467782,Challenger,-3,0.001876952827348947,0.008128667841733718,1.3,0.00045174049003753736,0
2016,NY-24,2016-08-09,-11.822715104854463,11.822715104854463,Challenger,-3,0.003429520084934424,0.003787323566904297,1.3,0.010213137913683785,1
2016,NY-25,2016-08-09,6.997501041410814,6.997501041410814,Incumbent,2,0.0029067288930811194,0.00014389606353855578,1.3,7.993304840645785e-06,0
2016,NY-26,2016-08-09,8.41704225398517,8.41704225398517,Incumbent,3,0.0022744481121712147,0.0001539896674297573,1.3,0.0,0
2016,OH-01,2016-08-09,1.4899957446163237,1.4899957446163237,Challenger,0,0.000885616580116421,0.0021494713164945927,1.3,0.0,0
2016,OH-02,2016-08-09,-24.48289495044701,24.48289495044701,Challenger,-3,5.558621791086444e-05,0.0035848474125280386,1.3,0.0,0
2016,OH-03,2016-08-09,19.48297892975578,19.48297892975578,Incumbent,3,0.0024557658179035014,0.0,1.3,0.0,0
2016,OH-04,2016-08-09,-20.55908860807346,20.55908860807346,Challenger,-3,0.0001853868100885241,0.0017151965855583733,1.3,0.0,0
2016,OH-06,2016-08-09,-15.378152225349016,15.378152225349016,Challenger,-3,3.900931430782639e-05,0.003749100669624949,1.3,0.0,0
2016,OH-07,2016-08-09,-7.0155130829773595,7.0155130829773595,Challenger,-2,1.136874554651818e-05,0.0015184669189184268,1.3,0.0,0
2016,OH-08,2016-08-09,-14.035211394428032,14.035211394428032,Challenger,-3,0.0,0.004683249989209085,1.3,0.0,0
2016,OH-09,2016-08-09,-2.6750752258288104,2.6750752258288104,Incumbent,0,0.0027713807300503274,8.604341000429241e-05,1.3,0.0,0
2016,OH-10,2016-08-09,-4.1762804360223,4.1762804360223,Challenger,-2,0.0,0.0036371915459955375,1.3,0.0,0
2016,OH-11,2016-08-09,28.441346247008543,28.441346247008543,Incumbent,3,0.0028735624828390613,7.836654690945456e-05,1.3,0.0,0
2016,OH-12,2016-08-09,-17.225752396313208,17.225752396313208,Challenger,-3,4.886203258518938e-05,0.007652544512526355,1.3,0.0,0
2016,OH-13,2016-08-09,-0.4196957081654351,0.4196957081654351,Incumbent,1,0.004703094866250585,0.0,1.3,0.0,0
2016,OH-14,2016-08-09,-9.040584982726719,9.040584982726719,Challenger,-3,0.00036986837452360004,0.009912858785473438,1.3,0.0,0
2016,OH-15,2016-08-09,-6.124369085418522,6.124369085418522,Challenger,-2,0.0,0.0060208911553859615,1.3,0.0,0
2016,OK-01,2016-08-09,-14.538246122325646,14.538246122325646,Challenger,-3,0.0,0.00598565126634726,1.3,0.0,0
2016,OK-02,2016-08-09,-28.318688286984766,28.318688286984766,Challenger,-3,0.00010837002970753929,0.006904473804163475,1.3,0.0,0
2016,OK-05,2016-08-09,-12.644828798930217,12.644828798930217,Challenger,-3,0.00028445890343758203,0.0,1.3,0.0,0
2016,OR-01,2016-08-09,17.576673418835615,17.576673418835615,Incumbent,3,0.0029691729009158497,4.601970650973738e-06,1.3,0.0,0
2016,OR-02,2016-08-09,-15.622567897681755,15.622567897681755,Challenger,-3,4.466317283386856e-06,0.009164334491983056,1.3,0.0,0
2016,OR-03,2016-08-09,22.427199819667493,22.427199819667493,Incumbent,3,0.004741167210021284,0.0,1.3,0.0,0
2016,OR-04,2016-08-09,3.8251339099398374,3.8251339099398374,Incumbent,2,0.0029149321036589784,2.4459264476691735e-05,1.3,0.0,0
2016,OR-05,2016-08-09,1.3926991240531428,1.3926991240531428,Incumbent,1,0.00455944893883011,0.0007073545208124602,1.3,0.0004482885619408791,0
2016,PA-01,2016-08-09,-0.3294379916098378,0.3294379916098378,Incumbent,1,0.0034677878068048026,0.0,1.3,0.0,0
2016,PA-02,2016-08-09,21.679232400053635,21.679232400053635,Challenger,3,0.006499889466811271,0.0,1.3,0.0,0
2016,PA-03,2016-08-09,39.56244943477092,39.56244943477092,Challenger,3,8.055326677817088e-06,0.004204028672339211,1.3,0.0,0
2016,PA-05,2016-08-09,13.93763368095236,13.93763368095236,Challenger,3,0.0004519774643643463,0.005127515513063176,1.3,0.0,0
2016,PA-06,2016-08-09,4.3527128827801125,4.3527128827801125,Challenger,1,0.0010751966003194465,0.004208950499351652,1.3,0.0,0
2016,PA-07,2016-08-09,-2.2695414278169013,2.2695414278169013,Challenger,-1,0.0026391925765192176,0.008098025825807197,1.3,9.002168558397196e-05,0
2016,PA-08,2016-08-09,-4.501763513589582,4.501763513589582,Open,-1,0.00783380876400258,0.002194385680873201,1.3,0.052519896586894585,1
2016,PA-09,2016-08-09,-21.24854746987166,21.24854746987166,Open,-3,0.0,0.015905531494960563,1.3,0.0008638356780795764,0
2016,PA-10,2016-08-09,-5.326025754717467,5.326025754717467,Challenger,-2,3.998564605092538e-05,0.0,1.3,0.0,0
2016,PA-11,2016-08-09,-13.771108373802177,13.771108373802177,Challenger,-3,0.0003890593837081544,0.0033756558887429004,1.3,0.0,0
2016,PA-12,2016-08-09,7.88100756160039,7.88100756160039,Challenger,2,0.002068444101062802,0.003369532489521636,1.3,0.0,0
2016,PA-13,2016-08-09,-25.087095894319965,25.087095894319965,Incumbent,-3,0.004851951248832659,0.0,1.3,0.0,0
2016,PA-14,2016-08-09,-17.931297318589706,17.931297318589706,Incumbent,-3,0.003335912494152077,9.740545048733261e-05,1.3,0.0,0
2016,PA-15,2016-08-09,-20.54575453550953,20.54575453550953,Challenger,-3,2.5107234361133055e-05,0.0049284079701614695,1.3,0.0,0
2016,PA-16,2016-08-09,-12.68595112222987,12.68595112222987,Open,-3,0.0012391914020528489,0.0,1.3,0.0028287256612778964,1
2016,PA-17,2016-08-09,0.060852313130244085,0.060852313130244085,Incumbent,1,0.0029851875104455537,0.0008567253307647067,1.3,0.0,0
2016,RI-01,2016-08-09,12.30038609480771,12.30038609480771,Incumbent,3,0.002872990565757958,0.0003425149438973441,1.3,0.0,0
2016,RI-02,2016-08-09,3.7712601111473285,3.7712601111473285,Incumbent,2,0.002769556207777264,0.0,1.3,0.0,0
2016,SC-01,2016-08-09,-7.794760907709938,7.794760907709938,Open,-2,0.00017531356972344092,0.0008872726066276395,1.3,0.0,0
2016,SC-02,2016-08-09,-8.884926417688632,8.884926417688632,Challenger,-3,0.00013600196880381567,0.0029537945274095,1.3,0.0,0
2016,SC-03,2016-08-09,-21.02599305771811,21.02599305771811,Challenger,-3,2.614533960571898e-05,0.0028186864429015726,1.3,0.0,0
2016,SC-04,2016-08-09,-12.715665017842142,12.715665017842142,Challenger,-3,0.00027402899094582306,0.0037000555515564575,1.3,0.0,0
2016,SC-05,2016-08-09,-11.5696148738559,11.5696148738559,Challenger,-3,0.0006285047126612225,0.00318779025393692,1.3,0.0,0
2016,SC-06,2016-08-09,14.673162065264773,14.673162065264773,Incumbent,3,0.008522379173649326,0.0,1.3,0.0,0
2016,SC-07,2016-08-09,-11.271404349615027,11.271404349615027,Challenger,-3,0.00014809684789143047,0.004023776202525028,1.3,0.0,0
2016,SD-00,2016-08-09,-16.388862204651893,16.388862204651893,Challenger,-3,0.001198865660282179,0.005539088699496671,1.3,0.0,0
2016,TN-03,2016-08-09,-19.071192130050548,19.071192130050548,Challenger,-3,0.00015665933812065134,0.004687955515840441,1.3,0.0,0
2016,TN-04,2016-08-09,-22.05113294578421,22.05113294578421,Challenger,-3,0.00015678592723575874,0.005716318116941102,1.3,0.0,0
2016,TN-05,2016-08-09,-9.101000979194431,9.101000979194431,Incumbent,-2,0.0023538078155663847,5.312235541839168e-05,1.3,0.0,0
2016,TN-06,2016-08-09,-17.433317798148636,17.433317798148636,Open,-3,0.000461348225162269,0.010350044010630468,1.3,0.0,0
2016,TN-08,2016-08-09,-21.234299336382385,21.234299336382385,Open,-3,0.0005261426060817153,0.003100090817421409,1.3,0.0,0
2016,TN-09,2016-08-09,22.626245642096478,22.626245642096478,Incumbent,3,0.001100390752170109,0.0,1.3,0.0,0
2016,TX-01,2016-08-09,-25.594871709035786,25.594871709035786,Challenger,-3,4.285193651991905e-05,0.0040539015560602165,1.3,0.0,0
2016,TX-02,2016-08-09,-15.801396694115272,15.801396694115272,Challenger,-3,0.00010475289629685422,0.003166919564267211,1.3,0.0,0
2016,TX-03,2016-08-09,-12.263087849046576,12.263087849046576,Challenger,-3,0.00012133638079552806,0.00590054408187304,1.3,0.0,0
2016,TX-06,2016-08-09,-15.863029594192207,15.863029594192207,Challenger,-3,0.0,0.006808132099580139,1.3,0.0,0
2016,TX-07,2016-08-09,13.729817763471857,13.729817763471857,Challenger,3,0.00012357674117206822,0.005944494469208848,1.3,0.0,0
2016,TX-08,2016-08-09,-16.869917309464675,16.869917309464675,Challenger,-3,0.0,0.019900637777312574,1.3,0.0,0
2016,TX-09,2016-08-09,26.617373897635815,26.617373897635815,Incumbent,3,0.0013454983209785667,0.0,1.3,0.0,0
2016,TX-10,2016-08-09,-13.4287872760659,13.4287872760659,Challenger,-3,6.401473103836792e-05,0.0074914871494355184,1.3,0.0,0
2016,TX-12,2016-08-09,-13.051453656022414,13.051453656022414,Challenger,-3,0.0,0.004903672742655522,1.3,0.0,0
2016,TX-14,2016-08-09,-16.3040863161223,16.3040863161223,Challenger,-3,1.977261135734797e-05,0.002241694560004422,1.3,0.0,0
2016,TX-15,2016-08-09,1.0192203759560066,1.0192203759560066,Open,1,0.01283251156424052,0.0006039135198522093,1.3,0.0,0
2016,TX-16,2016-08-09,18.43690817546573,18.43690817546573,Incumbent,3,0.0011268488705702916,0.0,1.3,0.0,0
2016,TX-17,2016-08-09,-14.809739204605819,14.809739204605819,Challenger,-3,0.00013926373385016787,0.008657518300117798,1.3,0.0,0
2016,TX-18,2016-08-09,24.071403016543012,24.071403016543012,Incumbent,3,0.0017715327151521128,0.0001104818142834971,1.3,0.0,0
2016,TX-19,2016-08-09,-26.119921275348524,26.119921275348524,Challenger,-3,0.0,0.013480090878734247,1.3,0.0,0
2016,TX-20,2016-08-09,15.203957520397655,15.203957520397655,Incumbent,3,0.005341540518441042,0.0,1.3,0.0,0
2016,TX-21,2016-08-09,-14.049205651119959,14.049205651119959,Challenger,-3,0.00022885877872839288,0.009796164233206226,1.3,0.00011144063836084803,0
2016,TX-22,2016-08-09,-12.074613279983733,12.074613279983733,Challenger,-3,0.00011774085258938313,0.005695614929690501,1.3,0.0,0
2016,TX-23,2016-08-09,-4.585290023430264,4.585290023430264,Challenger,-2,0.0031691898490937174,0.00708642687674422,1.3,0.04198561574664598,1
2016,TX-24,2016-08-09,-11.114874528587615,11.114874528587615,Challenger,-3,5.898996888475497e-05,0.00247144480175578,1.3,0.0,0
2016,TX-25,2016-08-09,-19.19898352457276,19.19898352457276,Challenger,-3,0.00013185308660897422,0.005224852919572991,1.3,0.0,0
2016,TX-27,2016-08-09,-12.998842038805336,12.998842038805336,Challenger,-3,5.7721283957231886e-05,0.005256099881226635,1.3,0.0,0
2016,TX-28,2016-08-09,5.10353280309821,5.10353280309821,Incumbent,2,0.004069826268072179,0.0,1.3,0.0,0
2016,TX-29,2016-08-09,20.482512838177314,20.482512838177314,Incumbent,3,0.010491403821824558,0.0,1.3,0.0,0
2016,TX-30,2016-08-09,27.154332784294745,27.154332784294745,Incumbent,3,0.0017067563385697838,5.087696624424304e-05,1.3,0.0,0
2016,TX-31,2016-08-09,-14.829107583854608,14.829107583854608,Challenger,-3,4.54105390759788e-05,0.005871757878515815,1.3,0.0,0
2016,TX-33,2016-08-09,24.328975075347326,24.328975075347326,Incumbent,3,0.005741233822405665,6.187668496378803e-05,1.3,0.0,0
2016,TX-34,2016-08-09,11.644424539330867,11.644424539330867,Incumbent,3,0.002486482707038859,0.0,1.3,0.0,0
2016,TX-35,2016-08-09,21.121858476582872,21.121858476582872,Incumbent,3,0.0018392550358741979,0.00030479759598745046,1.3,0.0,0
2016,TX-36,2016-08-09,-18.290803523740188,18.290803523740188,Challenger,-3,0.0001521621030445605,0.0033590282004924087,1.3,0.0,0
2016,UT-01,2016-08-09,-12.123124549168047,12.123124549168047,Challenger,-3,0.0003013891266355569,0.0028298111986381977,1.3,0.0,0
2016,UT-02,2016-08-09,-11.340716989963664,11.340716989963664,Challenger,-3,0.0013269915386883717,0.0027962368349506417,1.3,0.0,0
2016,UT-03,2016-08-09,-13.645002876084327,13.645002876084327,Challenger,-3,0.00014178316145201837,0.005960089143096283,1.3,0.0,0
2016,UT-04,2016-08-09,-16.033873855329205,16.033873855329205,Challenger,-3,0.003462518992757375,0.012987164350031465,1.3,0.005880493086213513,1
2016,VA-01,2016-08-09,-6.880373957461114,6.880373957461114,Challenger,-2,1.8490330051105655e-05,0.003994839693994837,1.3,0.0,0
2016,VA-02,2016-08-09,-2.661735182405322,2.661735182405322,Open,0,6.658115616848531e-05,0.005350939154919536,1.3,0.0,0
2016,VA-03,2016-08-09,16.85842965665598,16.85842965665598,Incumbent,3,0.0027513900799621027,8.214522268282205e-05,1.3,1.4376711523444343e-05,0
2016,VA-04,2016-08-09,15.574281632020249,15.574281632020249,Challenger,3,0.000761976761680523,0.01325842681936949,1.3,0.0,0
2016,VA-05,2016-08-09,-6.758397945939892,6.758397945939892,Open,-2,0.001706582627758567,0.000947282862671627,1.3,0.0005972473209088346,0
2016,VA-06,2016-08-09,-13.950633267870007,13.950633267870007,Challenger,-3,5.999461089587209e-05,0.008333634430520676,1.3,0.0,0
2016,VA-07,2016-08-09,0.6168037879000998,0.6168037879000998,Challenger,0,0.00021718433195441576,0.003831535017128298,1.3,0.0,0
2016,VA-08,2016-08-09,26.392191262569703,26.392191262569703,Incumbent,3,0.0062113146477409484,0.0001521112563131858,1.3,6.635405318513107e-06,0
2016,VA-09,2016-08-09,-23.06933825260913,23.06933825260913,Challenger,-3,5.381577073307263e-05,0.003476188754671341,1.3,0.0,0
2016,VA-10,2016-08-09,4.930169768920273,4.930169768920273,Challenger,1,0.002082788280611594,0.007112363800626833,1.3,0.05323403992239459,1
2016,VA-11,2016-08-09,17.903084074439196,17.903084074439196,Incumbent,3,0.004507828393462944,0.0001078720545764572,1.3,3.317702659255831e-06,0
2016,VT-00,2016-08-09,15.057806438313465,15.057806438313465,Incumbent,3,0.00312509052243121,0.0,1.3,1.241591504358351e-05,0
2016,WA-01,2016-08-09,13.178214590932551,13.178214590932551,Incumbent,3,0.00396408474741585,0.0008661976608575365,1.3,8.209605221732208e-06,0
2016,WA-02,2016-08-09,9.080595379195262,9.080595379195262,Incumbent,3,0.0037844960168020654,2.248990041571989e-06,1.3,7.94872858530185e-06,0
2016,WA-03,2016-08-09,-4.816242854185046,4.816242854185046,Open,-1,0.00122892632237159,0.004576669838946639,1.3,0.0,0
2016,WA-05,2016-08-09,-8.078962030869253,8.078962030869253,Challenger,-3,0.000929436032462644,0.012519520691102584,1.3,0.0,0
2016,WA-06,2016-08-09,6.012415033952323,6.012415033952323,Incumbent,2,0.004570566492831889,1.584971463528284e-05,1.3,7.94872858530185e-06,0
2016,WA-07,2016-08-09,36.72818037182857,36.72818037182857,Open,3,0.005686694028984813,1.2397910706466802e-05,1.3,0.0049245274146735895,1
2016,WA-08,2016-08-09,0.9197171183407571,0.9197171183407571,Challenger,0,0.000318575508091959,0.0038708538197827704,1.3,0.0,0
2016,WA-09,2016-08-09,21.550272727277893,21.550272727277893,Incumbent,3,0.005459547897303674,0.0001038511273429872,1.3,1.0997607866227324e-05,0
2016,WA-10,2016-08-09,6.465507414278027,6.465507414278027,Incumbent,2,0.003331341503377728,2.8392218793973827e-06,1.3,9.640577518990027e-06,0
2016,WI-01,2016-08-09,-2.905236133876948,2.905236133876948,Challenger,-1,0.0003798916994161249,0.04974438733817554,1.3,0.0,0
2016,WI-02,2016-08-09,18.958739607660107,18.958739607660107,Incumbent,3,0.004030105596196477,0.00018713087159985165,1.3,1.3155893299084135e-05,0
2016,WI-03,2016-08-09,-4.072955843970282,4.072955843970282,Incumbent,0,0.005487867291658208,3.613284207577357e-05,1.3,0.0,0
2016,WI-04,2016-08-09,24.931618077414967,24.931618077414967,Incumbent,3,0.004375404879786972,0.0,1.3,0.00022515410698896733,0
2016,WI-05,2016-08-09,-14.692106941889419,14.692106941889419,Challenger,-3,0.0002713341762668866,0.001099371396269693,1.3,0.0,0
2016,WI-06,2016-08-09,-10.259029707645526,10.259029707645526,Challenger,-3,0.00027244473344738735,0.002427799867311748,1.3,0.0,0
2016,WI-07,2016-08-09,-12.13181484837636,12.13181484837636,Challenger,-3,0.0009031920415063093,0.007679423187408016,1.3,0.0007979522210163272,0
2016,WI-08,2016-08-09,-10.173587881331,10.173587881331,Open,-3,0.0013301840801627058,0.004508133101347665,1.3,0.004085944992337554,1
2016,WV-01,2016-08-09,-23.41158043159246,23.41158043159246,Challenger,-3,0.00010322550767013912,0.0035574806338587476,1.3,0.0,0
2016,WV-02,2016-08-09,-21.92686288918549,21.92686288918549,Challenger,-3,0.0008932395543677507,1.944182822576769e-05,1.3,0.0,0
2016,WY-00,2016-08-09,-25.77787700236944,25.77787700236944,Open,-3,0.000580792970966033,0.0,1.3,0.0,0
2016,AL-01,2016-08-09,-16.357029889797673,16.357029889797673,Open,-3,0.0,0.00605042938127938,1.3,0.0,0
2016,AL-04,2016-08-09,-32.99150514498746,32.99150514498746,Open,-3,0.0,0.007442092809310882,1.3,0.0,0
2016,GA-07,2016-08-09,8.481636073280551,8.481636073280551,Open,2,0.0,0.0019441078252000895,1.3,0.0,0
2016,GA-08,2016-08-09,-16.510851096950546,16.510851096950546,Open,-3,0.0,0.004917551044460437,1.3,0.0,0
2016,GA-09,2016-08-09,-23.031996818710944,23.031996818710944,Open,-3,0.0,0.006621759893496037,1.3,0.0,0
2016,GA-11,2016-08-09,-12.045124653017183,12.045124653017183,Open,-3,0.0,0.004089362525941929,1.3,0.0,0
2016,GA-14,2016-08-09,-22.307036948383235,22.307036948383235,Open,-3,0.0,0.00355403497623812,1.3,0.0,0
2016,IN-04,2016-08-09,-18.261366892061144,18.261366892061144,Open,-3,0.0,0.004164170112074761,1.3,0.0,0
2016,KY-04,2016-08-09,-19.686205100289342,19.686205100289342,Open,-3,0.0,0.0016848697696992398,1.3,0.0,0
2016,KY-05,2016-08-09,-32.1729608712165,32.1729608712165,Open,-3,0.0,0.00625776142954388,1.3,0.0,0
2016,MI-04,2016-08-09,-5.202260954909226,5.202260954909226,Open,-2,0.0,0.0030602657203904282,1.3,0.0,0
2016,MN-06,2016-08-09,-12.677496490338452,12.677496490338452,Open,-3,0.0,0.0063740395228684054,1.3,0.0,0
2016,MO-03,2016-08-09,-16.521251165170824,16.521251165170824,Open,-3,0.0,0.0037394607129451695,1.3,0.0,0
2016,MS-03,2016-08-09,-14.883227445186996,14.883227445186996,Open,-3,0.0,0.00536172008990115,1.3,0.0,0
2016,OH-05,2016-08-09,-15.071640600961539,15.071640600961539,Open,-3,0.0,0.003056114292754822,1.3,0.0,0
2016,OK-03,2016-08-09,-25.040406323060722,25.040406323060722,Open,-3,0.0,0.005073526155686729,1.3,0.0,0
2016,OK-04,2016-08-09,-19.182424517801458,19.182424517801458,Open,-3,0.0,0.005947524350809919,1.3,0.0,0
2016,PA-04,2016-08-09,6.7213071147185115,6.7213071147185115,Open,2,0.0,0.001829836656708797,1.3,0.0,0
2016,TN-01,2016-08-09,-30.27155839221352,30.27155839221352,Open,-3,0.0,0.0013042089746686221,1.3,0.0,0
2016,TN-02,2016-08-09,-18.47057443452429,18.47057443452429,Open,-3,0.0,0.0021602026464232547,1.3,0.0,0
2016,TN-07,2016-08-09,-10.102757532277787,10.102757532277787,Open,-3,0.0,0.005979781417859737,1.3,0.0,0
2016,TX-04,2016-08-09,-17.269135073146472,17.269135073146472,Open,-3,0.0,0.004775596593470125,1.3,0.0,0
2016,TX-05,2016-08-09,-14.83951783996549,14.83951783996549,Open,-3,0.0,0.012532360577243308,1.3,0.0,0
2016,TX-11,2016-08-09,-22.919337360625505,22.919337360625505,Open,-3,0.0,0.006838894123726132,1.3,0.0,0
2016,TX-13,2016-08-09,-26.679313899188365,26.679313899188365,Open,-3,0.0,0.009078226204281222,1.3,0.0,0
2016,TX-26,2016-08-09,-14.460784914132033,14.460784914132033,Open,-3,0.0,0.00524272849463744,1.3,0.0,0
2016,TX-32,2016-08-09,13.571719379477386,13.571719379477386,Open,3,0.0,0.012612166477779367,1.3,0.0,0
2016,WA-04,2016-08-09,-11.858442573624501,11.858442573624501,Open,-3,0.0,0.004104104353005318,1.3,0.0,0
2018,AL-01,2018-08-07,-16.357029889797673,16.357029889797673,Challenger,-3,5.403190603185365e-05,0.0016898060869044054,8.6,0.0,0
2018,AL-02,2018-08-07,-17.48894147961364,17.48894147961364,Challenger,-3,0.0004836127726801845,0.004755790072638844,8.6,0.0,0
2018,AL-03,2018-08-07,-19.224766238484722,19.224766238484722,Challenger,-3,0.0004888267823185674,0.00146441516050065,8.6,0.0,0
2018,AL-04,2018-08-07,-32.99150514498746,32.99150514498746,Challenger,-3,3.888355109884919e-05,0.0022985783155402006,8.6,0.0,0
2018,AL-05,2018-08-07,-17.288279129804017,17.288279129804017,Challenger,-3,0.0006775483239298856,0.0057813863800168725,8.6,0.0,0
2018,AL-06,2018-08-07,-19.298201595586924,19.298201595586924,Challenger,-3,0.00037124825259771485,0.0017702076167331526,8.6,0.0,0
2018,AL-07,2018-08-07,14.226682719477429,14.226682719477429,Incumbent,3,0.0021354405622784267,0.0,8.6,0.0,0
2018,AR-01,2018-08-07,-21.391296630854292,21.391296630854292,Challenger,-3,0.00015521045362525685,0.001832410126586677,8.6,0.0,0
2018,AR-02,2018-08-07,-9.052831282224066,9.052831282224066,Challenger,-3,0.0018666108563091708,0.003629928329180886,8.6,0.0030588230673494537,1
2018,AR-03,2018-08-07,-15.476863151334888,15.476863151334888,Challenger,-3,0.0003395248277749012,0.002341158449003647,8.6,0.0,0
2018,AR-04,2018-08-07,-18.710195024103218,18.710195024103218,Challenger,-3,0.00023009706746760576,0.002133520173339478,8.6,0.0,0
2018,AZ-01,2018-08-07,-2.448492787482301,2.448492787482301,Incumbent,0,0.0019826902406308087,0.0004419376395345601,8.6,0.009562849777293924,1
2018,AZ-02,2018-08-07,-6.433271888721167,6.433271888721167,Open,-2,0.0029379848508765947,0.013569652740630402,8.6,0.007823178023961036,1
2018,AZ-03,2018-08-07,24.623777496420452,24.623777496420452,Incumbent,3,0.0012706295713174076,2.888786488712147e-05,8.6,6.428775250719664e-05,0
2018,AZ-04,2018-08-07,1.6182962123334588,1.6182962123334588,Challenger,0,0.0,0.000757354377934204,8.6,9.934630453843631e-06,0
2018,AZ-05,2018-08-07,-11.63027765524259,11.63027765524259,Challenger,-3,0.00018356662330062278,1.82723692640141e-05,8.6,0.0,0
2018,AZ-06,2018-08-07,-3.0859031340330274,3.0859031340330274,Challenger,-2,0.0008833795139193473,0.0,8.6,0.00011178222495097307,0
2018,AZ-07,2018-08-07,15.636005284412564,15.636005284412564,Incumbent,3,0.0013989869928956217,1.3840012737722796e-05,8.6,0.0,0
2018,AZ-08,2018-08-07,-10.181826844449171,10.181826844449171,Open,-3,0.008074188510354529,0.004096887169604175,8.6,0.0005045185556757921,0
2018,AZ-09,2018-08-07,-15.971098802177186,15.971098802177186,Incumbent,-3,0.0012881966467721325,0.0008670440728291631,8.6,3.61999176598118e-05,0
2018,CA-01,2018-08-07,-12.4413722392534,12.4413722392534,Challenger,-3,0.0006431600544923343,0.0008453245087824435,8.6,0.00026113931027757557,0
2018,CA-02,2018-08-07,23.304486035062574,23.304486035062574,Incumbent,3,0.0018847054763247524,2.8100825434168278e-05,8.6,0.0,0
2018,CA-03,2018-08-07,-4.260867603951912,4.260867603951912,Incumbent,0,0.001314397773153132,3.3384255500949754e-05,8.6,0.0,0
2018,CA-04,2018-08-07,16.90863605237989,16.90863605237989,Challenger,3,0.0029329216904666945,0.0025500061482973927,8.6,0.0013673587161999107,1
2018,CA-05,2018-08-07,-8.888000805717656,8.888000805717656,Incumbent,-2,0.004744441020759104,0.0,8.6,0.0,0
2018,CA-06,2018-08-07,7.578196341651678,7.578196341651678,Incumbent,2,0.002439977937721461,0.0,8.6,0.0,0
2018,CA-07,2018-08-07,18.0949623630077,18.0949623630077,Incumbent,3,0.0018789811584162702,0.0009533567949099315,8.6,0.00019961145545914486,0
2018,CA-08,2018-08-07,26.86109662816917,26.86109662816917,Challenger,3,0.0011120762595003702,0.0025623024674285406,8.6,2.3763268507041053e-05,0
2018,CA-09,2018-08-07,4.989054547840372,4.989054547840372,Incumbent,2,0.0014316325909582987,9.477463188997773e-05,8.6,0.0,0
2018,CA-10,2018-08-07,18.00449331076005,18.00449331076005,Challenger,3,0.00472576882658137,0.0046686129062185056,8.6,0.021111594319503373,1
2018,CA-11,2018-08-07,37.65186614121579,37.65186614121579,Incumbent,3,0.0010795531848501155,0.0,8.6,0.0,0
2018,CA-12,2018-08-07,40.46856696126791,40.46856696126791,Incumbent,3,0.01144225043661024,0.00040166241637886455,8.6,0.0,0
2018,CA-13,2018-08-07,4.383782670392684,4.383782670392684,Incumbent,2,0.003907408942154878,0.0,8.6,0.0,0
2018,CA-14,2018-08-07,22.448767455138224,22.448767455138224,Incumbent,3,0.0016081864836163457,0.0,8.6,0.0,0
2018,CA-15,2018-08-07,28.539933135818373,28.539933135818373,Incumbent,3,0.0052180822507083635,3.20583918556889e-05,8.6,0.0,0
2018,CA-16,2018-08-07,26.442084135142792,26.442084135142792,Incumbent,3,0.001958425028524183,1.912467849446664e-05,8.6,0.0003488364170128478,0
2018,CA-17,2018-08-07,24.68124762453286,24.68124762453286,Incumbent,3,0.004771895390236806,8.791237026358843e-06,8.6,3.872969185635885e-06,0
2018,CA-18,2018-08-07,22.530887217829346,22.530887217829346,Incumbent,3,0.0030448989326412154,6.506066073647748e-06,8.6,5.809453778453459e-06,0
2018,CA-19,2018-08-07,18.97607047198322,18.97607047198322,Incumbent,3,0.0040748481955443635,0.0,8.6,0.0,0
2018,CA-20,2018-08-07,-16.1928793689232,16.1928793689232,Incumbent,-3,0.0013252576819139238,6.148508093511803e-06,8.6,3.8729691856355165e-06,0
2018,CA-21,2018-08-07,9.24463230357992,9.24463230357992,Challenger,2,0.0011889404208635169,0.0003007003996880975,8.6,0.0016878669091411576,1
2018,CA-22,2018-08-07,5.826128820806293,5.826128820806293,Challenger,1,0.005539154963856263,0.014249651913021029,8.6,0.002070405629240654,1
2018,CA-23,2018-08-07,-8.137760237717675,8.137760237717675,Challenger,-3,9.136330380053894e-05,0.012565365621494155,8.6,0.0,0
2018,CA-24,2018-08-07,12.509524773144115,12.509524773144115,Incumbent,3,0.0022542771828027585,0.001832086502553969,8.6,0.00014954481514780756,0
2018,CA-25,2018-08-07,6.785435303968063,6.785435303968063,Challenger,1,0.005065108776127285,0.0016943864727513166,8.6,0.03575952878338134,1
2018,CA-26,2018-08-07,8.003792259311972,8.003792259311972,Incumbent,3,0.001717391724677341,0.0005365586973412662,8.6,7.49863245170042e-05,0
2018,CA-27,2018-08-07,4.063200566994896,4.063200566994896,Incumbent,2,0.0017848718980444896,7.203121949854285e-06,8.6,0.0,0
2018,CA-28,2018-08-07,16.169126222614,16.169126222614,Incumbent,3,0.0076118486156418474,5.560607999083408e-05,8.6,0.0,0
2018,CA-29,2018-08-07,27.637639681993456,27.637639681993456,Incumbent,3,0.003674768032635771,1.3844385179128091e-05,8.6,0.0,0
2018,CA-30,2018-08-07,24.07935261980949,24.07935261980949,Incumbent,3,0.0013810921744416475,0.0,8.6,0.0,0
2018,CA-31,2018-08-07,16.10022520246681,16.10022520246681,Incumbent,3,0.003211813176218486,0.0020265317283866095,8.6,5.701885383011439e-05,0
2018,CA-32,2018-08-07,20.567593412917894,20.567593412917894,Incumbent,3,0.0003625790637184082,0.0,8.6,0.0,0
2018,CA-33,2018-08-07,12.701667657858678,12.701667657858678,Incumbent,3,0.0024541131219383994,7.204988158541037e-05,8.6,0.0,0
2018,CA-34,2018-08-07,34.29769394227007,34.29769394227007,Open,3,0.005282864722781518,0.0,8.6,0.0,0
2018,CA-35,2018-08-07,14.526011827287176,14.526011827287176,Incumbent,3,0.001477367631001814,5.984763331319285e-06,8.6,0.0,0
2018,CA-36,2018-08-07,21.379065236746058,21.379065236746058,Incumbent,3,0.0036190402530258234,0.0014146022485282527,8.6,7.49862928326469e-05,0
2018,CA-37,2018-08-07,38.17115571896528,38.17115571896528,Incumbent,3,0.001877930536789037,1.006564527421245e-05,8.6,0.0,0
2018,CA-38,2018-08-07,15.524643438248566,15.524643438248566,Incumbent,3,0.0035805218641530327,0.0,8.6,7.49863245170042e-05,0
2018,CA-39,2018-08-07,12.638332359465792,12.638332359465792,Open,3,0.015055466185787555,0.00340976833186269,8.6,0.011523222443304944,1
2018,CA-40,2018-08-07,-2.3490241947268897,2.3490241947268897,Incumbent,0,0.001250443149986046,0.0,8.6,0.0,0
2018,CA-41,2018-08-07,-3.5498506287901357,3.5498506287901357,Incumbent,0,0.0021577546199344766,5.6239703782305825e-05,8.6,0.0,0
2018,CA-42,2018-08-07,23.548646756052822,23.548646756052822,Challenger,3,0.0002625691936701813,0.003119645881833459,8.6,0.0,0
2018,CA-43,2018-08-07,33.66523654372313,33.66523654372313,Incumbent,3,0.0018045181644405067,0.0009448154840995508,8.6,0.0,0
2018,CA-44,2018-08-07,25.585392212203978,25.585392212203978,Incumbent,3,0.002047775868641398,0.00014172454527264697,8.6,0.0,0
2018,CA-45,2018-08-07,3.405664749834103,3.405664749834103,Challenger,1,0.004128112452950365,0.00601454757837885,8.6,0.024574061786562608,1
2018,CA-46,2018-08-07,16.58257586569293,16.58257586569293,Incumbent,3,0.001114505087332296,5.023669026077313e-05,8.6,0.00023763268507041055,0
2018,CA-47,2018-08-07,3.120100066463399,3.120100066463399,Incumbent,2,0.0012148401339467732,3.73398574922738e-05,8.6,0.0,0
2018,CA-48,2018-08-07,-10.09708544488959,10.09708544488959,Challenger,-3,0.008596082799647025,0.005157645224967479,8.6,0.035412191701873846,1
2018,CA-49,2018-08-07,2.7222366320874105,2.7222366320874105,Open,1,0.02506661604349483,0.00438519600698095,8.6,0.012719119006547635,1
2018,CA-50,2018-08-07,14.071194061937565,14.071194061937565,Challenger,3,0.002561609562203233,0.0038730007432561378,8.6,0.0017956172044823625,1
2018,CA-51,2018-08-07,11.437344844143032,11.437344844143032,Incumbent,3,0.0019455706211110586,9.265067095081838e-05,8.6,0.0,0
2018,CA-52,2018-08-07,20.016199703055122,20.016199703055122,Incumbent,3,0.0025194116688348114,0.00107672659158774,8.6,0.0,0
2018,CO-01,2018-08-07,28.762867479927927,28.762867479927927,Incumbent,3,0.0025021231622557047,3.827761943627765e-05,8.6,0.0,0
2018,CO-02,2018-08-07,16.877197454600925,16.877197454600925,Open,3,0.002407800095836077,1.5161313835430299e-05,8.6,2.202880338089137e-05,0
2018,CO-03,2018-08-07,-7.619998140340705,7.619998140340705,Challenger,-2,0.0014162863672095255,0.001005305137559088,8.6,5.092344872062694e-05,0
2018,CO-04,2018-08-07,-13.921511275641516,13.921511275641516,Challenger,-3,0.0006441901763399356,0.0010928371054204156,8.6,0.00011733829891842537,0
2018,CO-05,2018-08-07,-10.35789116985529,10.35789116985529,Challenger,-3,0.00034517630334431976,0.0021754960860956856,8.6,6.433375819502614e-05,0
2018,CO-06,2018-08-07,8.034491840473857,8.034491840473857,Challenger,2,0.00307744317244262,0.0025553958793852953,8.6,0.035475991737058205,1
2018,CO-07,2018-08-07,2.769295170062125,2.769295170062125,Incumbent,1,0.002356803994882535,7.972221719302568e-05,8.6,0.0,0
2018,CT-01,2018-08-07,11.526638530994981,11.526638530994981,Incumbent,3,0.003543770163398487,4.752653701408211e-08,8.6,0.0,0
2018,CT-02,2018-08-07,2.1286702699589153,2.1286702699589153,Incumbent,1,0.0012854619064636263,2.6931704307979863e-06,8.6,0.0,0
2018,CT-03,2018-08-07,6.922120923630809,6.922120923630809,Incumbent,2,0.0024852823873396292,0.0,8.6,4.185376955608009e-06,0
2018,CT-04,2018-08-07,12.541705966334455,12.541705966334455,Incumbent,3,0.0022639607464037355,0.00031258688164839346,8.6,0.0,0
2018,CT-05,2018-08-07,2.141638010775665,2.141638010775665,Incumbent,1,0.0030784509885021833,0.00017981190013907825,8.6,0.0003124059322798016,0
2018,DE-00,2018-08-07,6.127682804332846,6.127682804332846,Incumbent,2,0.0019869110090143137,0.0,8.6,0.0,0
2018,FL-01,2018-08-07,-19.928854314051243,19.928854314051243,Challenger,-3,0.0004397991988437905,0.0013534370845559554,8.6,0.0,0
2018,FL-02,2018-08-07,-7.56900038068406,7.56900038068406,Challenger,-2,0.003984246140129358,0.0018929782622010031,8.6,0.0,0
2018,FL-03,2018-08-07,-9.079725707420678,9.079725707420678,Challenger,-3,0.00010001402069912614,0.0009745582880188396,8.6,3.378176745653552e-05,0
2018,FL-04,2018-08-07,-6.09606681878749,6.09606681878749,Challenger,-2,9.287249314124212e-05,0.0007008952916570412,8.6,0.0,0
2018,FL-05,2018-08-07,-11.450101278446976,11.450101278446976,Incumbent,-2,0.0009171062456460207,6.968229961751686e-05,8.6,0.0,0
2018,FL-06,2018-08-07,-13.732136947426714,13.732136947426714,Open,-3,0.0015453267451246322,0.0012530150643787425,8.6,0.007189127665977415,1
2018,FL-07,2018-08-07,-5.117554716684672,5.117554716684672,Incumbent,-1,0.002215011550030674,0.0005139850497400457,8.6,0.0035843865320368683,1
2018,FL-08,2018-08-07,-11.553985107654771,11.553985107654771,Challenger,-3,0.00010131067136630236,0.0011816004224870621,8.6,0.0,0
2018,FL-09,2018-08-07,9.587847940804794,9.587847940804794,Incumbent,3,0.0012476761233167284,3.530904856566207e-06,8.6,0.00029291758072410315,0
2018,FL-10,2018-08-07,14.832758363085407,14.832758363085407,Incumbent,3,0.0016765142452446033,0.0,8.6,3.1684358009388076e-05,0
2018,FL-11,2018-08-07,-8.31671764256397,8.31671764256397,Challenger,-3,3.31323014860591e-05,0.001110223231506549,8.6,6.138844364318939e-06,0
2018,FL-12,2018-08-07,-16.34021772390692,16.34021772390692,Challenger,-3,0.000430061043093963,0.002494886042989707,8.6,8.183898578291677e-05,0
2018,FL-13,2018-08-07,-5.446031223054323,5.446031223054323,Incumbent,-1,0.002936223485730495,0.00012842921833346356,8.6,1.4592547924805543e-06,0
2018,FL-14,2018-08-07,8.855974120729392,8.855974120729392,Incumbent,3,0.0016006324574015373,3.9605447511735095e-06,8.6,0.0,0
2018,FL-15,2018-08-07,-3.487792213850338,3.487792213850338,Open,-1,0.0001807307465213505,0.00043975946665884667,8.6,0.004386896633212745,1
2018,FL-16,2018-08-07,-7.226442069336062,7.226442069336062,Challenger,-2,0.0008665995412862914,0.003477409208293662,8.6,0.004176177655734964,1
2018,FL-17,2018-08-07,-9.993020786991144,9.993020786991144,Open,-2,3.6652211870396045e-05,0.0002777419455588529,8.6,0.0,0
2018,FL-18,2018-08-07,-12.982997177715792,12.982997177715792,Challenger,-3,0.0016556446141014853,0.006398341537689604,8.6,0.0056343510610764825,1
2018,FL-19,2018-08-07,-12.964311255917192,12.964311255917192,Challenger,-3,0.00048737712788656385,0.0015049437634673468,8.6,0.0,0
2018,FL-20,2018-08-07,26.10346106505017,26.10346106505017,Incumbent,3,0.0016252275353593989,0.0,8.6,1.698503379809104e-06,0
2018,FL-21,2018-08-07,-6.707063416602949,6.707063416602949,Incumbent,-1,0.0020385072750772693,0.0014095911772029198,8.6,0.0,0
2018,FL-22,2018-08-07,7.92701110812219,7.92701110812219,Incumbent,2,0.0025260164633680166,0.00025351241003934575,8.6,1.698503379809473e-06,0
2018,FL-23,2018-08-07,5.290088644609193,5.290088644609193,Incumbent,2,0.0038663107177998876,0.00010529013167920744,8.6,0.0,0
2018,FL-24,2018-08-07,26.86007770418651,26.86007770418651,Incumbent,3,0.00048221032794161484,0.0,8.6,0.0,0
2018,FL-25,2018-08-07,10.651298537769655,10.651298537769655,Open,3,0.001710850172122723,0.0016490334510123206,8.6,0.0011323495276570348,1
2018,FL-26,2018-08-07,-5.3717735987451976,5.3717735987451976,Challenger,-2,0.0012496068096720303,0.003592273085588987,8.6,0.03634223828291191,1
2018,FL-27,2018-08-07,2.7019707357899074,2.7019707357899074,Open,1,0.0025764342614191713,0.000506682692380906,8.6,0.007398167721008634,1
2018,GA-01,2018-08-07,-9.338075294766407,9.338075294766407,Challenger,-3,0.00029001475489635734,0.0031163001086807417,8.6,0.0,0
2018,GA-02,2018-08-07,3.2435955198042765,3.2435955198042765,Incumbent,2,0.00205836104233389,0.00036463876877952444,8.6,0.0,0
2018,GA-03,2018-08-07,-18.45277392927388,18.45277392927388,Challenger,-3,7.156542775144684e-05,0.002585177876855442,8.6,0.0,0
2018,GA-04,2018-08-07,26.368184394606217,26.368184394606217,Incumbent,3,0.0010352599415178174,4.158809621417255e-05,8.6,0.0,0
2018,GA-05,2018-08-07,31.892357754569606,31.892357754569606,Incumbent,3,0.004384506270191443,7.085572981639454e-07,8.6,0.0,0
2018,GA-06,2018-08-07,-12.44589773553291,12.44589773553291,Open,-3,0.0005148613757138693,0.02166301871561984,8.6,0.012507278402796322,1
2018,GA-07,2018-08-07,8.481636073280551,8.481636073280551,Challenger,2,0.002390570268688004,0.0016459562978468067,8.6,0.003941545162524464,1
2018,GA-08,2018-08-07,-16.510851096950546,16.510851096950546,Challenger,-3,3.6867285292563775e-05,0.0014927792195811604,8.6,0.0,0
2018,GA-09,2018-08-07,-23.031996818710944,23.031996818710944,Challenger,-3,9.431337100607705e-05,0.0015893433206427925,8.6,0.0,0
2018,GA-10,2018-08-07,-15.057241628373404,15.057241628373404,Challenger,-3,0.00040568433373150225,0.001037796242692111,8.6,0.0,0
2018,GA-11,2018-08-07,-12.045124653017183,12.045124653017183,Challenger,-3,6.300234978711358e-05,0.0010161889363258186,8.6,0.0,0
2018,GA-12,2018-08-07,-7.63401355344136,7.63401355344136,Challenger,-2,0.0003562413366388643,0.0013865793666147873,8.6,0.0,0
2018,GA-13,2018-08-07,27.507513349372736,27.507513349372736,Incumbent,3,0.0022741362413471666,2.764320825143868e-05,8.6,0.0,0
2018,GA-14,2018-08-07,-22.307036948383235,22.307036948383235,Challenger,-3,2.4687532914532916e-05,0.0022264242874700134,8.6,0.0,0
2018,HI-01,2018-08-07,14.514952454064334,14.514952454064334,Open,3,0.0017664807124379402,7.150842759138795e-06,8.6,0.0,0
2018,HI-02,2018-08-07,14.587435870590864,14.587435870590864,Incumbent,3,0.003198348084489088,0.0,8.6,0.0,0
2018,IA-01,2018-08-07,-3.23919947167052,3.23919947167052,Challenger,-2,0.003242073765916364,0.0010138252832183183,8.6,0.008140311199087124,1
2018,IA-02,2018-08-07,-4.036017317545893,4.036017317545893,Incumbent,0,0.0016398842124248135,0.001046102740725284,8.6,9.072499072407885e-06,0
2018,IA-03,2018-08-07,-2.591819058935757,2.591819058935757,Challenger,-1,0.0019370341263230952,0.0015855425917934182,8.6,0.01668414867859737,1
2018,IA-04,2018-08-07,-15.527668627078642,15.527668627078642,Challenger,-3,0.0017780301045133744,0.0016436206537117867,8.6,0.0019718531129234262,1
2018,ID-01,2018-08-07,-22.463689738740225,22.463689738740225,Open,-3,8.35392951711327e-06,0.0017120851650292126,8.6,0.0,0
2018,ID-02,2018-08-07,-14.863293758937132,14.863293758937132,Challenger,-3,0.00017465824920270324,0.002324212386965906,8.6,0.0,0
2018,IL-01,2018-08-07,21.557606615631734,21.557606615631734,Incumbent,3,0.0008085464149576762,0.0,8.6,0.0,0
2018,IL-02,2018-08-07,19.498388941928752,19.498388941928752,Incumbent,3,0.0020707924635675894,0.0,8.6,0.0,0
2018,IL-03,2018-08-07,20.7490927090049,20.7490927090049,Incumbent,3,0.006820879129974238,0.0,8.6,0.0,0
2018,IL-04,2018-08-07,23.590651459594714,23.590651459594714,Open,3,0.002039491929871127,2.2848984672322153e-05,8.6,0.0,0
2018,IL-05,2018-08-07,18.68377102039282,18.68377102039282,Incumbent,3,0.003329203976118133,1.9436706052143094e-05,8.6,0.0,0
2018,IL-06,2018-08-07,3.3013832950879953,3.3013832950879953,Challenger,1,0.004318201142925431,0.007290075012810424,8.6,0.021440273686584733,1
2018,IL-07,2018-08-07,36.705380273468435,36.705380273468435,Incumbent,3,0.0011000798645021395,0.0,8.6,0.0,0
2018,IL-08,2018-08-07,6.424280826815448,6.424280826815448,Incumbent,2,0.002692957955493175,0.0002335137185291901,8.6,0.0,0
2018,IL-09,2018-08-07,20.158433724412745,20.158433724412745,Incumbent,3,0.003622550182837388,0.00010050300539628503,8.6,0.0,0
2018,IL-10,2018-08-07,11.04113176541972,11.04113176541972,Incumbent,3,0.003864386304947472,0.002466913856049056,8.6,0.0,0
2018,IL-11,2018-08-07,5.085982935594202,5.085982935594202,Incumbent,2,0.0035039132054528735,0.0003378923545971835,8.6,0.0,0
2018,IL-12,2018-08-07,-23.83831770974748,23.83831770974748,Challenger,-3,0.0031969855303572528,0.0018419114100760262,8.6,0.009474482863230334,1
2018,IL-13,2018-08-07,3.4188055743444465,3.4188055743444465,Challenger,1,0.0021871533000414256,0.003747658626976603,8.6,0.010500075431854118,1
2018,IL-14,2018-08-07,3.54197654493737,3.54197654493737,Challenger,1,0.0015123509643671395,0.0021338130952292746,8.6,0.01622901741891284,1
2018,IL-15,2018-08-07,-21.8139353277361,21.8139353277361,Challenger,-3,5.7860485431918056e-05,0.0037171816647978786,8.6,0.0,0
2018,IL-16,2018-08-07,-13.631151449570353,13.631151449570353,Challenger,-3,0.0007011351422471723,0.0046423037044923355,8.6,0.0,0
2018,IL-17,2018-08-07,2.1001234628320264,2.1001234628320264,Incumbent,1,0.004067082771292916,0.0017841492412070112,8.6,0.0,0
2018,IN-01,2018-08-07,3.573714791027988,3.573714791027988,Incumbent,2,0.0019436406634959907,4.876793016088993e-05,8.6,0.0,0
2018,IN-02,2018-08-07,-14.123373420505617,14.123373420505617,Challenger,-3,0.0029776643764173557,0.0025773387864716233,8.6,0.00019333085527709122,0
2018,IN-03,2018-08-07,-18.388894143413275,18.388894143413275,Challenger,-3,0.0005981615807194632,0.0012903442125580089,8.6,0.0,0
2018,IN-04,2018-08-07,-18.261366892061144,18.261366892061144,Open,-3,0.0001470347803063044,0.0,8.6,0.0,0
2018,IN-05,2018-08-07,-12.021418015673689,12.021418015673689,Challenger,-3,8.509090986721042e-05,0.0019699824050578357,8.6,2.5347486407510457e-05,0
2018,IN-06,2018-08-07,-19.774364527800465,19.774364527800465,Open,-3,1.7201818175592896e-05,0.0,8.6,0.0,0
2018,IN-07,2018-08-07,18.607074845547505,18.607074845547505,Incumbent,3,0.0019049528900452815,2.264053328097839e-05,8.6,0.0,0
2018,IN-08,2018-08-07,-19.049853045606127,19.049853045606127,Challenger,-3,0.00043039477443687597,0.00215006511140482,8.6,0.0,0
2018,IN-09,2018-08-07,-16.1330901327918,16.1330901327918,Challenger,-3,0.001906200905222913,0.0017172989845614477,8.6,0.0007950800241696,0
2018,KS-01,2018-08-07,-18.35642947387447,18.35642947387447,Challenger,-3,0.00017791023665571278,0.001565245465315172,8.6,0.0007563767253834663,0
2018,KS-02,2018-08-07,-10.919753167294175,10.919753167294175,Open,-3,0.002106738399413599,0.0019330814076083495,8.6,0.017474904801798148,1
2018,KS-03,2018-08-07,-2.001934384644852,2.001934384644852,Challenger,-1,0.0006892825625499463,0.004824634352671371,8.6,0.012890022374167002,1
2018,KS-04,2018-08-07,-14.574908575782132,14.574908575782132,Challenger,-3,0.0034139667310894403,0.003190706165865162,8.6,5.6387669734209484e-05,0
2018,KY-01,2018-08-07,-24.043650607051916,24.043650607051916,Challenger,-3,3.7644661016324116e-05,0.0007202766768200999,8.6,3.3189998701994094e-06,0
2018,KY-02,2018-08-07,-21.47130501822055,21.47130501822055,Challenger,-3,0.0002610793951565798,0.002929431563378886,8.6,0.0,0
2018,KY-03,2018-08-07,8.079431177631157,8.079431177631157,Incumbent,3,0.0013236538197114885,0.00034402787210391144,8.6,0.0,0
2018,KY-04,2018-08-07,-19.686205100289342,19.686205100289342,Challenger,-3,6.754322523958705e-05,0.0007277667323160872,8.6,0.0,0
2018,KY-05,2018-08-07,-32.1729608712165,32.1729608712165,Challenger,-3,2.862143112062053e-06,0.0022130625501164424,8.6,0.0,0
2018,KY-06,2018-08-07,-9.185896454494886,9.185896454494886,Challenger,-3,0.007259533319488285,0.0030604149845489185,8.6,0.011228641307047918,1
2018,LA-01,2018-08-07,-22.944673490403893,22.944673490403893,Challenger,-3,8.485650898665698e-05,0.008526332917293876,8.6,0.0,0
2018,LA-02,2018-08-07,25.16643417438329,25.16643417438329,Incumbent,3,0.00229927834974606,0.0,8.6,0.0,0
2018,LA-03,2018-08-07,-21.06595306282636,21.06595306282636,Challenger,-3,0.00014789326798656877,0.0016704053109142451,8.6,0.0,0
2018,LA-04,2018-08-07,-13.802598221073296,13.802598221073296,Challenger,-3,0.0,0.0009069778653429495,8.6,0.0,0
2018,LA-05,2018-08-07,-16.599572159228913,16.599572159228913,Challenger,-3,0.0,0.0014704327171425093,8.6,0.0,0
2018,LA-06,2018-08-07,-18.66232902104467,18.66232902104467,Challenger,-3,6.288061848364152e-05,0.0020769707232732725,8.6,0.0,0
2018,MA-01,2018-08-07,8.575942547188976,8.575942547188976,Incumbent,3,0.006269149930333719,0.0,8.6,1.7679871769238545e-05,0
2018,MA-02,2018-08-07,12.66908430464133,12.66908430464133,Incumbent,3,0.00228849990146971,0.00011914959861274801,8.6,0.0,0
2018,MA-03,2018-08-07,11.100187597102483,11.100187597102483,Open,3,0.0041419243933468915,0.0009119002204658561,8.6,0.0,0
2018,MA-04,2018-08-07,11.65184581520879,11.65184581520879,Incumbent,3,0.00660862190859946,0.0,8.6,0.0,0
2018,MA-05,2018-08-07,22.981622359533727,22.981622359533727,Challenger,3,0.013299922596890877,2.383487515614227e-06,8.6,0.0,0
2018,MA-06,2018-08-07,10.243287841991489,10.243287841991489,Incumbent,3,0.0057678556699820365,0.00017299605609717272,8.6,0.0,0
2018,MA-07,2018-08-07,35.552286282446815,35.552286282446815,Incumbent,3,0.0025935664056915015,0.0,8.6,0.0,0
2018,MA-08,2018-08-07,14.729375410314466,14.729375410314466,Challenger,3,0.0008071166899868607,0.0,8.6,0.0,0
2018,MA-09,2018-08-07,5.6093782672373695,5.6093782672373695,Incumbent,2,0.0010174823235041199,0.0011846972199545417,8.6,0.0,0
2018,MD-01,2018-08-07,-11.511437051533768,11.511437051533768,Challenger,-3,0.001596200100875246,0.0019719940449478518,8.6,0.00015787304865057594,0
2018,MD-02,2018-08-07,6.588015915525597,6.588015915525597,Incumbent,2,0.002213270399504984,0.0,8.6,0.0,0
2018,MD-03,2018-08-07,8.507214711156301,8.507214711156301,Incumbent,3,0.0017185195927694012,0.00013083700775167102,8.6,0.0,0
2018,MD-04,2018-08-07,40.07215890845792,40.07215890845792,Incumbent,3,0.0014095538847135427,2.3756107842130934e-05,8.6,0.0,0
2018,MD-05,2018-08-07,13.90135693169312,13.90135693169312,Incumbent,3,0.009255522879287386,0.0,8.6,0.0,0
2018,MD-06,2018-08-07,1.142896202854865,1.142896202854865,Incumbent,1,0.0,0.0006743224443878757,8.6,0.0,0
2018,MD-07,2018-08-07,30.226960116774826,30.226960116774826,Incumbent,3,0.0025441296504173914,2.297813011556842e-05,8.6,0.0,0
2018,MD-08,2018-08-07,29.458751280694372,29.458751280694372,Open,3,0.0020782135422161905,2.786693150334297e-05,8.6,0.0,0
2018,ME-01,2018-08-07,8.0535576548473,8.0535576548473,Incumbent,3,0.0007807153184632419,6.964668639911431e-05,8.6,0.00019327458385726725,0
2018,ME-02,2018-08-07,-5.701764426813255,5.701764426813255,Challenger,-2,0.0026063900159086413,0.0023665297937327384,8.6,0.02753779787762082,1
2018,MI-01,2018-08-07,-12.864139449304293,12.864139449304293,Challenger,-3,0.0015535359721787166,0.0015592198291620209,8.6,0.00034409212798195446,0
2018,MI-02,2018-08-07,-16.32899492778914,16.32899492778914,Challenger,-3,0.0004792320616574484,0.003688022835281061,8.6,0.0,0
2018,MI-03,2018-08-07,0.5192327169860678,0.5192327169860678,Challenger,0,0.00018318748827268242,0.0015713447676006954,8.6,0.0,0
2018,MI-05,2018-08-07,-14.539167945315114,14.539167945315114,Incumbent,-3,0.0023549020779243053,0.0,8.6,0.0,0
2018,MI-06,2018-08-07,10.536606251083619,10.536606251083619,Challenger,2,0.0014611988813191172,0.00334567737090309,8.6,0.007093800744042975,1
2018,MI-07,2018-08-07,-2.55840954579728,2.55840954579728,Challenger,-1,0.0014178348768385182,0.0017968716832690269,8.6,0.0005806413981145922,0
2018,MI-08,2018-08-07,-0.8913436295996224,0.8913436295996224,Challenger,0,0.0020818483717670276,0.0018585985475401147,8.6,0.032725691810651936,1
2018,MI-09,2018-08-07,-17.85195581310617,17.85195581310617,Open,-3,0.002410601848561773,0.0004488587390137728,8.6,0.0,0
2018,MI-10,2018-08-07,-3.3435538497304127,3.3435538497304127,Challenger,-2,2.569886593783457e-05,0.0007388054992778421,8.6,0.0,0
2018,MI-11,2018-08-07,6.989361726624355,6.989361726624355,Open,2,0.002713488025371506,0.004312011888747518,8.6,0.02177966382415374,1
2018,MI-12,2018-08-07,22.83353465712751,22.83353465712751,Incumbent,3,0.002835968125276411,4.331983648553366e-05,8.6,0.0,0
2018,MI-13,2018-08-07,24.1254278498976,24.1254278498976,Open,3,0.0026168367289566325,0.0,8.6,0.0,0
2018,MN-01,2018-08-07,-7.847842235909125,7.847842235909125,Open,-2,0.0012631089087315832,0.0019199653190824257,8.6,0.027312362371325352,1
2018,MN-02,2018-08-07,-0.14427997792423597,0.14427997792423597,Challenger,0,0.0021177976344706273,0.002208028380894121,8.6,0.0195831983011872,1
2018,MN-03,2018-08-07,6.6782863467643505,6.6782863467643505,Challenger,1,0.0052024542896481705,0.005141158205908578,8.6,0.01807634815326715,1
2018,MN-04,2018-08-07,16.427906101446403,16.427906101446403,Incumbent,3,0.001603729286553375,1.8543397262426407e-05,8.6,5.191767219060217e-06,0
2018,MN-05,2018-08-07,29.534822063444928,29.534822063444928,Incumbent,3,0.009005690987643129,1.5110080228529118e-05,8.6,6.981705319213132e-05,0
2018,MN-06,2018-08-07,-12.677496490338452,12.677496490338452,Challenger,-3,9.031619913704468e-05,0.0033172960438474647,8.6,2.9183828475287222e-06,0
2018,MN-07,2018-08-07,-19.328215156854412,19.328215156854412,Incumbent,-3,0.0010526070958435994,0.00042128428581921456,8.6,3.2341491594502486e-06,0
2018,MN-08,2018-08-07,-8.04388507656337,8.04388507656337,Open,-2,0.0008659579330366013,0.0018260494283475763,8.6,0.008351567479908027,1
2018,MO-01,2018-08-07,27.249169270162675,27.249169270162675,Incumbent,3,0.0012788675043998484,0.0,8.6,0.0,0
2018,MO-02,2018-08-07,-7.986075858271152,7.986075858271152,Challenger,-2,0.001294518816831894,0.005336554501115587,8.6,0.00024385368697504836,0
2018,MO-03,2018-08-07,-16.521251165170824,16.521251165170824,Challenger,-3,2.2754311810590104e-05,0.0,8.6,0.0,0
2018,MO-04,2018-08-07,-22.699460623660684,22.699460623660684,Challenger,-3,0.00047533900458883487,0.0017053549638070067,8.6,0.0,0
2018,MO-05,2018-08-07,10.413225733597686,10.413225733597686,Incumbent,3,0.002146156117104128,2.309878415086817e-05,8.6,0.0,0
2018,MO-06,2018-08-07,-21.2217918081147,21.2217918081147,Challenger,-3,3.365990941563143e-05,0.00230748732332528,8.6,0.0,0
2018,MO-07,2018-08-07,-24.16088679935535,24.16088679935535,Challenger,-3,2.5935928304460813e-05,0.0028293337692371833,8.6,0.0,0
2018,MO-08,2018-08-07,-27.92529244087229,27.92529244087229,Challenger,-3,0.00028609080557868467,0.002498862271498095,8.6,0.0,0
2018,MS-01,2018-08-07,-18.345109622786225,18.345109622786225,Challenger,-3,0.00021581610351946627,0.0021837183354209114,8.6,0.0,0
2018,MS-02,2018-08-07,11.473888206130106,11.473888206130106,Incumbent,3,0.0017417349436733857,0.0,8.6,0.0,0
2018,MS-03,2018-08-07,-14.883227445186996,14.883227445186996,Open,-3,3.547032194792986e-05,0.001891361124252562,8.6,0.0,0
2018,MS-04,2018-08-07,-21.91982653549508,21.91982653549508,Challenger,-3,0.00020883011447505033,0.0014780634511880582,8.6,0.0,0
2018,NC-01,2018-08-07,2.6847642563189944,2.6847642563189944,Incumbent,1,0.00177120516706072,1.996830621082461e-05,8.6,0.0,0
2018,NC-02,2018-08-07,11.44542313038604,11.44542313038604,Challenger,2,0.00045122277233356926,0.005430420647408362,8.6,0.006367658342024597,1
2018,NC-04,2018-08-07,16.04355221243226,16.04355221243226,Incumbent,3,0.0019986846629757382,3.808345769039612e-05,8.6,0.0,0
2018,NC-05,2018-08-07,-12.9346878047449,12.9346878047449,Challenger,-3,0.0005654227672755227,0.003272254004082331,8.6,8.344278461663614e-05,0
2018,NC-06,2018-08-07,4.163220378592431,4.163220378592431,Challenger,1,0.0003960110358625201,0.0014270627876869625,8.6,0.0,0
2018,NC-07,2018-08-07,-8.254535703796442,8.254535703796442,Challenger,-3,0.0007664640427585572,0.0014245148900376378,8.6,0.0,0
2018,NC-08,2018-08-07,-19.6845056221601,19.6845056221601,Challenger,-3,0.0009224586525601885,0.002386929862690157,8.6,0.0,0
2018,NC-09,2018-08-07,-5.841307578312968,5.841307578312968,Challenger,-2,0.002756329776579036,0.00228230760559343,8.6,0.006253087259881639,1
2018,NC-10,2018-08-07,-22.055350387332396,22.055350387332396,Challenger,-3,0.0001154765577261517,0.008259100166337009,8.6,0.0,0
2018,NC-11,2018-08-07,-8.230709932398778,8.230709932398778,Challenger,-3,9.172925813554738e-05,0.0019710205430480132,8.6,0.0,0
2018,NC-12,2018-08-07,12.402821989006103,12.402821989006103,Incumbent,3,0.0007970043736533004,2.887775757691648e-05,8.6,0.0,0
2018,NC-13,2018-08-07,-1.864598296187117,1.864598296187117,Challenger,-1,0.0018694012660346994,0.0017720604546208256,8.6,0.006092503075769273,1
2018,ND-00,2018-08-07,-20.198325659708185,20.198325659708185,Open,-3,0.00020506176703956178,0.0,8.6,0.0008586579203199542,0
2018,NE-01,2018-08-07,-9.41435049125387,9.41435049125387,Challenger,-3,7.786003241973992e-05,0.0008238346246469341,8.6,0.0,0
2018,NE-02,2018-08-07,-0.5855479710474842,0.5855479710474842,Challenger,0,0.001665440815595186,0.002853061678000686,8.6,0.0015212039858916167,1
2018,NE-03,2018-08-07,-29.05395314239278,29.05395314239278,Challenger,-3,6.480655218524218e-05,0.003624272449485704,8.6,0.0,0
2018,NH-01,2018-08-07,-0.6241611239493683,0.6241611239493683,Open,0,0.0007144100327754397,0.0010331516326515147,8.6,0.0027494368761784523,1
2018,NH-02,2018-08-07,1.2041262086251447,1.2041262086251447,Incumbent,1,0.002559091035953783,0.0005098200141422796,8.6,1.40129459637378e-05,0
2018,NJ-01,2018-08-07,10.541473432003373,10.541473432003373,Incumbent,3,0.0032735852223840954,3.031654427412279e-06,8.6,0.0,0
2018,NJ-02,2018-08-07,-4.761067754946824,4.761067754946824,Open,-1,0.0011681780729566192,0.0014941021365811264,8.6,0.0036831577971617934,1
2018,NJ-03,2018-08-07,4.31835427530044,4.31835427530044,Challenger,1,0.00157107712982859,0.004616456175546722,8.6,0.024065795446599682,1
2018,NJ-04,2018-08-07,-14.584596480441704,14.584596480441704,Challenger,-3,0.0009884117666087164,0.001052307900450917,8.6,0.0,0
2018,NJ-05,2018-08-07,3.445661758280183,3.445661758280183,Incumbent,2,0.002387044465013077,0.004825823656733612,8.6,0.003500669012351934,1
2018,NJ-06,2018-08-07,8.090405096667297,8.090405096667297,Incumbent,3,0.0032519827637245784,1.3426278390836206e-05,8.6,1.836108546644039e-05,0
2018,NJ-07,2018-08-07,-2.1840325062936543,2.1840325062936543,Challenger,-1,0.0021581832776139858,0.0017435456096805482,8.6,0.01480170834871107,1
2018,NJ-08,2018-08-07,23.722217972151167,23.722217972151167,Incumbent,3,0.0010299089287154018,0.0,8.6,0.0,0
2018,NJ-09,2018-08-07,9.263237829680254,9.263237829680254,Incumbent,3,0.0028033630831919864,0.0,8.6,0.0,0
2018,NJ-10,2018-08-07,30.651816525153706,30.651816525153706,Incumbent,3,0.0012303193052617535,0.0,8.6,0.0,0
2018,NJ-11,2018-08-07,5.375678065707767,5.375678065707767,Open,2,0.004180717739078488,0.0015771069800013568,8.6,0.015602944295113958,1
2018,NJ-12,2018-08-07,15.154219911894874,15.154219911894874,Incumbent,3,0.0015087204755733499,0.0,8.6,0.0,0
2018,NM-01,2018-08-07,4.293054721329781,4.293054721329781,Challenger,1,0.0,0.00025117835012222615,8.6,4.279035917883937e-05,0
2018,NM-02,2018-08-07,1.5160307331892997,1.5160307331892997,Open,1,0.0013901019068008392,0.004759552463415027,8.6,0.0017730976103959046,1
2018,NM-03,2018-08-07,3.9759876881442278,3.9759876881442278,Incumbent,2,0.004506820249007304,0.0,8.6,0.0,0
2018,NV-01,2018-08-07,3.1666798532818117,3.1666798532818117,Incumbent,2,0.0012895906634714717,4.954071165273891e-06,8.6,9.917932797172623e-06,0
2018,NV-02,2018-08-07,-8.147825812678416,8.147825812678416,Challenger,-3,0.000535592387790696,0.002132423324233909,8.6,3.2726836756612924e-05,0
2018,NV-03,2018-08-07,1.8001935367752464,1.8001935367752464,Incumbent,1,0.003163679820379808,0.0022911394302823984,8.6,0.01850771772866254,1
2018,NV-04,2018-08-07,3.217223200349606,3.217223200349606,Open,1,0.001538623634028524,0.0003672602691925052,8.6,0.02720437457003651,1
2018,NY-01,2018-08-07,-3.6928800390495202,3.6928800390495202,Challenger,-2,0.0067430928270555855,0.005422302069302542,8.6,0.003133777644139731,1
2018,NY-02,2018-08-07,-3.774283387941013,3.774283387941013,Challenger,-2,0.0013236974173881095,0.0015963129922428334,8.6,3.138335660829889e-05,0
2018,NY-03,2018-08-07,1.705849946619914,1.705849946619914,Incumbent,1,0.0016252837434105074,0.000387165048265521,8.6,0.00014901235951146039,0
2018,NY-04,2018-08-07,5.110116322913344,5.110116322913344,Incumbent,2,0.0026103759715149382,1.2430787546539241e-05,8.6,0.0,0
2018,NY-05,2018-08-07,31.66570070517945,31.66570070517945,Incumbent,3,0.0024601400888345872,1.9010614805632843e-07,8.6,0.0,0
2018,NY-06,2018-08-07,16.45316367287223,16.45316367287223,Incumbent,3,0.0030392570257479156,0.0,8.6,0.0,0
2018,NY-07,2018-08-07,32.947096636428,32.947096636428,Incumbent,3,0.0017662858219518246,0.0,8.6,0.0,0
2018,NY-08,2018-08-07,27.20390212058902,27.20390212058902,Incumbent,3,0.0028526349530670157,0.0,8.6,0.0,0
2018,NY-09,2018-08-07,26.546679495384446,26.546679495384446,Incumbent,3,0.0023790337404619214,1.1435296702242278e-05,8.6,3.0775016934483227e-07,0
2018,NY-10,2018-08-07,35.683837953159355,35.683837953159355,Incumbent,3,0.0038462335758193003,1.7542393339835813e-05,8.6,0.0,0
2018,NY-11,2018-08-07,-5.641502588722533,5.641502588722533,Challenger,-2,0.002143716073009467,0.005442052292077187,8.6,0.002480628683888285,1
2018,NY-12,2018-08-07,34.68988016555067,34.68988016555067,Incumbent,3,0.005641658139404965,1.2978293252941467e-05,8.6,0.0,0
2018,NY-13,2018-08-07,40.02459454905407,40.02459454905407,Incumbent,3,0.0007453914416180314,1.845930697626949e-05,8.6,0.0,0
2018,NY-14,2018-08-07,29.655224876126084,29.655224876126084,Incumbent,3,0.012612334323701123,0.00023870779870638513,8.6,0.0,0
2018,NY-15,2018-08-07,36.766509186357546,36.766509186357546,Incumbent,3,0.0005897769490594389,0.0,8.6,0.0,0
2018,NY-16,2018-08-07,20.483740598184923,20.483740598184923,Incumbent,3,0.005286376141757909,0.0,8.6,0.0,0
2018,NY-17,2018-08-07,2.957058137633134,2.957058137633134,Incumbent,1,0.003246042611969336,0.0,8.6,0.0,0
2018,NY-18,2018-08-07,0.6565680576901656,0.6565680576901656,Incumbent,1,0.00336060647007867,0.000152068759422478,8.6,0.0,0
2018,NY-19,2018-08-07,-0.9436788799621371,0.9436788799621371,Challenger,0,0.006625630167031974,0.003965836862754386,8.6,0.02008233986288701,1
2018,NY-20,2018-08-07,6.380110330079763,6.380110330079763,Incumbent,2,0.002467264411786072,0.0,8.6,0.0,0
2018,NY-21,2018-08-07,-9.049076835055661,9.049076835055661,Challenger,-3,0.001141441575978335,0.0029463499332877275,8.6,1.0063649159657771e-05,0
2018,NY-22,2018-08-07,0.758852657433734,0.758852657433734,Challenger,0,0.0016113258331766317,0.0031208430753008436,8.6,0.024514464966627424,1
2018,NY-23,2018-08-07,-12.452534835467782,12.452534835467782,Challenger,-3,0.0006462846391417881,0.004605691414913032,8.6,0.00012743886035516378,0
2018,NY-24,2018-08-07,-11.822715104854463,11.822715104854463,Challenger,-3,0.0010896420547587488,0.002229070026416871,8.6,0.008081401676245872,1
2018,NY-25,2018-08-07,6.997501041410814,6.997501041410814,Open,2,0.0014857097422533898,0.0005491421401246947,8.6,0.0,0
2018,NY-26,2018-08-07,8.41704225398517,8.41704225398517,Incumbent,3,0.001948340467688239,0.000375511478020952,8.6,0.0,0
2018,OH-01,2018-08-07,1.4899957446163237,1.4899957446163237,Challenger,0,0.0007041183196068303,0.0013498974031322206,8.6,0.008255622586254974,1
2018,OH-02,2018-08-07,-24.48289495044701,24.48289495044701,Challenger,-3,0.0005208181617570663,0.0015754698175386537,8.6,0.0,0
2018,OH-03,2018-08-07,19.48297892975578,19.48297892975578,Incumbent,3,0.0012283881753254395,0.0,8.6,0.0,0
2018,OH-04,2018-08-07,-20.55908860807346,20.55908860807346,Challenger,-3,0.00017388838267179112,0.0010510983183995503,8.6,0.0,0
2018,OH-05,2018-08-07,-15.071640600961539,15.071640600961539,Challenger,-3,0.00031377371433070916,0.0023420604709918163,8.6,0.0,0
2018,OH-06,2018-08-07,-15.378152225349016,15.378152225349016,Challenger,-3,1.1879352979743852e-05,0.0025778205788195142,8.6,0.0,0
2018,OH-07,2018-08-07,-7.0155130829773595,7.0155130829773595,Challenger,-2,0.002281386256146875,0.0006853797150147079,8.6,0.0006848203910427677,0
2018,OH-08,2018-08-07,-14.035211394428032,14.035211394428032,Challenger,-3,3.668795182623064e-05,0.0011761407640210324,8.6,0.0,0
2018,OH-09,2018-08-07,-2.6750752258288104,2.6750752258288104,Incumbent,0,0.0013461934383122071,3.427398395821138e-05,8.6,0.0,0
2018,OH-10,2018-08-07,-4.1762804360223,4.1762804360223,Challenger,-2,0.000891660474359965,0.001618285587572616,8.6,0.0005152845203150849,0
2018,OH-11,2018-08-07,28.441346247008543,28.441346247008543,Incumbent,3,0.0012969037935123345,0.007933842519814513,8.6,0.0,0
2018,OH-12,2018-08-07,-17.225752396313208,17.225752396313208,Open,-3,0.004293769714676688,0.003922620412329036,8.6,0.0012274627385967037,1
2018,OH-13,2018-08-07,-0.4196957081654351,0.4196957081654351,Incumbent,1,0.0,4.0194554780203644e-05,8.6,0.0,0
2018,OH-14,2018-08-07,-9.040584982726719,9.040584982726719,Challenger,-3,0.0012678960983832216,0.0027145678282924665,8.6,0.00021990319559652883,0
2018,OH-15,2018-08-07,-6.124369085418522,6.124369085418522,Challenger,-2,0.001326810785774828,0.0068045317755654425,8.6,0.0004386018469546157,0
2018,OK-01,2018-08-07,-14.538246122325646,14.538246122325646,Open,-3,0.000256969363604318,0.004808541201866885,8.6,0.0,0
2018,OK-02,2018-08-07,-28.318688286984766,28.318688286984766,Challenger,-3,0.0001484160915780817,0.0036457612246686825,8.6,0.0,0
2018,OK-04,2018-08-07,-19.182424517801458,19.182424517801458,Challenger,-3,0.00012402604310089892,0.0033541895954728182,8.6,0.0,0
2018,OK-05,2018-08-07,-12.644828798930217,12.644828798930217,Challenger,-3,0.0012433916376892668,0.000802612631758394,8.6,0.0013613620078656214,1
2018,OR-01,2018-08-07,17.576673418835615,17.576673418835615,Incumbent,3,0.0015432786048541894,2.3121660257350945e-06,8.6,0.0,0
2018,OR-02,2018-08-07,-15.622567897681755,15.622567897681755,Challenger,-3,0.0005439727420623892,0.006507961685418732,8.6,2.5347486407510457e-05,0
2018,OR-03,2018-08-07,22.427199819667493,22.427199819667493,Incumbent,3,0.0033711238392450217,0.0,8.6,0.0,0
2018,OR-04,2018-08-07,3.8251339099398374,3.8251339099398374,Incumbent,2,0.002122004398367892,0.00012373052309374533,8.6,0.0,0
2018,OR-05,2018-08-07,1.3926991240531428,1.3926991240531428,Challenger,0,0.0005779500020078425,1.570016971209596e-05,8.6,0.00014816708420848583,0
2018,PA-01,2018-08-07,-0.3294379916098378,0.3294379916098378,Open,0,0.011657869780266469,0.0042628779408829046,8.6,0.00921896492838207,1
2018,PA-02,2018-08-07,21.679232400053635,21.679232400053635,Incumbent,3,0.0024271156725875504,0.0,8.6,2.515738025945413e-06,0
2018,PA-03,2018-08-07,39.56244943477092,39.56244943477092,Incumbent,3,0.0029132335373493893,0.00030100140108918667,8.6,0.0,0
2018,PA-04,2018-08-07,6.7213071147185115,6.7213071147185115,Challenger,1,0.002036119922069978,0.0004283582306414646,8.6,0.00012889241196320248,0
2018,PA-05,2018-08-07,13.93763368095236,13.93763368095236,Open,3,0.002792665081500623,0.004693546531541698,8.6,0.0004981390052436745,0
2018,PA-06,2018-08-07,4.3527128827801125,4.3527128827801125,Open,1,0.0019356355787605607,0.004037081834908925,8.6,0.0008197838111597913,0
2018,PA-07,2018-08-07,-2.2695414278169013,2.2695414278169013,Open,0,0.0017185706045857964,0.003932649272063599,8.6,0.006681745414656019,1
2018,PA-08,2018-08-07,-4.501763513589582,4.501763513589582,Incumbent,0,0.0014755888394588088,0.0030673173585725483,8.6,0.00021182555368125843,0
2018,PA-09,2018-08-07,-21.24854746987166,21.24854746987166,Open,-3,0.000845919889553798,0.0040768267886489755,8.6,0.0,0
2018,PA-10,2018-08-07,-5.326025754717467,5.326025754717467,Challenger,-2,0.0004448120444931718,0.0009677870555530113,8.6,0.004612214051905919,1
2018,PA-11,2018-08-07,-13.771108373802177,13.771108373802177,Open,-3,0.0013532591768857327,0.0,8.6,0.0008313770543867111,0
2018,PA-12,2018-08-07,7.88100756160039,7.88100756160039,Challenger,2,0.00023226399239622582,0.002074467817412321,8.6,2.243927423890277e-05,0
2018,PA-13,2018-08-07,-25.087095894319965,25.087095894319965,Challenger,-3,2.2759317939155584e-05,0.0034885609933604364,8.6,0.0,0
2018,PA-14,2018-08-07,-17.931297318589706,17.931297318589706,Challenger,-3,0.0003842445742503637,0.006323151704541106,8.6,0.0,0
2018,PA-15,2018-08-07,-20.54575453550953,20.54575453550953,Open,-3,0.0012674936119834283,0.0027725909812184044,8.6,0.0005427386046335652,0
2018,PA-16,2018-08-07,-12.68595112222987,12.68595112222987,Challenger,-3,0.000689969732906454,0.0025985468382426396,8.6,0.0032734725528070145,1
2018,PA-17,2018-08-07,0.060852313130244085,0.060852313130244085,Incumbent,1,0.01687603837085041,0.001833343040823905,8.6,0.0027190378258360724,1
2018,RI-01,2018-08-07,12.30038609480771,12.30038609480771,Incumbent,3,0.002585921508737922,0.0,8.6,0.0,0
2018,RI-02,2018-08-07,3.7712601111473285,3.7712601111473285,Incumbent,2,0.0016180451666640407,1.1169781782123605e-05,8.6,0.0,0
2018,SC-01,2018-08-07,-7.794760907709938,7.794760907709938,Challenger,-2,0.0015162990571656154,0.0020688369366756083,8.6,0.0024337921688229306,1
2018,SC-02,2018-08-07,-8.884926417688632,8.884926417688632,Challenger,-3,0.00016878970409656238,0.0028724219613813105,8.6,0.0,0
2018,SC-03,2018-08-07,-21.02599305771811,21.02599305771811,Challenger,-3,0.00043682052066296997,0.0012404232886091575,8.6,0.0,0
2018,SC-04,2018-08-07,-12.715665017842142,12.715665017842142,Open,-3,0.00033639685289914035,0.005552953818612932,8.6,0.0,0
2018,SC-05,2018-08-07,-11.5696148738559,11.5696148738559,Challenger,-3,0.004674071645838153,0.0055776489240890285,8.6,0.00011074167894958683,0
2018,SC-06,2018-08-07,14.673162065264773,14.673162065264773,Incumbent,3,0.0040937654682313,3.0143864522971627e-06,8.6,0.0,0
2018,SC-07,2018-08-07,-11.271404349615027,11.271404349615027,Challenger,-3,0.00035376130688439546,0.0023298066089004017,8.6,0.0,0
2018,SD-00,2018-08-07,-16.388862204651893,16.388862204651893,Open,-3,0.0007812642182813966,0.0024027497359068125,8.6,0.0,0
2018,TN-01,2018-08-07,-30.27155839221352,30.27155839221352,Challenger,-3,0.00019511953233979592,0.0009281766969657847,8.6,0.0,0
2018,TN-02,2018-08-07,-18.47057443452429,18.47057443452429,Open,-3,0.0003286250917760916,0.0014460724202774971,8.6,0.0,0
2018,TN-03,2018-08-07,-19.071192130050548,19.071192130050548,Challenger,-3,0.00034230513019022497,0.0009821001474401721,8.6,5.707620251811242e-06,0
2018,TN-04,2018-08-07,-22.05113294578421,22.05113294578421,Challenger,-3,0.0006631270299601225,0.0005020945121819246,8.6,0.0,0
2018,TN-05,2018-08-07,-9.101000979194431,9.101000979194431,Incumbent,-2,0.001570837596082039,7.612927436347709e-06,8.6,0.0,0
2018,TN-06,2018-08-07,-17.433317798148636,17.433317798148636,Open,-3,0.0002997694498810657,0.0019748145231291317,8.6,0.0,0
2018,TN-07,2018-08-07,-10.102757532277787,10.102757532277787,Open,-3,0.0005579629703414344,0.0024047101421899274,8.6,0.0,0
2018,TN-08,2018-08-07,-21.234299336382385,21.234299336382385,Challenger,-3,0.0,0.0,8.6,0.0,0
2018,TN-09,2018-08-07,22.626245642096478,22.626245642096478,Incumbent,3,0.0006170952659038493,0.0,8.6,0.0,0
2018,TX-01,2018-08-07,-25.594871709035786,25.594871709035786,Challenger,-3,0.0002356022880404529,0.0019278693307158057,8.6,0.0,0
2018,TX-02,2018-08-07,-15.801396694115272,15.801396694115272,Open,-3,0.0013794426233949626,0.019686604639360963,8.6,0.0,0
2018,TX-03,2018-08-07,-12.263087849046576,12.263087849046576,Open,-3,0.0005089535103194389,0.005365299501232444,8.6,0.0,0
2018,TX-04,2018-08-07,-17.269135073146472,17.269135073146472,Challenger,-3,5.5661495932992495e-05,0.002250487385056897,8.6,0.0,0
2018,TX-05,2018-08-07,-14.83951783996549,14.83951783996549,Open,-3,0.0002554486411572994,0.0024564150539164976,8.6,0.0,0
2018,TX-06,2018-08-07,-15.863029594192207,15.863029594192207,Open,-3,0.0009226097869478933,0.002770735830372597,8.6,7.128980552112316e-06,0
2018,TX-07,2018-08-07,13.729817763471857,13.729817763471857,Challenger,3,0.004831253753693618,0.002972549063554172,8.6,0.0279961747562024,1
2018,TX-08,2018-08-07,-16.869917309464675,16.869917309464675,Challenger,-3,6.917075565745529e-05,0.011962923547376339,8.6,0.0,0
2018,TX-09,2018-08-07,26.617373897635815,26.617373897635815,Incumbent,3,0.00108788338278308,0.0,8.6,0.0,0
2018,TX-10,2018-08-07,-13.4287872760659,13.4287872760659,Challenger,-3,0.00041451736242607547,0.003337075796443775,8.6,0.00010934290959654629,0
2018,TX-11,2018-08-07,-22.919337360625505,22.919337360625505,Challenger,-3,0.00013655375309858887,0.00493558083931113,8.6,0.0,0
2018,TX-12,2018-08-07,-13.051453656022414,13.051453656022414,Challenger,-3,0.00017703429089418527,0.003979024272770189,8.6,0.0,0
2018,TX-13,2018-08-07,-26.679313899188365,26.679313899188365,Challenger,-3,7.638823062148784e-05,0.0036754252929583186,8.6,0.0,0
2018,TX-14,2018-08-07,-16.3040863161223,16.3040863161223,Challenger,-3,0.00031345883518081184,0.0015065799437149515,8.6,0.0,0
2018,TX-15,2018-08-07,1.0192203759560066,1.0192203759560066,Incumbent,1,0.000797691607378524,2.9891498611426848e-05,8.6,0.0001466430032195184,0
2018,TX-16,2018-08-07,18.43690817546573,18.43690817546573,Incumbent,3,0.0030010962265396186,1.4257961104224633e-09,8.6,1.3149008573896051e-05,0
2018,TX-17,2018-08-07,-14.809739204605819,14.809739204605819,Challenger,-3,0.00022790910412526745,0.0015395505599220887,8.6,0.0,0
2018,TX-18,2018-08-07,24.071403016543012,24.071403016543012,Incumbent,3,0.001380459184337336,1.840221176313657e-05,8.6,0.0,0
2018,TX-19,2018-08-07,-26.119921275348524,26.119921275348524,Challenger,-3,0.00016125804703850873,0.0014200912150254409,8.6,0.0,0
2018,TX-20,2018-08-07,15.203957520397655,15.203957520397655,Incumbent,3,0.002137652383942346,0.0,8.6,0.0,0
2018,TX-21,2018-08-07,-14.049205651119959,14.049205651119959,Open,-3,0.003914318983793145,0.002429377523852766,8.6,0.0007475888468990568,0
2018,TX-22,2018-08-07,-12.074613279983733,12.074613279983733,Challenger,-3,0.0011449028703003545,0.004011916977140981,8.6,0.00034242518222272225,0
2018,TX-23,2018-08-07,-4.585290023430264,4.585290023430264,Challenger,-2,0.0035150240860134575,0.004685954547465994,8.6,0.009759163429718378,1
2018,TX-24,2018-08-07,-11.114874528587615,11.114874528587615,Challenger,-3,0.00010567157966528247,0.0013296682712862625,8.6,0.0,0
2018,TX-25,2018-08-07,-19.19898352457276,19.19898352457276,Challenger,-3,0.00039302709807826985,0.002601185891789957,8.6,7.48947884067154e-05,0
2018,TX-26,2018-08-07,-14.460784914132033,14.460784914132033,Challenger,-3,0.00021427317033748312,0.004448247816050916,8.6,0.0,0
2018,TX-27,2018-08-07,-12.998842038805336,12.998842038805336,Open,-3,0.0003223662587479911,0.001308471435777982,8.6,0.0,0
2018,TX-28,2018-08-07,5.10353280309821,5.10353280309821,Incumbent,2,0.0027824030248911097,0.0,8.6,0.0,0
2018,TX-29,2018-08-07,20.482512838177314,20.482512838177314,Open,3,0.005743965537305527,0.0001115497885006162,8.6,0.00018086670410156854,0
2018,TX-30,2018-08-07,27.154332784294745,27.154332784294745,Incumbent,3,0.0005977772177724514,0.0,8.6,0.0,0
2018,TX-31,2018-08-07,-14.829107583854608,14.829107583854608,Challenger,-3,0.002363883991417165,0.002792231481061264,8.6,0.0008172571103459747,0
2018,TX-32,2018-08-07,13.571719379477386,13.571719379477386,Challenger,3,0.003085938065668518,0.004673315276843753,8.6,0.03277418956829207,1
2018,TX-33,2018-08-07,24.328975075347326,24.328975075347326,Incumbent,3,0.003028129637636809,0.00012665803103638077,8.6,0.0,0
2018,TX-34,2018-08-07,11.644424539330867,11.644424539330867,Incumbent,3,0.0018462898081406274,0.00016584080921227062,8.6,0.0,0
2018,TX-35,2018-08-07,21.121858476582872,21.121858476582872,Incumbent,3,0.0009035320329876385,7.461140350867936e-05,8.6,0.0,0
2018,TX-36,2018-08-07,-18.290803523740188,18.290803523740188,Challenger,-3,0.0012242398056999861,0.001618953620576886,8.6,0.0,0
2018,UT-01,2018-08-07,-12.123124549168047,12.123124549168047,Challenger,-3,1.7533775194457257e-05,0.0015021922938178115,8.6,0.0,0
2018,UT-02,2018-08-07,-11.340716989963664,11.340716989963664,Challenger,-3,0.00013848139775552205,0.001754610706343809,8.6,0.0,0
2018,UT-03,2018-08-07,-13.645002876084327,13.645002876084327,Challenger,-3,0.0027477107440384584,0.003956504488577584,8.6,0.0,0
2018,UT-04,2018-08-07,-16.033873855329205,16.033873855329205,Challenger,-3,0.001356426186890561,0.008847547671418732,8.6,0.0038180498324202235,1
2018,VA-01,2018-08-07,-6.880373957461114,6.880373957461114,Challenger,-2,0.00021520871437642636,0.003011654278421655,8.6,8.932783727329977e-05,0
2018,VA-02,2018-08-07,-2.661735182405322,2.661735182405322,Challenger,-1,0.001585825533110442,0.006002784031727631,8.6,0.014865705460602247,1
2018,VA-03,2018-08-07,16.85842965665598,16.85842965665598,Incumbent,3,0.0009162614456084161,1.0023885290356077e-05,8.6,0.0,0
2018,VA-04,2018-08-07,15.574281632020249,15.574281632020249,Incumbent,3,0.0015554261025557666,0.00019155440837657957,8.6,0.0,0
2018,VA-05,2018-08-07,-6.758397945939892,6.758397945939892,Open,-2,0.0025566611942224008,0.0003463565773645274,8.6,0.0024962074391404886,1
2018,VA-06,2018-08-07,-13.950633267870007,13.950633267870007,Open,-3,0.00011117578633867338,0.0009764724351392607,8.6,6.744909101194119e-05,0
2018,VA-07,2018-08-07,0.6168037879000998,0.6168037879000998,Challenger,0,0.0028087384929500686,0.0019693009062014123,8.6,0.012270197912717298,1
2018,VA-08,2018-08-07,26.392191262569703,26.392191262569703,Incumbent,3,0.004468084156910631,0.0,8.6,0.0,0
2018,VA-09,2018-08-07,-23.06933825260913,23.06933825260913,Challenger,-3,0.0006853989157356617,0.0014665634867111188,8.6,0.0,0
2018,VA-10,2018-08-07,4.930169768920273,4.930169768920273,Challenger,1,0.003727194618984721,0.007117090901716219,8.6,0.019902704222831538,1
2018,VA-11,2018-08-07,17.903084074439196,17.903084074439196,Incumbent,3,0.0022840322485685968,0.0010554028602256318,8.6,0.0,0
2018,VT-00,2018-08-07,15.057806438313465,15.057806438313465,Incumbent,3,0.0013528780774275957,0.0,8.6,0.0,0
2018,WA-01,2018-08-07,13.178214590932551,13.178214590932551,Incumbent,3,0.0024158104084905786,1.8922975871378876e-05,8.6,1.0467846514783741e-05,0
2018,WA-02,2018-08-07,9.080595379195262,9.080595379195262,Incumbent,3,0.001883996823973514,0.0,8.6,1.164450851817837e-05,0
2018,WA-03,2018-08-07,-4.816242854185046,4.816242854185046,Challenger,-2,0.0017446436627917218,0.003096978258426382,8.6,0.007401633261034628,1
2018,WA-04,2018-08-07,-11.858442573624501,11.858442573624501,Challenger,-3,0.0007378596895069037,0.0018004190639917582,8.6,7.880036079674252e-05,0
2018,WA-05,2018-08-07,-8.078962030869253,8.078962030869253,Challenger,-3,0.0046654352185850284,0.008419706244340758,8.6,0.0008956039095578137,0
2018,WA-06,2018-08-07,6.012415033952323,6.012415033952323,Incumbent,2,0.0026909210948541837,2.564658674711908e-05,8.6,9.495738726697528e-06,0
2018,WA-07,2018-08-07,36.72818037182857,36.72818037182857,Incumbent,3,0.002585742016849799,5.8774484107414875e-06,8.6,9.848163840835892e-06,0
2018,WA-08,2018-08-07,0.9197171183407571,0.9197171183407571,Open,0,0.003029638161605993,0.004165000776656647,8.6,0.0383431156618837,1
2018,WA-09,2018-08-07,21.550272727277893,21.550272727277893,Incumbent,3,0.0019834373261083124,9.021899152667187e-06,8.6,1.0856043269114822e-05,0
2018,WA-10,2018-08-07,6.465507414278027,6.465507414278027,Incumbent,2,0.0020507215000368146,0.0,8.6,8.136859980391245e-06,0
2018,WI-01,2018-08-07,-2.905236133876948,2.905236133876948,Open,0,0.014503444951419264,0.000377705049494658,8.6,0.0013845632592302895,1
2018,WI-02,2018-08-07,18.958739607660107,18.958739607660107,Incumbent,3,0.0022277733757496954,5.544762651642913e-07,8.6,0.0017368604636154316,1
2018,WI-03,2018-08-07,-4.072955843970282,4.072955843970282,Incumbent,0,0.0031779602773782194,0.00038657739847752087,8.6,0.0,0
2018,WI-04,2018-08-07,24.931618077414967,24.931618077414967,Incumbent,3,0.002324894329403342,0.0,8.6,0.0,0
2018,WI-05,2018-08-07,-14.692106941889419,14.692106941889419,Challenger,-3,0.0003343995977076606,0.0008420178024431519,8.6,0.0001421043456721056,0
2018,WI-06,2018-08-07,-10.259029707645526,10.259029707645526,Challenger,-3,0.0016970055017843726,0.0017434446633159306,8.6,0.0012241531489808307,1
2018,WI-07,2018-08-07,-12.13181484837636,12.13181484837636,Challenger,-3,0.0009219279395635313,0.004610022951812138,8.6,0.0,0
2018,WI-08,2018-08-07,-10.173587881331,10.173587881331,Challenger,-3,0.0003854966450258206,0.003033955535597069,8.6,0.0,0
2018,WV-01,2018-08-07,-23.41158043159246,23.41158043159246,Challenger,-3,0.002011963925945411,0.002501690258872223,8.6,0.0,0
2018,WV-02,2018-08-07,-21.92686288918549,21.92686288918549,Challenger,-3,0.0008177363679452253,0.0015302172985832633,8.6,1.9010614805632845e-05,0
2018,WY-00,2018-08-07,-25.77787700236944,25.77787700236944,Challenger,-3,5.804409628658246e-05,0.0014716728429149965,8.6,0.0,0
2018,MI-04,2018-08-07,-5.202260954909226,5.202260954909226,Open,-2,0.0,0.001591342983845481,8.6,0.0,0
2018,NC-03,2018-08-07,-14.845244174580227,14.845244174580227,Open,-3,0.0,0.0015064342907211822,8.6,0.0,0
2018,OK-03,2018-08-07,-25.040406323060722,25.040406323060722,Open,-3,0.0,0.0022128804917953206,8.6,0.0,0
2020,AL-01,2020-08-04,-16.357029889797673,16.357029889797673,Open,-3,0.00030169063276150906,0.004247544861761118,7.0,0.0,0
2020,AL-02,2020-08-04,-17.48894147961364,17.48894147961364,Open,-3,4.768051278745527e-05,0.005880820667780228,7.0,0.0,0
2020,AL-03,2020-08-04,-19.224766238484722,19.224766238484722,Challenger,-3,2.1012859729328596e-05,0.002060856600695304,7.0,0.0,0
2020,AL-04,2020-08-04,-32.99150514498746,32.99150514498746,Challenger,-3,3.1698887554906815e-05,0.0016048444877641201,7.0,0.0,0
2020,AL-05,2020-08-04,-17.288279129804017,17.288279129804017,Open,-3,7.899259352223972e-06,0.000512345667679184,7.0,0.0,0
2020,AL-07,2020-08-04,14.226682719477429,14.226682719477429,Incumbent,3,0.003195060386009723,0.0,7.0,0.0,0
2020,AR-01,2020-08-04,-21.391296630854292,21.391296630854292,Open,-3,1.525463994172562e-06,0.0016730965689717898,7.0,0.0,0
2020,AR-02,2020-08-04,-9.052831282224066,9.052831282224066,Challenger,-3,0.0008421367709797461,0.0016240235363772539,7.0,0.009925075561909535,1
2020,AR-03,2020-08-04,-15.476863151334888,15.476863151334888,Challenger,-3,0.00041593001257190224,0.001306255580941962,7.0,0.0,0
2020,AR-04,2020-08-04,-18.710195024103218,18.710195024103218,Challenger,-3,0.0001679756795619147,0.0,7.0,1.9570584371638238e-05,0
2020,AZ-01,2020-08-04,-2.448492787482301,2.448492787482301,Incumbent,0,0.0018599541367607735,0.0012991601394170675,7.0,0.009753312129825688,1
2020,AZ-02,2020-08-04,-6.433271888721167,6.433271888721167,Incumbent,-1,0.002048744569127974,0.00039318359013519605,7.0,8.240048008500812e-08,0
2020,AZ-03,2020-08-04,24.623777496420452,24.623777496420452,Incumbent,3,0.001078751287720653,1.1660850166654287e-05,7.0,0.0,0
2020,AZ-04,2020-08-04,1.6182962123334588,1.6182962123334588,Challenger,0,7.712395097817814e-05,0.000948273623360692,7.0,0.0,0
2020,AZ-05,2020-08-04,-11.63027765524259,11.63027765524259,Challenger,-3,0.00022771394282290804,0.0019050214280286117,7.0,0.0,0
2020,AZ-06,2020-08-04,-3.0859031340330274,3.0859031340330274,Challenger,-2,0.0033697714467451076,0.003173108476069981,7.0,0.01867171628117402,1
2020,AZ-07,2020-08-04,15.636005284412564,15.636005284412564,Incumbent,3,0.0022259371529914787,1.880261494817197e-05,7.0,0.0,0
2020,AZ-08,2020-08-04,-10.181826844449171,10.181826844449171,Challenger,-3,0.00043121106846512693,0.0014753925199694406,7.0,0.0,0
2020,AZ-09,2020-08-04,-15.971098802177186,15.971098802177186,Incumbent,-3,0.0,0.00023381455300400302,7.0,0.0,0
2020,CA-01,2020-08-04,-12.4413722392534,12.4413722392534,Challenger,-3,0.002040878971681221,0.0007858586668479347,7.0,5.119711408442147e-05,0
2020,CA-02,2020-08-04,23.304486035062574,23.304486035062574,Incumbent,3,0.0014278415699238904,5.255884494321952e-06,7.0,0.0,0
2020,CA-03,2020-08-04,-4.260867603951912,4.260867603951912,Incumbent,0,0.0014425296525381803,0.00030814095556326815,7.0,0.0,0
2020,CA-04,2020-08-04,16.90863605237989,16.90863605237989,Challenger,3,0.0028151770367713185,0.002404928818240911,7.0,0.000568921796626657,0
2020,CA-05,2020-08-04,-8.888000805717656,8.888000805717656,Incumbent,-2,0.004057134310358907,1.5098534126321963e-06,7.0,0.0,0
2020,CA-06,2020-08-04,7.578196341651678,7.578196341651678,Incumbent,2,0.0019829518663961087,5.485476995204883e-05,7.0,0.0,0
2020,CA-07,2020-08-04,18.0949623630077,18.0949623630077,Incumbent,3,0.002164694502563832,7.541942293548963e-05,7.0,0.0,0
2020,CA-08,2020-08-04,26.86109662816917,26.86109662816917,Open,3,0.002095283144993791,0.0024126665309561523,7.0,4.81568643440384e-06,0
2020,CA-09,2020-08-04,4.989054547840372,4.989054547840372,Incumbent,2,0.001413735756916176,1.8356391305476593e-05,7.0,0.0,0
2020,CA-10,2020-08-04,18.00449331076005,18.00449331076005,Incumbent,3,0.002905531464092955,0.002837512931422793,7.0,0.00026814356930446255,0
2020,CA-11,2020-08-04,37.65186614121579,37.65186614121579,Incumbent,3,0.0007157619691541117,0.00013627290207382273,7.0,0.0,0
2020,CA-12,2020-08-04,40.46856696126791,40.46856696126791,Incumbent,3,0.02281705675876037,0.0007173105693521958,7.0,1.2712199951438018e-06,0
2020,CA-13,2020-08-04,4.383782670392684,4.383782670392684,Incumbent,2,0.0030050629048327337,1.406421868947316e-05,7.0,0.0,0
2020,CA-14,2020-08-04,22.448767455138224,22.448767455138224,Incumbent,3,0.0015075005878163843,0.0,7.0,0.0,0
2020,CA-15,2020-08-04,28.539933135818373,28.539933135818373,Incumbent,3,0.008870737037219623,0.0,7.0,0.0,0
2020,CA-16,2020-08-04,26.442084135142792,26.442084135142792,Incumbent,3,0.0034722925172450663,0.0002588526291503549,7.0,0.0,0
2020,CA-17,2020-08-04,24.68124762453286,24.68124762453286,Incumbent,3,0.004558979319512204,0.00014404946327211543,7.0,0.0,0
2020,CA-18,2020-08-04,22.530887217829346,22.530887217829346,Incumbent,3,0.0033497913007154343,5.141416218639232e-05,7.0,0.0,0
2020,CA-19,2020-08-04,18.97607047198322,18.97607047198322,Incumbent,3,0.0036194956739299343,9.948949047993937e-06,7.0,0.0,0
2020,CA-20,2020-08-04,-16.1928793689232,16.1928793689232,Incumbent,-3,0.0034367145272993778,0.00010816968569958008,7.0,1.1731428300784648e-05,0
2020,CA-21,2020-08-04,9.24463230357992,9.24463230357992,Incumbent,3,0.0032799273634027217,0.0019604033983370464,7.0,0.027149887947966488,1
2020,CA-22,2020-08-04,5.826128820806293,5.826128820806293,Challenger,1,0.005530662662478669,0.02548054313056636,7.0,0.00017476732493236987,0
2020,CA-23,2020-08-04,-8.137760237717675,8.137760237717675,Challenger,-3,0.00052983312926918,0.03018450455661232,7.0,6.0390500816101666e-05,0
2020,CA-24,2020-08-04,12.509524773144115,12.509524773144115,Incumbent,3,0.001846754347667998,0.0014350852865490185,7.0,0.00015071024925627062,0
2020,CA-25,2020-08-04,6.785435303968063,6.785435303968063,Challenger,1,0.00778356190850355,0.009874483828211201,7.0,0.03610959970659822,1
2020,CA-26,2020-08-04,8.003792259311972,8.003792259311972,Incumbent,3,0.0025630843996135395,0.00018532218827884916,7.0,9.661271963092893e-05,0
2020,CA-27,2020-08-04,4.063200566994896,4.063200566994896,Incumbent,2,0.0018954988461669887,5.1739772475948456e-05,7.0,1.2712199951438018e-06,0
2020,CA-28,2020-08-04,16.169126222614,16.169126222614,Incumbent,3,0.01580864834470605,0.0025419764780529744,7.0,0.0,0
2020,CA-29,2020-08-04,27.637639681993456,27.637639681993456,Incumbent,3,0.0019080825257769178,0.0,7.0,0.0,0
2020,CA-30,2020-08-04,24.07935261980949,24.07935261980949,Incumbent,3,0.002111417545445356,1.7797079932013224e-08,7.0,0.0,0
2020,CA-31,2020-08-04,16.10022520246681,16.10022520246681,Incumbent,3,0.0036966829570882704,0.0002621597333921214,7.0,0.0,0
2020,CA-32,2020-08-04,20.567593412917894,20.567593412917894,Incumbent,3,0.0004815185573725469,1.2647393156085588e-05,7.0,0.0,0
2020,CA-33,2020-08-04,12.701667657858678,12.701667657858678,Incumbent,3,0.003193053688974189,0.0002567497007611883,7.0,0.0,0
2020,CA-34,2020-08-04,34.29769394227007,34.29769394227007,Incumbent,3,0.0009976351720453254,8.209831109237555e-05,7.0,8.757561668545165e-05,0
2020,CA-35,2020-08-04,14.526011827287176,14.526011827287176,Incumbent,3,0.000943410901786468,1.3536840362287803e-05,7.0,9.025661965520992e-06,0
2020,CA-36,2020-08-04,21.379065236746058,21.379065236746058,Incumbent,3,0.00309519746194401,1.4133296784009273e-05,7.0,0.0,0
2020,CA-37,2020-08-04,38.17115571896528,38.17115571896528,Incumbent,3,0.002259031484159455,4.892127435151543e-05,7.0,0.0,0
2020,CA-38,2020-08-04,15.524643438248566,15.524643438248566,Incumbent,3,0.001675819395079388,0.0,7.0,0.0,0
2020,CA-39,2020-08-04,12.638332359465792,12.638332359465792,Incumbent,3,0.0026980298429196336,0.004166227639082558,7.0,0.012104499741405898,1
2020,CA-40,2020-08-04,-2.3490241947268897,2.3490241947268897,Incumbent,0,0.0013174240113312974,6.869194875038931e-05,7.0,0.0,0
2020,CA-41,2020-08-04,-3.5498506287901357,3.5498506287901357,Incumbent,0,0.00179057219522142,0.00028626015767005517,7.0,0.0,0
2020,CA-42,2020-08-04,23.548646756052822,23.548646756052822,Challenger,3,0.00012902163440192335,0.0022381844932150923,7.0,2.5424399902875664e-06,0
2020,CA-43,2020-08-04,33.66523654372313,33.66523654372313,Incumbent,3,0.0022551832469901558,0.0073830156155516805,7.0,7.952998906298734e-05,0
2020,CA-44,2020-08-04,25.585392212203978,25.585392212203978,Incumbent,3,0.001473295617163051,7.520524779070779e-05,7.0,0.0,0
2020,CA-45,2020-08-04,3.405664749834103,3.405664749834103,Incumbent,2,0.0038932063732323293,0.001065557142844656,7.0,0.0032498669512995553,1
2020,CA-46,2020-08-04,16.58257586569293,16.58257586569293,Incumbent,3,0.001051600545639972,1.4770457669975249e-05,7.0,0.0,0
2020,CA-47,2020-08-04,3.120100066463399,3.120100066463399,Incumbent,2,0.0015117170974182769,0.0,7.0,0.0,0
2020,CA-48,2020-08-04,-10.09708544488959,10.09708544488959,Incumbent,-2,0.003367159954084684,0.003450915732655528,7.0,0.0370932420008202,1
2020,CA-49,2020-08-04,2.7222366320874105,2.7222366320874105,Open,1,0.008734920248880059,0.003869071524316927,7.0,6.86458797377653e-07,0
2020,CA-50,2020-08-04,14.071194061937565,14.071194061937565,Open,3,0.005482950903103734,0.00797428912080655,7.0,0.00012757963871263194,0
2020,CA-51,2020-08-04,11.437344844143032,11.437344844143032,Incumbent,3,0.0013536061867162777,4.7696936949792524e-05,7.0,0.0,0
2020,CA-52,2020-08-04,20.016199703055122,20.016199703055122,Incumbent,3,0.0033512372117623103,0.0006646928160744013,7.0,0.00017034347934926944,0
2020,CO-01,2020-08-04,28.762867479927927,28.762867479927927,Incumbent,3,0.0019388228626066866,0.0,7.0,1.4034268746387571e-06,0
2020,CO-02,2020-08-04,16.877197454600925,16.877197454600925,Incumbent,3,0.0007954065205630609,5.154372492829739e-05,7.0,1.4008590102485726e-05,0
2020,CO-03,2020-08-04,-7.619998140340705,7.619998140340705,Challenger,-2,0.0023204914115086714,0.0003605508389474567,7.0,0.01344066875599519,1
2020,CO-04,2020-08-04,-13.921511275641516,13.921511275641516,Challenger,-3,0.00010271165180163036,0.0007496610334278135,7.0,0.0,0
2020,CO-05,2020-08-04,-10.35789116985529,10.35789116985529,Challenger,-3,9.321032473832646e-05,0.0006243871843911732,7.0,0.0,0
2020,CO-06,2020-08-04,8.034491840473857,8.034491840473857,Incumbent,3,0.00219284882198188,0.0009760342459462433,7.0,6.238575687167965e-05,0
2020,CO-07,2020-08-04,2.769295170062125,2.769295170062125,Incumbent,1,0.0024109645962022536,9.799018819326685e-05,7.0,0.0,0
2020,CT-01,2020-08-04,11.526638530994981,11.526638530994981,Incumbent,3,0.0022995991397080817,3.598101753294861e-05,7.0,0.0,0
2020,CT-02,2020-08-04,2.1286702699589153,2.1286702699589153,Incumbent,1,0.0010313943512707618,5.229290572023543e-05,7.0,0.0,0
2020,CT-03,2020-08-04,6.922120923630809,6.922120923630809,Incumbent,2,0.0020117096593702507,0.0004875967686573275,7.0,0.0006961200693407459,0
2020,CT-04,2020-08-04,12.541705966334455,12.541705966334455,Incumbent,3,0.0023661724986389645,7.173494432596473e-05,7.0,0.0,0
2020,CT-05,2020-08-04,2.141638010775665,2.141638010775665,Incumbent,1,0.0017752393498255933,0.00032064116686831597,7.0,1.104471525940773e-05,0
2020,DE-00,2020-08-04,6.127682804332846,6.127682804332846,Incumbent,2,0.002186908232973773,8.294102825155628e-05,7.0,1.955721113728945e-05,0
2020,FL-01,2020-08-04,-19.928854314051243,19.928854314051243,Challenger,-3,0.0012528163398789057,0.005653653858043229,7.0,5.113790065704758e-05,0
2020,FL-02,2020-08-04,-7.56900038068406,7.56900038068406,Challenger,-2,3.597552586256959e-08,0.0009410837047657582,7.0,0.0,0
2020,FL-03,2020-08-04,-9.079725707420678,9.079725707420678,Open,-2,4.437216275009353e-05,0.0016353803869942696,7.0,3.2905732969496496e-05,0
2020,FL-04,2020-08-04,-6.09606681878749,6.09606681878749,Challenger,-2,0.000886738999124561,0.0011038423228920027,7.0,5.466245979118348e-05,0
2020,FL-05,2020-08-04,-11.450101278446976,11.450101278446976,Incumbent,-2,0.0008480014427297425,9.041226783141533e-05,7.0,0.0,0
2020,FL-06,2020-08-04,-13.732136947426714,13.732136947426714,Challenger,-3,5.936437203602167e-05,0.002363207098331893,7.0,0.0,0
2020,FL-07,2020-08-04,-5.117554716684672,5.117554716684672,Incumbent,-1,0.0021831290484746104,0.0007924715532626728,7.0,0.0003813659985431405,0
2020,FL-08,2020-08-04,-11.553985107654771,11.553985107654771,Challenger,-3,0.00024389708184908673,0.001721834889341604,7.0,1.2065810008307321e-05,0
2020,FL-09,2020-08-04,9.587847940804794,9.587847940804794,Incumbent,3,0.001241333079145573,0.0005067229853674632,7.0,1.9848167969777824e-05,0
2020,FL-10,2020-08-04,14.832758363085407,14.832758363085407,Incumbent,3,0.0019508780452158342,0.0003413825702798816,7.0,0.00013892967559047352,0
2020,FL-11,2020-08-04,-8.31671764256397,8.31671764256397,Challenger,-3,4.3290786749024504e-05,0.0009584258150615094,7.0,0.0,0
2020,FL-12,2020-08-04,-16.34021772390692,16.34021772390692,Challenger,-3,4.389077716233247e-05,0.0020031460858729645,7.0,0.0,0
2020,FL-13,2020-08-04,-5.446031223054323,5.446031223054323,Incumbent,-1,0.0018788538474921745,0.0017254317300446635,7.0,0.0005892101372319536,0
2020,FL-14,2020-08-04,8.855974120729392,8.855974120729392,Incumbent,3,0.001255147070891202,5.60284111003654e-05,7.0,5.326587208011845e-05,0
2020,FL-15,2020-08-04,-3.487792213850338,3.487792213850338,Open,-1,0.0011677452554034865,0.001229043356447321,7.0,0.0011749896839118124,1
2020,FL-16,2020-08-04,-7.226442069336062,7.226442069336062,Challenger,-2,0.0019266408630908228,0.0037091753885269475,7.0,0.0003629285542507733,0
2020,FL-17,2020-08-04,-9.993020786991144,9.993020786991144,Challenger,-3,0.0,0.001176279743387284,7.0,0.0,0
2020,FL-18,2020-08-04,-12.982997177715792,12.982997177715792,Challenger,-3,0.0004602240207166944,0.005651220514152924,7.0,0.001728972713341137,1
2020,FL-19,2020-08-04,-12.964311255917192,12.964311255917192,Open,-3,0.00047595061379381704,0.007036482163549075,7.0,0.0,0
2020,FL-20,2020-08-04,26.10346106505017,26.10346106505017,Incumbent,3,0.000957819697367825,6.092298944766757e-05,7.0,1.7144969498904382e-05,0
2020,FL-21,2020-08-04,-6.707063416602949,6.707063416602949,Incumbent,-1,0.0014794573221771127,0.0023493646566827724,7.0,0.00012764444550798434,0
2020,FL-22,2020-08-04,7.92701110812219,7.92701110812219,Incumbent,2,0.0023205625489795996,0.00030290146980688356,7.0,5.8829264691263225e-06,0
2020,FL-23,2020-08-04,5.290088644609193,5.290088644609193,Incumbent,2,0.003310574926597245,0.0007526656381595358,7.0,2.6048899437690094e-05,0
2020,FL-24,2020-08-04,26.86007770418651,26.86007770418651,Incumbent,3,0.0007342793477597732,5.310971541591513e-05,7.0,8.22926552052332e-05,0
2020,FL-25,2020-08-04,10.651298537769655,10.651298537769655,Open,3,5.810838125641969e-05,0.0017365272941038776,7.0,0.0,0
2020,FL-26,2020-08-04,-5.3717735987451976,5.3717735987451976,Incumbent,-1,0.002880660578800364,0.0009344466143223125,7.0,0.033582753441473844,1
2020,FL-27,2020-08-04,2.7019707357899074,2.7019707357899074,Incumbent,1,0.002078908763631543,0.0019024232577537368,7.0,0.000452012829402062,0
2020,GA-01,2020-08-04,-9.338075294766407,9.338075294766407,Open,-2,0.00014071599392764965,0.003001122605911386,7.0,0.0,0
2020,GA-02,2020-08-04,3.2435955198042765,3.2435955198042765,Incumbent,2,0.0017037920825845295,6.360076351863818e-05,7.0,2.2945292092746283e-05,0
2020,GA-03,2020-08-04,-18.45277392927388,18.45277392927388,Challenger,-3,2.195941013771267e-05,0.0037245944226384454,7.0,0.0,0
2020,GA-04,2020-08-04,26.368184394606217,26.368184394606217,Incumbent,3,0.000844835189663438,1.7085196734732695e-05,7.0,0.0,0
2020,GA-05,2020-08-04,31.892357754569606,31.892357754569606,Incumbent,3,0.005777430006530391,8.001577307193107e-05,7.0,3.54109770627267e-05,0
2020,GA-06,2020-08-04,-12.44589773553291,12.44589773553291,Incumbent,-3,0.004340978692398991,0.0017916780803439955,7.0,0.01726816472527814,1
2020,GA-07,2020-08-04,8.481636073280551,8.481636073280551,Open,2,0.004032402572806985,0.0029324863365967845,7.0,0.028507185427031463,1
2020,GA-08,2020-08-04,-16.510851096950546,16.510851096950546,Challenger,-3,1.327153674930129e-05,0.0011605309548090457,7.0,0.0,0
2020,GA-09,2020-08-04,-23.031996818710944,23.031996818710944,Open,-3,7.026665980717374e-05,0.00686474491859713,7.0,0.0,0
2020,GA-10,2020-08-04,-15.057241628373404,15.057241628373404,Challenger,-3,5.059839489110864e-05,0.0007254090797264586,7.0,0.0,0
2020,GA-11,2020-08-04,-12.045124653017183,12.045124653017183,Challenger,-3,0.0002712265320366852,0.0007406156421279679,7.0,0.0,0
2020,GA-12,2020-08-04,-7.63401355344136,7.63401355344136,Challenger,-2,5.837406623540474e-05,0.001061890029100265,7.0,0.0,0
2020,GA-13,2020-08-04,27.507513349372736,27.507513349372736,Incumbent,3,0.002384177677284183,7.507273581841401e-05,7.0,0.0,0
2020,GA-14,2020-08-04,-22.307036948383235,22.307036948383235,Open,-3,3.3716923872797696e-05,0.00367413126013042,7.0,0.0,0
2020,HI-01,2020-08-04,14.514952454064334,14.514952454064334,Incumbent,3,0.000678329167537909,0.0,7.0,0.0,0
2020,HI-02,2020-08-04,14.587435870590864,14.587435870590864,Incumbent,3,0.0,9.699108555028354e-05,7.0,1.515162027331912e-05,0
2020,IA-01,2020-08-04,-3.23919947167052,3.23919947167052,Incumbent,0,0.0022752632346382477,0.0033975020431143733,7.0,0.01514810878232658,1
2020,IA-02,2020-08-04,-4.036017317545893,4.036017317545893,Open,-1,0.0012109469550552513,0.0011768788439465952,7.0,0.026666762110880878,1
2020,IA-03,2020-08-04,-2.591819058935757,2.591819058935757,Incumbent,0,0.002067341627802931,0.0019278522340485955,7.0,0.00916758043186645,1
2020,IA-04,2020-08-04,-15.527668627078642,15.527668627078642,Challenger,-3,0.0017988315149250684,0.002340011096231704,7.0,1.7034347934926943e-07,0
2020,ID-01,2020-08-04,-22.463689738740225,22.463689738740225,Challenger,-3,0.00020709800882486314,0.0007536858939032382,7.0,0.0,0
2020,ID-02,2020-08-04,-14.863293758937132,14.863293758937132,Challenger,-3,5.556225472814617e-05,0.0017929155875848683,7.0,0.0,0
2020,IL-01,2020-08-04,21.557606615631734,21.557606615631734,Incumbent,3,0.0010221728705771887,0.0,7.0,0.0,0
2020,IL-02,2020-08-04,19.498388941928752,19.498388941928752,Incumbent,3,0.0020340861313639705,0.0,7.0,0.0,0
2020,IL-03,2020-08-04,20.7490927090049,20.7490927090049,Challenger,3,0.00534920396600906,0.00010992585069847133,7.0,0.0,0
2020,IL-04,2020-08-04,23.590651459594714,23.590651459594714,Incumbent,3,0.0012579148981866288,1.2457955952409258e-09,7.0,0.0,0
2020,IL-05,2020-08-04,18.68377102039282,18.68377102039282,Incumbent,3,0.0016056260592415342,0.0,7.0,0.0,0
2020,IL-06,2020-08-04,3.3013832950879953,3.3013832950879953,Incumbent,2,0.002522178141907006,0.0028423977976493324,7.0,0.0002417021425566716,0
2020,IL-07,2020-08-04,36.705380273468435,36.705380273468435,Incumbent,3,0.0008513677349744829,0.0,7.0,0.0,0
2020,IL-08,2020-08-04,6.424280826815448,6.424280826815448,Incumbent,2,0.003808573274894037,1.196701079028472e-06,7.0,0.0,0
2020,IL-09,2020-08-04,20.158433724412745,20.158433724412745,Incumbent,3,0.003185218194016921,9.980373606273891e-06,7.0,0.0,0
2020,IL-10,2020-08-04,11.04113176541972,11.04113176541972,Incumbent,3,0.003957871707223701,0.00012384703171409092,7.0,0.0,0
2020,IL-11,2020-08-04,5.085982935594202,5.085982935594202,Incumbent,2,0.003703741228140507,0.0005169898411118428,7.0,0.0,0
2020,IL-12,2020-08-04,-23.83831770974748,23.83831770974748,Challenger,-3,0.0003157051213247722,0.0014664678691447336,7.0,0.0,0
2020,IL-13,2020-08-04,3.4188055743444465,3.4188055743444465,Challenger,1,0.0016172245942040267,0.0032415072814894904,7.0,0.02184425260654859,1
2020,IL-14,2020-08-04,3.54197654493737,3.54197654493737,Incumbent,2,0.004314023616499962,0.003947203832419653,7.0,0.0031090587176490596,1
2020,IL-15,2020-08-04,-21.8139353277361,21.8139353277361,Open,-3,1.2656240847251787e-05,0.0018834721643101323,7.0,0.0,0
2020,IL-16,2020-08-04,-13.631151449570353,13.631151449570353,Challenger,-3,0.00032392569424296875,0.0021938584757508228,7.0,0.0,0
2020,IL-17,2020-08-04,2.1001234628320264,2.1001234628320264,Incumbent,1,0.005181191268520888,0.0017661967552097368,7.0,0.004094113540680843,1
2020,IN-01,2020-08-04,3.573714791027988,3.573714791027988,Incumbent,2,0.0023826427299888466,6.333894304843837e-05,7.0,1.350289878841687e-06,0
2020,IN-02,2020-08-04,-14.123373420505617,14.123373420505617,Challenger,-3,0.0008379111848670884,0.001849224200996563,7.0,1.7034347934926943e-07,0
2020,IN-03,2020-08-04,-18.388894143413275,18.388894143413275,Challenger,-3,1.3398048563218003e-05,0.00138134041877473,7.0,0.0,0
2020,IN-04,2020-08-04,-18.261366892061144,18.261366892061144,Challenger,-3,4.7520466190066665e-05,0.0004706312191485377,7.0,0.0,0
2020,IN-05,2020-08-04,-12.021418015673689,12.021418015673689,Open,-3,0.0019041943214509712,0.0032609326416888833,7.0,0.021532868946748503,1
2020,IN-07,2020-08-04,18.607074845547505,18.607074845547505,Incumbent,3,0.0015933972279810497,3.9586833049174005e-05,7.0,0.0,0
2020,IN-08,2020-08-04,-19.049853045606127,19.049853045606127,Challenger,-3,6.464349443185484e-05,0.0017381646508820227,7.0,0.0,0
2020,IN-09,2020-08-04,-16.1330901327918,16.1330901327918,Challenger,-3,6.473733589189636e-05,0.0,7.0,0.0,0
2020,KS-01,2020-08-04,-18.35642947387447,18.35642947387447,Open,-3,0.0006729580850876271,0.0011350310952872582,7.0,0.0,0
2020,KS-02,2020-08-04,-10.919753167294175,10.919753167294175,Challenger,-3,0.0005089057717967248,0.001007991242008964,7.0,0.00026753938386517024,0
2020,KS-03,2020-08-04,-2.001934384644852,2.001934384644852,Incumbent,0,0.0031229346432328515,0.0013810363429518915,7.0,0.0016288237902009172,1
2020,KS-04,2020-08-04,-14.574908575782132,14.574908575782132,Challenger,-3,0.00021606811847659638,0.0023108586402978692,7.0,0.0,0
2020,KY-01,2020-08-04,-24.043650607051916,24.043650607051916,Challenger,-3,5.501077406985288e-07,0.0009500038808960823,7.0,0.0,0
2020,KY-02,2020-08-04,-21.47130501822055,21.47130501822055,Challenger,-3,7.658444521223912e-05,0.00269580299600534,7.0,0.0,0
2020,KY-03,2020-08-04,8.079431177631157,8.079431177631157,Incumbent,3,0.000921808653618591,0.0002643275956986399,7.0,0.0,0
2020,KY-04,2020-08-04,-19.686205100289342,19.686205100289342,Challenger,-3,0.0001019163765726684,0.003197206713849524,7.0,0.0,0
2020,KY-05,2020-08-04,-32.1729608712165,32.1729608712165,Challenger,-3,4.4014721111858993e-07,0.00164044561391372,7.0,0.0,0
2020,KY-06,2020-08-04,-9.185896454494886,9.185896454494886,Challenger,-3,0.0012057784796477955,0.0024508727682418002,7.0,0.0006464198422250067,0
2020,LA-01,2020-08-04,-22.944673490403893,22.944673490403893,Challenger,-3,3.844499782513594e-06,0.05132397395837285,7.0,0.0,0
2020,LA-02,2020-08-04,25.16643417438329,25.16643417438329,Incumbent,3,0.0017095638281528806,0.0,7.0,0.0,0
2020,LA-03,2020-08-04,-21.06595306282636,21.06595306282636,Challenger,-3,0.00012207566292405772,0.0009760231354834858,7.0,0.0,0
2020,LA-04,2020-08-04,-13.802598221073296,13.802598221073296,Challenger,-3,4.458422766968342e-07,0.0012823894170847334,7.0,0.0,0
2020,LA-05,2020-08-04,-16.599572159228913,16.599572159228913,Open,-3,0.0,0.00017950208550188254,7.0,0.0,0
2020,LA-06,2020-08-04,-18.66232902104467,18.66232902104467,Challenger,-3,5.285953932087082e-05,0.0017572674517198478,7.0,0.0,0
2020,MA-01,2020-08-04,8.575942547188976,8.575942547188976,Incumbent,3,0.00630348880736079,2.8020637923358126e-05,7.0,0.0,0
2020,MA-02,2020-08-04,12.66908430464133,12.66908430464133,Incumbent,3,0.0016996164808420805,1.8181776526943642e-05,7.0,0.0,0
2020,MA-03,2020-08-04,11.100187597102483,11.100187597102483,Incumbent,3,0.0018654697569245034,1.0717655779057392e-05,7.0,0.0,0
2020,MA-04,2020-08-04,11.65184581520879,11.65184581520879,Challenger,2,0.0005569126067569334,2.0144311379846548e-05,7.0,0.0,0
2020,MA-05,2020-08-04,22.981622359533727,22.981622359533727,Incumbent,3,0.003028295238400384,7.605988899344298e-06,7.0,1.2712199951438018e-06,0
2020,MA-06,2020-08-04,10.243287841991489,10.243287841991489,Incumbent,3,0.003276078999111423,0.0002761694675926027,7.0,7.906627343315844e-05,0
2020,MA-07,2020-08-04,35.552286282446815,35.552286282446815,Incumbent,3,0.003149391095800984,2.9677393518629136e-06,7.0,7.676211091876053e-05,0
2020,MA-08,2020-08-04,14.729375410314466,14.729375410314466,Challenger,3,0.001064803538207135,0.0,7.0,0.0,0
2020,MA-09,2020-08-04,5.6093782672373695,5.6093782672373695,Incumbent,2,0.001038223624753073,0.0,7.0,0.0,0
2020,MD-01,2020-08-04,-11.511437051533768,11.511437051533768,Challenger,-3,8.12616195159718e-05,0.0015615965919777318,7.0,2.2881959912588415e-05,0
2020,MD-02,2020-08-04,6.588015915525597,6.588015915525597,Incumbent,2,0.001985838349365882,6.863647270980123e-05,7.0,6.864587973776529e-05,0
2020,MD-03,2020-08-04,8.507214711156301,8.507214711156301,Incumbent,3,0.0014865872900370755,0.0,7.0,6.864587973776529e-05,0
2020,MD-04,2020-08-04,40.07215890845792,40.07215890845792,Incumbent,3,0.0012428271948546653,0.0,7.0,4.271299183683174e-05,0
2020,MD-05,2020-08-04,13.90135693169312,13.90135693169312,Incumbent,3,0.009052650932145091,1.594938709347161e-05,7.0,2.745835189510612e-05,0
2020,MD-06,2020-08-04,1.142896202854865,1.142896202854865,Incumbent,1,0.004389212236733133,0.0002590872455126586,7.0,1.5254639941725621e-05,0
2020,MD-07,2020-08-04,30.226960116774826,30.226960116774826,Incumbent,3,0.0035726612851712464,0.0007484543151352234,7.0,5.339123979603967e-05,0
2020,MD-08,2020-08-04,29.458751280694372,29.458751280694372,Incumbent,3,0.0028937326357080274,1.728437148357183e-05,7.0,0.0,0
2020,ME-01,2020-08-04,8.0535576548473,8.0535576548473,Incumbent,3,0.0004845925452916039,8.996268816793277e-05,7.0,0.0,0
2020,ME-02,2020-08-04,-5.701764426813255,5.701764426813255,Incumbent,-1,0.001958440329571746,0.0010205985917352027,7.0,0.0052914754761359895,1
2020,MI-01,2020-08-04,-12.864139449304293,12.864139449304293,Challenger,-3,0.0002564498199643339,0.0013989941305156907,7.0,1.7780299828077978e-06,0
2020,MI-02,2020-08-04,-16.32899492778914,16.32899492778914,Challenger,-3,0.0005672624985913958,0.002250135867999437,7.0,0.0,0
2020,MI-03,2020-08-04,0.5192327169860678,0.5192327169860678,Challenger,0,0.0012559395748605747,0.0027997062640060183,7.0,0.012334473735409376,1
2020,MI-04,2020-08-04,-5.202260954909226,5.202260954909226,Challenger,-2,3.8265857503420274e-05,0.0014853418249590332,7.0,0.0,0
2020,MI-05,2020-08-04,-14.539167945315114,14.539167945315114,Incumbent,-3,0.0017742381115330179,4.614037891453875e-05,7.0,1.2712199951438018e-06,0
2020,MI-06,2020-08-04,10.536606251083619,10.536606251083619,Challenger,2,0.0024345688124672834,0.001935662889367158,7.0,0.0018513082644810012,1
2020,MI-07,2020-08-04,-2.55840954579728,2.55840954579728,Challenger,-1,0.0009058664870546918,0.0014309965091322382,7.0,2.1772947588822138e-06,0
2020,MI-08,2020-08-04,-0.8913436295996224,0.8913436295996224,Incumbent,1,0.0028456419765013393,0.0008499244680651964,7.0,0.003513886098178576,1
2020,MI-09,2020-08-04,-17.85195581310617,17.85195581310617,Incumbent,-3,0.001287176526493646,5.457802535910603e-05,7.0,0.00016201126789109938,0
2020,MI-10,2020-08-04,-3.3435538497304127,3.3435538497304127,Open,-1,2.568815262746847e-05,0.004393743169888624,7.0,0.0,0
2020,MI-11,2020-08-04,6.989361726624355,6.989361726624355,Incumbent,2,0.002387291708633087,0.0005201982732575862,7.0,0.007663653243456416,1
2020,MI-12,2020-08-04,22.83353465712751,22.83353465712751,Incumbent,3,0.0030154479331878617,0.0,7.0,1.2712199951438018e-06,0
2020,MI-13,2020-08-04,24.1254278498976,24.1254278498976,Incumbent,3,0.005626054832943461,0.0014680655892834304,7.0,5.870511734653966e-05,0
2020,MN-01,2020-08-04,-7.847842235909125,7.847842235909125,Challenger,-2,0.0013115878657579921,0.0020630253274314192,7.0,0.021802495063660103,1
2020,MN-02,2020-08-04,-0.14427997792423597,0.14427997792423597,Incumbent,1,0.003005202128846602,0.0015236126147960345,7.0,0.0022453015963287055,1
2020,MN-03,2020-08-04,6.6782863467643505,6.6782863467643505,Incumbent,2,0.0027043036949616667,0.001087825688260788,7.0,0.0001922728378462965,0
2020,MN-04,2020-08-04,16.427906101446403,16.427906101446403,Incumbent,3,0.0017103654086330186,0.00014077172421223674,7.0,1.2712199951438018e-06,0
2020,MN-05,2020-08-04,29.534822063444928,29.534822063444928,Incumbent,3,0.009164656880121616,0.00867909121592373,7.0,1.3964046553855543e-05,0
2020,MN-06,2020-08-04,-12.677496490338452,12.677496490338452,Challenger,-3,6.723622388515033e-05,0.0030830900321930613,7.0,0.0,0
2020,MN-07,2020-08-04,-19.328215156854412,19.328215156854412,Incumbent,-3,0.0010995891258810504,0.0019358829121239175,7.0,0.01642305609619375,1
2020,MN-08,2020-08-04,-8.04388507656337,8.04388507656337,Challenger,-3,0.0006872408010698657,0.0022808162032454346,7.0,1.7034347934926943e-07,0
2020,MO-01,2020-08-04,27.249169270162675,27.249169270162675,Challenger,3,0.0011229974725692278,0.0,7.0,2.9726971098439864e-05,0
2020,MO-02,2020-08-04,-7.986075858271152,7.986075858271152,Challenger,-2,0.0010951637294095559,0.0030621482845102615,7.0,0.01886921431626395,1
2020,MO-03,2020-08-04,-16.521251165170824,16.521251165170824,Challenger,-3,3.102831900746845e-05,0.002439617437253597,7.0,0.0,0
2020,MO-04,2020-08-04,-22.699460623660684,22.699460623660684,Challenger,-3,0.0003978249414594656,0.001858884176315261,7.0,0.0,0
2020,MO-05,2020-08-04,10.413225733597686,10.413225733597686,Incumbent,3,0.0015681344764127564,6.447996469167953e-05,7.0,9.025661965520992e-06,0
2020,MO-06,2020-08-04,-21.2217918081147,21.2217918081147,Challenger,-3,4.168416807036196e-05,0.003129156680347882,7.0,0.0,0
2020,MO-07,2020-08-04,-24.16088679935535,24.16088679935535,Challenger,-3,0.0,0.003436321745745278,7.0,0.0,0
2020,MO-08,2020-08-04,-27.92529244087229,27.92529244087229,Challenger,-3,0.00047082604632499346,0.0025506506222654378,7.0,0.0,0
2020,MS-01,2020-08-04,-18.345109622786225,18.345109622786225,Challenger,-3,3.6635289040049225e-06,0.0016263589709035325,7.0,0.0,0
2020,MS-02,2020-08-04,11.473888206130106,11.473888206130106,Incumbent,3,0.0018128923775937544,1.1124776694702147e-05,7.0,0.0,0
2020,MS-03,2020-08-04,-14.883227445186996,14.883227445186996,Challenger,-3,1.0169759961150414e-07,0.0010120917146497,7.0,0.0,0
2020,MS-04,2020-08-04,-21.91982653549508,21.91982653549508,Challenger,-3,3.14698137117819e-06,0.0014305513787387387,7.0,0.0,0
2020,NC-01,2020-08-04,2.6847642563189944,2.6847642563189944,Incumbent,1,0.0013991775929853899,0.0022491206208625153,7.0,0.0,0
2020,NC-02,2020-08-04,11.44542313038604,11.44542313038604,Open,3,0.0022141087306050645,0.0021132204150668688,7.0,0.0,0
2020,NC-03,2020-08-04,-14.845244174580227,14.845244174580227,Open,-3,0.0015854318906134784,0.0033695920776037926,7.0,0.0,0
2020,NC-04,2020-08-04,16.04355221243226,16.04355221243226,Incumbent,3,0.0017331278738660636,6.19645508384887e-05,7.0,0.0,0
2020,NC-05,2020-08-04,-12.9346878047449,12.9346878047449,Challenger,-3,8.354930701923258e-05,0.0019530812982870174,7.0,0.0,0
2020,NC-06,2020-08-04,4.163220378592431,4.163220378592431,Open,1,0.0028902950788703592,0.0,7.0,0.0,0
2020,NC-07,2020-08-04,-8.254535703796442,8.254535703796442,Challenger,-3,0.0,0.0016842810675818636,7.0,0.0,0
2020,NC-08,2020-08-04,-19.6845056221601,19.6845056221601,Challenger,-3,0.0011634085646632533,0.002550992224502533,7.0,0.007662500628286818,1
2020,NC-09,2020-08-04,-5.841307578312968,5.841307578312968,Challenger,-2,0.020340913560781503,0.008355649678528112,7.0,0.000499607967054644,0
2020,NC-10,2020-08-04,-22.055350387332396,22.055350387332396,Challenger,-3,3.866237644430553e-06,0.004508215538899727,7.0,0.0,0
2020,NC-11,2020-08-04,-8.230709932398778,8.230709932398778,Open,-2,0.0005734707556816795,0.0018763052547971105,7.0,0.0006922114746460775,0
2020,NC-12,2020-08-04,12.402821989006103,12.402821989006103,Incumbent,3,0.0013012218548539916,4.2617980854394696e-05,7.0,1.5172646252038846e-05,0
2020,NC-13,2020-08-04,-1.864598296187117,1.864598296187117,Challenger,-1,0.00015922264343655224,0.001900741103182963,7.0,0.0,0
2020,ND-00,2020-08-04,-20.198325659708185,20.198325659708185,Challenger,-3,1.9924542867086087e-05,0.001689148594367669,7.0,0.0,0
2020,NE-01,2020-08-04,-9.41435049125387,9.41435049125387,Challenger,-3,0.0007568377567591977,0.001553283931883087,7.0,1.7034347934926943e-07,0
2020,NE-02,2020-08-04,-0.5855479710474842,0.5855479710474842,Challenger,0,0.002926561586989817,0.003439068013149587,7.0,0.012374029525266263,1
2020,NE-03,2020-08-04,-29.05395314239278,29.05395314239278,Challenger,-3,1.65875395310338e-05,0.0021720528069593226,7.0,0.0,0
2020,NH-01,2020-08-04,-0.6241611239493683,0.6241611239493683,Incumbent,1,0.0015007010608819593,0.0005858758034578908,7.0,0.00035937445196395116,0
2020,NH-02,2020-08-04,1.2041262086251447,1.2041262086251447,Incumbent,1,0.0025765072115422633,0.0005798960100251344,7.0,0.0,0
2020,NJ-01,2020-08-04,10.541473432003373,10.541473432003373,Incumbent,3,0.0020358752718095357,0.0006346278275792529,7.0,0.0,0
2020,NJ-02,2020-08-04,-4.761067754946824,4.761067754946824,Challenger,-2,0.003572293394104652,0.004619168840447074,7.0,0.020467355203354482,1
2020,NJ-03,2020-08-04,4.31835427530044,4.31835427530044,Incumbent,2,0.002530213294676711,0.0018310532552639782,7.0,0.011673731311743084,1
2020,NJ-04,2020-08-04,-14.584596480441704,14.584596480441704,Challenger,-3,0.0007361769232709243,0.0008700694404794405,7.0,0.00011684347397044519,0
2020,NJ-05,2020-08-04,3.445661758280183,3.445661758280183,Incumbent,2,0.0024538014811398123,0.0015407775170244629,7.0,0.0012750605032955309,1
2020,NJ-06,2020-08-04,8.090405096667297,8.090405096667297,Incumbent,3,0.003952231660046847,5.667815706428329e-05,7.0,0.0,0
2020,NJ-07,2020-08-04,-2.1840325062936543,2.1840325062936543,Incumbent,0,0.0025105481569618338,0.0023520275066309998,7.0,0.013549145746416393,1
2020,NJ-08,2020-08-04,23.722217972151167,23.722217972151167,Incumbent,3,0.0009958571420625177,0.0,7.0,0.0,0
2020,NJ-09,2020-08-04,9.263237829680254,9.263237829680254,Incumbent,3,0.003098167006428266,7.677507736271089e-06,7.0,0.0,0
2020,NJ-10,2020-08-04,30.651816525153706,30.651816525153706,Incumbent,3,0.0008574201404933622,0.0,7.0,0.0,0
2020,NJ-11,2020-08-04,5.375678065707767,5.375678065707767,Incumbent,2,0.003438244033773135,0.0013519030061667839,7.0,0.0003846573396569674,0
2020,NJ-12,2020-08-04,15.154219911894874,15.154219911894874,Incumbent,3,0.0012305774901618606,2.9045088693044607e-06,7.0,0.0,0
2020,NM-01,2020-08-04,4.293054721329781,4.293054721329781,Incumbent,2,0.0027271284753988736,0.00017177736465499182,7.0,0.0,0
2020,NM-02,2020-08-04,1.5160307331892997,1.5160307331892997,Incumbent,1,0.0021697290168082,0.002979704811764805,7.0,0.03448874107579406,1
2020,NM-03,2020-08-04,3.9759876881442278,3.9759876881442278,Incumbent,2,0.0,3.8161083551420525e-05,7.0,0.0,0
2020,NV-01,2020-08-04,3.1666798532818117,3.1666798532818117,Incumbent,2,0.0010596663856603595,1.1833939481193067e-05,7.0,6.647209354605755e-07,0
2020,NV-02,2020-08-04,-8.147825812678416,8.147825812678416,Challenger,-3,0.000210432774813724,0.0015508995808113954,7.0,0.00013320143117035607,0
2020,NV-03,2020-08-04,1.8001935367752464,1.8001935367752464,Incumbent,1,0.0020904834505069267,0.001557915240569395,7.0,0.012267543875543048,1
2020,NV-04,2020-08-04,3.217223200349606,3.217223200349606,Incumbent,2,0.0021740615125224495,0.0013128326952260368,7.0,0.0041750654401571975,1
2020,NY-01,2020-08-04,-3.6928800390495202,3.6928800390495202,Challenger,-2,0.005995192635836114,0.0058272834665043455,7.0,0.015455768148906888,1
2020,NY-02,2020-08-04,-3.774283387941013,3.774283387941013,Open,-1,0.001583354793414613,0.0012286725924235374,7.0,0.02597155032822666,1
2020,NY-03,2020-08-04,1.705849946619914,1.705849946619914,Incumbent,1,0.004138807627182506,0.00018338711177784135,7.0,0.0,0
2020,NY-04,2020-08-04,5.110116322913344,5.110116322913344,Incumbent,2,0.0017910429534100218,5.1077466858478545e-05,7.0,0.0,0
2020,NY-05,2020-08-04,31.66570070517945,31.66570070517945,Incumbent,3,0.0027504481672045895,0.0,7.0,0.0,0
2020,NY-06,2020-08-04,16.45316367287223,16.45316367287223,Incumbent,3,0.00339557123791255,0.00019573749709426153,7.0,0.0,0
2020,NY-07,2020-08-04,32.947096636428,32.947096636428,Incumbent,3,0.0013211187105495832,2.8938051969453503e-07,7.0,0.0,0
2020,NY-08,2020-08-04,27.20390212058902,27.20390212058902,Incumbent,3,0.005430321607148383,0.0,7.0,0.0,0
2020,NY-09,2020-08-04,26.546679495384446,26.546679495384446,Incumbent,3,0.00240641856095322,0.0,7.0,0.0,0
2020,NY-10,2020-08-04,35.683837953159355,35.683837953159355,Incumbent,3,0.003349055696553044,2.33873207094579e-05,7.0,0.0,0
2020,NY-11,2020-08-04,-5.641502588722533,5.641502588722533,Incumbent,-1,0.0042011339163828135,0.0023225869159730662,7.0,0.03601829232191942,1
2020,NY-12,2020-08-04,34.68988016555067,34.68988016555067,Incumbent,3,0.006389057727010707,8.372763376015136e-07,7.0,0.0,0
2020,NY-13,2020-08-04,40.02459454905407,40.02459454905407,Incumbent,3,0.0016718170351978777,1.1805362455702236e-05,7.0,0.0,0
2020,NY-14,2020-08-04,29.655224876126084,29.655224876126084,Incumbent,3,0.025765006266226884,0.0058229893870583496,7.0,0.0,0
2020,NY-15,2020-08-04,36.766509186357546,36.766509186357546,Open,3,0.00392106419329871,0.0,7.0,0.0,0
2020,NY-16,2020-08-04,20.483740598184923,20.483740598184923,Incumbent,3,0.007466098740774293,0.0,7.0,4.867765775164616e-05,0
2020,NY-17,2020-08-04,2.957058137633134,2.957058137633134,Open,1,0.0138744754268708,3.456335299436425e-05,7.0,0.0,0
2020,NY-18,2020-08-04,0.6565680576901656,0.6565680576901656,Incumbent,1,0.0024296441062060963,0.0014354088628865825,7.0,0.0,0
2020,NY-19,2020-08-04,-0.9436788799621371,0.9436788799621371,Incumbent,1,0.003392710713255077,0.0002427699673525924,7.0,1.0996637719191605e-05,0
2020,NY-20,2020-08-04,6.380110330079763,6.380110330079763,Incumbent,2,0.002253612756383755,0.0001961216089279942,7.0,0.0,0
2020,NY-21,2020-08-04,-9.049076835055661,9.049076835055661,Challenger,-3,0.0032365207685121395,0.009233393041903437,7.0,1.328170650926244e-05,0
2020,NY-22,2020-08-04,0.758852657433734,0.758852657433734,Incumbent,1,0.0024228107393954004,0.0012734573931840547,7.0,0.027372615021870442,1
2020,NY-23,2020-08-04,-12.452534835467782,12.452534835467782,Challenger,-3,0.0011821363810269108,0.003980624282365184,7.0,4.017055184654414e-07,0
2020,NY-24,2020-08-04,-11.822715104854463,11.822715104854463,Challenger,-3,0.0022821505266011374,0.0023662703825785905,7.0,0.0183749501512785,1
2020,NY-25,2020-08-04,6.997501041410814,6.997501041410814,Incumbent,2,0.0020803848280167045,0.0001231373095908021,7.0,0.0,0
2020,NY-26,2020-08-04,8.41704225398517,8.41704225398517,Incumbent,3,0.001849652932652125,0.0,7.0,0.0,0
2020,OH-01,2020-08-04,1.4899957446163237,1.4899957446163237,Challenger,0,0.002368075667518094,0.001819573223429433,7.0,0.020478999781905198,1
2020,OH-02,2020-08-04,-24.48289495044701,24.48289495044701,Challenger,-3,0.0001684697773496272,0.0017242760385226788,7.0,0.0,0
2020,OH-03,2020-08-04,19.48297892975578,19.48297892975578,Incumbent,3,0.006137289327224889,0.0,7.0,0.0,0
2020,OH-04,2020-08-04,-20.55908860807346,20.55908860807346,Challenger,-3,0.00058795973982033,0.01465537420008808,7.0,3.612756377398876e-05,0
2020,OH-05,2020-08-04,-15.071640600961539,15.071640600961539,Challenger,-3,0.000295924073770738,0.0018806737514616223,7.0,0.0,0
2020,OH-06,2020-08-04,-15.378152225349016,15.378152225349016,Challenger,-3,1.4603775304211995e-06,0.002908402005963989,7.0,0.0,0
2020,OH-07,2020-08-04,-7.0155130829773595,7.0155130829773595,Challenger,-2,5.391510955603843e-05,0.00035555634270853623,7.0,0.0,0
2020,OH-08,2020-08-04,-14.035211394428032,14.035211394428032,Challenger,-3,2.523338638640573e-05,0.0010326960042725893,7.0,0.0,0
2020,OH-09,2020-08-04,-2.6750752258288104,2.6750752258288104,Incumbent,0,0.0019078868087464655,0.00020122304019290615,7.0,0.0,0
2020,OH-10,2020-08-04,-4.1762804360223,4.1762804360223,Challenger,-2,0.0006974015607934505,0.0015181850647535684,7.0,0.00026878248447402136,0
2020,OH-11,2020-08-04,28.441346247008543,28.441346247008543,Incumbent,3,0.0009625444407237759,3.7232279374168654e-05,7.0,0.0,0
2020,OH-12,2020-08-04,-17.225752396313208,17.225752396313208,Challenger,-3,0.0006529579809040297,0.001534420298375148,7.0,1.0981688172048701e-05,0
2020,OH-13,2020-08-04,-0.4196957081654351,0.4196957081654351,Incumbent,1,0.0015124481760374839,0.0002782833030493276,7.0,0.0001909648541688938,0
2020,OH-14,2020-08-04,-9.040584982726719,9.040584982726719,Challenger,-3,0.0005012598920139329,0.0026779503891839395,7.0,1.6483096096232915e-05,0
2020,OH-15,2020-08-04,-6.124369085418522,6.124369085418522,Challenger,-2,2.6713569524351267e-05,0.0022575183255748353,7.0,0.0,0
2020,OK-01,2020-08-04,-14.538246122325646,14.538246122325646,Challenger,-3,0.00016331177679493133,0.0015917368366965927,7.0,0.0,0
2020,OK-02,2020-08-04,-28.318688286984766,28.318688286984766,Challenger,-3,0.0005036000809029931,0.0019209806289404458,7.0,0.0,0
2020,OK-04,2020-08-04,-19.182424517801458,19.182424517801458,Challenger,-3,8.456943564093558e-06,0.002379771527083415,7.0,0.0,0
2020,OK-05,2020-08-04,-12.644828798930217,12.644828798930217,Incumbent,-3,0.0029331839058569197,0.003022134957152717,7.0,0.023044301977346665,1
2020,OR-01,2020-08-04,17.576673418835615,17.576673418835615,Incumbent,3,0.0013773903314594196,0.0,7.0,0.0,0
2020,OR-02,2020-08-04,-15.622567897681755,15.622567897681755,Open,-3,0.00014461169845156763,0.004406129556155307,7.0,0.0,0
2020,OR-03,2020-08-04,22.427199819667493,22.427199819667493,Incumbent,3,0.004208244841367248,3.0222238408547767e-06,7.0,0.0,0
2020,OR-04,2020-08-04,3.8251339099398374,3.8251339099398374,Incumbent,2,0.0033676048302341845,0.0023309575182750898,7.0,0.00819268397866466,1
2020,OR-05,2020-08-04,1.3926991240531428,1.3926991240531428,Incumbent,1,0.003277934065025937,2.298724235258624e-05,7.0,0.0,0
2020,PA-01,2020-08-04,-0.3294379916098378,0.3294379916098378,Challenger,0,0.0005474893326013314,0.0029094893312746357,7.0,0.010759411313418283,1
2020,PA-02,2020-08-04,21.679232400053635,21.679232400053635,Incumbent,3,0.0013528025722841475,0.0,7.0,2.891178856435394e-05,0
2020,PA-03,2020-08-04,39.56244943477092,39.56244943477092,Incumbent,3,0.0014883576418511122,0.0,7.0,2.7977263897123758e-05,0
2020,PA-04,2020-08-04,6.7213071147185115,6.7213071147185115,Incumbent,2,0.0016660770955538049,0.00021681689247813596,7.0,2.8854278571773645e-05,0
2020,PA-05,2020-08-04,13.93763368095236,13.93763368095236,Incumbent,3,0.001628061897209027,2.9428590341179597e-05,7.0,3.2220901333712595e-05,0
2020,PA-06,2020-08-04,4.3527128827801125,4.3527128827801125,Incumbent,2,0.0021942594185372912,0.0009553109192830086,7.0,0.00014154805826327132,0
2020,PA-07,2020-08-04,-2.2695414278169013,2.2695414278169013,Incumbent,0,0.0019827268858813685,0.0031764335299380793,7.0,0.0003011522710935647,0
2020,PA-08,2020-08-04,-4.501763513589582,4.501763513589582,Incumbent,0,0.0016474631296529124,0.00120646580287477,7.0,0.00542689322851908,1
2020,PA-09,2020-08-04,-21.24854746987166,21.24854746987166,Challenger,-3,0.0002525937266554646,0.0010389991706477107,7.0,2.7977263897123832e-05,0
2020,PA-10,2020-08-04,-5.326025754717467,5.326025754717467,Challenger,-2,0.0017242391985672195,0.002957821369734001,7.0,0.019932390591179704,1
2020,PA-11,2020-08-04,-13.771108373802177,13.771108373802177,Open,-3,0.00019457623762869763,0.0011957426300009334,7.0,2.7977263897123832e-05,0
2020,PA-12,2020-08-04,7.88100756160039,7.88100756160039,Open,2,0.0005613571732259547,0.002057334533152359,7.0,2.7977263897123832e-05,0
2020,PA-13,2020-08-04,-25.087095894319965,25.087095894319965,Challenger,-3,5.4449911807995434e-05,0.0007468846381096197,7.0,2.7977263897123832e-05,0
2020,PA-14,2020-08-04,-17.931297318589706,17.931297318589706,Challenger,-3,1.6289285895773163e-05,0.0024407448568428904,7.0,2.7977263897123815e-05,0
2020,PA-15,2020-08-04,-20.54575453550953,20.54575453550953,Challenger,-3,2.173786191695901e-05,0.002489665673555207,7.0,2.7977263897123815e-05,0
2020,PA-16,2020-08-04,-12.68595112222987,12.68595112222987,Challenger,-3,0.0003589042785365467,0.0016379355900333085,7.0,3.000714798536944e-05,0
2020,PA-17,2020-08-04,0.060852313130244085,0.060852313130244085,Incumbent,1,0.002654943214101829,0.001064447266091296,7.0,0.0022870224772325266,1
2020,RI-01,2020-08-04,12.30038609480771,12.30038609480771,Incumbent,3,0.0024153572206222734,0.0,7.0,0.0,0
2020,RI-02,2020-08-04,3.7712601111473285,3.7712601111473285,Incumbent,2,0.0014798764688339113,2.6905371197218563e-06,7.0,0.0,0
2020,SC-01,2020-08-04,-7.794760907709938,7.794760907709938,Incumbent,-2,0.00318710593028531,0.0032177363828586984,7.0,0.020692417584662722,1
2020,SC-02,2020-08-04,-8.884926417688632,8.884926417688632,Challenger,-3,0.0013322163339851891,0.0016273149537642804,7.0,2.796475509237203e-05,0
2020,SC-03,2020-08-04,-21.02599305771811,21.02599305771811,Challenger,-3,1.5848299679457778e-05,0.002326340498101527,7.0,0.0,0
2020,SC-04,2020-08-04,-12.715665017842142,12.715665017842142,Challenger,-3,0.00018424510900136372,0.002514627273106651,7.0,0.0,0
2020,SC-05,2020-08-04,-11.5696148738559,11.5696148738559,Challenger,-3,0.0004076808117794151,0.0008798706229151989,7.0,9.160007037047773e-05,0
2020,SC-06,2020-08-04,14.673162065264773,14.673162065264773,Incumbent,3,0.004567601623373266,1.855215918472874e-05,7.0,0.0,0
2020,SC-07,2020-08-04,-11.271404349615027,11.271404349615027,Challenger,-3,0.0001357202518931339,0.002058617550069058,7.0,2.821358369422102e-05,0
2020,SD-00,2020-08-04,-16.388862204651893,16.388862204651893,Challenger,-3,1.9562423139269422e-05,0.0013532174476417625,7.0,0.0,0
2020,TN-01,2020-08-04,-30.27155839221352,30.27155839221352,Open,-3,8.011675878834528e-05,0.0028588460114688983,7.0,0.0,0
2020,TN-02,2020-08-04,-18.47057443452429,18.47057443452429,Challenger,-3,0.0007422992204651365,0.0013145382148203215,7.0,0.0,0
2020,TN-03,2020-08-04,-19.071192130050548,19.071192130050548,Challenger,-3,3.0958351058935744e-05,0.0007835098845117072,7.0,0.0,0
2020,TN-04,2020-08-04,-22.05113294578421,22.05113294578421,Challenger,-3,0.00015928068734153051,0.00023614500434790048,7.0,0.0,0
2020,TN-05,2020-08-04,-9.101000979194431,9.101000979194431,Incumbent,-2,0.0018990723981197376,0.0,7.0,0.0,0
2020,TN-06,2020-08-04,-17.433317798148636,17.433317798148636,Incumbent,-3,0.00016943903174712456,0.0011973665881203298,7.0,0.0,0
2020,TN-07,2020-08-04,-10.102757532277787,10.102757532277787,Challenger,-3,0.00024708957289609106,0.0017719078890087198,7.0,0.0,0
2020,TN-08,2020-08-04,-21.234299336382385,21.234299336382385,Challenger,-3,7.652744370765686e-09,0.001727051264318477,7.0,0.0,0
2020,TN-09,2020-08-04,22.626245642096478,22.626245642096478,Incumbent,3,0.0007347479448743832,0.0,7.0,0.0,0
2020,TX-01,2020-08-04,-25.594871709035786,25.594871709035786,Challenger,-3,0.00025734674194410754,0.0010884553997975825,7.0,0.0,0
2020,TX-02,2020-08-04,-15.801396694115272,15.801396694115272,Challenger,-3,0.0028720284356965405,0.013531087583321777,7.0,0.0009124748225018462,0
2020,TX-03,2020-08-04,-12.263087849046576,12.263087849046576,Challenger,-3,0.0009414965461713811,0.0029341155321425606,7.0,0.00025447281862788624,0
2020,TX-04,2020-08-04,-17.269135073146472,17.269135073146472,Challenger,-3,1.4186815145804826e-07,0.0019563930297695664,7.0,0.0,0
2020,TX-05,2020-08-04,-14.83951783996549,14.83951783996549,Challenger,-3,8.530254821213502e-05,0.0026678861913311857,7.0,0.0,0
2020,TX-06,2020-08-04,-15.863029594192207,15.863029594192207,Challenger,-3,0.0006182988796196312,0.0011763685508161448,7.0,0.0,0
2020,TX-07,2020-08-04,13.729817763471857,13.729817763471857,Incumbent,3,0.00247270991244038,0.0058851933594707235,7.0,0.003894646945155227,1
2020,TX-08,2020-08-04,-16.869917309464675,16.869917309464675,Challenger,-3,7.539605791197888e-07,0.0059582850260487055,7.0,0.0,0
2020,TX-09,2020-08-04,26.617373897635815,26.617373897635815,Incumbent,3,0.0010298988117952747,0.00011618882109734611,7.0,0.0,0
2020,TX-10,2020-08-04,-13.4287872760659,13.4287872760659,Challenger,-3,0.002008815701626906,0.0033065918129864605,7.0,0.0010026679065816993,1
2020,TX-11,2020-08-04,-22.919337360625505,22.919337360625505,Open,-3,0.0001286090980890993,0.00344206712621093,7.0,0.0,0
2020,TX-12,2020-08-04,-13.051453656022414,13.051453656022414,Challenger,-3,0.00013802337200713577,0.0071669469123138855,7.0,0.0,0
2020,TX-13,2020-08-04,-26.679313899188365,26.679313899188365,Open,-3,0.0,0.0022151285795583685,7.0,0.0,0
2020,TX-14,2020-08-04,-16.3040863161223,16.3040863161223,Challenger,-3,0.0003354843637464134,0.0016006330376178081,7.0,1.2712199951438018e-06,0
2020,TX-15,2020-08-04,1.0192203759560066,1.0192203759560066,Incumbent,1,0.0015824617105192247,0.0005879850879470332,7.0,0.0,0
2020,TX-16,2020-08-04,18.43690817546573,18.43690817546573,Incumbent,3,0.001521517796790437,7.644486525677232e-05,7.0,1.8271244990199494e-06,0
2020,TX-17,2020-08-04,-14.809739204605819,14.809739204605819,Open,-3,0.00022151183843740075,0.0029081805594408346,7.0,0.0,0
2020,TX-18,2020-08-04,24.071403016543012,24.071403016543012,Incumbent,3,0.0016979071984366105,0.00021287511894159397,7.0,2.689848118484498e-05,0
2020,TX-19,2020-08-04,-26.119921275348524,26.119921275348524,Challenger,-3,4.067903984460166e-05,0.003251951167330394,7.0,0.0,0
2020,TX-20,2020-08-04,15.203957520397655,15.203957520397655,Incumbent,3,0.0011124602791806812,0.0004099280744868303,7.0,6.087720010344108e-06,0
2020,TX-21,2020-08-04,-14.049205651119959,14.049205651119959,Challenger,-3,0.003907717807116094,0.003118508611151359,7.0,0.014651474300538177,1
2020,TX-22,2020-08-04,-12.074613279983733,12.074613279983733,Open,-3,0.0034469093048700326,0.018527675004558673,7.0,0.032125603335225114,1
2020,TX-23,2020-08-04,-4.585290023430264,4.585290023430264,Open,-1,0.003089644162819624,0.0031902158174570297,7.0,0.026905360671517005,1
2020,TX-24,2020-08-04,-11.114874528587615,11.114874528587615,Open,-3,0.0025646586530311257,0.0028736481225167527,7.0,0.033328889282979626,1
2020,TX-25,2020-08-04,-19.19898352457276,19.19898352457276,Challenger,-3,0.0015047472524289023,0.0029561186976725063,7.0,0.00024153179907732234,0
2020,TX-26,2020-08-04,-14.460784914132033,14.460784914132033,Challenger,-3,0.00016955791624107038,0.0033021921714320676,7.0,0.0,0
2020,TX-27,2020-08-04,-12.998842038805336,12.998842038805336,Challenger,-3,3.101118296193392e-05,0.0011026524101277481,7.0,0.0,0
2020,TX-28,2020-08-04,5.10353280309821,5.10353280309821,Incumbent,2,0.0072783900149253605,3.0341072053693815e-05,7.0,0.0,0
2020,TX-29,2020-08-04,20.482512838177314,20.482512838177314,Incumbent,3,0.0012416986565917765,1.1948018763557272e-05,7.0,6.069083925215406e-06,0
2020,TX-30,2020-08-04,27.154332784294745,27.154332784294745,Incumbent,3,0.0009328500891304116,6.837861844598626e-05,7.0,0.0,0
2020,TX-31,2020-08-04,-14.829107583854608,14.829107583854608,Challenger,-3,0.0010352181301673544,0.0025475780581127754,7.0,7.151426053480766e-05,0
2020,TX-32,2020-08-04,13.571719379477386,13.571719379477386,Incumbent,3,0.0023501773730500676,0.004131457407746185,7.0,0.0006356004634219373,0
2020,TX-33,2020-08-04,24.328975075347326,24.328975075347326,Incumbent,3,0.003051500825499336,3.3899776156899184e-05,7.0,0.0,0
2020,TX-34,2020-08-04,11.644424539330867,11.644424539330867,Incumbent,3,0.0019987750976172623,3.291788583265011e-05,7.0,0.0,0
2020,TX-35,2020-08-04,21.121858476582872,21.121858476582872,Incumbent,3,0.0007194839996022931,0.0001100590491295625,7.0,5.052557940978679e-05,0
2020,TX-36,2020-08-04,-18.290803523740188,18.290803523740188,Challenger,-3,1.429105518540662e-06,0.002488320239736747,7.0,0.0,0
2020,UT-01,2020-08-04,-12.123124549168047,12.123124549168047,Open,-3,3.1737049579161026e-05,0.0009623535797537048,7.0,0.0,0
2020,UT-02,2020-08-04,-11.340716989963664,11.340716989963664,Challenger,-3,0.0002588296200684428,0.001384427983323335,7.0,0.0,0
2020,UT-03,2020-08-04,-13.645002876084327,13.645002876084327,Challenger,-3,0.0001928312085169639,0.0014420992937210244,7.0,0.0,0
2020,UT-04,2020-08-04,-16.033873855329205,16.033873855329205,Incumbent,-3,0.002288514355594427,0.001968112483177997,7.0,0.024778338849782457,1
2020,VA-01,2020-08-04,-6.880373957461114,6.880373957461114,Challenger,-2,0.0009792396780127983,0.002101553717288237,7.0,0.0002972382101529181,0
2020,VA-02,2020-08-04,-2.661735182405322,2.661735182405322,Incumbent,0,0.002673298740977709,0.0015293814111339973,7.0,0.007968453382023642,1
2020,VA-03,2020-08-04,16.85842965665598,16.85842965665598,Incumbent,3,0.0013180326460405724,9.854238073475741e-05,7.0,0.0,0
2020,VA-04,2020-08-04,15.574281632020249,15.574281632020249,Incumbent,3,0.0012251195833859103,0.0003003611146173879,7.0,0.0,0
2020,VA-05,2020-08-04,-6.758397945939892,6.758397945939892,Challenger,-2,0.0023154840759477997,0.0038818800573195973,7.0,0.016937026433875523,1
2020,VA-06,2020-08-04,-13.950633267870007,13.950633267870007,Challenger,-3,1.5021955833814498e-05,0.0008759223915810815,7.0,0.0,0
2020,VA-07,2020-08-04,0.6168037879000998,0.6168037879000998,Incumbent,1,0.002267054458641606,0.001988086807020093,7.0,0.021569519541277296,1
2020,VA-08,2020-08-04,26.392191262569703,26.392191262569703,Incumbent,3,0.004324168308002808,0.0009337694354308995,7.0,0.0,0
2020,VA-09,2020-08-04,-23.06933825260913,23.06933825260913,Challenger,-3,1.4987683742745423e-07,0.000750101485731731,7.0,0.0,0
2020,VA-10,2020-08-04,4.930169768920273,4.930169768920273,Incumbent,2,0.002334163357132043,0.0005178881360092111,7.0,2.2400192958828856e-05,0
2020,VA-11,2020-08-04,17.903084074439196,17.903084074439196,Incumbent,3,0.0029260023264651536,9.688148096230223e-05,7.0,0.0,0
2020,VT-00,2020-08-04,15.057806438313465,15.057806438313465,Incumbent,3,0.001391162906857607,6.196213552049793e-05,7.0,0.0,0
2020,WA-01,2020-08-04,13.178214590932551,13.178214590932551,Incumbent,3,0.0027461370788350588,6.874864516217272e-05,7.0,2.3971649692428303e-06,0
2020,WA-02,2020-08-04,9.080595379195262,9.080595379195262,Incumbent,3,0.0020965216946350596,4.43984515795931e-05,7.0,2.3718422669390687e-06,0
2020,WA-03,2020-08-04,-4.816242854185046,4.816242854185046,Challenger,-2,0.002000378563670337,0.002633358559618685,7.0,0.004177835987863414,1
2020,WA-04,2020-08-04,-11.858442573624501,11.858442573624501,Challenger,-3,3.586081097020781e-05,0.0017110597744187661,7.0,0.0,0
2020,WA-05,2020-08-04,-8.078962030869253,8.078962030869253,Challenger,-3,0.0003056627376071352,0.004235846586877807,7.0,9.455975018757151e-05,0
2020,WA-06,2020-08-04,6.012415033952323,6.012415033952323,Incumbent,2,0.004789732749343502,6.724461393711827e-05,7.0,2.3718422669390687e-06,0
2020,WA-07,2020-08-04,36.72818037182857,36.72818037182857,Incumbent,3,0.003118769058703964,8.641753526987564e-06,7.0,2.3718422669390687e-06,0
2020,WA-08,2020-08-04,0.9197171183407571,0.9197171183407571,Incumbent,1,0.0024282953926400485,0.00035367994572250424,7.0,0.0004175750729432176,0
2020,WA-09,2020-08-04,21.550272727277893,21.550272727277893,Incumbent,3,0.001684567625993169,1.142165741236803e-05,7.0,2.3718422669393647e-06,0
2020,WA-10,2020-08-04,6.465507414278027,6.465507414278027,Open,2,0.0010544613499658432,0.000122768503245811,7.0,0.001615440284394443,1
2020,WI-01,2020-08-04,-2.905236133876948,2.905236133876948,Challenger,-1,0.0005168782025718692,0.0027636046331199304,7.0,0.0,0
2020,WI-02,2020-08-04,18.958739607660107,18.958739607660107,Incumbent,3,0.001983049394394136,5.0405525393445434e-05,7.0,1.848676762817859e-05,0
2020,WI-03,2020-08-04,-4.072955843970282,4.072955843970282,Incumbent,0,0.0021738362777637098,0.0011163729417793342,7.0,0.0020981873487702974,1
2020,WI-04,2020-08-04,24.931618077414967,24.931618077414967,Incumbent,3,0.0020587050862779233,0.0,7.0,0.0,0
2020,WI-05,2020-08-04,-14.692106941889419,14.692106941889419,Open,-3,0.0003009000356221292,0.0008783168361395345,7.0,0.0,0
2020,WI-06,2020-08-04,-10.259029707645526,10.259029707645526,Challenger,-3,8.366842033277756e-05,0.0016095614258293007,7.0,0.0,0
2020,WI-07,2020-08-04,-12.13181484837636,12.13181484837636,Challenger,-3,0.0018589060412991772,0.004505656318805504,7.0,2.4771501313370062e-05,0
2020,WI-08,2020-08-04,-10.173587881331,10.173587881331,Challenger,-3,0.0004711591059637211,0.0032078856228431292,7.0,3.813659985431405e-07,0
2020,WV-01,2020-08-04,-23.41158043159246,23.41158043159246,Challenger,-3,7.561735188873352e-05,0.0012874407622818368,7.0,0.0,0
2020,WV-02,2020-08-04,-21.92686288918549,21.92686288918549,Challenger,-3,0.0003743128632196843,0.001240992748128473,7.0,0.0,0
2020,WY-00,2020-08-04,-25.77787700236944,25.77787700236944,Challenger,-3,5.572011482714311e-07,0.004972690366733783,7.0,0.0,0
2020,AL-06,2020-08-04,-19.298201595586924,19.298201595586924,Open,-3,0.0,0.001501629687088412,7.0,0.0,0
2020,IN-06,2020-08-04,-19.774364527800465,19.774364527800465,Open,-3,0.0,0.004730739243028863,7.0,0.0,0
2020,OK-03,2020-08-04,-25.040406323060722,25.040406323060722,Open,-3,0.0,0.0016648233421213943,7.0,0.0,0
2022,AL-01,2022-08-09,-16.357029889797673,16.357029889797673,Open,-3,3.1054147496833243e-06,0.0014803691915254416,-1.0,0.0,0
2022,AL-02,2022-08-09,-17.48894147961364,17.48894147961364,Challenger,-3,9.41032589430638e-05,0.0008771881191587186,-1.0,0.0,0
2022,AL-03,2022-08-09,-19.224766238484722,19.224766238484722,Challenger,-3,0.0,0.003583788457960735,-1.0,0.0,0
2022,AL-04,2022-08-09,-32.99150514498746,32.99150514498746,Challenger,-3,3.0385644863668914e-05,0.001364458561206644,-1.0,0.0,0
2022,AL-05,2022-08-09,-17.288279129804017,17.288279129804017,Open,-3,0.00025786606360171405,0.0,-1.0,0.0,0
2022,AL-07,2022-08-09,14.226682719477429,14.226682719477429,Incumbent,3,0.003093091967090221,6.382996798503843e-05,-1.0,0.00010732130155435311,0
2022,AR-01,2022-08-09,-21.391296630854292,21.391296630854292,Challenger,-3,5.195520357787185e-05,0.0014761770368841064,-1.0,0.0,0
2022,AR-02,2022-08-09,-9.052831282224066,9.052831282224066,Challenger,-3,0.00020119112647068346,0.005363968115353798,-1.0,0.0,0
2022,AR-03,2022-08-09,-15.476863151334888,15.476863151334888,Challenger,-3,0.00010632051954297293,0.0019165970182279844,-1.0,0.0,0
2022,AR-04,2022-08-09,-18.710195024103218,18.710195024103218,Challenger,-3,2.8879736089104983e-06,0.0,-1.0,0.0,0
2022,AZ-01,2022-08-09,-2.448492787482301,2.448492787482301,Challenger,-1,0.0018457227274247645,0.013655364537716735,-1.0,0.005913460914279146,1
2022,AZ-02,2022-08-09,-6.433271888721167,6.433271888721167,Incumbent,-1,0.0023753422072804813,0.005899676350855071,-1.0,0.005062144191724924,1
2022,AZ-03,2022-08-09,24.623777496420452,24.623777496420452,Incumbent,3,0.003332573664832335,0.00031061463853983496,-1.0,1.3819095636090794e-05,0
2022,AZ-04,2022-08-09,1.6182962123334588,1.6182962123334588,Incumbent,1,0.0026246019554990708,0.0022638901140802467,-1.0,0.01030302537381488,1
2022,AZ-05,2022-08-09,-11.63027765524259,11.63027765524259,Challenger,-3,7.765350436422126e-05,0.004246473593457892,-1.0,0.0,0
2022,AZ-06,2022-08-09,-3.0859031340330274,3.0859031340330274,Challenger,-2,0.002910491468126812,0.0042708703217602065,-1.0,0.0012850982277335535,1
2022,AZ-07,2022-08-09,15.636005284412564,15.636005284412564,Incumbent,3,0.001146440403319179,0.0,-1.0,6.210829499366649e-06,0
2022,AZ-08,2022-08-09,-10.181826844449171,10.181826844449171,Challenger,-3,6.850141233883955e-05,0.002211965157242037,-1.0,0.0,0
2022,AZ-09,2022-08-09,-15.971098802177186,15.971098802177186,Incumbent,-3,0.0,0.0,-1.0,0.0003070705839567591,0
2022,CA-01,2022-08-09,-12.4413722392534,12.4413722392534,Challenger,-3,0.0011233171434974145,0.000945449513991555,-1.0,0.0,0
2022,CA-02,2022-08-09,23.304486035062574,23.304486035062574,Incumbent,3,0.0017546290190780611,0.0001292285120142894,-1.0,3.1054147496833243e-06,0
2022,CA-03,2022-08-09,-4.260867603951912,4.260867603951912,Challenger,-2,0.0035735069576450403,0.005150774498767293,-1.0,0.0004150104220209539,0
2022,CA-04,2022-08-09,16.90863605237989,16.90863605237989,Incumbent,3,0.004768784510754377,1.2110744873995003e-05,-1.0,0.0,0
2022,CA-05,2022-08-09,-8.888000805717656,8.888000805717656,Challenger,-3,0.0001073399340428515,0.003932434986723352,-1.0,0.0,0
2022,CA-06,2022-08-09,7.578196341651678,7.578196341651678,Incumbent,2,0.0027668360687016238,0.0023148290706812846,-1.0,0.0,0
2022,CA-07,2022-08-09,18.0949623630077,18.0949623630077,Incumbent,3,0.002207584752358576,0.00011639414339532317,-1.0,0.0,0
2022,CA-08,2022-08-09,26.86109662816917,26.86109662816917,Incumbent,3,0.0027406125491186606,0.00011521759490911064,-1.0,0.0,0
2022,CA-09,2022-08-09,4.989054547840372,4.989054547840372,Open,1,0.005131913575960207,0.0015040145957832176,-1.0,0.0006309963343879287,0
2022,CA-10,2022-08-09,18.00449331076005,18.00449331076005,Incumbent,3,0.0011302326226576317,0.0006630836844261318,-1.0,8.937694191063558e-05,0
2022,CA-11,2022-08-09,37.65186614121579,37.65186614121579,Incumbent,3,0.059258120493089136,0.0024924957487986923,-1.0,0.0,0
2022,CA-12,2022-08-09,40.46856696126791,40.46856696126791,Incumbent,3,0.004933613000592676,4.6675625853640235e-06,-1.0,0.0,0
2022,CA-13,2022-08-09,4.383782670392684,4.383782670392684,Challenger,1,0.0017083970327755604,0.002593012713986719,-1.0,0.004171382459966077,1
2022,CA-14,2022-08-09,22.448767455138224,22.448767455138224,Incumbent,3,0.007928455638453383,5.082449101336466e-05,-1.0,0.0,0
2022,CA-15,2022-08-09,28.539933135818373,28.539933135818373,Open,3,0.002388771542311339,0.00010886518955130593,-1.0,0.0003294845049414007,0
2022,CA-16,2022-08-09,26.442084135142792,26.442084135142792,Incumbent,3,0.003934270131569676,0.0004223208788831837,-1.0,0.0,0
2022,CA-17,2022-08-09,24.68124762453286,24.68124762453286,Incumbent,3,0.006753045907829571,0.00013616414531623212,-1.0,0.0,0
2022,CA-18,2022-08-09,22.530887217829346,22.530887217829346,Incumbent,3,0.005768332834017215,0.0001936146908351436,-1.0,0.0,0
2022,CA-19,2022-08-09,18.97607047198322,18.97607047198322,Incumbent,3,0.0033038296043136433,0.00010266783755195291,-1.0,0.0,0
2022,CA-20,2022-08-09,-16.1928793689232,16.1928793689232,Challenger,-3,0.0016195324842986228,0.06082153294681835,-1.0,0.0,0
2022,CA-21,2022-08-09,9.24463230357992,9.24463230357992,Incumbent,3,0.0027254631559121,0.0011929812231185354,-1.0,0.0,0
2022,CA-22,2022-08-09,5.826128820806293,5.826128820806293,Challenger,1,0.0010029858931741478,0.012160296548664915,-1.0,0.03328033005020717,1
2022,CA-23,2022-08-09,-8.137760237717675,8.137760237717675,Challenger,-3,0.0018336255532132256,0.001504135054821358,-1.0,0.00015477902611270145,0
2022,CA-24,2022-08-09,12.509524773144115,12.509524773144115,Incumbent,3,0.002428062119240463,0.00018059614006737365,-1.0,0.0001843316434697674,0
2022,CA-25,2022-08-09,6.785435303968063,6.785435303968063,Incumbent,2,0.0034728449695882032,0.0012006647024004969,-1.0,6.21082949936665e-05,0
2022,CA-26,2022-08-09,8.003792259311972,8.003792259311972,Incumbent,3,0.002367240211252705,0.003861562186519211,-1.0,0.002715943072238881,1
2022,CA-27,2022-08-09,4.063200566994896,4.063200566994896,Challenger,1,0.0038123657402425156,0.011254770401966027,-1.0,0.0006074971330565707,0
2022,CA-28,2022-08-09,16.169126222614,16.169126222614,Incumbent,3,0.0018316390504520008,0.0009347091265383003,-1.0,1.4957695954062257e-05,0
2022,CA-29,2022-08-09,27.637639681993456,27.637639681993456,Incumbent,3,0.003196553331273161,2.4316018572970367e-05,-1.0,0.0,0
2022,CA-30,2022-08-09,24.07935261980949,24.07935261980949,Incumbent,3,0.035477239753038826,0.00019131755343650782,-1.0,0.0,0
2022,CA-31,2022-08-09,16.10022520246681,16.10022520246681,Incumbent,3,0.0003355366477470585,0.0004237363890343844,-1.0,0.0,0
2022,CA-32,2022-08-09,20.567593412917894,20.567593412917894,Incumbent,3,0.005798669537544429,3.2505090430327785e-05,-1.0,0.0,0
2022,CA-33,2022-08-09,12.701667657858678,12.701667657858678,Incumbent,3,0.0059501001502032845,0.0,-1.0,0.0,0
2022,CA-34,2022-08-09,34.29769394227007,34.29769394227007,Incumbent,3,0.002451438874068244,0.0,-1.0,7.586916410320072e-05,0
2022,CA-35,2022-08-09,14.526011827287176,14.526011827287176,Challenger,3,0.001147165828204705,6.642131237705916e-05,-1.0,0.0,0
2022,CA-36,2022-08-09,21.379065236746058,21.379065236746058,Incumbent,3,0.005404277920457915,0.009031824125519339,-1.0,0.0,0
2022,CA-37,2022-08-09,38.17115571896528,38.17115571896528,Incumbent,3,0.002807675129641529,9.683043417623569e-05,-1.0,0.0005811162621082405,0
2022,CA-38,2022-08-09,15.524643438248566,15.524643438248566,Incumbent,3,0.0031444172993944147,0.0003686976017725195,-1.0,0.0,0
2022,CA-39,2022-08-09,12.638332359465792,12.638332359465792,Incumbent,3,0.001968064733798451,0.00047557781021582784,-1.0,6.221636342695489e-06,0
2022,CA-40,2022-08-09,-2.3490241947268897,2.3490241947268897,Challenger,-1,0.003137274131224751,0.01694949332321873,-1.0,0.0003471660843890003,0
2022,CA-41,2022-08-09,-3.5498506287901357,3.5498506287901357,Challenger,-2,0.0030817687864508935,0.004581110509389525,-1.0,0.002182496634516393,1
2022,CA-42,2022-08-09,23.548646756052822,23.548646756052822,Challenger,3,0.003385180632857871,4.022999594505004e-05,-1.0,0.0,0
2022,CA-43,2022-08-09,33.66523654372313,33.66523654372313,Incumbent,3,0.0032215594661659528,0.000258087262294334,-1.0,0.0,0
2022,CA-44,2022-08-09,25.585392212203978,25.585392212203978,Incumbent,3,0.0014990112447009704,0.0,-1.0,0.0,0
2022,CA-45,2022-08-09,3.405664749834103,3.405664749834103,Challenger,1,0.0029435659052973466,0.00926385944239563,-1.0,0.0016671309462534256,1
2022,CA-46,2022-08-09,16.58257586569293,16.58257586569293,Incumbent,3,0.0014336144086498318,8.326076545283946e-05,-1.0,0.0,0
2022,CA-47,2022-08-09,3.120100066463399,3.120100066463399,Incumbent,2,0.023668837779585658,0.001400750922303243,-1.0,0.0004975645814016503,0
2022,CA-48,2022-08-09,-10.09708544488959,10.09708544488959,Challenger,-3,0.003388284929658244,0.005404390522796738,-1.0,2.4843317997466595e-05,0
2022,CA-49,2022-08-09,2.7222366320874105,2.7222366320874105,Incumbent,1,0.006280853372340668,0.00629547139802941,-1.0,0.02728328633896564,1
2022,CA-50,2022-08-09,14.071194061937565,14.071194061937565,Incumbent,3,0.005113308073516281,0.0001651676011289645,-1.0,4.6941573572803236e-05,0
2022,CA-51,2022-08-09,11.437344844143032,11.437344844143032,Challenger,2,0.003993325306998045,0.00014081701928983015,-1.0,0.0,0
2022,CA-52,2022-08-09,20.016199703055122,20.016199703055122,Incumbent,3,0.0015044021204898307,0.0009787407712199127,-1.0,0.0,0
2022,CO-01,2022-08-09,28.762867479927927,28.762867479927927,Incumbent,3,0.002173051919259147,9.316244249049973e-08,-1.0,0.0,0
2022,CO-02,2022-08-09,16.877197454600925,16.877197454600925,Incumbent,3,0.002917893162074387,3.09907970359397e-05,-1.0,0.0,0
2022,CO-03,2022-08-09,-7.619998140340705,7.619998140340705,Challenger,-2,0.006444595246503906,0.010849291926302634,-1.0,0.002077131185279684,1
2022,CO-04,2022-08-09,-13.921511275641516,13.921511275641516,Challenger,-3,0.00041342327559653854,0.002861386289989609,-1.0,0.0,0
2022,CO-05,2022-08-09,-10.35789116985529,10.35789116985529,Challenger,-3,1.4629826264790619e-05,0.0015812472232864143,-1.0,0.0,0
2022,CO-06,2022-08-09,8.034491840473857,8.034491840473857,Incumbent,3,0.0036731312092549762,8.193546760011711e-05,-1.0,2.438321974815305e-05,0
2022,CO-07,2022-08-09,2.769295170062125,2.769295170062125,Open,1,0.001240172285712328,0.002561828635936759,-1.0,0.0035211210019872393,1
2022,CO-08,2022-08-09,-0.9917513678841472,0.9917513678841472,Open,0,0.0013987306326295414,0.0013543039170834743,-1.0,0.020061264794786364,1
2022,CT-01,2022-08-09,11.526638530994981,11.526638530994981,Incumbent,3,0.002596175019934617,0.00032866048313757225,-1.0,0.0,0
2022,CT-02,2022-08-09,2.1286702699589153,2.1286702699589153,Incumbent,1,0.0014535121052252477,0.001170094099034337,-1.0,4.447109192284005e-05,0
2022,CT-03,2022-08-09,6.922120923630809,6.922120923630809,Incumbent,2,0.0030678793221165747,8.02418675580823e-05,-1.0,0.0,0
2022,CT-04,2022-08-09,12.541705966334455,12.541705966334455,Incumbent,3,0.0023775084514474176,0.0003651708443495991,-1.0,0.0,0
2022,CT-05,2022-08-09,2.141638010775665,2.141638010775665,Incumbent,1,0.0027947791806480766,0.0011588287722717955,-1.0,0.02092242366357749,1
2022,DE-00,2022-08-09,6.127682804332846,6.127682804332846,Incumbent,2,0.0036197939097886104,0.00040834974214094843,-1.0,0.0,0
2022,FL-01,2022-08-09,-19.928854314051243,19.928854314051243,Challenger,-3,0.001667615515170967,0.020261622148450904,-1.0,0.0,0
2022,FL-02,2022-08-09,-7.56900038068406,7.56900038068406,Incumbent,-2,0.0004970477472248609,0.0025556142352104304,-1.0,0.0,0
2022,FL-03,2022-08-09,-9.079725707420678,9.079725707420678,Challenger,-3,0.00011919920243041712,0.004033303671185927,-1.0,0.0,0
2022,FL-04,2022-08-09,-6.09606681878749,6.09606681878749,Challenger,-2,6.934794839960322e-05,0.001315638553305905,-1.0,0.0,0
2022,FL-05,2022-08-09,-11.450101278446976,11.450101278446976,Challenger,-3,1.2914767806835513e-05,0.0011440528051888848,-1.0,0.0,0
2022,FL-06,2022-08-09,-13.732136947426714,13.732136947426714,Challenger,-3,2.2886503001248642e-05,0.0060582930485154314,-1.0,0.0,0
2022,FL-07,2022-08-09,-5.117554716684672,5.117554716684672,Incumbent,-1,0.004571650857087334,0.00814890872099193,-1.0,0.0,0
2022,FL-08,2022-08-09,-11.553985107654771,11.553985107654771,Challenger,-3,8.804133408094446e-05,0.001332840470391268,-1.0,0.0,0
2022,FL-09,2022-08-09,9.587847940804794,9.587847940804794,Incumbent,3,0.0015403912999444182,0.0008299664682296416,-1.0,1.316506423565967e-05,0
2022,FL-10,2022-08-09,14.832758363085407,14.832758363085407,Incumbent,3,0.003120644759456786,0.00019106952396045064,-1.0,8.62035806862297e-05,0
2022,FL-11,2022-08-09,-8.31671764256397,8.31671764256397,Challenger,-3,3.5128855352335225e-05,0.0021182412868189417,-1.0,0.0,0
2022,FL-12,2022-08-09,-16.34021772390692,16.34021772390692,Challenger,-3,5.0845825212694976e-05,0.0041051124433956225,-1.0,0.0,0
2022,FL-13,2022-08-09,-5.446031223054323,5.446031223054323,Open,-2,0.0017218734769481716,0.004770898118141306,-1.0,0.022134257518045732,1
2022,FL-14,2022-08-09,8.855974120729392,8.855974120729392,Incumbent,3,0.0018645914758770202,0.0012857282853321176,-1.0,0.0,0
2022,FL-15,2022-08-09,-3.487792213850338,3.487792213850338,Challenger,-2,0.00024820872059655886,0.0017256671758229744,-1.0,0.0,0
2022,FL-16,2022-08-09,-7.226442069336062,7.226442069336062,Challenger,-2,3.657697235840755e-05,0.006349223301419005,-1.0,0.0,0
2022,FL-17,2022-08-09,-9.993020786991144,9.993020786991144,Challenger,-3,3.94095453681837e-05,0.002322830078621401,-1.0,0.0,0
2022,FL-18,2022-08-09,-12.982997177715792,12.982997177715792,Challenger,-3,2.5226029311217572e-05,0.001528414429500282,-1.0,0.0,0
2022,FL-19,2022-08-09,-12.964311255917192,12.964311255917192,Challenger,-3,0.0002557845662032963,0.012810685794460703,-1.0,0.0,0
2022,FL-20,2022-08-09,26.10346106505017,26.10346106505017,Incumbent,3,0.019714465863583216,0.00032551485326688055,-1.0,0.0,0
2022,FL-21,2022-08-09,-6.707063416602949,6.707063416602949,Challenger,-2,0.00010305399587607603,0.01210018273734838,-1.0,0.0,0
2022,FL-22,2022-08-09,7.92701110812219,7.92701110812219,Incumbent,2,0.0013708308722729943,0.0015419177665646252,-1.0,6.744153428477234e-06,0
2022,FL-23,2022-08-09,5.290088644609193,5.290088644609193,Challenger,1,0.0029961650166235657,0.0003133351060771476,-1.0,0.0001194060541068933,0
2022,FL-24,2022-08-09,26.86007770418651,26.86007770418651,Incumbent,3,0.0007604696773010859,0.0006906707295173862,-1.0,3.150101667931311e-06,0
2022,FL-25,2022-08-09,10.651298537769655,10.651298537769655,Incumbent,3,0.0037341555592302657,0.004878888201816151,-1.0,0.0,0
2022,FL-26,2022-08-09,-5.3717735987451976,5.3717735987451976,Challenger,-2,0.00040589491178132374,0.0030674842201979724,-1.0,0.00010526008251425108,0
2022,FL-27,2022-08-09,2.7019707357899074,2.7019707357899074,Challenger,0,0.0050000372010054524,0.007905021712940061,-1.0,0.0013054862071896496,1
2022,FL-28,2022-08-09,0.7406612144223361,0.7406612144223361,Open,0,3.2420529986693906e-05,0.001778406030812929,-1.0,9.316244249049974e-05,0
2022,GA-01,2022-08-09,-9.338075294766407,9.338075294766407,Challenger,-3,0.0027129108521148477,0.004037824906628287,-1.0,0.0,0
2022,GA-02,2022-08-09,3.2435955198042765,3.2435955198042765,Incumbent,2,0.003132114422509857,0.0006507826397362762,-1.0,0.010211891481401317,1
2022,GA-03,2022-08-09,-18.45277392927388,18.45277392927388,Challenger,-3,3.402860690652242e-05,0.007293032349014894,-1.0,0.0,0
2022,GA-04,2022-08-09,26.368184394606217,26.368184394606217,Incumbent,3,0.00119639255227521,0.0,-1.0,4.192309912072488e-08,0
2022,GA-05,2022-08-09,31.892357754569606,31.892357754569606,Incumbent,3,0.008341606320743196,3.83024029016266e-05,-1.0,4.192309912072488e-08,0
2022,GA-06,2022-08-09,-12.44589773553291,12.44589773553291,Challenger,-3,0.00054035070633546,0.010334708212527789,-1.0,8.204912577995552e-05,0
2022,GA-07,2022-08-09,8.481636073280551,8.481636073280551,Incumbent,3,0.013280812732274706,0.0003057894140476295,-1.0,6.449698001912059e-06,0
2022,GA-08,2022-08-09,-16.510851096950546,16.510851096950546,Challenger,-3,7.502697562308661e-05,0.0013874298109764114,-1.0,0.0,0
2022,GA-09,2022-08-09,-23.031996818710944,23.031996818710944,Challenger,-3,3.850090101242636e-05,0.001659166023232701,-1.0,0.0,0
2022,GA-10,2022-08-09,-15.057241628373404,15.057241628373404,Challenger,-3,7.642941197819109e-05,0.0033580375068050826,-1.0,0.0,0
2022,GA-11,2022-08-09,-12.045124653017183,12.045124653017183,Challenger,-3,0.0002021970634705484,0.0013258544672620856,-1.0,0.0,0
2022,GA-12,2022-08-09,-7.63401355344136,7.63401355344136,Challenger,-2,0.0004837836513128335,0.0010053844844726556,-1.0,0.0,0
2022,GA-13,2022-08-09,27.507513349372736,27.507513349372736,Challenger,3,0.004534121112429576,2.7653252533717554e-05,-1.0,0.00015527073748416623,0
2022,GA-14,2022-08-09,-22.307036948383235,22.307036948383235,Challenger,-3,0.00582079304014168,0.024762101216001996,-1.0,0.0001869853135358144,0
2022,HI-01,2022-08-09,14.514952454064334,14.514952454064334,Incumbent,3,0.0015013161456364805,8.726112967923403e-05,-1.0,0.0,0
2022,HI-02,2022-08-09,14.587435870590864,14.587435870590864,Open,3,0.0013598632305683574,0.00011215034570670093,-1.0,0.0,0
2022,IA-01,2022-08-09,-3.23919947167052,3.23919947167052,Challenger,-2,0.0017941052687550682,0.004916349006266466,-1.0,0.00016845322309657195,0
2022,IA-02,2022-08-09,-4.036017317545893,4.036017317545893,Challenger,-2,0.0027842021380106554,0.012226623114837963,-1.0,2.950144012199158e-07,0
2022,IA-03,2022-08-09,-2.591819058935757,2.591819058935757,Incumbent,0,0.005565745544129221,0.0029342876092165377,-1.0,0.006475570795953424,1
2022,IA-04,2022-08-09,-15.527668627078642,15.527668627078642,Challenger,-3,1.9417506292672395e-05,0.0032454614708444956,-1.0,0.0,0
2022,ID-01,2022-08-09,-22.463689738740225,22.463689738740225,Challenger,-3,2.300839053017371e-05,0.000810687215001625,-1.0,0.0,0
2022,ID-02,2022-08-09,-14.863293758937132,14.863293758937132,Challenger,-3,9.965772798093737e-06,0.004136184509135562,-1.0,0.0,0
2022,IL-01,2022-08-09,21.557606615631734,21.557606615631734,Open,3,0.0015316068579712514,1.3348842680546246e-05,-1.0,0.0,0
2022,IL-02,2022-08-09,19.498388941928752,19.498388941928752,Incumbent,3,0.002699001761559311,1.3673141142855678e-05,-1.0,6.541928819978232e-06,0
2022,IL-03,2022-08-09,20.7490927090049,20.7490927090049,Challenger,3,0.0029381022696409013,5.7817170784259075e-05,-1.0,6.98718318678748e-09,0
2022,IL-04,2022-08-09,23.590651459594714,23.590651459594714,Incumbent,3,0.0019400513463162128,0.0,-1.0,9.937327198986674e-05,0
2022,IL-05,2022-08-09,18.68377102039282,18.68377102039282,Incumbent,3,0.0017747911417194126,6.213313831166396e-05,-1.0,0.0,0
2022,IL-06,2022-08-09,3.3013832950879953,3.3013832950879953,Incumbent,2,0.009963691238587025,0.0015139833808336188,-1.0,0.0029452628281331633,1
2022,IL-07,2022-08-09,36.705380273468435,36.705380273468435,Incumbent,3,0.0011321731342264136,0.0,-1.0,0.0,0
2022,IL-08,2022-08-09,6.424280826815448,6.424280826815448,Incumbent,2,0.0075440233970105785,0.0008338514041897903,-1.0,0.0,0
2022,IL-09,2022-08-09,20.158433724412745,20.158433724412745,Incumbent,3,0.00359424535210149,0.0,-1.0,0.0,0
2022,IL-10,2022-08-09,11.04113176541972,11.04113176541972,Incumbent,3,0.008103741581407092,0.00020328274752118517,-1.0,0.0,0
2022,IL-11,2022-08-09,5.085982935594202,5.085982935594202,Incumbent,2,0.0035855765557736025,0.004429297899662311,-1.0,2.950144012199158e-07,0
2022,IL-12,2022-08-09,-23.83831770974748,23.83831770974748,Challenger,-3,0.00033133188512183984,0.00213249883596354,-1.0,0.0,0
2022,IL-13,2022-08-09,3.4188055743444465,3.4188055743444465,Challenger,1,0.003221608624881441,0.0015595642858797004,-1.0,0.011113386955025856,1
2022,IL-14,2022-08-09,3.54197654493737,3.54197654493737,Incumbent,2,0.008529923732990033,0.00044609950543372145,-1.0,0.003987061374906459,1
2022,IL-15,2022-08-09,-21.8139353277361,21.8139353277361,Challenger,-3,3.3139744042720567e-06,0.010169658989809082,-1.0,0.0,0
2022,IL-16,2022-08-09,-13.631151449570353,13.631151449570353,Open,-3,0.0,0.005987587350678972,-1.0,0.0,0
2022,IL-17,2022-08-09,2.1001234628320264,2.1001234628320264,Open,1,0.0015058203323518636,0.004333545913920346,-1.0,0.023450875239676365,1
2022,IN-01,2022-08-09,3.573714791027988,3.573714791027988,Incumbent,2,0.0013281081599083732,0.0017849677721790097,-1.0,0.01682141707534731,1
2022,IN-02,2022-08-09,-14.123373420505617,14.123373420505617,Open,-3,3.351646190600465e-05,0.002136972279072902,-1.0,0.0,0
2022,IN-03,2022-08-09,-18.388894143413275,18.388894143413275,Challenger,-3,7.537748378588335e-05,0.0032958370431016458,-1.0,0.0,0
2022,IN-04,2022-08-09,-18.261366892061144,18.261366892061144,Challenger,-3,4.946832533803046e-06,0.0005721494701809724,-1.0,0.0,0
2022,IN-05,2022-08-09,-12.021418015673689,12.021418015673689,Challenger,-3,0.0001539812450635077,0.005422764237083747,-1.0,0.0,0
2022,IN-06,2022-08-09,-19.774364527800465,19.774364527800465,Challenger,-3,2.5885557295755317e-05,0.005380541434385531,-1.0,0.0,0
2022,IN-07,2022-08-09,18.607074845547505,18.607074845547505,Incumbent,3,0.0019237578562075741,0.000849001449533448,-1.0,0.0,0
2022,IN-08,2022-08-09,-19.049853045606127,19.049853045606127,Challenger,-3,0.00014294789278276784,0.0023289985813177297,-1.0,0.0,0
2022,IN-09,2022-08-09,-16.1330901327918,16.1330901327918,Open,-3,0.00016523775244815981,0.0,-1.0,0.0,0
2022,KS-01,2022-08-09,-18.35642947387447,18.35642947387447,Challenger,-3,9.676099710243277e-06,0.0008232002353022939,-1.0,0.0,0
2022,KS-02,2022-08-09,-10.919753167294175,10.919753167294175,Challenger,-3,0.0008904051059289932,0.0014268101965000956,-1.0,0.0,0
2022,KS-03,2022-08-09,-2.001934384644852,2.001934384644852,Incumbent,0,0.005469060660742303,0.002439129320541974,-1.0,0.022917520908555346,1
2022,KS-04,2022-08-09,-14.574908575782132,14.574908575782132,Challenger,-3,1.2564259644038756e-05,0.0026699071618236756,-1.0,0.0,0
2022,KY-01,2022-08-09,-24.043650607051916,24.043650607051916,Challenger,-3,1.761006174591421e-05,0.002091666606936084,-1.0,0.0,0
2022,KY-02,2022-08-09,-21.47130501822055,21.47130501822055,Challenger,-3,0.00020618804934439893,0.004636620791772834,-1.0,0.0,0
2022,KY-03,2022-08-09,8.079431177631157,8.079431177631157,Open,2,0.00512541121012414,0.0010924801887081741,-1.0,0.0,0
2022,KY-04,2022-08-09,-19.686205100289342,19.686205100289342,Challenger,-3,0.0004668117522979792,0.0025051886968299577,-1.0,6.356628721864317e-06,0
2022,KY-05,2022-08-09,-32.1729608712165,32.1729608712165,Challenger,-3,3.0560386551633596e-05,0.0017926004468756663,-1.0,0.0,0
2022,KY-06,2022-08-09,-9.185896454494886,9.185896454494886,Challenger,-3,0.0004753536303250482,0.002917397693151075,-1.0,0.0,0
2022,LA-01,2022-08-09,-22.944673490403893,22.944673490403893,Challenger,-3,0.0,0.04364195137071723,-1.0,0.0001547790571668488,0
2022,LA-02,2022-08-09,25.16643417438329,25.16643417438329,Challenger,3,0.0076827398516554285,0.0006093346069639579,-1.0,0.0,0
2022,LA-03,2022-08-09,-21.06595306282636,21.06595306282636,Challenger,-3,0.0001445868996335032,0.0013649961706081093,-1.0,0.00015107221674259436,0
2022,LA-04,2022-08-09,-13.802598221073296,13.802598221073296,Challenger,-3,1.0324013443617206e-05,0.0020975111527657257,-1.0,0.0,0
2022,LA-05,2022-08-09,-16.599572159228913,16.599572159228913,Open,-3,0.00017568790783890916,0.003914285576543712,-1.0,0.0,0
2022,MA-01,2022-08-09,8.575942547188976,8.575942547188976,Incumbent,3,0.005198643908159007,8.319406114401625e-08,-1.0,0.0,0
2022,MA-02,2022-08-09,12.66908430464133,12.66908430464133,Incumbent,3,0.0018422106275594627,0.00036165970716286967,-1.0,0.0,0
2022,MA-03,2022-08-09,11.100187597102483,11.100187597102483,Incumbent,3,0.0019618950510445175,0.00020361266678419152,-1.0,0.0,0
2022,MA-04,2022-08-09,11.65184581520879,11.65184581520879,Incumbent,3,0.0020982341243735996,0.0011405145577313908,-1.0,0.0,0
2022,MA-05,2022-08-09,22.981622359533727,22.981622359533727,Incumbent,3,0.004977154890314116,2.8917622149051116e-05,-1.0,0.0,0
2022,MA-06,2022-08-09,10.243287841991489,10.243287841991489,Incumbent,3,0.003861144818776854,2.9778194684483363e-05,-1.0,0.0,0
2022,MA-07,2022-08-09,35.552286282446815,35.552286282446815,Incumbent,3,0.003334469085778952,0.0,-1.0,0.0,0
2022,MA-08,2022-08-09,14.729375410314466,14.729375410314466,Incumbent,3,0.0016476931616024387,6.563638774492922e-05,-1.0,0.0,0
2022,MA-09,2022-08-09,5.6093782672373695,5.6093782672373695,Incumbent,2,0.0013234758748345656,0.001036104986208783,-1.0,0.0,0
2022,MD-01,2022-08-09,-11.511437051533768,11.511437051533768,Challenger,-3,0.0026444583190041683,0.0021326135810385413,-1.0,7.337893201542995e-05,0
2022,MD-02,2022-08-09,6.588015915525597,6.588015915525597,Incumbent,2,0.001949872251516234,0.00018715840935396198,-1.0,0.0,0
2022,MD-03,2022-08-09,8.507214711156301,8.507214711156301,Incumbent,3,0.0007091737843287193,0.0002742544551851028,-1.0,0.0,0
2022,MD-04,2022-08-09,40.07215890845792,40.07215890845792,Open,3,0.002288728556576556,4.809579412696542e-05,-1.0,0.0,0
2022,MD-05,2022-08-09,13.90135693169312,13.90135693169312,Incumbent,3,0.008180125188517726,0.00010677872348928872,-1.0,0.0,0
2022,MD-06,2022-08-09,1.142896202854865,1.142896202854865,Incumbent,1,0.0065739087537198945,0.00037621528296099535,-1.0,1.1546366797389407e-05,0
2022,MD-07,2022-08-09,30.226960116774826,30.226960116774826,Incumbent,3,0.0005128133168260532,0.0017757103134311714,-1.0,0.0,0
2022,MD-08,2022-08-09,29.458751280694372,29.458751280694372,Incumbent,3,0.006340381316110528,9.267085533562486e-06,-1.0,0.0,0
2022,ME-01,2022-08-09,8.0535576548473,8.0535576548473,Incumbent,3,0.0007208417591677045,0.000433119368646405,-1.0,1.397436637357496e-08,0
2022,ME-02,2022-08-09,-5.701764426813255,5.701764426813255,Incumbent,-1,0.004890596857588358,0.0013298716628364234,-1.0,0.03228888192183155,1
2022,MI-01,2022-08-09,-12.864139449304293,12.864139449304293,Challenger,-3,0.0006991760878669989,0.0024083963039844055,-1.0,0.0,0
2022,MI-02,2022-08-09,-16.32899492778914,16.32899492778914,Challenger,-3,1.027426469932728e-06,0.004552199719152923,-1.0,0.0,0
2022,MI-03,2022-08-09,0.5192327169860678,0.5192327169860678,Challenger,0,0.0010919938497042261,0.0064371007006553144,-1.0,0.011459547537173055,1
2022,MI-04,2022-08-09,-5.202260954909226,5.202260954909226,Challenger,-2,0.00014338358247214841,0.004419815205182678,-1.0,1.5247120608732665e-05,0
2022,MI-05,2022-08-09,-14.539167945315114,14.539167945315114,Challenger,-3,0.00010162202702670207,0.0005729967204871285,-1.0,4.624316579559929e-05,0
2022,MI-06,2022-08-09,10.536606251083619,10.536606251083619,Incumbent,3,0.002355434542323719,0.004057462711043302,-1.0,1.6591330437280478e-05,0
2022,MI-07,2022-08-09,-2.55840954579728,2.55840954579728,Incumbent,0,0.005821326115637611,0.003368465458480372,-1.0,0.0393050371376345,1
2022,MI-08,2022-08-09,-0.8913436295996224,0.8913436295996224,Incumbent,1,0.003954994023739246,0.0030326498823804973,-1.0,0.01996403084301755,1
2022,MI-10,2022-08-09,-3.3435538497304127,3.3435538497304127,Challenger,-2,0.0006920440991904336,0.005033657073222622,-1.0,6.543574689795218e-05,0
2022,MI-11,2022-08-09,6.989361726624355,6.989361726624355,Incumbent,2,0.01037985960765984,0.0005010881713015264,-1.0,3.15595537473442e-05,0
2022,MI-12,2022-08-09,22.83353465712751,22.83353465712751,Incumbent,3,0.00708608636109254,5.5839456346775755e-05,-1.0,2.705468384071638e-05,0
2022,MI-13,2022-08-09,24.1254278498976,24.1254278498976,Challenger,3,0.021795715636228813,7.867412997585218e-05,-1.0,8.231926580903279e-06,0
2022,MN-01,2022-08-09,-7.847842235909125,7.847842235909125,Open,-2,0.0037634932818866543,0.0022051845151902505,-1.0,0.00010182654964211621,0
2022,MN-02,2022-08-09,-0.14427997792423597,0.14427997792423597,Incumbent,1,0.0048910346279056206,0.005439280758079708,-1.0,0.027525303235201092,1
2022,MN-03,2022-08-09,6.6782863467643505,6.6782863467643505,Incumbent,2,0.003688063502916386,0.0005313197565394635,-1.0,0.0,0
2022,MN-04,2022-08-09,16.427906101446403,16.427906101446403,Incumbent,3,0.004170196160477551,0.00010504978382740252,-1.0,0.0,0
2022,MN-05,2022-08-09,29.534822063444928,29.534822063444928,Incumbent,3,0.006481270132589371,0.006581306690115622,-1.0,6.449698001912059e-06,0
2022,MN-06,2022-08-09,-12.677496490338452,12.677496490338452,Challenger,-3,0.0002508222376498924,0.008184089747312058,-1.0,0.0,0
2022,MN-07,2022-08-09,-19.328215156854412,19.328215156854412,Challenger,-3,0.0001877799891702586,0.002953034252760836,-1.0,0.0,0
2022,MN-08,2022-08-09,-8.04388507656337,8.04388507656337,Challenger,-3,0.00046956271500813373,0.002720885650354477,-1.0,0.0,0
2022,MO-01,2022-08-09,27.249169270162675,27.249169270162675,Incumbent,3,0.005250528339334734,5.444040489374842e-05,-1.0,6.449698001912059e-06,0
2022,MO-02,2022-08-09,-7.986075858271152,7.986075858271152,Challenger,-2,0.001187797167952004,0.006347476691947194,-1.0,6.210829499366649e-06,0
2022,MO-03,2022-08-09,-16.521251165170824,16.521251165170824,Challenger,-3,4.414061368517875e-05,0.003368386115133518,-1.0,0.0,0
2022,MO-04,2022-08-09,-22.699460623660684,22.699460623660684,Challenger,-3,3.503544447666475e-05,0.0,-1.0,0.0,0
2022,MO-05,2022-08-09,10.413225733597686,10.413225733597686,Incumbent,3,0.0020365105592132712,3.757551847116823e-08,-1.0,3.881768437104156e-05,0
2022,MO-06,2022-08-09,-21.2217918081147,21.2217918081147,Challenger,-3,0.00022386037465604427,0.00376915156493961,-1.0,0.0,0
2022,MO-07,2022-08-09,-24.16088679935535,24.16088679935535,Open,-3,2.868471604282487e-06,0.0031917675766024232,-1.0,0.0,0
2022,MO-08,2022-08-09,-27.92529244087229,27.92529244087229,Challenger,-3,1.4155225728596516e-05,0.007492528074302988,-1.0,6.210829499366649e-06,0
2022,MS-01,2022-08-09,-18.345109622786225,18.345109622786225,Challenger,-3,1.708726517280502e-05,0.00229422892928949,-1.0,0.0,0
2022,MS-02,2022-08-09,11.473888206130106,11.473888206130106,Incumbent,3,0.002338670116068291,7.832657195706763e-05,-1.0,0.0,0
2022,MS-03,2022-08-09,-14.883227445186996,14.883227445186996,Challenger,-3,0.00017245678590015868,0.0033897439156159405,-1.0,0.0,0
2022,MS-04,2022-08-09,-21.91982653549508,21.91982653549508,Challenger,-3,0.00014861300774817262,0.003682505555813993,-1.0,0.0,0
2022,MT-01,2022-08-09,-6.648156748725844,6.648156748725844,Challenger,-2,0.0032218683928252516,0.003021161524730634,-1.0,0.0,0
2022,MT-02,2022-08-09,-16.562420619068124,16.562420619068124,Challenger,-3,0.0001647173159902604,0.0029207268840876206,-1.0,0.0,0
2022,NC-01,2022-08-09,2.6847642563189944,2.6847642563189944,Challenger,0,0.0021784082628359914,0.004334640883161083,-1.0,0.015888145600567376,1
2022,NC-02,2022-08-09,11.44542313038604,11.44542313038604,Incumbent,3,0.0030501210078705105,0.00022555829122458112,-1.0,0.0006064388077098777,0
2022,NC-03,2022-08-09,-14.845244174580227,14.845244174580227,Challenger,-3,0.0001464748054764257,0.0035788582083416945,-1.0,0.0,0
2022,NC-04,2022-08-09,16.04355221243226,16.04355221243226,Challenger,3,0.0028402217394670596,0.0003029138310435703,-1.0,0.0,0
2022,NC-05,2022-08-09,-12.9346878047449,12.9346878047449,Challenger,-3,2.6510801501456556e-05,0.0038773012669325885,-1.0,0.0002821735112299753,0
2022,NC-06,2022-08-09,4.163220378592431,4.163220378592431,Incumbent,2,0.0026902970045286213,0.0,-1.0,3.0089698838024615e-05,0
2022,NC-07,2022-08-09,-8.254535703796442,8.254535703796442,Challenger,-3,0.0005653623067582121,0.0029346749786524134,-1.0,0.0,0
2022,NC-08,2022-08-09,-19.6845056221601,19.6845056221601,Challenger,-3,0.00038281292292158254,0.0015355441201699324,-1.0,0.0,0
2022,NC-09,2022-08-09,-5.841307578312968,5.841307578312968,Challenger,-2,0.0004088611728960738,0.0034539813450702845,-1.0,0.0,0
2022,NC-10,2022-08-09,-22.055350387332396,22.055350387332396,Open,-3,0.00034697994582890416,0.00886089256407349,-1.0,0.0,0
2022,NC-11,2022-08-09,-8.230709932398778,8.230709932398778,Challenger,-3,0.004878652283457618,0.003055791495203432,-1.0,0.0,0
2022,NC-12,2022-08-09,12.402821989006103,12.402821989006103,Incumbent,3,0.0016503802148770442,0.000297713969315963,-1.0,8.958158874263815e-06,0
2022,NC-13,2022-08-09,-1.864598296187117,1.864598296187117,Open,0,0.004101828839947603,0.011738854129506121,-1.0,0.013178086140275689,1
2022,NC-14,2022-08-09,5.0351647382739895,5.0351647382739895,Open,2,0.009613730467248196,0.0007539745781355333,-1.0,0.00025775830570990105,0
2022,ND-00,2022-08-09,-20.198325659708185,20.198325659708185,Challenger,-3,7.394458331208449e-06,0.002946969160375672,-1.0,0.0,0
2022,NE-01,2022-08-09,-9.41435049125387,9.41435049125387,Challenger,-3,0.0021308626239860797,0.004316554264467683,-1.0,0.0,0
2022,NE-02,2022-08-09,-0.5855479710474842,0.5855479710474842,Challenger,0,0.0034408828609268577,0.005549397988749791,-1.0,0.011527036522195201,1
2022,NH-01,2022-08-09,-0.6241611239493683,0.6241611239493683,Incumbent,1,0.002459981838990475,0.0019906975865229457,-1.0,0.024840168765314793,1
2022,NH-02,2022-08-09,1.2041262086251447,1.2041262086251447,Incumbent,1,0.003163932998901472,9.547566593753884e-05,-1.0,0.003904521593596052,1
2022,NJ-01,2022-08-09,10.541473432003373,10.541473432003373,Incumbent,3,0.003068365505849785,4.8270566869077595e-05,-1.0,0.0,0
2022,NJ-02,2022-08-09,-4.761067754946824,4.761067754946824,Challenger,-2,0.0009248952395756136,0.0054149034075654315,-1.0,1.006620191109922e-06,0
2022,NJ-03,2022-08-09,4.31835427530044,4.31835427530044,Incumbent,2,0.003680307853795642,0.0028016051307010606,-1.0,0.000911830759723696,0
2022,NJ-04,2022-08-09,-14.584596480441704,14.584596480441704,Challenger,-3,1.502275439306805e-06,0.0031580527408022092,-1.0,0.0,0
2022,NJ-05,2022-08-09,3.445661758280183,3.445661758280183,Incumbent,2,0.003300473831026841,0.001085024056840037,-1.0,0.013558330760982692,1
2022,NJ-06,2022-08-09,8.090405096667297,8.090405096667297,Incumbent,3,0.003830980993688755,0.0002756411470874264,-1.0,0.0,0
2022,NJ-07,2022-08-09,-2.1840325062936543,2.1840325062936543,Incumbent,0,0.005174564180594339,0.0049389483515658115,-1.0,0.006605012215202952,1
2022,NJ-08,2022-08-09,23.722217972151167,23.722217972151167,Open,3,0.0029595599092075257,0.0,-1.0,4.697327985739739e-05,0
2022,NJ-09,2022-08-09,9.263237829680254,9.263237829680254,Incumbent,3,0.00265042332387195,0.0007059353025570121,-1.0,0.0,0
2022,NJ-10,2022-08-09,30.651816525153706,30.651816525153706,Incumbent,3,0.003870797596822327,0.0,-1.0,0.0,0
2022,NJ-11,2022-08-09,5.375678065707767,5.375678065707767,Incumbent,2,0.005540147051372927,0.0005657231870062727,-1.0,0.016315143513550907,1
2022,NJ-12,2022-08-09,15.154219911894874,15.154219911894874,Incumbent,3,0.00161431333794542,0.0005594167417867634,-1.0,0.0,0
2022,NM-01,2022-08-09,4.293054721329781,4.293054721329781,Challenger,1,0.008241448434662674,0.0024269839813476674,-1.0,0.00062005195223977,0
2022,NM-02,2022-08-09,1.5160307331892997,1.5160307331892997,Challenger,0,0.0017155017248564762,0.0039009332247444983,-1.0,0.02097382833922854,1
2022,NM-03,2022-08-09,3.9759876881442278,3.9759876881442278,Incumbent,2,0.0024685078483481734,0.00047004684916760934,-1.0,0.0011607519245721261,1
2022,NV-01,2022-08-09,3.1666798532818117,3.1666798532818117,Incumbent,2,0.0011623016818029565,0.001751164028354512,-1.0,0.0237806551627229,1
2022,NV-02,2022-08-09,-8.147825812678416,8.147825812678416,Challenger,-3,1.4804630061050292e-05,0.002525128968641592,-1.0,0.00018318037305961764,0
2022,NV-03,2022-08-09,1.8001935367752464,1.8001935367752464,Incumbent,1,0.005463442841243536,0.0034851730313863803,-1.0,0.029570551593058,1
2022,NV-04,2022-08-09,3.217223200349606,3.217223200349606,Incumbent,2,0.0038501652212254308,0.0025392843496409257,-1.0,0.018978632093628465,1
2022,NY-01,2022-08-09,-3.6928800390495202,3.6928800390495202,Challenger,-2,0.0024862507597370785,0.0020163366981041657,-1.0,2.950144012199158e-07,0
2022,NY-02,2022-08-09,-3.774283387941013,3.774283387941013,Challenger,-2,0.0014053756301650613,0.005279364009588541,-1.0,0.0016485699754570109,1
2022,NY-03,2022-08-09,1.705849946619914,1.705849946619914,Incumbent,1,0.010515054335653664,0.004349333376695522,-1.0,0.009133406651670426,1
2022,NY-04,2022-08-09,5.110116322913344,5.110116322913344,Challenger,1,0.0014428521169598623,0.0006193372099809829,-1.0,0.00498072229761611,1
2022,NY-05,2022-08-09,31.66570070517945,31.66570070517945,Incumbent,3,0.004046678537242076,0.00015924920853657552,-1.0,0.0,0
2022,NY-06,2022-08-09,16.45316367287223,16.45316367287223,Incumbent,3,0.0024054506007152986,4.3359042900978445e-06,-1.0,2.9811981596959914e-05,0
2022,NY-07,2022-08-09,32.947096636428,32.947096636428,Incumbent,3,0.0012028515665213715,0.0,-1.0,0.0,0
2022,NY-08,2022-08-09,27.20390212058902,27.20390212058902,Incumbent,3,0.01264284008365161,1.5410154883091046e-05,-1.0,0.0,0
2022,NY-09,2022-08-09,26.546679495384446,26.546679495384446,Incumbent,3,0.0017362750862830079,0.0,-1.0,0.0,0
2022,NY-10,2022-08-09,35.683837953159355,35.683837953159355,Challenger,3,0.00778521254494451,7.298612810374222e-05,-1.0,0.0,0
2022,NY-11,2022-08-09,-5.641502588722533,5.641502588722533,Challenger,-2,0.0026280498043332015,0.004129725867539171,-1.0,3.1064581690391777e-05,0
2022,NY-12,2022-08-09,34.68988016555067,34.68988016555067,Incumbent,3,0.008865627948916986,1.8651058878303052e-05,-1.0,0.0,0
2022,NY-13,2022-08-09,40.02459454905407,40.02459454905407,Incumbent,3,0.0014019552642514652,0.0,-1.0,0.0,0
2022,NY-14,2022-08-09,29.655224876126084,29.655224876126084,Incumbent,3,0.027198753347198148,0.0020272034448835853,-1.0,6.449698001912059e-06,0
2022,NY-15,2022-08-09,36.766509186357546,36.766509186357546,Incumbent,3,0.002254492383748165,0.0,-1.0,2.794873274714992e-08,0
2022,NY-16,2022-08-09,20.483740598184923,20.483740598184923,Incumbent,3,0.0035395482225703857,0.00011874062583433138,-1.0,0.0,0
2022,NY-17,2022-08-09,2.957058137633134,2.957058137633134,Incumbent,1,0.007679530778161399,0.0005800388074066904,-1.0,0.015778121687610523,1
2022,NY-18,2022-08-09,0.6565680576901656,0.6565680576901656,Challenger,0,0.004013869023003837,0.002670552001196447,-1.0,0.018864147687141758,1
2022,NY-19,2022-08-09,-0.9436788799621371,0.9436788799621371,Incumbent,1,0.02134708860267618,0.0037160198439296728,-1.0,0.018568446523449945,1
2022,NY-20,2022-08-09,6.380110330079763,6.380110330079763,Incumbent,2,0.0031396890570048416,0.0018689193060887688,-1.0,0.0,0
2022,NY-21,2022-08-09,-9.049076835055661,9.049076835055661,Challenger,-3,0.0021213013625132797,0.020755665686392772,-1.0,0.0002474953757744084,0
2022,NY-22,2022-08-09,0.758852657433734,0.758852657433734,Challenger,0,0.002378558795878203,0.0017573123148008202,-1.0,0.014919595962093947,1
2022,NY-23,2022-08-09,-12.452534835467782,12.452534835467782,Open,-3,0.0003681417325323262,0.00186819850827122,-1.0,0.0,0
2022,NY-24,2022-08-09,-11.822715104854463,11.822715104854463,Open,-3,4.050066389463243e-05,0.007812811949586468,-1.0,6.089718324128999e-05,0
2022,NY-25,2022-08-09,6.997501041410814,6.997501041410814,Incumbent,2,0.0018850779590889762,0.0008376363147408518,-1.0,0.0011636847403700232,1
2022,NY-26,2022-08-09,8.41704225398517,8.41704225398517,Incumbent,3,0.003389187984267452,8.347662283208994e-05,-1.0,0.0,0
2022,OH-01,2022-08-09,1.4899957446163237,1.4899957446163237,Challenger,0,0.0008586877039499227,0.0022599582242490827,-1.0,0.013419127905225599,1
2022,OH-02,2022-08-09,-24.48289495044701,24.48289495044701,Challenger,-3,0.0,0.0024640133194726616,-1.0,0.0,0
2022,OH-03,2022-08-09,19.48297892975578,19.48297892975578,Incumbent,3,0.0020957244523894954,0.0,-1.0,0.0,0
2022,OH-04,2022-08-09,-20.55908860807346,20.55908860807346,Challenger,-3,0.002805884081684649,0.021825127826730902,-1.0,2.393964230530875e-05,0
2022,OH-05,2022-08-09,-15.071640600961539,15.071640600961539,Challenger,-3,2.643686157626659e-05,0.0026383040080532457,-1.0,0.0,0
2022,OH-06,2022-08-09,-15.378152225349016,15.378152225349016,Challenger,-3,0.000161058547386331,0.0031708490991446394,-1.0,0.0,0
2022,OH-07,2022-08-09,-7.0155130829773595,7.0155130829773595,Open,-2,0.0003854551340072031,0.006278731752983684,-1.0,0.0,0
2022,OH-08,2022-08-09,-14.035211394428032,14.035211394428032,Challenger,-3,0.0,0.0020091800524344883,-1.0,0.0,0
2022,OH-09,2022-08-09,-2.6750752258288104,2.6750752258288104,Incumbent,0,0.0025498953344615613,0.0014403432213294456,-1.0,0.007848754237278335,1
2022,OH-10,2022-08-09,-4.1762804360223,4.1762804360223,Challenger,-2,3.51918642176063e-05,0.0018325653025093886,-1.0,0.0,0
2022,OH-11,2022-08-09,28.441346247008543,28.441346247008543,Challenger,3,0.02330025172431095,0.0,-1.0,0.0,0
2022,OH-12,2022-08-09,-17.225752396313208,17.225752396313208,Challenger,-3,0.000997150135668248,0.0018911429583116977,-1.0,0.0,0
2022,OH-13,2022-08-09,-0.4196957081654351,0.4196957081654351,Open,0,0.0009276671638353284,0.0019124208564726105,-1.0,0.02281175905312584,1
2022,OH-14,2022-08-09,-9.040584982726719,9.040584982726719,Challenger,-3,0.0011671112860589712,0.0018400555628856248,-1.0,3.726497699619989e-06,0
2022,OH-15,2022-08-09,-6.124369085418522,6.124369085418522,Open,-2,0.0030388251859351273,0.005232136706804618,-1.0,0.0,0
2022,OK-01,2022-08-09,-14.538246122325646,14.538246122325646,Challenger,-3,7.434688979290596e-05,0.0029382495284083314,-1.0,0.0,0
2022,OK-02,2022-08-09,-28.318688286984766,28.318688286984766,Challenger,-3,0.00022386403904544892,0.0,-1.0,0.0,0
2022,OK-04,2022-08-09,-19.182424517801458,19.182424517801458,Challenger,-3,0.0,0.004748890447514218,-1.0,0.0,0
2022,OK-05,2022-08-09,-12.644828798930217,12.644828798930217,Incumbent,-3,0.0,0.0,-1.0,0.0,0
2022,OR-01,2022-08-09,17.576673418835615,17.576673418835615,Incumbent,3,0.0020783250619801994,0.0,-1.0,0.0,0
2022,OR-02,2022-08-09,-15.622567897681755,15.622567897681755,Challenger,-3,6.31770545339175e-05,0.001227052467369571,-1.0,0.0,0
2022,OR-03,2022-08-09,22.427199819667493,22.427199819667493,Incumbent,3,0.002804768244056793,6.4277737737795246e-06,-1.0,0.0,0
2022,OR-04,2022-08-09,3.8251339099398374,3.8251339099398374,Open,1,0.002602255701501824,0.00638699141771295,-1.0,0.005729995308874771,1
2022,OR-05,2022-08-09,1.3926991240531428,1.3926991240531428,Incumbent,1,0.01587437187504078,0.003476396942978891,-1.0,0.008908334699449792,1
2022,OR-06,2022-08-09,3.5943373465252613,3.5943373465252613,Open,1,0.0029640379483307166,0.0039323733752947175,-1.0,0.01800472809904363,1
2022,PA-01,2022-08-09,-0.3294379916098378,0.3294379916098378,Challenger,0,0.000885935234046594,0.008463780044691597,-1.0,0.0009060121441072142,0
2022,PA-02,2022-08-09,21.679232400053635,21.679232400053635,Incumbent,3,0.0015285698555085037,0.0,-1.0,1.4193950250524953e-05,0
2022,PA-03,2022-08-09,39.56244943477092,39.56244943477092,Incumbent,3,0.0028900515040278063,1.1922618848459187e-06,-1.0,1.4193919196377426e-05,0
2022,PA-04,2022-08-09,6.7213071147185115,6.7213071147185115,Incumbent,2,0.002622271776487498,0.0,-1.0,5.608754793112784e-05,0
2022,PA-05,2022-08-09,13.93763368095236,13.93763368095236,Incumbent,3,0.0020155121483798302,0.0004168857819882879,-1.0,1.4228824058163839e-05,0
2022,PA-06,2022-08-09,4.3527128827801125,4.3527128827801125,Incumbent,2,0.0033571351974954152,0.0010982925934951563,-1.0,0.003052211914675619,1
2022,PA-07,2022-08-09,-2.2695414278169013,2.2695414278169013,Incumbent,0,0.003256381817082495,0.004330803056342688,-1.0,0.031143303115834672,1
2022,PA-08,2022-08-09,-4.501763513589582,4.501763513589582,Incumbent,0,0.0029121556598911674,0.0030796311742079486,-1.0,0.019035664339780597,1
2022,PA-09,2022-08-09,-21.24854746987166,21.24854746987166,Challenger,-3,1.2150338912053466e-05,0.002534759325592572,-1.0,1.4193950250525064e-05,0
2022,PA-10,2022-08-09,-5.326025754717467,5.326025754717467,Challenger,-2,8.063712474742201e-05,0.003886638131135576,-1.0,7.321471768346632e-05,0
2022,PA-11,2022-08-09,-13.771108373802177,13.771108373802177,Challenger,-3,0.00023363137584103788,0.0009761389615801855,-1.0,1.4193857088082555e-05,0
2022,PA-12,2022-08-09,7.88100756160039,7.88100756160039,Open,2,0.0027999017175484166,0.00022433413673025597,-1.0,0.003989243798284242,1
2022,PA-13,2022-08-09,-25.087095894319965,25.087095894319965,Open,-3,1.4235003833515882e-05,0.0010415510141635975,-1.0,0.0,0
2022,PA-14,2022-08-09,-17.931297318589706,17.931297318589706,Open,-3,0.0,0.004889627875024014,-1.0,1.4193857088082579e-05,0
2022,PA-15,2022-08-09,-20.54575453550953,20.54575453550953,Challenger,-3,0.0,0.005562854961971921,-1.0,1.4193950250525064e-05,0
2022,PA-16,2022-08-09,-12.68595112222987,12.68595112222987,Challenger,-3,0.0009136559982969696,0.0017767265293538578,-1.0,0.0,0
2022,PA-17,2022-08-09,0.060852313130244085,0.060852313130244085,Incumbent,1,0.0,0.0018502539001943223,-1.0,0.027351335261321302,1
2022,RI-01,2022-08-09,12.30038609480771,12.30038609480771,Incumbent,3,0.002333147011719389,6.75887930522026e-05,-1.0,0.0,0
2022,RI-02,2022-08-09,3.7712601111473285,3.7712601111473285,Open,1,0.0012397847610057151,0.0007707321724785118,-1.0,0.010105485469790284,1
2022,SC-01,2022-08-09,-7.794760907709938,7.794760907709938,Challenger,-2,0.0012224904267774013,0.010826222203831155,-1.0,0.0,0
2022,SC-02,2022-08-09,-8.884926417688632,8.884926417688632,Challenger,-3,0.00017350980098762879,0.0016637337777880104,-1.0,0.0,0
2022,SC-03,2022-08-09,-21.02599305771811,21.02599305771811,Challenger,-3,0.0,0.003421476378856547,-1.0,0.0,0
2022,SC-04,2022-08-09,-12.715665017842142,12.715665017842142,Open,-3,0.0,0.0024343355228470353,-1.0,0.0,0
2022,SC-05,2022-08-09,-11.5696148738559,11.5696148738559,Challenger,-3,1.7396471319430987e-05,0.0027743946171482053,-1.0,0.0,0
2022,SC-06,2022-08-09,14.673162065264773,14.673162065264773,Incumbent,3,0.006412424826621152,0.00013669871141124262,-1.0,0.0,0
2022,SD-00,2022-08-09,-16.388862204651893,16.388862204651893,Challenger,-3,9.59417886914663e-07,0.003453699963439815,-1.0,0.0,0
2022,TN-01,2022-08-09,-30.27155839221352,30.27155839221352,Open,-3,2.3833250795984597e-05,0.0024502832871315917,-1.0,0.0,0
2022,TN-02,2022-08-09,-18.47057443452429,18.47057443452429,Challenger,-3,0.0001357866510992606,0.0026201970488932344,-1.0,0.00037549122445795915,0
2022,TN-03,2022-08-09,-19.071192130050548,19.071192130050548,Challenger,-3,0.00010866582192437626,0.0010682086396744193,-1.0,0.0,0
2022,TN-04,2022-08-09,-22.05113294578421,22.05113294578421,Challenger,-3,1.0375718599199432e-05,0.00040468454532848716,-1.0,0.0,0
2022,TN-05,2022-08-09,-9.101000979194431,9.101000979194431,Incumbent,-2,0.003235133296145114,0.005336747943961072,-1.0,0.000497676624765819,0
2022,TN-06,2022-08-09,-17.433317798148636,17.433317798148636,Incumbent,-3,0.00021587647755119842,0.0013799102044307907,-1.0,0.0,0
2022,TN-07,2022-08-09,-10.102757532277787,10.102757532277787,Open,-3,0.0,0.0035115238108657863,-1.0,0.0005108131191857822,0
2022,TN-08,2022-08-09,-21.234299336382385,21.234299336382385,Challenger,-3,2.4066964310045766e-06,0.0023644733488190324,-1.0,0.0,0
2022,TN-09,2022-08-09,22.626245642096478,22.626245642096478,Incumbent,3,0.0005871727214404004,0.0007682067870957743,-1.0,0.0,0
2022,TX-01,2022-08-09,-25.594871709035786,25.594871709035786,Challenger,-3,8.96952469224783e-05,0.0020883262675605876,-1.0,0.0,0
2022,TX-02,2022-08-09,-15.801396694115272,15.801396694115272,Challenger,-3,0.00031351534434921917,0.041044191564473406,-1.0,0.00011022824924738444,0
2022,TX-03,2022-08-09,-12.263087849046576,12.263087849046576,Open,-3,0.00043990224659681083,0.008430193027762479,-1.0,0.0,0
2022,TX-04,2022-08-09,-17.269135073146472,17.269135073146472,Challenger,-3,0.00013839970234038164,0.0025348043230522953,-1.0,0.0,0
2022,TX-05,2022-08-09,-14.83951783996549,14.83951783996549,Challenger,-3,0.0006654459423720685,0.0022658936966225953,-1.0,0.0,0
2022,TX-06,2022-08-09,-15.863029594192207,15.863029594192207,Open,-3,0.0011997392266967961,0.015626633158966587,-1.0,0.0,0
2022,TX-07,2022-08-09,13.729817763471857,13.729817763471857,Incumbent,3,0.002874266308205396,0.0002619133816991238,-1.0,1.3278753469576484e-07,0
2022,TX-08,2022-08-09,-16.869917309464675,16.869917309464675,Open,-3,0.00010281556213159534,0.007549579387701679,-1.0,0.0,0
2022,TX-09,2022-08-09,26.617373897635815,26.617373897635815,Incumbent,3,0.00069457991876673,7.784995290128622e-06,-1.0,2.096154956036244e-08,0
2022,TX-10,2022-08-09,-13.4287872760659,13.4287872760659,Challenger,-3,0.00016947884842594986,0.004550305447209764,-1.0,0.0,0
2022,TX-11,2022-08-09,-22.919337360625505,22.919337360625505,Open,-3,7.978555791476384e-06,0.003568286475963496,-1.0,0.0,0
2022,TX-12,2022-08-09,-13.051453656022414,13.051453656022414,Challenger,-3,8.393314985444089e-05,0.004621698870196689,-1.0,0.0,0
2022,TX-13,2022-08-09,-26.679313899188365,26.679313899188365,Challenger,-3,0.00031486411913744913,0.010440984417802283,-1.0,0.0,0
2022,TX-14,2022-08-09,-16.3040863161223,16.3040863161223,Challenger,-3,7.403193862899308e-05,0.0023756619097289613,-1.0,0.0,0
2022,TX-15,2022-08-09,1.0192203759560066,1.0192203759560066,Challenger,0,0.0016789208707296316,0.007836728394443597,-1.0,0.0021001738285345464,1
2022,TX-16,2022-08-09,18.43690817546573,18.43690817546573,Incumbent,3,0.0023136651301789556,0.0005256926829047423,-1.0,0.0,0
2022,TX-18,2022-08-09,24.071403016543012,24.071403016543012,Incumbent,3,0.0010928489877638464,0.00010467079901135117,-1.0,2.7690206969238783e-05,0
2022,TX-20,2022-08-09,15.203957520397655,15.203957520397655,Incumbent,3,0.0012694865314332086,0.00045788175953549487,-1.0,3.49359159339374e-08,0
2022,TX-21,2022-08-09,-14.049205651119959,14.049205651119959,Challenger,-3,0.0006492911400861508,0.0032532727379434067,-1.0,6.041584395508908e-05,0
2022,TX-22,2022-08-09,-12.074613279983733,12.074613279983733,Challenger,-3,0.0003882660933303215,0.0016231166608402646,-1.0,0.00010716786301157148,0
2022,TX-23,2022-08-09,-4.585290023430264,4.585290023430264,Challenger,-2,0.0012280666337185226,0.006579176096110011,-1.0,0.0,0
2022,TX-24,2022-08-09,-11.114874528587615,11.114874528587615,Challenger,-3,0.001080488940193747,0.004242685422221343,-1.0,8.685661835394019e-05,0
2022,TX-25,2022-08-09,-19.19898352457276,19.19898352457276,Challenger,-3,2.825927422211825e-08,0.0033047370375576483,-1.0,0.0,0
2022,TX-27,2022-08-09,-12.998842038805336,12.998842038805336,Challenger,-3,1.4073335941647368e-05,0.002576300148157611,-1.0,0.0,0
2022,TX-28,2022-08-09,5.10353280309821,5.10353280309821,Challenger,1,0.019114483088921337,0.0015787650652769923,-1.0,0.029128184050853854,1
2022,TX-29,2022-08-09,20.482512838177314,20.482512838177314,Incumbent,3,0.0010574789348479032,2.997184834827361e-05,-1.0,2.096154956036244e-08,0
2022,TX-30,2022-08-09,27.154332784294745,27.154332784294745,Open,3,0.0019064733350898696,0.0003986857224940814,-1.0,0.0,0
2022,TX-31,2022-08-09,-14.829107583854608,14.829107583854608,Challenger,-3,0.0,0.002932227663396483,-1.0,0.0,0
2022,TX-32,2022-08-09,13.571719379477386,13.571719379477386,Incumbent,3,0.0036042340428604374,0.004091327786809105,-1.0,2.096154956036244e-08,0
2022,TX-33,2022-08-09,24.328975075347326,24.328975075347326,Incumbent,3,0.003006247801449427,3.900556196339739e-06,-1.0,2.096154956036244e-08,0
2022,TX-34,2022-08-09,11.644424539330867,11.644424539330867,Incumbent,3,0.0068352396527744195,0.005920317359504971,-1.0,0.017905184370838153,1
2022,TX-35,2022-08-09,21.121858476582872,21.121858476582872,Challenger,3,0.003865993147554797,0.0,-1.0,1.3050567593839222e-05,0
2022,TX-36,2022-08-09,-18.290803523740188,18.290803523740188,Challenger,-3,5.919522963357855e-05,0.001893238243751604,-1.0,0.0,0
2022,TX-37,2022-08-09,23.953391586370323,23.953391586370323,Open,3,0.0033448923172238213,4.576188861769342e-05,-1.0,0.0,0
2022,TX-38,2022-08-09,-13.297156737747152,13.297156737747152,Open,-3,0.0004509011598279767,0.007203111524764999,-1.0,0.0,0
2022,UT-01,2022-08-09,-12.123124549168047,12.123124549168047,Open,-3,3.7296031143696724e-07,0.0030583636791864472,-1.0,0.0,0
2022,UT-02,2022-08-09,-11.340716989963664,11.340716989963664,Challenger,-3,0.0,0.0021421399376495547,-1.0,0.0,0
2022,UT-03,2022-08-09,-13.645002876084327,13.645002876084327,Challenger,-3,1.1154836105747481e-05,0.004764810294120175,-1.0,0.0,0
2022,UT-04,2022-08-09,-16.033873855329205,16.033873855329205,Challenger,-3,0.00012805867122393617,0.007748776962119656,-1.0,0.0,0
2022,VA-01,2022-08-09,-6.880373957461114,6.880373957461114,Challenger,-2,0.000824978613166995,0.002551814170235391,-1.0,5.3750381736368355e-06,0
2022,VA-02,2022-08-09,-2.661735182405322,2.661735182405322,Incumbent,0,0.005426513466419335,0.00414245611160158,-1.0,0.016584473246755233,1
2022,VA-03,2022-08-09,16.85842965665598,16.85842965665598,Incumbent,3,0.0011804152865505318,0.000282377257491702,-1.0,0.0,0
2022,VA-04,2022-08-09,15.574281632020249,15.574281632020249,Incumbent,3,0.0017381152619012276,0.0006174120391610642,-1.0,0.0,0
2022,VA-05,2022-08-09,-6.758397945939892,6.758397945939892,Challenger,-2,0.0009953829372966456,0.001771902857569027,-1.0,1.0235447014956237e-05,0
2022,VA-06,2022-08-09,-13.950633267870007,13.950633267870007,Challenger,-3,0.00011070673155201565,0.001978875303625049,-1.0,1.3829964587714686e-05,0
2022,VA-07,2022-08-09,0.6168037879000998,0.6168037879000998,Incumbent,1,0.0038627062523671415,0.0019568610184645435,-1.0,0.037967838217642054,1
2022,VA-08,2022-08-09,26.392191262569703,26.392191262569703,Incumbent,3,0.005460742372577212,0.00017687392784010824,-1.0,0.0,0
2022,VA-09,2022-08-09,-23.06933825260913,23.06933825260913,Challenger,-3,1.015156976256729e-05,0.0014816647395048618,-1.0,0.0,0
2022,VA-10,2022-08-09,4.930169768920273,4.930169768920273,Incumbent,2,0.0034524763058118497,0.002271761533062859,-1.0,0.00023676495670250117,0
2022,VA-11,2022-08-09,17.903084074439196,17.903084074439196,Incumbent,3,0.0025437010878769577,7.046599087193172e-05,-1.0,6.996744758801766e-05,0
2022,VT-00,2022-08-09,15.057806438313465,15.057806438313465,Incumbent,3,0.007357479052369219,0.0,-1.0,1.6797188380990828e-07,0
2022,WA-01,2022-08-09,13.178214590932551,13.178214590932551,Incumbent,3,0.0034209649170472735,0.00016236123781967565,-1.0,0.0,0
2022,WA-02,2022-08-09,9.080595379195262,9.080595379195262,Incumbent,3,0.0024000226152201794,7.865419321315923e-05,-1.0,0.0,0
2022,WA-03,2022-08-09,-4.816242854185046,4.816242854185046,Challenger,-2,0.0004941304274465658,0.008358345655247446,-1.0,0.0038320946885804334,1
2022,WA-04,2022-08-09,-11.858442573624501,11.858442573624501,Challenger,-3,0.0008662333028169981,0.004069456971810036,-1.0,0.0,0
2022,WA-05,2022-08-09,-8.078962030869253,8.078962030869253,Challenger,-3,0.00039209559763718845,0.008315321562381368,-1.0,0.0,0
2022,WA-06,2022-08-09,6.012415033952323,6.012415033952323,Incumbent,2,0.006070881561448665,0.000626122044342681,-1.0,0.0,0
2022,WA-07,2022-08-09,36.72818037182857,36.72818037182857,Incumbent,3,0.004743697635078093,0.0,-1.0,6.449698001912059e-06,0
2022,WA-08,2022-08-09,0.9197171183407571,0.9197171183407571,Incumbent,1,0.006968880369119207,0.0018402484712498751,-1.0,0.028080281966660802,1
2022,WA-09,2022-08-09,21.550272727277893,21.550272727277893,Incumbent,3,0.0027829991313907754,0.00012690777346355606,-1.0,0.0,0
2022,WA-10,2022-08-09,6.465507414278027,6.465507414278027,Incumbent,2,0.0019243354633510154,9.711116366960707e-05,-1.0,0.0,0
2022,WI-01,2022-08-09,-2.905236133876948,2.905236133876948,Challenger,-1,0.0009671594374524436,0.0038360159889473016,-1.0,0.0,0
2022,WI-02,2022-08-09,18.958739607660107,18.958739607660107,Incumbent,3,0.0018911517155812917,5.304206768611353e-05,-1.0,0.0,0
2022,WI-03,2022-08-09,-4.072955843970282,4.072955843970282,Open,-1,0.0016847165062769654,0.009116087722557294,-1.0,0.0022121704562111386,1
2022,WI-04,2022-08-09,24.931618077414967,24.931618077414967,Incumbent,3,0.0027013809440156336,0.0,-1.0,0.0,0
2022,WI-05,2022-08-09,-14.692106941889419,14.692106941889419,Challenger,-3,9.667137483275691e-05,0.0017718238247636476,-1.0,0.0,0
2022,WI-06,2022-08-09,-10.259029707645526,10.259029707645526,Challenger,-3,0.00013383688539452446,0.0022631171763490506,-1.0,0.0,0
2022,WI-07,2022-08-09,-12.13181484837636,12.13181484837636,Challenger,-3,4.160237188537759e-05,0.0020679659884040584,-1.0,0.0,0
2022,WI-08,2022-08-09,-10.173587881331,10.173587881331,Open,-3,0.0,0.003029945811433063,-1.0,0.0,0
2022,WV-02,2022-08-09,-21.92686288918549,21.92686288918549,Challenger,-3,1.1118223265848717e-05,0.01054925296401773,-1.0,0.0,0
2022,WY-00,2022-08-09,-25.77787700236944,25.77787700236944,Challenger,-3,7.009914822755162e-06,0.010755809036064117,-1.0,0.0,0
2022,AL-06,2022-08-09,-19.298201595586924,19.298201595586924,Open,-3,0.0,0.0030464179560522504,-1.0,0.0,0
2022,LA-06,2022-08-09,-18.66232902104467,18.66232902104467,Open,-3,0.0,0.001817579192010367,-1.0,0.0,0
2022,NE-03,2022-08-09,-29.05395314239278,29.05395314239278,Open,-3,0.0,0.0038516594225863885,-1.0,0.0,0
2022,OK-03,2022-08-09,-25.040406323060722,25.040406323060722,Open,-3,0.0,0.0035001857552898075,-1.0,0.0,0
2022,SC-07,2022-08-09,-11.271404349615027,11.271404349615027,Open,-3,0.0,0.006744859972441111,-1.0,0.0,0
2022,TX-17,2022-08-09,-14.809739204605819,14.809739204605819,Open,-3,0.0,0.002154996106280064,-1.0,0.0,0
2022,TX-19,2022-08-09,-26.119921275348524,26.119921275348524,Open,-3,0.0,0.004371648700761862,-1.0,0.0,0
2022,TX-26,2022-08-09,-14.460784914132033,14.460784914132033,Open,-3,0.0,0.0026776285892738784,-1.0,0.0,0
2022,WV-01,2022-08-09,-23.41158043159246,23.41158043159246,Open,-3,0.0,0.0023377688315454905,-1.0,0.0,0
2024,AL-01,2024-08-06,-16.357029889797673,16.357029889797673,Challenger,-3,1.2835990979978832e-05,0.0052364316980900855,-1.2,0.0,0
2024,AL-02,2024-08-06,-17.48894147961364,17.48894147961364,Challenger,-3,0.0012737706119936773,0.0038868602148918827,-1.2,0.0003412054759157238,0
2024,AL-03,2024-08-06,-19.224766238484722,19.224766238484722,Challenger,-3,0.0,0.0033287123306323693,-1.2,0.0,0
2024,AL-04,2024-08-06,-32.99150514498746,32.99150514498746,Challenger,-3,0.0,0.0030157958395369195,-1.2,0.0,0
2024,AL-05,2024-08-06,-17.288279129804017,17.288279129804017,Open,-3,0.0,0.0011321100397170885,-1.2,0.0,0
2024,AL-06,2024-08-06,-19.298201595586924,19.298201595586924,Challenger,-3,8.123467620676514e-05,0.0037683955628936734,-1.2,0.0,0
2024,AL-07,2024-08-06,14.226682719477429,14.226682719477429,Incumbent,3,0.003453369513093336,4.73666227799828e-05,-1.2,1.571760800025443e-05,0
2024,AR-01,2024-08-06,-21.391296630854292,21.391296630854292,Challenger,-3,9.62570403393662e-05,0.0013445562653250644,-1.2,1.075230231445969e-06,0
2024,AR-02,2024-08-06,-9.052831282224066,9.052831282224066,Challenger,-3,0.0003201361889983072,0.0030188351068137294,-1.2,0.0,0
2024,AR-03,2024-08-06,-15.476863151334888,15.476863151334888,Challenger,-3,0.00022586249683926156,0.00392768356710761,-1.2,0.0,0
2024,AR-04,2024-08-06,-18.710195024103218,18.710195024103218,Challenger,-3,8.677860628930982e-06,0.0,-1.2,0.0,0
2024,AZ-01,2024-08-06,-2.448492787482301,2.448492787482301,Challenger,-1,0.0026891056061674385,0.0028798684593682147,-1.2,0.0381967537857798,1
2024,AZ-02,2024-08-06,-6.433271888721167,6.433271888721167,Challenger,-2,0.001099990332151242,0.009014818343303563,-1.2,0.0,0
2024,AZ-03,2024-08-06,24.623777496420452,24.623777496420452,Incumbent,3,0.0034993849585552746,0.00012539674731876026,-1.2,0.002840029889016864,1
2024,AZ-04,2024-08-06,1.6182962123334588,1.6182962123334588,Incumbent,1,0.0018096247156435994,0.000915694064094614,-1.2,3.457940424330236e-06,0
2024,AZ-05,2024-08-06,-11.63027765524259,11.63027765524259,Challenger,-3,3.0696984428201884e-05,0.0019180401368710876,-1.2,0.0,0
2024,AZ-06,2024-08-06,-3.0859031340330274,3.0859031340330274,Challenger,-2,0.002482360380274217,0.0041413415126726125,-1.2,0.02999594906945789,1
2024,AZ-07,2024-08-06,15.636005284412564,15.636005284412564,Incumbent,3,0.0005931162207821347,6.386065453036396e-05,-1.2,0.0,0
2024,AZ-08,2024-08-06,-10.181826844449171,10.181826844449171,Open,-3,0.0004131614313356208,0.006515429240789472,-1.2,0.0,0
2024,AZ-09,2024-08-06,-15.971098802177186,15.971098802177186,Incumbent,-3,0.0,0.000768174390250039,-1.2,0.0,0
2024,CA-01,2024-08-06,-12.4413722392534,12.4413722392534,Challenger,-3,6.973766943400598e-05,0.0008657523509287367,-1.2,0.0,0
2024,CA-02,2024-08-06,23.304486035062574,23.304486035062574,Incumbent,3,0.001107118506456799,0.00020074135532687366,-1.2,0.0,0
2024,CA-03,2024-08-06,-4.260867603951912,4.260867603951912,Challenger,-2,0.0014184007121142645,0.001598546526963697,-1.2,4.300920925783876e-05,0
2024,CA-04,2024-08-06,16.90863605237989,16.90863605237989,Incumbent,3,0.004418839726402789,0.00019782984690616426,-1.2,3.21189334000796e-05,0
2024,CA-05,2024-08-06,-8.888000805717656,8.888000805717656,Challenger,-3,7.945760019404513e-05,0.0017875001117586239,-1.2,0.0,0
2024,CA-06,2024-08-06,7.578196341651678,7.578196341651678,Incumbent,2,0.001617609434269235,0.00024151032239749475,-1.2,0.0,0
2024,CA-07,2024-08-06,18.0949623630077,18.0949623630077,Incumbent,3,0.0018677445869406458,2.428562310874049e-05,-1.2,0.0,0
2024,CA-08,2024-08-06,26.86109662816917,26.86109662816917,Incumbent,3,0.001723152786520903,3.3075458213974255e-05,-1.2,0.0,0
2024,CA-09,2024-08-06,4.989054547840372,4.989054547840372,Incumbent,2,0.002876860094208257,0.0015761653516408935,-1.2,0.0001364432111199392,0
2024,CA-10,2024-08-06,18.00449331076005,18.00449331076005,Incumbent,3,0.0008789047176520161,0.00016747906510788333,-1.2,0.0,0
2024,CA-11,2024-08-06,37.65186614121579,37.65186614121579,Incumbent,3,0.014306282711650166,0.00023534359746029196,-1.2,0.0,0
2024,CA-12,2024-08-06,40.46856696126791,40.46856696126791,Open,3,0.0024541702951306316,1.0150990559825846e-05,-1.2,1.1720009522761062e-05,0
2024,CA-13,2024-08-06,4.383782670392684,4.383782670392684,Challenger,1,0.0017881137241471054,0.002431467453931788,-1.2,0.03757286959386959,1
2024,CA-14,2024-08-06,22.448767455138224,22.448767455138224,Incumbent,3,0.0071553867268605055,0.0014012474136997745,-1.2,0.0,0
2024,CA-15,2024-08-06,28.539933135818373,28.539933135818373,Incumbent,3,0.0012654760494376523,0.00010670881580413675,-1.2,0.0,0
2024,CA-16,2024-08-06,26.442084135142792,26.442084135142792,Open,3,0.005057872062878082,0.00019221512366518115,-1.2,0.008392646907133624,1
2024,CA-17,2024-08-06,24.68124762453286,24.68124762453286,Incumbent,3,0.008253097183838199,5.917361842846785e-05,-1.2,0.00023342342980837118,0
2024,CA-18,2024-08-06,22.530887217829346,22.530887217829346,Incumbent,3,0.003916509645514796,0.0002912683647352365,-1.2,0.0,0
2024,CA-19,2024-08-06,18.97607047198322,18.97607047198322,Incumbent,3,0.0029402691305368085,9.024192286479728e-06,-1.2,3.115511852521619e-05,0
2024,CA-20,2024-08-06,-16.1928793689232,16.1928793689232,Challenger,-3,0.00030973460528074055,0.003637112962278769,-1.2,0.0,0
2024,CA-21,2024-08-06,9.24463230357992,9.24463230357992,Incumbent,3,0.0014958283851543629,0.000751395228946883,-1.2,3.5482597637716974e-05,0
2024,CA-22,2024-08-06,5.826128820806293,5.826128820806293,Challenger,1,0.0030038467199564422,0.003168516875112301,-1.2,0.023823892904216923,1
2024,CA-23,2024-08-06,-8.137760237717675,8.137760237717675,Challenger,-3,0.0009185251237894067,0.000934664136021969,-1.2,4.300920925783876e-06,0
2024,CA-24,2024-08-06,12.509524773144115,12.509524773144115,Incumbent,3,0.0019410338923613502,4.395048730705119e-05,-1.2,4.356499576447308e-05,0
2024,CA-25,2024-08-06,6.785435303968063,6.785435303968063,Incumbent,2,0.0030020489780186736,0.00026667324735667663,-1.2,3.5482597637716974e-05,0
2024,CA-26,2024-08-06,8.003792259311972,8.003792259311972,Incumbent,3,0.0015066458894300572,9.54166833996773e-05,-1.2,0.00024015142492638878,0
2024,CA-27,2024-08-06,4.063200566994896,4.063200566994896,Challenger,1,0.004145078496846607,0.004860487124737085,-1.2,0.03443233519844779,1
2024,CA-28,2024-08-06,16.169126222614,16.169126222614,Incumbent,3,0.002274149744603162,0.00042278880627733716,-1.2,0.0,0
2024,CA-29,2024-08-06,27.637639681993456,27.637639681993456,Incumbent,3,0.00165786037691895,5.251316927358968e-06,-1.2,0.0,0
2024,CA-30,2024-08-06,24.07935261980949,24.07935261980949,Incumbent,3,0.003737569593846907,0.00038762387465919856,-1.2,1.6874233160219056e-06,0
2024,CA-31,2024-08-06,16.10022520246681,16.10022520246681,Open,3,0.0017776136278357336,7.526611620121783e-07,-1.2,0.0,0
2024,CA-32,2024-08-06,20.567593412917894,20.567593412917894,Incumbent,3,0.0017504259153231113,0.00020368254010197097,-1.2,0.0,0
2024,CA-33,2024-08-06,12.701667657858678,12.701667657858678,Incumbent,3,0.006232630271045894,0.0,-1.2,0.0,0
2024,CA-34,2024-08-06,34.29769394227007,34.29769394227007,Incumbent,3,0.0022609126497376442,0.0,-1.2,0.005134540515851756,1
2024,CA-35,2024-08-06,14.526011827287176,14.526011827287176,Incumbent,3,0.0014830220705287717,0.0001410219930421331,-1.2,0.0,0
2024,CA-36,2024-08-06,21.379065236746058,21.379065236746058,Incumbent,3,0.004275308059982043,9.740573030022457e-05,-1.2,0.0,0
2024,CA-37,2024-08-06,38.17115571896528,38.17115571896528,Incumbent,3,0.001550791767574767,0.0,-1.2,0.0,0
2024,CA-38,2024-08-06,15.524643438248566,15.524643438248566,Incumbent,3,0.002441972130723946,0.00013843378484741488,-1.2,0.0,0
2024,CA-39,2024-08-06,12.638332359465792,12.638332359465792,Incumbent,3,0.0023948848312534887,3.9369038813883065e-05,-1.2,0.00031920811477633706,0
2024,CA-40,2024-08-06,-2.3490241947268897,2.3490241947268897,Challenger,-1,0.002643745685568403,0.006740775949686709,-1.2,0.00016468314393705422,0
2024,CA-41,2024-08-06,-3.5498506287901357,3.5498506287901357,Challenger,-2,0.00494182001247319,0.004784845430616023,-1.2,0.02163617470308896,1
2024,CA-42,2024-08-06,23.548646756052822,23.548646756052822,Incumbent,3,0.0017426963002352925,0.00013341344887837512,-1.2,0.0,0
2024,CA-43,2024-08-06,33.66523654372313,33.66523654372313,Incumbent,3,0.0016993502213459417,1.4563520383633812e-05,-1.2,0.0,0
2024,CA-44,2024-08-06,25.585392212203978,25.585392212203978,Incumbent,3,0.0019257150872539395,0.0,-1.2,0.0,0
2024,CA-45,2024-08-06,3.405664749834103,3.405664749834103,Challenger,1,0.0023747908211652026,0.006354314162357053,-1.2,0.03777677520123538,1
2024,CA-46,2024-08-06,16.58257586569293,16.58257586569293,Incumbent,3,0.0013841087814256416,9.937494995530395e-05,-1.2,0.0,0
2024,CA-47,2024-08-06,3.120100066463399,3.120100066463399,Incumbent,2,0.0,0.0014213821965184362,-1.2,0.00952662606257124,1
2024,CA-48,2024-08-06,-10.09708544488959,10.09708544488959,Challenger,-3,0.00029218059006359527,0.0013279465818109891,-1.2,0.0,0
2024,CA-49,2024-08-06,2.7222366320874105,2.7222366320874105,Incumbent,1,0.004345008719991483,0.003200904056950522,-1.2,0.006358766647736263,1
2024,CA-50,2024-08-06,14.071194061937565,14.071194061937565,Incumbent,3,0.0025836781637347205,2.150501321640733e-05,-1.2,6.457110215348936e-05,0
2024,CA-51,2024-08-06,11.437344844143032,11.437344844143032,Incumbent,3,0.002770345314451687,0.001318719106496952,-1.2,0.0,0
2024,CA-52,2024-08-06,20.016199703055122,20.016199703055122,Incumbent,3,0.0013624952559742767,0.00026371477287945766,-1.2,0.0,0
2024,CO-01,2024-08-06,28.762867479927927,28.762867479927927,Incumbent,3,0.001983650190988014,9.37676027937086e-06,-1.2,0.0,0
2024,CO-02,2024-08-06,16.877197454600925,16.877197454600925,Incumbent,3,0.003439807569670294,1.1129708125697224e-05,-1.2,0.0,0
2024,CO-03,2024-08-06,-7.619998140340705,7.619998140340705,Open,-2,0.021989992973693223,0.0022661674934201627,-1.2,0.0015204833498476027,1
2024,CO-04,2024-08-06,-13.921511275641516,13.921511275641516,Open,-3,0.0006479878430545873,0.008960561301126801,-1.2,0.000514883931455241,0
2024,CO-05,2024-08-06,-10.35789116985529,10.35789116985529,Open,-3,0.00013412273525285076,0.0010505408593853205,-1.2,0.0,0
2024,CO-06,2024-08-06,8.034491840473857,8.034491840473857,Incumbent,3,0.0030908885211018053,9.225789353033998e-05,-1.2,2.434123401631104e-05,0
2024,CO-07,2024-08-06,2.769295170062125,2.769295170062125,Incumbent,1,0.0019035225718275455,9.12945732613829e-06,-1.2,5.243682792715701e-05,0
2024,CO-08,2024-08-06,-0.9917513678841472,0.9917513678841472,Incumbent,1,0.002283626501294057,0.0010723546357149897,-1.2,0.0401163000836545,1
2024,CT-01,2024-08-06,11.526638530994981,11.526638530994981,Incumbent,3,0.0026498203277885847,1.2988781195867306e-05,-1.2,0.0,0
2024,CT-02,2024-08-06,2.1286702699589153,2.1286702699589153,Incumbent,1,0.0009677306913296268,0.001076415328702464,-1.2,0.0,0
2024,CT-03,2024-08-06,6.922120923630809,6.922120923630809,Incumbent,2,0.002531614505211689,4.5064189276178295e-06,-1.2,0.0,0
2024,CT-04,2024-08-06,12.541705966334455,12.541705966334455,Incumbent,3,0.0020407310888170185,0.000619789973244126,-1.2,0.0,0
2024,CT-05,2024-08-06,2.141638010775665,2.141638010775665,Incumbent,1,0.0020802308756270455,0.0016931848296942258,-1.2,0.004732595413189278,1
2024,DE-00,2024-08-06,6.127682804332846,6.127682804332846,Open,2,0.001991816091494544,3.210377265381654e-05,-1.2,0.0003869575759893761,0
2024,FL-01,2024-08-06,-19.928854314051243,19.928854314051243,Challenger,-3,0.0012106796072629824,0.011000195268024862,-1.2,0.0,0
2024,FL-02,2024-08-06,-7.56900038068406,7.56900038068406,Challenger,-2,7.009855970888851e-07,0.0018382525915282208,-1.2,0.0,0
2024,FL-03,2024-08-06,-9.079725707420678,9.079725707420678,Challenger,-3,2.667033322985525e-05,0.0030191824491876957,-1.2,0.0,0
2024,FL-04,2024-08-06,-6.09606681878749,6.09606681878749,Challenger,-2,5.421052771695029e-06,0.0013447605375644348,-1.2,0.0,0
2024,FL-05,2024-08-06,-11.450101278446976,11.450101278446976,Challenger,-3,3.48556093851562e-05,0.0009452358856759643,-1.2,0.0,0
2024,FL-06,2024-08-06,-13.732136947426714,13.732136947426714,Challenger,-3,3.447325751485402e-05,0.0033708422381115363,-1.2,0.0,0
2024,FL-07,2024-08-06,-5.117554716684672,5.117554716684672,Challenger,-2,0.00038038286569315347,0.002217893634380095,-1.2,0.0,0
2024,FL-08,2024-08-06,-11.553985107654771,11.553985107654771,Challenger,-3,0.0001573020539764565,0.0015344317740250378,-1.2,0.0,0
2024,FL-09,2024-08-06,9.587847940804794,9.587847940804794,Incumbent,3,0.0015054455884180896,0.0004921354144761662,-1.2,3.360094473268653e-05,0
2024,FL-10,2024-08-06,14.832758363085407,14.832758363085407,Incumbent,3,0.005302307979212318,7.68859720494958e-05,-1.2,2.795598601759519e-05,0
2024,FL-11,2024-08-06,-8.31671764256397,8.31671764256397,Challenger,-3,5.300876439186775e-05,0.0017430134071351508,-1.2,0.0,0
2024,FL-12,2024-08-06,-16.34021772390692,16.34021772390692,Challenger,-3,3.323469981125141e-05,0.0029288129825128448,-1.2,0.0,0
2024,FL-13,2024-08-06,-5.446031223054323,5.446031223054323,Challenger,-2,0.001560573072476417,0.003000419273061476,-1.2,0.0019827477932639706,1
2024,FL-14,2024-08-06,8.855974120729392,8.855974120729392,Incumbent,3,0.001408065427092769,0.00011219137174507049,-1.2,0.0,0
2024,FL-15,2024-08-06,-3.487792213850338,3.487792213850338,Challenger,-2,0.00023313535412476208,0.0010816775054551607,-1.2,0.0,0
2024,FL-16,2024-08-06,-7.226442069336062,7.226442069336062,Challenger,-2,6.928878231698191e-05,0.0031952173793024503,-1.2,0.0,0
2024,FL-17,2024-08-06,-9.993020786991144,9.993020786991144,Challenger,-3,7.324169422605598e-05,0.0019562494108527283,-1.2,0.0,0
2024,FL-18,2024-08-06,-12.982997177715792,12.982997177715792,Challenger,-3,4.8287880042285715e-05,0.0006249902167354913,-1.2,0.0,0
2024,FL-19,2024-08-06,-12.964311255917192,12.964311255917192,Challenger,-3,0.0002368500595283616,0.00866441719738405,-1.2,3.010644648048713e-05,0
2024,FL-20,2024-08-06,26.10346106505017,26.10346106505017,Incumbent,3,0.0010107866731025336,9.865452419563053e-06,-1.2,0.0,0
2024,FL-21,2024-08-06,-6.707063416602949,6.707063416602949,Challenger,-2,0.0001259459319117736,0.0062390490299493485,-1.2,0.0,0
2024,FL-22,2024-08-06,7.92701110812219,7.92701110812219,Incumbent,2,0.0012336414499199758,0.0019366771884911588,-1.2,9.48322957688836e-06,0
2024,FL-23,2024-08-06,5.290088644609193,5.290088644609193,Incumbent,2,0.0021261202395920446,0.0014938483056739457,-1.2,0.0,0
2024,FL-24,2024-08-06,26.86007770418651,26.86007770418651,Incumbent,3,0.0008616590139514358,2.7184637354160483e-05,-1.2,0.0,0
2024,FL-25,2024-08-06,10.651298537769655,10.651298537769655,Incumbent,3,0.004165937210675497,0.0005312408283419033,-1.2,0.0,0
2024,FL-26,2024-08-06,-5.3717735987451976,5.3717735987451976,Challenger,-2,7.536458578581365e-05,0.0025215695323526836,-1.2,0.0,0
2024,FL-27,2024-08-06,2.7019707357899074,2.7019707357899074,Challenger,0,0.000664744940633394,0.0019324796186952218,-1.2,0.0,0
2024,FL-28,2024-08-06,0.7406612144223361,0.7406612144223361,Challenger,0,0.0022539361689131398,0.0015010008446965472,-1.2,0.0,0
2024,GA-01,2024-08-06,-9.338075294766407,9.338075294766407,Challenger,-3,5.287937118581555e-05,0.0024060643010342967,-1.2,0.0,0
2024,GA-02,2024-08-06,3.2435955198042765,3.2435955198042765,Incumbent,2,0.0019196843359318054,0.00019409909906751156,-1.2,1.1799404523050872e-05,0
2024,GA-03,2024-08-06,-18.45277392927388,18.45277392927388,Open,-3,8.926445256599438e-05,0.0032427336311214414,-1.2,0.0,0
2024,GA-04,2024-08-06,26.368184394606217,26.368184394606217,Incumbent,3,0.0009245266073446408,3.537507461457238e-05,-1.2,0.0,0
2024,GA-05,2024-08-06,31.892357754569606,31.892357754569606,Incumbent,3,0.0014114145542176765,1.616673166792901e-06,-1.2,2.8343068901025894e-08,0
2024,GA-06,2024-08-06,-12.44589773553291,12.44589773553291,Incumbent,-3,0.002911235527276654,4.283990350559528e-05,-1.2,1.0207655193023009e-05,0
2024,GA-07,2024-08-06,8.481636073280551,8.481636073280551,Challenger,2,4.1965139198500087e-05,0.0027284154643093827,-1.2,0.0,0
2024,GA-08,2024-08-06,-16.510851096950546,16.510851096950546,Challenger,-3,1.0562889756888167e-05,0.0014504995172044117,-1.2,2.9820865331015105e-06,0
2024,GA-09,2024-08-06,-23.031996818710944,23.031996818710944,Challenger,-3,7.623238260100906e-05,0.0007299075699464113,-1.2,0.0,0
2024,GA-10,2024-08-06,-15.057241628373404,15.057241628373404,Challenger,-3,0.00010057963790661604,0.0019393441895572375,-1.2,0.0,0
2024,GA-11,2024-08-06,-12.045124653017183,12.045124653017183,Challenger,-3,8.097173940596734e-05,0.0012595242630237156,-1.2,0.0,0
2024,GA-12,2024-08-06,-7.63401355344136,7.63401355344136,Challenger,-2,6.617461450224958e-06,0.0015945347139425443,-1.2,0.0,0
2024,GA-13,2024-08-06,27.507513349372736,27.507513349372736,Incumbent,3,0.0029990555585589326,1.2413812581903885e-05,-1.2,0.0,0
2024,GA-14,2024-08-06,-22.307036948383235,22.307036948383235,Challenger,-3,0.0010865040849364939,0.015592795812602898,-1.2,1.6128453471689535e-06,0
2024,HI-01,2024-08-06,14.514952454064334,14.514952454064334,Incumbent,3,0.0016231672778309746,0.0,-1.2,0.0,0
2024,HI-02,2024-08-06,14.587435870590864,14.587435870590864,Incumbent,3,0.0010629824344118004,2.150460462891938e-08,-1.2,0.0,0
2024,IA-01,2024-08-06,-3.23919947167052,3.23919947167052,Challenger,-2,0.0020935583758504225,0.003429553679577319,-1.2,0.01992545080387781,1
2024,IA-02,2024-08-06,-4.036017317545893,4.036017317545893,Challenger,-2,0.0003988067636721431,0.004846546592749551,-1.2,0.0,0
2024,IA-03,2024-08-06,-2.591819058935757,2.591819058935757,Challenger,-1,0.002405994088500183,0.003707989988675224,-1.2,0.018632890005974498,1
2024,IA-04,2024-08-06,-15.527668627078642,15.527668627078642,Challenger,-3,9.048976343314558e-05,0.007489600969792948,-1.2,0.0,0
2024,ID-01,2024-08-06,-22.463689738740225,22.463689738740225,Challenger,-3,0.00019794487503632435,0.0007650669748811603,-1.2,0.0,0
2024,ID-02,2024-08-06,-14.863293758937132,14.863293758937132,Challenger,-3,0.00014289323771852315,0.0020860788378098336,-1.2,0.0,0
2024,IL-01,2024-08-06,21.557606615631734,21.557606615631734,Incumbent,3,0.0008167829469565512,0.0,-1.2,0.0,0
2024,IL-02,2024-08-06,19.498388941928752,19.498388941928752,Incumbent,3,0.0022324139950222386,0.0,-1.2,5.390731279168313e-06,0
2024,IL-03,2024-08-06,20.7490927090049,20.7490927090049,Incumbent,3,0.001166597404252579,0.0,-1.2,0.0,0
2024,IL-04,2024-08-06,23.590651459594714,23.590651459594714,Incumbent,3,0.001412189859728363,0.0,-1.2,0.0,0
2024,IL-05,2024-08-06,18.68377102039282,18.68377102039282,Incumbent,3,0.0019324894247949324,9.615224840100948e-06,-1.2,0.0,0
2024,IL-06,2024-08-06,3.3013832950879953,3.3013832950879953,Incumbent,2,0.002620238980743927,0.00012123558481845975,-1.2,0.00013875317123536365,0
2024,IL-07,2024-08-06,36.705380273468435,36.705380273468435,Incumbent,3,0.001762960454755402,0.0,-1.2,0.0,0
2024,IL-08,2024-08-06,6.424280826815448,6.424280826815448,Incumbent,2,0.005042072006223681,0.00018792753559426724,-1.2,0.0,0
2024,IL-09,2024-08-06,20.158433724412745,20.158433724412745,Incumbent,3,0.0029380820047230243,1.0077122242925508e-05,-1.2,0.0,0
2024,IL-10,2024-08-06,11.04113176541972,11.04113176541972,Incumbent,3,0.003500685126951139,0.0005366697948081019,-1.2,0.0,0
2024,IL-11,2024-08-06,5.085982935594202,5.085982935594202,Incumbent,2,0.0029765560003876474,0.0007100240254236291,-1.2,0.0001339851918016444,0
2024,IL-12,2024-08-06,-23.83831770974748,23.83831770974748,Challenger,-3,0.00019336562001282835,0.0062604151234198525,-1.2,0.0,0
2024,IL-13,2024-08-06,3.4188055743444465,3.4188055743444465,Incumbent,2,0.002698737282030081,4.597615654928151e-05,-1.2,0.0013661531247078419,1
2024,IL-14,2024-08-06,3.54197654493737,3.54197654493737,Incumbent,2,0.003675034440136661,0.00021099558949352293,-1.2,0.00021687393768265195,0
2024,IL-15,2024-08-06,-21.8139353277361,21.8139353277361,Open,-3,0.0,0.002121123601697306,-1.2,0.0,0
2024,IL-17,2024-08-06,2.1001234628320264,2.1001234628320264,Incumbent,1,0.002162175999456936,0.0008038694103722805,-1.2,0.0025927603539398847,1
2024,IN-01,2024-08-06,3.573714791027988,3.573714791027988,Incumbent,2,0.0018910794699741372,0.0006641280595450088,-1.2,0.0005795918459033793,0
2024,IN-02,2024-08-06,-14.123373420505617,14.123373420505617,Challenger,-3,3.3402242185915314e-05,0.003277531027541867,-1.2,0.0,0
2024,IN-03,2024-08-06,-18.388894143413275,18.388894143413275,Open,-3,0.0005134752723290235,0.0,-1.2,0.0,0
2024,IN-04,2024-08-06,-18.261366892061144,18.261366892061144,Challenger,-3,8.94770685919605e-05,0.001173088010040098,-1.2,0.0,0
2024,IN-05,2024-08-06,-12.021418015673689,12.021418015673689,Challenger,-3,0.00022980388228025452,0.011184006048127386,-1.2,0.0,0
2024,IN-06,2024-08-06,-19.774364527800465,19.774364527800465,Open,-3,6.215389857478053e-06,0.01228866662128431,-1.2,0.0,0
2024,IN-07,2024-08-06,18.607074845547505,18.607074845547505,Incumbent,3,0.0016263269493891018,0.00011769738920965438,-1.2,0.0,0
2024,IN-08,2024-08-06,-19.049853045606127,19.049853045606127,Open,-3,0.0,0.001941356525944598,-1.2,0.0,0
2024,IN-09,2024-08-06,-16.1330901327918,16.1330901327918,Challenger,-3,0.000370177489988221,0.0018475700636126297,-1.2,0.0,0
2024,KS-01,2024-08-06,-18.35642947387447,18.35642947387447,Challenger,-3,7.60347552844693e-05,0.001639975448845775,-1.2,0.0,0
2024,KS-02,2024-08-06,-10.919753167294175,10.919753167294175,Challenger,-3,1.8517184953869896e-05,0.0007463028310477318,-1.2,0.0,0
2024,KS-03,2024-08-06,-2.001934384644852,2.001934384644852,Incumbent,0,0.0029756650861224756,0.001330080569746735,-1.2,0.0011133332726807426,1
2024,KS-04,2024-08-06,-14.574908575782132,14.574908575782132,Challenger,-3,0.00010711742479669085,0.002293089409019572,-1.2,0.0,0
2024,KY-01,2024-08-06,-24.043650607051916,24.043650607051916,Challenger,-3,0.00017331584489626464,0.008799922829246772,-1.2,5.032077483167135e-06,0
2024,KY-02,2024-08-06,-21.47130501822055,21.47130501822055,Challenger,-3,4.853993551314127e-05,0.004556201334672615,-1.2,0.0,0
2024,KY-03,2024-08-06,8.079431177631157,8.079431177631157,Incumbent,3,0.001686215380875435,3.7262103670760056e-06,-1.2,2.870864717960737e-07,0
2024,KY-04,2024-08-06,-19.686205100289342,19.686205100289342,Challenger,-3,1.898286716710915e-05,0.0010359691672519277,-1.2,0.00035914840190758257,0
2024,KY-06,2024-08-06,-9.185896454494886,9.185896454494886,Challenger,-3,0.00011048938981171468,0.004921851266706869,-1.2,0.0,0
2024,LA-01,2024-08-06,-22.944673490403893,22.944673490403893,Challenger,-3,1.2258506327273832e-05,0.025978967653133293,-1.2,0.0,0
2024,LA-02,2024-08-06,25.16643417438329,25.16643417438329,Challenger,3,0.002135623877038726,0.0,-1.2,0.0,0
2024,LA-03,2024-08-06,-21.06595306282636,21.06595306282636,Challenger,-3,3.239715997476888e-05,0.0007785359323937866,-1.2,0.0,0
2024,LA-04,2024-08-06,-13.802598221073296,13.802598221073296,Open,-3,0.0,0.019745937912551813,-1.2,3.225690694337907e-06,0
2024,LA-06,2024-08-06,-18.66232902104467,18.66232902104467,Challenger,-3,9.893548185510738e-05,0.0023872057519865476,-1.2,0.0006451381388675813,0
2024,MA-01,2024-08-06,8.575942547188976,8.575942547188976,Incumbent,3,0.004171515354584006,5.618077959305188e-07,-1.2,0.0,0
2024,MA-02,2024-08-06,12.66908430464133,12.66908430464133,Incumbent,3,0.0018195094146843055,1.102110987232118e-06,-1.2,0.0,0
2024,MA-03,2024-08-06,11.100187597102483,11.100187597102483,Incumbent,3,0.0018663549808941296,0.0,-1.2,0.0,0
2024,MA-04,2024-08-06,11.65184581520879,11.65184581520879,Incumbent,3,0.0015900358646357558,1.7849165915677147e-05,-1.2,3.0707973281167204e-05,0
2024,MA-05,2024-08-06,22.981622359533727,22.981622359533727,Incumbent,3,0.006423565935249469,5.295895972754717e-06,-1.2,0.0,0
2024,MA-06,2024-08-06,10.243287841991489,10.243287841991489,Incumbent,3,0.002934933365027072,2.847091377543467e-05,-1.2,2.7885536932830833e-05,0
2024,MA-07,2024-08-06,35.552286282446815,35.552286282446815,Incumbent,3,0.0024499468122861157,0.0,-1.2,0.0,0
2024,MA-08,2024-08-06,14.729375410314466,14.729375410314466,Incumbent,3,0.00165142923136323,3.636071666313427e-05,-1.2,0.0,0
2024,MA-09,2024-08-06,5.6093782672373695,5.6093782672373695,Incumbent,2,0.0012002032305305165,4.315427932066545e-05,-1.2,0.0,0
2024,MD-02,2024-08-06,6.588015915525597,6.588015915525597,Open,2,0.0019051122137063198,0.0005238627275213489,-1.2,4.5697284836453685e-06,0
2024,MD-03,2024-08-06,8.507214711156301,8.507214711156301,Open,2,0.0036800301963426096,6.132586377354398e-05,-1.2,1.40246795054469e-05,0
2024,MD-05,2024-08-06,13.90135693169312,13.90135693169312,Incumbent,3,0.0029918981379910806,1.5085093064303624e-05,-1.2,4.603383189889427e-06,0
2024,MD-06,2024-08-06,1.142896202854865,1.142896202854865,Incumbent,1,0.005930124653657211,0.0007994150755970739,-1.2,0.0005385242658928804,0
2024,MD-07,2024-08-06,30.226960116774826,30.226960116774826,Incumbent,3,0.00047682091028968123,0.0,-1.2,0.0,0
2024,MD-08,2024-08-06,29.458751280694372,29.458751280694372,Incumbent,3,0.004804872883952982,3.2652591668551187e-07,-1.2,7.830665224970354e-06,0
2024,ME-01,2024-08-06,8.0535576548473,8.0535576548473,Incumbent,3,0.000799894735803322,0.00014154218942810667,-1.2,0.0,0
2024,ME-02,2024-08-06,-5.701764426813255,5.701764426813255,Incumbent,-1,0.0032241425133368567,0.00732028835758059,-1.2,0.03454530415519163,1
2024,MI-01,2024-08-06,-12.864139449304293,12.864139449304293,Challenger,-3,0.000929511159651578,0.0018427903856739923,-1.2,2.5805525554703257e-05,0
2024,MI-02,2024-08-06,-16.32899492778914,16.32899492778914,Challenger,-3,4.3961863242899887e-07,0.0019226826584414017,-1.2,0.0,0
2024,MI-03,2024-08-06,0.5192327169860678,0.5192327169860678,Incumbent,1,0.0,0.0006971947868895037,-1.2,0.0008340527788235252,0
2024,MI-04,2024-08-06,-5.202260954909226,5.202260954909226,Challenger,-2,0.0009552123663692264,0.0025387574531806263,-1.2,6.896956796586923e-06,0
2024,MI-05,2024-08-06,-14.539167945315114,14.539167945315114,Challenger,-3,1.8394974285763754e-05,0.00214788298549493,-1.2,0.0,0
2024,MI-06,2024-08-06,10.536606251083619,10.536606251083619,Incumbent,3,0.002508894116255469,1.3708239248332432e-05,-1.2,2.8772515855354663e-06,0
2024,MI-07,2024-08-06,-2.55840954579728,2.55840954579728,Open,0,0.0020418177810027317,0.003446074850138742,-1.2,0.03887483579618564,1
2024,MI-08,2024-08-06,-0.8913436295996224,0.8913436295996224,Open,0,0.0018956834983021656,0.004069578195500981,-1.2,0.018454600081513752,1
2024,MI-09,2024-08-06,-17.85195581310617,17.85195581310617,Challenger,-3,1.1959871882792028e-05,0.0032329633580819657,-1.2,0.0,0
2024,MI-10,2024-08-06,-3.3435538497304127,3.3435538497304127,Challenger,-2,0.0011376258632813832,0.006642879183244388,-1.2,0.026081719965759385,1
2024,MI-11,2024-08-06,6.989361726624355,6.989361726624355,Incumbent,2,0.0029552664203004123,0.0001639632772971013,-1.2,1.0980681215618713e-05,0
2024,MI-12,2024-08-06,22.83353465712751,22.83353465712751,Incumbent,3,0.007000652408695161,0.00033132697020115054,-1.2,9.774208382122389e-06,0
2024,MI-13,2024-08-06,24.1254278498976,24.1254278498976,Incumbent,3,0.004920258979761726,2.4464605933066988e-05,-1.2,0.0,0
2024,MN-01,2024-08-06,-7.847842235909125,7.847842235909125,Open,-2,0.002581659849067273,0.0018912359589820218,-1.2,0.00011121018114966696,0
2024,MN-02,2024-08-06,-0.14427997792423597,0.14427997792423597,Incumbent,1,0.004336892774681506,0.002561164498542798,-1.2,0.004814078252533462,1
2024,MN-03,2024-08-06,6.6782863467643505,6.6782863467643505,Open,2,0.0014607106991525937,0.00026681395198476367,-1.2,2.8188235747583518e-06,0
2024,MN-04,2024-08-06,16.427906101446403,16.427906101446403,Incumbent,3,0.0023025796921067785,6.809658854095925e-05,-1.2,3.196141217117327e-05,0
2024,MN-05,2024-08-06,29.534822063444928,29.534822063444928,Incumbent,3,0.013242303538813817,0.002590384826284946,-1.2,2.8187805655500553e-06,0
2024,MN-06,2024-08-06,-12.677496490338452,12.677496490338452,Challenger,-3,4.352435206172452e-05,0.009699076863241703,-1.2,2.818780565549492e-06,0
2024,MN-07,2024-08-06,-19.328215156854412,19.328215156854412,Challenger,-3,1.2324095371392035e-05,0.0023010032325506418,-1.2,0.0,0
2024,MN-08,2024-08-06,-8.04388507656337,8.04388507656337,Challenger,-3,0.0010925901676063384,0.002255500392349243,-1.2,0.00014482828655684735,0
2024,MO-01,2024-08-06,27.249169270162675,27.249169270162675,Challenger,3,0.006442860361128441,2.4180465592105074e-05,-1.2,6.021289296097426e-06,0
2024,MO-02,2024-08-06,-7.986075858271152,7.986075858271152,Challenger,-2,0.00019961982568166166,0.0034673766233368013,-1.2,0.0,0
2024,MO-03,2024-08-06,-16.521251165170824,16.521251165170824,Challenger,-3,3.628112812140264e-05,0.002794429353396636,-1.2,0.0,0
2024,MO-04,2024-08-06,-22.699460623660684,22.699460623660684,Challenger,-3,1.3927521701733523e-05,0.0017379364710467275,-1.2,0.0,0
2024,MO-05,2024-08-06,10.413225733597686,10.413225733597686,Incumbent,3,0.001969353069646523,6.887514124694465e-05,-1.2,0.0,0
2024,MO-06,2024-08-06,-21.2217918081147,21.2217918081147,Challenger,-3,0.0,0.0030301223576729383,-1.2,0.0,0
2024,MO-07,2024-08-06,-24.16088679935535,24.16088679935535,Challenger,-3,2.1060341001890535e-05,0.000686479407981192,-1.2,0.0,0
2024,MO-08,2024-08-06,-27.92529244087229,27.92529244087229,Challenger,-3,7.494565458303766e-05,0.00607208743014265,-1.2,0.0,0
2024,MS-01,2024-08-06,-18.345109622786225,18.345109622786225,Challenger,-3,9.309687417533261e-06,0.0016312906852387582,-1.2,0.0,0
2024,MS-02,2024-08-06,11.473888206130106,11.473888206130106,Incumbent,3,0.0015303031694961454,1.1340625287897665e-05,-1.2,0.0,0
2024,MS-03,2024-08-06,-14.883227445186996,14.883227445186996,Challenger,-3,4.786709944351165e-07,0.0006645516572469892,-1.2,0.0,0
2024,MS-04,2024-08-06,-21.91982653549508,21.91982653549508,Challenger,-3,2.283789011591238e-08,0.0021650467136426644,-1.2,0.0,0
2024,MT-01,2024-08-06,-6.648156748725844,6.648156748725844,Challenger,-2,0.0021259588045250953,0.008392638799897677,-1.2,0.0002042937439747341,0
2024,MT-02,2024-08-06,-16.562420619068124,16.562420619068124,Open,-3,0.00019622992582637728,0.004324321655916741,-1.2,0.0,0
2024,NC-01,2024-08-06,2.6847642563189944,2.6847642563189944,Incumbent,1,0.0012094933917670466,0.004341250682809556,-1.2,0.04314891153479942,1
2024,NC-02,2024-08-06,11.44542313038604,11.44542313038604,Incumbent,3,0.0022437872858045676,4.618156853269695e-06,-1.2,1.9838857954364083e-06,0
2024,NC-03,2024-08-06,-14.845244174580227,14.845244174580227,Open,-3,1.3762946962508402e-06,0.0017360796559600434,-1.2,0.0,0
2024,NC-04,2024-08-06,16.04355221243226,16.04355221243226,Incumbent,3,0.0011614472879946038,2.6655129474382602e-05,-1.2,3.5234004408205466e-06,0
2024,NC-05,2024-08-06,-12.9346878047449,12.9346878047449,Challenger,-3,0.00046342158468684326,0.002975827574915052,-1.2,0.0,0
2024,NC-06,2024-08-06,4.163220378592431,4.163220378592431,Incumbent,2,0.0016823602934128176,0.0029833622507619093,-1.2,0.0,0
2024,NC-07,2024-08-06,-8.254535703796442,8.254535703796442,Challenger,-3,2.249381644184967e-05,0.002895861218784696,-1.2,5.9374213380446405e-06,0
2024,NC-08,2024-08-06,-19.6845056221601,19.6845056221601,Open,-3,1.0986487458868622e-06,0.004227111789555476,-1.2,7.033080943888085e-07,0
2024,NC-09,2024-08-06,-5.841307578312968,5.841307578312968,Challenger,-2,2.0076978441419312e-05,0.006148077885941584,-1.2,0.0,0
2024,NC-10,2024-08-06,-22.055350387332396,22.055350387332396,Open,-3,4.889372926849625e-06,0.0045621840447080085,-1.2,0.0,0
2024,NC-11,2024-08-06,-8.230709932398778,8.230709932398778,Challenger,-3,0.00040318310124636057,0.002088971959793585,-1.2,0.0,0
2024,NC-12,2024-08-06,12.402821989006103,12.402821989006103,Incumbent,3,0.0010260067935793022,4.870861763185052e-05,-1.2,0.0,0
2024,NC-13,2024-08-06,-1.864598296187117,1.864598296187117,Incumbent,0,0.0,0.008634088328777887,-1.2,0.0,0
2024,NC-14,2024-08-06,5.0351647382739895,5.0351647382739895,Incumbent,2,0.0006739333635854248,0.002563195393403954,-1.2,7.033080943889084e-07,0
2024,ND-00,2024-08-06,-20.198325659708185,20.198325659708185,Open,-3,0.0008542673867345697,0.0,-1.2,0.0,0
2024,NE-01,2024-08-06,-9.41435049125387,9.41435049125387,Challenger,-3,8.378314389212912e-05,0.0022977618649995296,-1.2,0.0,0
2024,NE-02,2024-08-06,-0.5855479710474842,0.5855479710474842,Challenger,0,0.0023668082474131344,0.00460806198972795,-1.2,0.02192316244724518,1
2024,NH-01,2024-08-06,-0.6241611239493683,0.6241611239493683,Incumbent,1,0.001598891804895619,0.0005205449326053852,-1.2,0.0005939299765258979,0
2024,NH-02,2024-08-06,1.2041262086251447,1.2041262086251447,Open,1,0.0005480915139600552,5.5245092741042965e-05,-1.2,1.2639331370647365e-06,0
2024,NJ-01,2024-08-06,10.541473432003373,10.541473432003373,Incumbent,3,0.0009733599731879437,1.3113378875087263e-05,-1.2,5.376151157229845e-06,0
2024,NJ-02,2024-08-06,-4.761067754946824,4.761067754946824,Challenger,-2,0.0016459314286576146,0.0041462502397436275,-1.2,8.386795805278558e-06,0
2024,NJ-03,2024-08-06,4.31835427530044,4.31835427530044,Incumbent,2,0.001344948917900984,0.0002637862326806396,-1.2,0.0,0
2024,NJ-04,2024-08-06,-14.584596480441704,14.584596480441704,Challenger,-3,7.950510386567042e-06,0.0008393754910382522,-1.2,0.0,0
2024,NJ-05,2024-08-06,3.445661758280183,3.445661758280183,Incumbent,2,0.004157344207216432,0.00014776458978669373,-1.2,0.0,0
2024,NJ-06,2024-08-06,8.090405096667297,8.090405096667297,Incumbent,3,0.003841127511971605,8.54699865838262e-05,-1.2,0.0,0
2024,NJ-07,2024-08-06,-2.1840325062936543,2.1840325062936543,Challenger,-1,0.0017526000738603044,0.003064316571438127,-1.2,0.009904731999221681,1
2024,NJ-08,2024-08-06,23.722217972151167,23.722217972151167,Incumbent,3,0.004300819424050027,0.0,-1.2,0.0,0
2024,NJ-09,2024-08-06,9.263237829680254,9.263237829680254,Incumbent,3,0.0031677632462430803,0.0002089509316854053,-1.2,0.0,0
2024,NJ-10,2024-08-06,30.651816525153706,30.651816525153706,Challenger,3,0.0001620417118458796,1.5551463424891e-05,-1.2,0.0,0
2024,NJ-11,2024-08-06,5.375678065707767,5.375678065707767,Incumbent,2,0.004687879749040321,2.8914983861021856e-05,-1.2,0.0003908418882096839,0
2024,NJ-12,2024-08-06,15.154219911894874,15.154219911894874,Incumbent,3,0.001328942417042145,8.463264028878532e-05,-1.2,0.0,0
2024,NM-01,2024-08-06,4.293054721329781,4.293054721329781,Challenger,1,0.0014014612554882045,0.00020117267318191587,-1.2,0.00010874839852556212,0
2024,NM-02,2024-08-06,1.5160307331892997,1.5160307331892997,Incumbent,1,0.0028240004642494905,0.002748527796320812,-1.2,0.02392220679547523,1
2024,NM-03,2024-08-06,3.9759876881442278,3.9759876881442278,Incumbent,2,0.0016360521702818798,8.196213397215223e-05,-1.2,0.0,0
2024,NV-01,2024-08-06,3.1666798532818117,3.1666798532818117,Incumbent,2,0.0008101720014015288,0.003986863335853002,-1.2,0.0012884432037319888,1
2024,NV-02,2024-08-06,-8.147825812678416,8.147825812678416,Challenger,-3,7.741657666410977e-06,0.0012011238426546805,-1.2,3.459927449797949e-05,0
2024,NV-03,2024-08-06,1.8001935367752464,1.8001935367752464,Incumbent,1,0.0027344675266947043,0.0010016482913654742,-1.2,0.0031946574209025173,1
2024,NV-04,2024-08-06,3.217223200349606,3.217223200349606,Incumbent,2,0.003892355910146245,0.0018941225005567569,-1.2,0.005899642865807531,1
2024,NY-01,2024-08-06,-3.6928800390495202,3.6928800390495202,Challenger,-2,0.003623783311594928,0.0020752659785287387,-1.2,0.00494983910104392,1
2024,NY-02,2024-08-06,-3.774283387941013,3.774283387941013,Challenger,-2,0.0012455614307611811,0.002602693803919284,-1.2,0.0,0
2024,NY-03,2024-08-06,1.705849946619914,1.705849946619914,Incumbent,1,0.013272861926065183,0.006601603503174896,-1.2,0.003835311247576041,1
2024,NY-04,2024-08-06,5.110116322913344,5.110116322913344,Challenger,1,0.00023686702666141383,0.0028721574672680044,-1.2,0.029941523624722275,1
2024,NY-05,2024-08-06,31.66570070517945,31.66570070517945,Incumbent,3,0.004127326789799109,7.832493116363532e-06,-1.2,0.0,0
2024,NY-06,2024-08-06,16.45316367287223,16.45316367287223,Incumbent,3,0.002775996767557376,0.00018185461374245577,-1.2,0.0,0
2024,NY-07,2024-08-06,32.947096636428,32.947096636428,Incumbent,3,0.0009111252172997584,1.2644793540223111e-05,-1.2,0.0,0
2024,NY-08,2024-08-06,27.20390212058902,27.20390212058902,Incumbent,3,0.024980400089922358,0.0,-1.2,1.215010161533945e-05,0
2024,NY-09,2024-08-06,26.546679495384446,26.546679495384446,Incumbent,3,0.001358995446084734,0.0,-1.2,0.0,0
2024,NY-10,2024-08-06,35.683837953159355,35.683837953159355,Incumbent,3,0.003963919342017851,0.0,-1.2,0.0,0
2024,NY-11,2024-08-06,-5.641502588722533,5.641502588722533,Challenger,-2,0.00017476147043783913,0.0024913129837318866,-1.2,0.0,0
2024,NY-12,2024-08-06,34.68988016555067,34.68988016555067,Incumbent,3,0.0014016534206351685,0.0,-1.2,0.0,0
2024,NY-13,2024-08-06,40.02459454905407,40.02459454905407,Incumbent,3,0.0015152506989170639,0.0,-1.2,0.00012616644012763856,0
2024,NY-14,2024-08-06,29.655224876126084,29.655224876126084,Incumbent,3,0.023303388679828098,0.0018899582628979946,-1.2,0.0,0
2024,NY-15,2024-08-06,36.766509186357546,36.766509186357546,Incumbent,3,0.0029092222876958987,0.0,-1.2,0.0007253113907990721,0
2024,NY-16,2024-08-06,20.483740598184923,20.483740598184923,Challenger,3,0.012206307017704804,4.343994648855601e-06,-1.2,0.0,0
2024,NY-17,2024-08-06,2.957058137633134,2.957058137633134,Challenger,0,0.0,0.004200886150044743,-1.2,0.02575770950719113,1
2024,NY-18,2024-08-06,0.6565680576901656,0.6565680576901656,Incumbent,1,0.003818823473665606,0.0015981367782270976,-1.2,0.011840286131240699,1
2024,NY-19,2024-08-06,-0.9436788799621371,0.9436788799621371,Challenger,0,0.002773458041457909,0.003360174276856431,-1.2,0.03957746387196686,1
2024,NY-20,2024-08-06,6.380110330079763,6.380110330079763,Incumbent,2,0.0026926670052446386,4.720209104996695e-05,-1.2,0.0,0
2024,NY-21,2024-08-06,-9.049076835055661,9.049076835055661,Challenger,-3,0.000189442685522607,0.011027175052515327,-1.2,0.0,0
2024,NY-22,2024-08-06,0.758852657433734,0.758852657433734,Challenger,0,0.00189525151380438,0.002991176034872246,-1.2,0.01951324189749962,1
2024,NY-23,2024-08-06,-12.452534835467782,12.452534835467782,Challenger,-3,1.8256162062884078e-05,0.001026812549610143,-1.2,0.0,0
2024,NY-24,2024-08-06,-11.822715104854463,11.822715104854463,Challenger,-3,1.9336940482324305e-05,0.0038024371154706015,-1.2,0.0,0
2024,NY-25,2024-08-06,6.997501041410814,6.997501041410814,Incumbent,2,0.0020760325961791553,0.00021970443825772417,-1.2,0.0,0
2024,NY-26,2024-08-06,8.41704225398517,8.41704225398517,Incumbent,3,0.003988688689703114,0.00013515506379806202,-1.2,0.0,0
2024,OH-01,2024-08-06,1.4899957446163237,1.4899957446163237,Incumbent,1,0.0016019926398554815,8.38635711134413e-05,-1.2,0.00046855933579715724,0
2024,OH-02,2024-08-06,-24.48289495044701,24.48289495044701,Open,-3,5.716771191789151e-05,0.0040069055843579456,-1.2,0.0,0
2024,OH-03,2024-08-06,19.48297892975578,19.48297892975578,Incumbent,3,0.002227690143037218,0.0,-1.2,2.838607811017358e-06,0
2024,OH-04,2024-08-06,-20.55908860807346,20.55908860807346,Challenger,-3,0.0014910881036514054,0.017305229306377446,-1.2,9.623310571441422e-06,0
2024,OH-05,2024-08-06,-15.071640600961539,15.071640600961539,Challenger,-3,1.811937127283952e-05,0.0028408885248704875,-1.2,0.0,0
2024,OH-06,2024-08-06,-15.378152225349016,15.378152225349016,Open,-3,8.702182336766289e-05,0.0014820935662147089,-1.2,0.0,0
2024,OH-07,2024-08-06,-7.0155130829773595,7.0155130829773595,Challenger,-2,7.486696923470046e-05,0.0016756360400960054,-1.2,4.13963639106698e-05,0
2024,OH-08,2024-08-06,-14.035211394428032,14.035211394428032,Challenger,-3,5.697090177632763e-05,0.001954176044397431,-1.2,0.0,0
2024,OH-09,2024-08-06,-2.6750752258288104,2.6750752258288104,Incumbent,0,0.001506726746743462,0.0006869732182172858,-1.2,0.022430490176744335,1
2024,OH-10,2024-08-06,-4.1762804360223,4.1762804360223,Challenger,-2,0.00019010960782596368,0.0017759535583767997,-1.2,0.0,0
2024,OH-11,2024-08-06,28.441346247008543,28.441346247008543,Incumbent,3,0.0011430906994281027,3.6148616747679234e-05,-1.2,6.161069226185402e-06,0
2024,OH-12,2024-08-06,-17.225752396313208,17.225752396313208,Open,-3,0.00011081789415202603,0.0014673082903481416,-1.2,0.0,0
2024,OH-13,2024-08-06,-0.4196957081654351,0.4196957081654351,Incumbent,1,0.002374450102209462,0.0009537770415332692,-1.2,0.025546428186015907,1
2024,OH-15,2024-08-06,-6.124369085418522,6.124369085418522,Challenger,-2,0.0001092130055085698,0.0020334623819202114,-1.2,0.0,0
2024,OK-01,2024-08-06,-14.538246122325646,14.538246122325646,Challenger,-3,0.00022880755244319206,0.004095333314262433,-1.2,0.0,0
2024,OK-02,2024-08-06,-28.318688286984766,28.318688286984766,Challenger,-3,0.00010842116295692372,0.0,-1.2,0.0,0
2024,OK-04,2024-08-06,-19.182424517801458,19.182424517801458,Challenger,-3,5.985475527548424e-05,0.012104496090650948,-1.2,0.0,0
2024,OK-05,2024-08-06,-12.644828798930217,12.644828798930217,Challenger,-3,0.0006171985393587134,0.0018582690990214235,-1.2,0.0,0
2024,OR-01,2024-08-06,17.576673418835615,17.576673418835615,Incumbent,3,0.001536008255085779,0.0,-1.2,0.0,0
2024,OR-02,2024-08-06,-15.622567897681755,15.622567897681755,Challenger,-3,6.337406984142541e-08,0.0009392965074188984,-1.2,0.0,0
2024,OR-03,2024-08-06,22.427199819667493,22.427199819667493,Open,3,0.0030517901607463867,1.057299692106376e-05,-1.2,0.0,0
2024,OR-04,2024-08-06,3.8251339099398374,3.8251339099398374,Incumbent,2,0.001693636555419061,0.0006691803728611317,-1.2,0.0007004623685536586,0
2024,OR-05,2024-08-06,1.3926991240531428,1.3926991240531428,Challenger,0,0.0029201246276368545,0.0038232841307945732,-1.2,0.03219838902185034,1
2024,OR-06,2024-08-06,3.5943373465252613,3.5943373465252613,Incumbent,2,0.0,0.00029206911019319896,-1.2,0.001390451908634615,1
2024,PA-01,2024-08-06,-0.3294379916098378,0.3294379916098378,Challenger,0,0.0017612469678585697,0.005660468373564829,-1.2,3.498528215106907e-05,0
2024,PA-02,2024-08-06,21.679232400053635,21.679232400053635,Incumbent,3,0.0015979210010242508,0.0,-1.2,6.228787226161849e-06,0
2024,PA-03,2024-08-06,39.56244943477092,39.56244943477092,Incumbent,3,0.0017813618804225543,0.0,-1.2,4.154287478200664e-05,0
2024,PA-04,2024-08-06,6.7213071147185115,6.7213071147185115,Incumbent,2,0.0019942759387042326,0.0,-1.2,0.0,0
2024,PA-05,2024-08-06,13.93763368095236,13.93763368095236,Incumbent,3,0.0018315737129271756,2.683129519550271e-06,-1.2,1.1936990983468661e-06,0
2024,PA-06,2024-08-06,4.3527128827801125,4.3527128827801125,Incumbent,2,0.0018155605671455063,1.7184759651062052e-05,-1.2,0.0004729315229826806,0
2024,PA-07,2024-08-06,-2.2695414278169013,2.2695414278169013,Incumbent,0,0.0027177549866566884,0.000668546374107462,-1.2,0.0392079110047247,1
2024,PA-08,2024-08-06,-4.501763513589582,4.501763513589582,Incumbent,0,0.00251569004441951,0.0031395150341531823,-1.2,0.030874841529485265,1
2024,PA-09,2024-08-06,-21.24854746987166,21.24854746987166,Challenger,-3,0.0,0.00254811694526248,-1.2,0.0,0
2024,PA-10,2024-08-06,-5.326025754717467,5.326025754717467,Challenger,-2,0.0017222934840245357,0.004719921781974247,-1.2,0.017196797283595185,1
2024,PA-11,2024-08-06,-13.771108373802177,13.771108373802177,Challenger,-3,1.4282218650482917e-05,0.0016114356558217138,-1.2,0.0,0
2024,PA-12,2024-08-06,7.88100756160039,7.88100756160039,Incumbent,2,0.003786218256641052,0.00014997266108538655,-1.2,0.0001342453330038404,0
2024,PA-13,2024-08-06,-25.087095894319965,25.087095894319965,Challenger,-3,4.575859446425073e-05,0.002104040257761674,-1.2,0.0,0
2024,PA-14,2024-08-06,-17.931297318589706,17.931297318589706,Challenger,-3,0.00010816076369947212,0.004812801223092177,-1.2,0.0,0
2024,PA-15,2024-08-06,-20.54575453550953,20.54575453550953,Challenger,-3,4.0145527077824084e-05,0.003893704485407129,-1.2,4.7310130183622634e-08,0
2024,PA-16,2024-08-06,-12.68595112222987,12.68595112222987,Challenger,-3,0.0006980477025182958,0.0013929824629843233,-1.2,0.0,0
2024,PA-17,2024-08-06,0.060852313130244085,0.060852313130244085,Incumbent,1,0.0024548511309131827,0.00063263667351721,-1.2,0.0019445415729361878,1
2024,RI-01,2024-08-06,12.30038609480771,12.30038609480771,Challenger,3,0.0025330630338748885,0.0006499819220326177,-1.2,2.7955986017595195e-06,0
2024,RI-02,2024-08-06,3.7712601111473285,3.7712601111473285,Incumbent,2,0.0012198740084951002,0.0,-1.2,2.7955986017595195e-06,0
2024,SC-01,2024-08-06,-7.794760907709938,7.794760907709938,Challenger,-2,0.0013729333330058983,0.004147945254185084,-1.2,0.0,0
2024,SC-02,2024-08-06,-8.884926417688632,8.884926417688632,Challenger,-3,5.504684179096896e-06,0.0013054443785733341,-1.2,0.0,0
2024,SC-03,2024-08-06,-21.02599305771811,21.02599305771811,Open,-3,0.0,0.001498402034731747,-1.2,0.0,0
2024,SC-04,2024-08-06,-12.715665017842142,12.715665017842142,Challenger,-3,0.0001671620227218392,0.004538174196649029,-1.2,0.0,0
2024,SC-05,2024-08-06,-11.5696148738559,11.5696148738559,Challenger,-3,3.2682418555171496e-05,0.0005106640613843033,-1.2,0.0,0
2024,SC-06,2024-08-06,14.673162065264773,14.673162065264773,Incumbent,3,0.004314280962474057,0.00017501363343171784,-1.2,0.0,0
2024,SC-07,2024-08-06,-11.271404349615027,11.271404349615027,Challenger,-3,0.00010378689915478696,0.001690041265084966,-1.2,0.0,0
2024,SD-00,2024-08-06,-16.388862204651893,16.388862204651893,Challenger,-3,0.00011535211853342905,0.001909586289708576,-1.2,0.0,0
2024,TN-01,2024-08-06,-30.27155839221352,30.27155839221352,Open,-3,0.0,0.00226079611628516,-1.2,0.0,0
2024,TN-02,2024-08-06,-18.47057443452429,18.47057443452429,Challenger,-3,0.00023681715748327935,0.0016798015250218364,-1.2,0.0,0
2024,TN-03,2024-08-06,-19.071192130050548,19.071192130050548,Challenger,-3,0.0002219258854204962,0.0010336438958580075,-1.2,0.0,0
2024,TN-04,2024-08-06,-22.05113294578421,22.05113294578421,Challenger,-3,3.335998563781949e-05,0.0003916310211811468,-1.2,0.0,0
2024,TN-05,2024-08-06,-9.101000979194431,9.101000979194431,Challenger,-3,0.0002607062356826626,0.0011586913653883846,-1.2,0.0,0
2024,TN-06,2024-08-06,-17.433317798148636,17.433317798148636,Incumbent,-3,0.00015686136011379604,0.002179153325691748,-1.2,0.0,0
2024,TN-07,2024-08-06,-10.102757532277787,10.102757532277787,Open,-3,0.0008209266262132885,0.0027730068963573986,-1.2,8.336259984400598e-06,0
2024,TN-08,2024-08-06,-21.234299336382385,21.234299336382385,Challenger,-3,1.4146159016995748e-05,0.0021518175969854644,-1.2,0.0,0
2024,TN-09,2024-08-06,22.626245642096478,22.626245642096478,Incumbent,3,0.0005570528697918092,5.333404304148479e-05,-1.2,0.0,0
2024,TX-01,2024-08-06,-25.594871709035786,25.594871709035786,Challenger,-3,0.0,0.0011706022067726229,-1.2,0.0,0
2024,TX-02,2024-08-06,-15.801396694115272,15.801396694115272,Challenger,-3,9.856657036269827e-05,0.007890662964361736,-1.2,0.0,0
2024,TX-03,2024-08-06,-12.263087849046576,12.263087849046576,Challenger,-3,0.0006248917256462907,0.00025678927947252807,-1.2,0.0,0
2024,TX-04,2024-08-06,-17.269135073146472,17.269135073146472,Challenger,-3,1.2985404972940565e-05,0.0005678372354717706,-1.2,0.0,0
2024,TX-05,2024-08-06,-14.83951783996549,14.83951783996549,Challenger,-3,4.416510326124781e-05,0.001511676547609319,-1.2,0.0,0
2024,TX-06,2024-08-06,-15.863029594192207,15.863029594192207,Challenger,-3,0.00018081516717311234,0.010149581040515443,-1.2,0.0,0
2024,TX-07,2024-08-06,13.729817763471857,13.729817763471857,Incumbent,3,0.004001792004423235,0.0004666969725224786,-1.2,6.477186914230517e-06,0
2024,TX-08,2024-08-06,-16.869917309464675,16.869917309464675,Challenger,-3,5.007532127443686e-05,0.002093630115211465,-1.2,0.0,0
2024,TX-09,2024-08-06,26.617373897635815,26.617373897635815,Incumbent,3,0.0006106632685073802,0.0,-1.2,0.0,0
2024,TX-10,2024-08-06,-13.4287872760659,13.4287872760659,Challenger,-3,0.00010255569602596744,0.005333369681735026,-1.2,0.0,0
2024,TX-12,2024-08-06,-13.051453656022414,13.051453656022414,Open,-3,4.845871262145785e-05,0.005184026610959361,-1.2,0.0,0
2024,TX-14,2024-08-06,-16.3040863161223,16.3040863161223,Challenger,-3,1.2043976391495731e-05,0.0017465596669706917,-1.2,0.0,0
2024,TX-15,2024-08-06,1.0192203759560066,1.0192203759560066,Challenger,0,0.0014424000229169753,0.0063929841939974735,-1.2,0.004409967378129594,1
2024,TX-16,2024-08-06,18.43690817546573,18.43690817546573,Incumbent,3,0.002157939248271365,8.172227161212126e-05,-1.2,0.0,0
2024,TX-17,2024-08-06,-14.809739204605819,14.809739204605819,Challenger,-3,2.6826134090391765e-05,0.0009286797486274148,-1.2,0.0,0
2024,TX-18,2024-08-06,24.071403016543012,24.071403016543012,Challenger,3,0.0035005515833563933,8.879092117206558e-05,-1.2,0.0,0
2024,TX-20,2024-08-06,15.203957520397655,15.203957520397655,Incumbent,3,0.0009583959080384915,3.3097306892277236e-06,-1.2,0.0,0
2024,TX-21,2024-08-06,-14.049205651119959,14.049205651119959,Challenger,-3,0.00013319526315981012,0.002428624201126171,-1.2,0.0,0
2024,TX-22,2024-08-06,-12.074613279983733,12.074613279983733,Challenger,-3,3.2768200423036256e-05,0.0012443858170353274,-1.2,0.0,0
2024,TX-23,2024-08-06,-4.585290023430264,4.585290023430264,Challenger,-2,0.00024023942176853026,0.0093562213175082,-1.2,0.0,0
2024,TX-24,2024-08-06,-11.114874528587615,11.114874528587615,Challenger,-3,0.0010741045084028543,0.0026230017203098133,-1.2,0.00015642449407075957,0
2024,TX-25,2024-08-06,-19.19898352457276,19.19898352457276,Open,-3,1.5276871128384328e-07,0.0028866247330413194,-1.2,0.0,0
2024,TX-26,2024-08-06,-14.460784914132033,14.460784914132033,Open,-3,6.30234587675555e-05,0.0028649506721279243,-1.2,0.0,0
2024,TX-27,2024-08-06,-12.998842038805336,12.998842038805336,Challenger,-3,4.090053224174081e-05,0.001326957520530291,-1.2,0.0,0
2024,TX-28,2024-08-06,5.10353280309821,5.10353280309821,Incumbent,2,0.004023092895932505,0.000451332900222324,-1.2,0.0,0
2024,TX-29,2024-08-06,20.482512838177314,20.482512838177314,Incumbent,3,0.0014915774409297365,3.27309759524236e-05,-1.2,4.7310130183622634e-08,0
2024,TX-30,2024-08-06,27.154332784294745,27.154332784294745,Incumbent,3,0.002209419895458302,1.5203755472646002e-08,-1.2,0.0,0
2024,TX-31,2024-08-06,-14.829107583854608,14.829107583854608,Challenger,-3,0.00031207731690901494,0.002762560174474716,-1.2,0.0,0
2024,TX-32,2024-08-06,13.571719379477386,13.571719379477386,Incumbent,3,0.0055633014088898,8.838594645769377e-05,-1.2,0.0004187903046064497,0
2024,TX-33,2024-08-06,24.328975075347326,24.328975075347326,Incumbent,3,0.0025961198677888282,2.999782672250646e-05,-1.2,0.0,0
2024,TX-34,2024-08-06,11.644424539330867,11.644424539330867,Incumbent,3,0.001513834233619366,0.00691956329715713,-1.2,0.009054788113247756,1
2024,TX-35,2024-08-06,21.121858476582872,21.121858476582872,Incumbent,3,0.0012938077854119285,4.0397001924354664e-05,-1.2,0.0,0
2024,TX-37,2024-08-06,23.953391586370323,23.953391586370323,Incumbent,3,0.000793218738819297,0.0,-1.2,0.0,0
2024,TX-38,2024-08-06,-13.297156737747152,13.297156737747152,Challenger,-3,0.00028036436893972443,0.002708188706296723,-1.2,0.0,0
2024,UT-01,2024-08-06,-12.123124549168047,12.123124549168047,Challenger,-3,3.4097120475289584e-05,0.0024559497581544652,-1.2,0.0,0
2024,UT-02,2024-08-06,-11.340716989963664,11.340716989963664,Open,-3,0.0007445327870407255,0.0031291397075578677,-1.2,0.0,0
2024,UT-03,2024-08-06,-13.645002876084327,13.645002876084327,Open,-3,9.55300771798856e-05,0.0,-1.2,0.0,0
2024,UT-04,2024-08-06,-16.033873855329205,16.033873855329205,Challenger,-3,5.412986394498721e-05,0.0023946453774809453,-1.2,0.0,0
2024,VA-01,2024-08-06,-6.880373957461114,6.880373957461114,Challenger,-2,0.0004981684667909956,0.001933374941404342,-1.2,1.5970609673713967e-06,0
2024,VA-02,2024-08-06,-2.661735182405322,2.661735182405322,Challenger,-1,0.0015007776053958945,0.004072821390943486,-1.2,0.012810637266167385,1
2024,VA-03,2024-08-06,16.85842965665598,16.85842965665598,Incumbent,3,0.0013215991966902987,0.0,-1.2,0.0,0
2024,VA-04,2024-08-06,15.574281632020249,15.574281632020249,Challenger,3,0.004546602044744544,0.0008339462665167982,-1.2,2.7220958631375125e-06,0
2024,VA-05,2024-08-06,-6.758397945939892,6.758397945939892,Challenger,-2,4.77755328370017e-05,0.0024755953112178186,-1.2,5.86000476138053e-07,0
2024,VA-06,2024-08-06,-13.950633267870007,13.950633267870007,Challenger,-3,0.00011271427771122728,0.0009984896305237647,-1.2,2.445890721284042e-06,0
2024,VA-07,2024-08-06,0.6168037879000998,0.6168037879000998,Open,0,0.011188784586321979,0.002294734962870381,-1.2,0.015272783382604228,1
2024,VA-08,2024-08-06,26.392191262569703,26.392191262569703,Incumbent,3,0.0033600437869155423,2.8439839621745878e-05,-1.2,0.0,0
2024,VA-09,2024-08-06,-23.06933825260913,23.06933825260913,Challenger,-3,5.872830107581218e-05,0.0013749832164329408,-1.2,0.0,0
2024,VA-10,2024-08-06,4.930169768920273,4.930169768920273,Open,1,0.0024635918710060488,0.0,-1.2,0.00023028635958970896,0
2024,VA-11,2024-08-06,17.903084074439196,17.903084074439196,Incumbent,3,0.0031686510853497895,2.7249903829209253e-05,-1.2,3.010644648048713e-07,0
2024,VT-00,2024-08-06,15.057806438313465,15.057806438313465,Incumbent,3,0.0021958677796395753,8.760550134650102e-05,-1.2,0.0003383085046077433,0
2024,WA-01,2024-08-06,13.178214590932551,13.178214590932551,Incumbent,3,0.004168905491252426,1.1762932713600385e-05,-1.2,5.554424329604388e-07,0
2024,WA-02,2024-08-06,9.080595379195262,9.080595379195262,Incumbent,3,0.0028950292271362073,1.8679802774073784e-05,-1.2,5.554424329604388e-07,0
2024,WA-03,2024-08-06,-4.816242854185046,4.816242854185046,Incumbent,0,8.583132845540592e-06,0.0020561511806122313,-1.2,0.03346732283967549,1
2024,WA-04,2024-08-06,-11.858442573624501,11.858442573624501,Challenger,-3,5.085206759363342e-05,0.0020772410259316727,-1.2,0.003924781843282007,1
2024,WA-05,2024-08-06,-8.078962030869253,8.078962030869253,Challenger,-3,0.0004548639778069972,0.008909615129383312,-1.2,0.00013103346977027874,0
2024,WA-06,2024-08-06,6.012415033952323,6.012415033952323,Open,2,0.0015801051672457488,0.00018343343880510178,-1.2,0.000589507038473449,0
2024,WA-07,2024-08-06,36.72818037182857,36.72818037182857,Incumbent,3,0.005196023664303556,1.2389404855650064e-05,-1.2,4.443496454471208e-07,0
2024,WA-08,2024-08-06,0.9197171183407571,0.9197171183407571,Incumbent,1,0.003584059941410574,0.0003491074074004336,-1.2,0.0012566353774470756,1
2024,WA-09,2024-08-06,21.550272727277893,21.550272727277893,Incumbent,3,0.0024197444122597746,2.496254505324962e-06,-1.2,9.627611492366205e-07,0
2024,WA-10,2024-08-06,6.465507414278027,6.465507414278027,Incumbent,2,0.0030178430133837794,6.537623455079633e-05,-1.2,4.813805746185605e-07,0
2024,WI-01,2024-08-06,-2.905236133876948,2.905236133876948,Challenger,-1,0.0005647299061213102,0.002719426173996216,-1.2,0.0005368549924631656,0
2024,WI-02,2024-08-06,18.958739607660107,18.958739607660107,Incumbent,3,0.0017949007494048295,0.0001270421506373374,-1.2,0.0,0
2024,WI-03,2024-08-06,-4.072955843970282,4.072955843970282,Challenger,-2,0.003047087447787716,0.005580393096612029,-1.2,0.0203342553378018,1
2024,WI-04,2024-08-06,24.931618077414967,24.931618077414967,Incumbent,3,0.002125732468561376,1.545135949034338e-05,-1.2,0.0,0
2024,WI-05,2024-08-06,-14.692106941889419,14.692106941889419,Challenger,-3,3.015212226071896e-05,0.0013123853983048057,-1.2,3.053699016976274e-05,0
2024,WI-06,2024-08-06,-10.259029707645526,10.259029707645526,Challenger,-3,2.3123019668687223e-05,0.001575597221491202,-1.2,0.0,0
2024,WI-07,2024-08-06,-12.13181484837636,12.13181484837636,Challenger,-3,0.00021702853428532922,0.0012448419296995068,-1.2,4.8199173548191386e-05,0
2024,WI-08,2024-08-06,-10.173587881331,10.173587881331,Open,-3,0.001544492380731608,0.0013561627520399895,-1.2,0.0001127606846480167,0
2024,WV-01,2024-08-06,-23.41158043159246,23.41158043159246,Challenger,-3,0.0001555809759541902,0.0028704109923076717,-1.2,0.0,0
2024,WV-02,2024-08-06,-21.92686288918549,21.92686288918549,Open,-3,3.133152079698741e-05,0.0019548259995677353,-1.2,0.0,0
2024,WY-00,2024-08-06,-25.77787700236944,25.77787700236944,Challenger,-3,4.2850290229631045e-06,0.004209152627587123,-1.2,0.0,0
2024,IL-16,2024-08-06,-13.631151449570353,13.631151449570353,Open,-3,0.0,0.0033155512115350056,-1.2,0.0,0
2024,KY-05,2024-08-06,-32.1729608712165,32.1729608712165,Open,-3,0.0,0.001319346954933698,-1.2,0.0,0
2024,LA-05,2024-08-06,-16.599572159228913,16.599572159228913,Open,-3,0.0,0.0020149769592673786,-1.2,0.0,0
2024,MD-01,2024-08-06,-11.511437051533768,11.511437051533768,Open,-3,0.0,0.0017719931628653147,-1.2,0.0,0
2024,NE-03,2024-08-06,-29.05395314239278,29.05395314239278,Open,-3,0.0,0.0029050645444277344,-1.2,0.0,0
2024,OH-14,2024-08-06,-9.040584982726719,9.040584982726719,Open,-2,0.0,0.0025296131576772944,-1.2,0.0,0
2024,OK-03,2024-08-06,-25.040406323060722,25.040406323060722,Open,-3,0.0,0.001736638345588303,-1.2,0.0,0
2024,TX-11,2024-08-06,-22.919337360625505,22.919337360625505,Open,-3,0.0,0.003800744402021841,-1.2,0.0,0
2024,TX-13,2024-08-06,-26.679313899188365,26.679313899188365,Open,-3,0.0,0.006643012662325321,-1.2,0.0,0
2024,TX-19,2024-08-06,-26.119921275348524,26.119921275348524,Open,-3,0.0,0.004255084355623241,-1.2,0.0,0
2024,TX-36,2024-08-06,-18.290803523740188,18.290803523740188,Open,-3,0.0,0.0019119170877858862,-1.2,0.0,0
