district_id,party,cycle,fec_candidate_id,committee_id,coverage_start_date,coverage_end_date,receipts_period,disbursements_period,cash_on_hand_end_period,report_type_full,beginning_image_number
NY-14,D,2026,H8NY15148,C00639591,2026-06-04T00:00:00,2026-06-30T00:00:00,1510902.36,1490632.14,15960931.7,JULY QUARTERLY,202607159875245104
NY-14,D,2026,H8NY15148,C00639591,2026-04-01T00:00:00,2026-06-03T00:00:00,3362119.58,2112423.19,15939144.7,PRE-PRIMARY,202606119870570178
NY-14,D,2026,H8NY15148,C00639591,2026-04-01T00:00:00,2026-06-03T00:00:00,3363636.36,2112423.19,15940661.48,PRE-PRIMARY,202607159875163162
NY-14,D,2026,H8NY15148,C00639591,2026-01-01T00:00:00,2026-03-31T00:00:00,4075170.43,2794632.21,14689448.31,APRIL QUARTERLY,202604159857357993
NY-14,D,2026,H8NY15148,C00639591,2025-10-01T00:00:00,2025-12-31T00:00:00,3774754.45,2184896.17,13408910.09,YEAR-END,202601309794885624
NY-14,D,2026,H8NY15148,C00639591,2025-07-01T00:00:00,2025-09-30T00:00:00,4458564.78,2454719.91,11819051.81,OCTOBER QUARTERLY,202510159791054033
NY-14,D,2026,H8NY15148,C00639591,2025-04-01T00:00:00,2025-06-30T00:00:00,5820124.16,4285344.3,9815206.94,JULY QUARTERLY,202507159763070911
NY-14,D,2026,H8NY15148,C00639591,2025-01-01T00:00:00,2025-03-31T00:00:00,9604601.12,5058820.92,8280427.08,APRIL QUARTERLY,202504159755399055
NY-08,D,2026,H2NY10092,C00503052,2026-06-04T00:00:00,2026-06-30T00:00:00,907500.68,851800.84,5000459.66,JULY QUARTERLY,202607159890616705
NY-08,D,2026,H2NY10092,C00503052,2026-04-01T00:00:00,2026-06-03T00:00:00,1599048.4,2110546.79,4944759.82,PRE-PRIMARY,202606119870632829
NY-08,D,2026,H2NY10092,C00503052,2026-01-01T00:00:00,2026-03-31T00:00:00,2066190.92,2474674.73,5456258.21,APRIL QUARTERLY,202604159862860194
NY-08,D,2026,H2NY10092,C00503052,2025-10-01T00:00:00,2025-12-31T00:00:00,1429586.38,2248359.34,5864742.02,YEAR-END,202601319795538491
NY-08,D,2026,H2NY10092,C00503052,2025-07-01T00:00:00,2025-09-30T00:00:00,2804101.03,2410850.58,6683514.98,OCTOBER QUARTERLY,202605079866848953
NY-08,D,2026,H2NY10092,C00503052,2025-07-01T00:00:00,2025-09-30T00:00:00,2804101.03,2410850.58,6683514.98,OCTOBER QUARTERLY,202510159791393909
NY-08,D,2026,H2NY10092,C00503052,2025-04-01T00:00:00,2025-06-30T00:00:00,2374331.31,2242269.86,6290264.53,JULY QUARTERLY,202507159763509103
NY-08,D,2026,H2NY10092,C00503052,2025-01-01T00:00:00,2025-03-31T00:00:00,3719221.89,2515583.46,6158203.08,APRIL QUARTERLY,202505149761183545
NY-08,D,2026,H2NY10092,C00503052,2025-01-01T00:00:00,2025-03-31T00:00:00,3719221.89,2515583.46,6158203.08,APRIL QUARTERLY,202504159755554366
NJ-05,D,2026,H6NJ05171,C00573949,2026-05-14T00:00:00,2026-06-30T00:00:00,1296302.91,76385.73,12773074.82,JULY QUARTERLY,202607159880541954
NJ-05,D,2026,H6NJ05171,C00573949,2026-04-01T00:00:00,2026-05-13T00:00:00,571835.51,192739.73,11553157.64,PRE-PRIMARY,202605219870207495
NJ-05,D,2026,H6NJ05171,C00573949,2026-01-01T00:00:00,2026-03-31T00:00:00,1004716.26,126140.33,11174061.86,APRIL QUARTERLY,202605219870205565
NJ-05,D,2026,H6NJ05171,C00573949,2026-01-01T00:00:00,2026-03-31T00:00:00,1004716.26,126140.33,11174061.86,APRIL QUARTERLY,202604159857818681
NJ-05,D,2026,H6NJ05171,C00573949,2025-10-01T00:00:00,2025-12-31T00:00:00,1056471.71,135661.56,10295485.93,YEAR-END,202601319808577506
NJ-05,D,2026,H6NJ05171,C00573949,2025-07-01T00:00:00,2025-09-30T00:00:00,525404.86,45158.15,9374675.78,OCTOBER QUARTERLY,202510159791541442
NJ-05,D,2026,H6NJ05171,C00573949,2025-04-01T00:00:00,2025-06-30T00:00:00,52160.85,2447441.2,8894429.07,JULY QUARTERLY,202507159763509032
NJ-05,D,2026,H6NJ05171,C00573949,2025-01-01T00:00:00,2025-03-31T00:00:00,258253.25,9681036.89,11289709.42,APRIL QUARTERLY,202504159756057182
LA-04,R,2026,H6LA04138,C00608695,2026-07-01T00:00:00,2026-07-18T00:00:00,428384.67,654862.97,9613157.46,PRE-PRIMARY,202607269894468187
LA-04,R,2026,H6LA04138,C00608695,2026-04-01T00:00:00,2026-06-30T00:00:00,2999530.09,3485962.19,9839635.76,JULY QUARTERLY,202607159875485541
LA-04,R,2026,H6LA04138,C00608695,2026-01-01T00:00:00,2026-03-31T00:00:00,3048659.95,1875080.63,10326067.86,APRIL QUARTERLY,202604159857541535
LA-04,R,2026,H6LA04138,C00608695,2025-10-01T00:00:00,2025-12-31T00:00:00,3081946.58,1732661.45,9152488.54,YEAR-END,202601309795085609
LA-04,R,2026,H6LA04138,C00608695,2025-07-01T00:00:00,2025-09-30T00:00:00,2728960.96,1647269.09,7803203.41,OCTOBER QUARTERLY,202510159791207858
LA-04,R,2026,H6LA04138,C00608695,2025-04-01T00:00:00,2025-06-30T00:00:00,5453335.78,1799063.39,6721511.54,JULY QUARTERLY,202507159763155982
LA-04,R,2026,H6LA04138,C00608695,2025-01-01T00:00:00,2025-03-31T00:00:00,3236046.3,1421183.68,3067239.15,APRIL QUARTERLY,202505199761383415
LA-04,R,2026,H6LA04138,C00608695,2025-01-01T00:00:00,2025-03-31T00:00:00,3236046.3,1421183.68,3067239.15,APRIL QUARTERLY,202504159755578579
MD-06,D,2026,H4MD06340,C00854471,2026-06-04T00:00:00,2026-06-30T00:00:00,3762878.51,3881602.01,307611.31,JULY QUARTERLY,202607159875381659
MD-06,D,2026,H4MD06340,C00854471,2026-04-01T00:00:00,2026-06-03T00:00:00,5407692.25,6239416.64,426334.81,PRE-PRIMARY,202606119870605964
MD-06,D,2026,H4MD06340,C00854471,2026-01-01T00:00:00,2026-03-31T00:00:00,1810396.65,1375444.7,1258059.2,APRIL QUARTERLY,202604159857736865
MD-06,D,2026,H4MD06340,C00854471,2025-10-01T00:00:00,2025-12-31T00:00:00,426696.03,194693.07,823107.25,YEAR-END,202601299794345745
MD-06,D,2026,H4MD06340,C00854471,2025-07-01T00:00:00,2025-09-30T00:00:00,371778.0,103924.93,591104.29,OCTOBER QUARTERLY,202510149790790151
MD-06,D,2026,H4MD06340,C00854471,2025-04-01T00:00:00,2025-06-30T00:00:00,330691.69,184391.54,323251.22,JULY QUARTERLY,202507159763379451
MD-06,D,2026,H4MD06340,C00854471,2025-01-01T00:00:00,2025-03-31T00:00:00,198086.98,34015.08,176951.07,APRIL QUARTERLY,202504159756048064
NY-17,D,2026,H6NY17213,C00906636,2026-04-01T00:00:00,2026-06-30T00:00:00,67266.0,5655968.05,789.36,TERMINATION REPORT,202606119870626660
NY-17,D,2026,H6NY17213,C00906636,2026-01-01T00:00:00,2026-03-31T00:00:00,5588895.83,5523480.08,5589491.41,APRIL QUARTERLY,202606119870626531
NY-17,D,2026,H6NY17213,C00906636,2026-01-01T00:00:00,2026-03-31T00:00:00,5588895.83,5515980.08,5596991.41,APRIL QUARTERLY,202604159857818044
NY-17,D,2026,H6NY17213,C00906636,2025-10-01T00:00:00,2025-12-31T00:00:00,5030126.44,374857.11,5524075.66,YEAR-END,202601309794826479
NY-17,D,2026,H6NY17213,C00906636,2025-07-01T00:00:00,2025-09-30T00:00:00,341440.39,146987.49,868806.33,OCTOBER QUARTERLY,202510169791607183
NY-17,D,2026,H6NY17213,C00906636,2025-07-01T00:00:00,2025-09-30T00:00:00,341440.39,146987.49,868806.33,OCTOBER QUARTERLY,202510159791378876
NY-17,D,2026,H6NY17213,C00906636,2025-04-01T00:00:00,2025-06-30T00:00:00,680192.94,5839.51,674353.43,JULY QUARTERLY,202509049789840640
NY-17,D,2026,H6NY17213,C00906636,2025-04-01T00:00:00,2025-06-30T00:00:00,680192.94,5839.51,674353.43,JULY QUARTERLY,202507159763102600
LA-01,R,2026,H0LA01087,C00394957,2026-07-01T00:00:00,2026-07-18T00:00:00,47556.98,173072.71,3885941.87,PRE-PRIMARY,202607269894474298
LA-01,R,2026,H0LA01087,C00394957,2026-04-01T00:00:00,2026-06-30T00:00:00,1269943.79,2935133.49,4011457.6,JULY QUARTERLY,202607159875420259
LA-01,R,2026,H0LA01087,C00394957,2026-01-01T00:00:00,2026-03-31T00:00:00,1477248.94,1328888.04,5676647.3,APRIL QUARTERLY,202604309866744611
LA-01,R,2026,H0LA01087,C00394957,2026-01-01T00:00:00,2026-03-31T00:00:00,1477248.94,1328888.04,5676647.3,APRIL QUARTERLY,202604159857616858
LA-01,R,2026,H0LA01087,C00394957,2025-10-01T00:00:00,2025-12-31T00:00:00,1838946.15,1315980.0,5528286.4,YEAR-END,202601319795713255
LA-01,R,2026,H0LA01087,C00394957,2025-07-01T00:00:00,2025-09-30T00:00:00,1305256.24,2077558.39,5005320.25,OCTOBER QUARTERLY,202510159790949729
LA-01,R,2026,H0LA01087,C00394957,2025-04-01T00:00:00,2025-06-30T00:00:00,2263798.57,871772.22,5777622.4,JULY QUARTERLY,202507159763130039
LA-01,R,2026,H0LA01087,C00394957,2025-04-01T00:00:00,2025-06-30T00:00:00,2263798.57,871772.22,5777622.4,JULY QUARTERLY,202510069790678658
LA-01,R,2026,H0LA01087,C00394957,2025-01-01T00:00:00,2025-03-31T00:00:00,2435279.45,2180835.97,4385596.05,APRIL QUARTERLY,202504159755447713
LA-01,R,2026,H0LA01087,C00394957,2025-01-01T00:00:00,2025-03-31T00:00:00,2435279.45,2180835.97,4385596.05,APRIL QUARTERLY,202504229756342817
TX-30,D,2026,H2TX30178,C00795450,2026-04-01T00:00:00,2026-06-30T00:00:00,150000.0,138985.18,83553.02,JULY QUARTERLY,202607159875683287
TX-30,D,2026,H2TX30178,C00795450,2026-02-12T00:00:00,2026-03-31T00:00:00,0.0,2078.43,72538.2,APRIL QUARTERLY,202604159862360641
TX-30,D,2026,H2TX30178,C00795450,2026-01-01T00:00:00,2026-02-11T00:00:00,193.25,357148.86,74616.63,PRE-PRIMARY,202602199834818059
TX-30,D,2026,H2TX30178,C00795450,2025-10-01T00:00:00,2025-12-31T00:00:00,1346516.1,5515535.61,431572.24,YEAR-END,202601319808856788
TX-30,D,2026,H2TX30178,C00795450,2025-07-01T00:00:00,2025-09-30T00:00:00,2723785.94,1891099.75,4600591.75,OCTOBER QUARTERLY,202602119834301911
TX-30,D,2026,H2TX30178,C00795450,2025-07-01T00:00:00,2025-09-30T00:00:00,2723785.94,1891099.75,4600591.75,OCTOBER QUARTERLY,202510159791031894
TX-30,D,2026,H2TX30178,C00795450,2025-04-01T00:00:00,2025-06-30T00:00:00,2152602.97,946836.66,3767905.56,JULY QUARTERLY,202507159763436984
TX-30,D,2026,H2TX30178,C00795450,2025-01-01T00:00:00,2025-03-31T00:00:00,1683850.23,732944.19,2562139.25,APRIL QUARTERLY,202504159755643488
KY-04,R,2026,H2KY04121,C00509729,2026-04-30T00:00:00,2026-06-30T00:00:00,3295797.07,3093518.23,810522.77,JULY QUARTERLY,202607159875111698
KY-04,R,2026,H2KY04121,C00509729,2026-04-01T00:00:00,2026-04-29T00:00:00,587694.49,1453477.95,608243.93,PRE-PRIMARY,202605079866889605
KY-04,R,2026,H2KY04121,C00509729,2026-01-01T00:00:00,2026-03-31T00:00:00,2502345.6,3217047.53,1474027.39,APRIL QUARTERLY,202604159857303773
KY-04,R,2026,H2KY04121,C00509729,2025-10-01T00:00:00,2025-12-31T00:00:00,638347.22,463371.19,2188729.32,YEAR-END,202601319825750925
KY-04,R,2026,H2KY04121,C00509729,2025-07-01T00:00:00,2025-09-30T00:00:00,782155.34,506148.78,2013753.29,OCTOBER QUARTERLY,202510159790803357
KY-04,R,2026,H2KY04121,C00509729,2025-04-01T00:00:00,2025-06-30T00:00:00,586226.32,95651.02,1737746.73,JULY QUARTERLY,202507149762820328
KY-04,R,2026,H2KY04121,C00509729,2025-01-01T00:00:00,2025-03-31T00:00:00,445130.91,104969.67,1247171.43,APRIL QUARTERLY,202504159755634176
CA-40,R,2026,H8CA39240,C00665638,2026-05-14T00:00:00,2026-06-30T00:00:00,629027.73,2040493.65,1680489.97,JULY QUARTERLY,202607159880514761
CA-40,R,2026,H8CA39240,C00665638,2026-04-01T00:00:00,2026-05-13T00:00:00,557156.19,3250562.23,3093061.05,PRE-PRIMARY,202605219870258457
CA-40,R,2026,H8CA39240,C00665638,2026-01-01T00:00:00,2026-03-31T00:00:00,1311283.72,1021581.06,5786467.09,APRIL QUARTERLY,202607159875868171
CA-40,R,2026,H8CA39240,C00665638,2026-01-01T00:00:00,2026-03-31T00:00:00,1310533.72,1020831.06,5786467.09,APRIL QUARTERLY,202604169863133272
CA-40,R,2026,H8CA39240,C00665638,2026-01-01T00:00:00,2026-03-31T00:00:00,1310533.72,1020831.06,5786467.09,APRIL QUARTERLY,202604159857323036
CA-40,R,2026,H8CA39240,C00665638,2025-10-01T00:00:00,2025-12-31T00:00:00,1528586.16,790875.16,5496764.43,YEAR-END,202601319825778390
CA-40,R,2026,H8CA39240,C00665638,2025-07-01T00:00:00,2025-09-30T00:00:00,1518734.64,696460.93,4759053.43,OCTOBER QUARTERLY,202510159790998097
CA-40,R,2026,H8CA39240,C00665638,2025-07-01T00:00:00,2025-09-30T00:00:00,1518734.64,696460.93,4759053.43,OCTOBER QUARTERLY,202601299794321428
CA-40,R,2026,H8CA39240,C00665638,2025-04-01T00:00:00,2025-06-30T00:00:00,2008880.58,650393.77,3938779.72,JULY QUARTERLY,202507159762936425
CA-40,R,2026,H8CA39240,C00665638,2025-04-01T00:00:00,2025-06-30T00:00:00,2006880.58,650393.77,3936779.72,JULY QUARTERLY,202601299794308525
CA-40,R,2026,H8CA39240,C00665638,2025-01-01T00:00:00,2025-03-31T00:00:00,1285569.61,442775.13,2580292.91,APRIL QUARTERLY,202601299794300278
CA-40,R,2026,H8CA39240,C00665638,2025-01-01T00:00:00,2025-03-31T00:00:00,1285569.61,442775.53,2580292.51,APRIL QUARTERLY,202504159755519097
NY-21,R,2026,H6NY21157,C00892737,2026-06-04T00:00:00,2026-06-30T00:00:00,2007067.0,2097550.56,3036385.69,JULY QUARTERLY,202607159875485151
NY-21,R,2026,H6NY21157,C00892737,2026-04-01T00:00:00,2026-06-03T00:00:00,2419669.69,2809332.22,3126869.25,PRE-PRIMARY,202606119870604667
NY-21,R,2026,H6NY21157,C00892737,2026-01-01T00:00:00,2026-03-31T00:00:00,28444.36,1567146.28,3516531.78,APRIL QUARTERLY,202604159857266303
NY-21,R,2026,H6NY21157,C00892737,2025-10-01T00:00:00,2025-12-31T00:00:00,5001594.65,376150.05,5055233.7,YEAR-END,202601309794584204
NY-21,R,2026,H6NY21157,C00892737,2025-07-01T00:00:00,2025-09-30T00:00:00,3478.61,355391.65,429789.1,OCTOBER QUARTERLY,202510149790776980
NY-21,R,2026,H6NY21157,C00892737,2025-07-01T00:00:00,2025-09-30T00:00:00,3478.61,355391.65,429789.1,OCTOBER QUARTERLY,202601229794115428
NY-21,R,2026,H6NY21157,C00892737,2025-04-01T00:00:00,2025-06-30T00:00:00,0.0,151773.73,781702.14,JULY QUARTERLY,202507149762782316
NY-21,R,2026,H6NY21157,C00892737,2025-01-01T00:00:00,2025-03-31T00:00:00,0.0,1373410.96,933475.87,APRIL QUARTERLY,202504159755364939
NY-10,D,2026,H2NY10308,C00816660,2026-06-04T00:00:00,2026-06-30T00:00:00,554202.64,944858.24,1158530.28,JULY QUARTERLY,202607159875943788
NY-10,D,2026,H2NY10308,C00816660,2026-04-01T00:00:00,2026-06-03T00:00:00,3535393.29,3491543.95,1549185.88,PRE-PRIMARY,202606119870620053
NY-10,D,2026,H2NY10308,C00816660,2026-01-01T00:00:00,2026-03-31T00:00:00,2191566.95,2491752.97,1505336.54,APRIL QUARTERLY,202604159862859045
NY-10,D,2026,H2NY10308,C00816660,2026-01-01T00:00:00,2026-03-31T00:00:00,2191566.95,2491752.97,1505336.54,APRIL QUARTERLY,202607209890917452
NY-10,D,2026,H2NY10308,C00816660,2025-10-01T00:00:00,2025-12-31T00:00:00,1127893.36,499052.34,1805522.56,YEAR-END,202601319825642744
NY-10,D,2026,H2NY10308,C00816660,2025-07-01T00:00:00,2025-09-30T00:00:00,340749.26,236050.69,1176681.54,OCTOBER QUARTERLY,202607229894403576
NY-10,D,2026,H2NY10308,C00816660,2025-07-01T00:00:00,2025-09-30T00:00:00,340749.26,236050.69,1176681.54,OCTOBER QUARTERLY,202510159790865817
NY-10,D,2026,H2NY10308,C00816660,2025-04-01T00:00:00,2025-06-30T00:00:00,265695.66,203787.88,1071982.97,JULY QUARTERLY,202507159763462856
NY-10,D,2026,H2NY10308,C00816660,2025-01-01T00:00:00,2025-03-31T00:00:00,348108.27,270281.96,1010075.19,APRIL QUARTERLY,202504159755649136
GA-14,D,2026,H4GA14057,C00905406,2026-04-30T00:00:00,2026-06-30T00:00:00,199717.29,255508.75,18230.12,JULY QUARTERLY,202607159875671594
GA-14,D,2026,H4GA14057,C00905406,2026-04-01T00:00:00,2026-04-29T00:00:00,734932.34,903756.43,74021.58,PRE-PRIMARY,202605079866894513
GA-14,D,2026,H4GA14057,C00905406,2026-03-19T00:00:00,2026-03-31T00:00:00,759446.98,1262080.26,242845.67,APRIL QUARTERLY,202604159862590840
GA-14,D,2026,H4GA14057,C00905406,2026-02-19T00:00:00,2026-03-18T00:00:00,2106829.23,1651100.91,745478.95,PRE-RUN-OFF,202603269856861581
GA-14,D,2026,H4GA14057,C00905406,2026-01-01T00:00:00,2026-02-18T00:00:00,2045831.92,2489444.3,289750.63,PRE-SPECIAL,202602269837864233
GA-14,D,2026,H4GA14057,C00905406,2025-10-01T00:00:00,2025-12-31T00:00:00,959494.0,905956.56,733363.01,YEAR-END,202601299794395072
GA-14,D,2026,H4GA14057,C00905406,2025-07-01T00:00:00,2025-09-30T00:00:00,768939.57,508916.42,679825.57,OCTOBER QUARTERLY,202510159791357979
GA-14,D,2026,H4GA14057,C00905406,2025-04-01T00:00:00,2025-06-30T00:00:00,523322.42,103520.0,419802.42,JULY QUARTERLY,202507159763427272
CA-04,D,2026,H6CA04222,C00919100,2026-05-14T00:00:00,2026-06-30T00:00:00,247414.34,3872249.69,655718.27,JULY QUARTERLY,202607159875908848
CA-04,D,2026,H6CA04222,C00919100,2026-04-01T00:00:00,2026-05-13T00:00:00,4889864.0,2055761.45,4280553.62,PRE-PRIMARY,202607159875908734
CA-04,D,2026,H6CA04222,C00919100,2026-04-01T00:00:00,2026-05-13T00:00:00,4889864.0,2055761.45,4280553.62,PRE-PRIMARY,202606019870355678
CA-04,D,2026,H6CA04222,C00919100,2026-04-01T00:00:00,2026-05-13T00:00:00,4889864.0,2055761.45,4280553.62,PRE-PRIMARY,202605319870348385
CA-04,D,2026,H6CA04222,C00919100,2026-04-01T00:00:00,2026-05-13T00:00:00,4889864.0,2055761.45,4280553.62,PRE-PRIMARY,202606239874232743
CA-04,D,2026,H6CA04222,C00919100,2026-04-01T00:00:00,2026-05-13T00:00:00,4889864.0,2056761.45,4286553.62,PRE-PRIMARY,202605219870268592
CA-04,D,2026,H6CA04222,C00919100,2026-01-01T00:00:00,2026-03-31T00:00:00,650033.63,928616.26,1446451.07,APRIL QUARTERLY,202606019870355419
CA-04,D,2026,H6CA04222,C00919100,2026-01-01T00:00:00,2026-03-31T00:00:00,650033.63,928616.26,1446451.07,APRIL QUARTERLY,202605319870348141
CA-04,D,2026,H6CA04222,C00919100,2026-01-01T00:00:00,2026-03-31T00:00:00,650033.63,928616.26,1446451.07,APRIL QUARTERLY,202606239874233103
CA-04,D,2026,H6CA04222,C00919100,2026-01-01T00:00:00,2026-03-31T00:00:00,657033.63,928616.26,1453451.07,APRIL QUARTERLY,202604159862339524
CA-04,D,2026,H6CA04222,C00919100,2026-01-01T00:00:00,2026-03-31T00:00:00,657033.63,928616.26,1453451.07,APRIL QUARTERLY,202605219870266673
CA-04,D,2026,H6CA04222,C00919100,2025-10-01T00:00:00,2025-12-31T00:00:00,1045941.4,644881.25,1725033.7,YEAR-END,202603319856923045
CA-04,D,2026,H6CA04222,C00919100,2025-10-01T00:00:00,2025-12-31T00:00:00,1045941.4,644881.25,1725033.7,YEAR-END,202606239874232841
CA-04,D,2026,H6CA04222,C00919100,2025-10-01T00:00:00,2025-12-31T00:00:00,1045916.2,567449.03,1802400.42,YEAR-END,202601319808376934
CA-04,D,2026,H6CA04222,C00919100,2025-10-01T00:00:00,2025-12-31T00:00:00,1045941.4,644881.25,1725033.7,YEAR-END,202604159862310802
CA-04,D,2026,H6CA04222,C00919100,2025-10-01T00:00:00,2025-12-31T00:00:00,1045941.4,644881.25,1725033.7,YEAR-END,202605219870266472
CA-04,D,2026,H6CA04222,C00919100,2025-07-01T00:00:00,2025-09-30T00:00:00,1545634.9,221701.65,1323933.25,OCTOBER QUARTERLY,202511139792603086
CA-04,D,2026,H6CA04222,C00919100,2025-07-01T00:00:00,2025-09-30T00:00:00,1545675.2,221701.65,1323973.55,OCTOBER QUARTERLY,202603319856923708
CA-04,D,2026,H6CA04222,C00919100,2025-07-01T00:00:00,2025-09-30T00:00:00,1545634.9,221701.65,1323933.25,OCTOBER QUARTERLY,202510159791480979
CA-04,D,2026,H6CA04222,C00919100,2025-07-01T00:00:00,2025-09-30T00:00:00,1545634.9,221701.65,1323933.25,OCTOBER QUARTERLY,202510309792073245
CA-17,D,2026,H4CA12055,C00503185,2026-05-14T00:00:00,2026-06-30T00:00:00,1117711.74,925596.79,16929752.19,JULY QUARTERLY,202607159875417228
CA-17,D,2026,H4CA12055,C00503185,2026-04-01T00:00:00,2026-05-13T00:00:00,1235713.58,616586.86,16737637.24,PRE-PRIMARY,202605219870223645
CA-17,D,2026,H4CA12055,C00503185,2026-01-01T00:00:00,2026-03-31T00:00:00,1828437.78,1164890.37,16118510.52,APRIL QUARTERLY,202604159857691807
CA-17,D,2026,H4CA12055,C00503185,2025-10-01T00:00:00,2025-12-31T00:00:00,1688474.35,962353.0,15454963.11,YEAR-END,202601309794981730
CA-17,D,2026,H4CA12055,C00503185,2025-07-01T00:00:00,2025-09-30T00:00:00,1683544.63,1146487.53,14728841.76,OCTOBER QUARTERLY,202510159791097487
CA-17,D,2026,H4CA12055,C00503185,2025-04-01T00:00:00,2025-06-30T00:00:00,2499776.39,1687113.14,14191784.66,JULY QUARTERLY,202507159762985496
CA-17,D,2026,H4CA12055,C00503185,2025-01-01T00:00:00,2025-03-31T00:00:00,3707832.44,1037802.43,13379121.41,APRIL QUARTERLY,202504159755425433
TX-33,D,2026,H8TX32098,C00929844,2026-05-07T00:00:00,2026-06-30T00:00:00,589525.71,1096869.46,159886.93,JULY QUARTERLY,202607159875981012
TX-33,D,2026,H8TX32098,C00929844,2026-04-01T00:00:00,2026-05-06T00:00:00,408673.04,420311.67,667230.68,PRE-RUN-OFF,202607219894397690
TX-33,D,2026,H8TX32098,C00929844,2026-04-01T00:00:00,2026-05-06T00:00:00,408673.04,420311.67,667230.68,PRE-RUN-OFF,202607159875934266
TX-33,D,2026,H8TX32098,C00929844,2026-04-01T00:00:00,2026-05-06T00:00:00,408673.04,420311.67,667230.68,PRE-RUN-OFF,202605149866968473
TX-33,D,2026,H8TX32098,C00929844,2026-02-12T00:00:00,2026-03-31T00:00:00,1021240.11,1200400.71,678869.31,APRIL QUARTERLY,202607159875916321
TX-33,D,2026,H8TX32098,C00929844,2026-02-12T00:00:00,2026-03-31T00:00:00,1021240.11,1200400.71,678869.31,APRIL QUARTERLY,202604159862379830
TX-33,D,2026,H8TX32098,C00929844,2026-01-01T00:00:00,2026-02-11T00:00:00,806990.26,1420917.75,858029.91,PRE-PRIMARY,202605149866967306
TX-33,D,2026,H8TX32098,C00929844,2026-01-01T00:00:00,2026-02-11T00:00:00,806990.26,1420917.75,858029.91,PRE-PRIMARY,202602199834786492
TX-33,D,2026,H8TX32098,C00929844,2025-12-08T00:00:00,2025-12-31T00:00:00,4605512.16,3133554.76,1471957.4,YEAR-END,202605149866966628
TX-33,D,2026,H8TX32098,C00929844,2025-12-08T00:00:00,2025-12-31T00:00:00,4605512.16,3133554.76,1471957.4,YEAR-END,202601319808889033
AZ-02,R,2026,H2AZ01354,C00784934,2026-04-01T00:00:00,2026-07-01T00:00:00,2032015.81,1513093.04,2841744.86,PRE-PRIMARY,202607099874821218
AZ-02,R,2026,H2AZ01354,C00784934,2026-01-01T00:00:00,2026-03-31T00:00:00,1880215.7,1963591.93,2322822.09,APRIL QUARTERLY,202604159862367347
AZ-02,R,2026,H2AZ01354,C00784934,2025-10-01T00:00:00,2025-12-31T00:00:00,1641189.6,890229.29,2406198.32,YEAR-END,202601319795554204
AZ-02,R,2026,H2AZ01354,C00784934,2025-07-01T00:00:00,2025-09-30T00:00:00,1517630.08,1062412.85,1655238.01,OCTOBER QUARTERLY,202510159790837380
AZ-02,R,2026,H2AZ01354,C00784934,2025-04-01T00:00:00,2025-06-30T00:00:00,1252996.19,831581.07,1200020.78,JULY QUARTERLY,202507159762929604
AZ-02,R,2026,H2AZ01354,C00784934,2025-01-01T00:00:00,2025-03-31T00:00:00,1157380.56,696144.97,778605.66,APRIL QUARTERLY,202504149755304520
MD-05,D,2026,H4MD05235,C00854315,2026-06-04T00:00:00,2026-06-30T00:00:00,891229.38,1654014.96,14198.05,JULY QUARTERLY,202607159875066026
MD-05,D,2026,H4MD05235,C00854315,2026-04-01T00:00:00,2026-06-03T00:00:00,2398995.0,3107370.96,776983.63,PRE-PRIMARY,202606109870563701
MD-05,D,2026,H4MD05235,C00854315,2026-04-01T00:00:00,2026-06-03T00:00:00,2398995.0,3107370.96,776983.63,PRE-PRIMARY,202606189870735523
MD-05,D,2026,H4MD05235,C00854315,2026-01-01T00:00:00,2026-03-31T00:00:00,2321860.0,1527097.98,1485359.59,APRIL QUARTERLY,202604139857133205
MD-05,D,2026,H4MD05235,C00854315,2026-01-01T00:00:00,2026-03-31T00:00:00,2321860.0,1527097.98,1485359.59,APRIL QUARTERLY,202606189870735308
MD-05,D,2026,H4MD05235,C00854315,2026-01-01T00:00:00,2026-03-31T00:00:00,2321860.0,1527097.98,1485359.59,APRIL QUARTERLY,202604159857709464
MD-05,D,2026,H4MD05235,C00854315,2025-10-01T00:00:00,2025-12-31T00:00:00,559165.93,371320.94,690597.57,YEAR-END,202601299794394141
MD-05,D,2026,H4MD05235,C00854315,2025-10-01T00:00:00,2025-12-31T00:00:00,559165.93,371320.94,690597.57,YEAR-END,202602169834325458
MD-05,D,2026,H4MD05235,C00854315,2025-07-01T00:00:00,2025-09-30T00:00:00,520439.45,95798.45,502752.58,OCTOBER QUARTERLY,202602169834325414
MD-05,D,2026,H4MD05235,C00854315,2025-07-01T00:00:00,2025-09-30T00:00:00,520439.45,95798.45,502752.58,OCTOBER QUARTERLY,202510159790813479
MD-05,D,2026,H4MD05235,C00854315,2025-07-01T00:00:00,2025-09-30T00:00:00,520439.45,95798.45,502752.58,OCTOBER QUARTERLY,202601139793961277
MD-05,D,2026,H4MD05235,C00854315,2025-04-01T00:00:00,2025-06-30T00:00:00,6642.81,38391.96,78250.85,JULY QUARTERLY,202507139762772676
MD-05,D,2026,H4MD05235,C00854315,2025-04-01T00:00:00,2025-06-30T00:00:00,6642.81,38531.23,78111.58,JULY QUARTERLY,202507179763566948
MD-05,D,2026,H4MD05235,C00854315,2025-01-01T00:00:00,2025-03-31T00:00:00,110195.0,414.11,110000.0,APRIL QUARTERLY,202504159755354148
MD-05,D,2026,H4MD05235,C00854315,2025-01-01T00:00:00,2025-03-31T00:00:00,110195.0,414.11,110000.0,APRIL QUARTERLY,202602169834325397
MN-06,R,2026,H4MN06087,C00545749,2026-04-01T00:00:00,2026-06-30T00:00:00,1321794.1,1374876.79,4535591.7,JULY QUARTERLY,202607159875695141
MN-06,R,2026,H4MN06087,C00545749,2026-01-01T00:00:00,2026-03-31T00:00:00,1545859.77,1902316.59,4588674.39,APRIL QUARTERLY,202604159862306736
MN-06,R,2026,H4MN06087,C00545749,2025-10-01T00:00:00,2025-12-31T00:00:00,1350382.5,1142197.21,4945131.21,YEAR-END,202601309795033727
MN-06,R,2026,H4MN06087,C00545749,2025-07-01T00:00:00,2025-09-30T00:00:00,1510080.43,570862.84,4736945.92,OCTOBER QUARTERLY,202510159791317388
MN-06,R,2026,H4MN06087,C00545749,2025-07-01T00:00:00,2025-09-30T00:00:00,1510080.43,570862.84,4736945.92,OCTOBER QUARTERLY,202511119792584553
MN-06,R,2026,H4MN06087,C00545749,2025-04-01T00:00:00,2025-06-30T00:00:00,1925406.08,721747.31,3797728.33,JULY QUARTERLY,202507159763340195
MN-06,R,2026,H4MN06087,C00545749,2025-01-01T00:00:00,2025-03-31T00:00:00,1978057.55,1072439.82,2594069.56,APRIL QUARTERLY,202504159755954122
CO-04,D,2026,H6CO04202,C00904284,2026-06-11T00:00:00,2026-06-30T00:00:00,397843.98,119038.88,3610909.46,JULY QUARTERLY,202607159890557131
CO-04,D,2026,H6CO04202,C00904284,2026-04-01T00:00:00,2026-06-10T00:00:00,1374248.85,1132467.41,3332104.36,PRE-PRIMARY,202606189870760769
CO-04,D,2026,H6CO04202,C00904284,2026-01-01T00:00:00,2026-03-31T00:00:00,2129097.72,1567489.76,3090322.92,APRIL QUARTERLY,202604159862894755
CO-04,D,2026,H6CO04202,C00904284,2025-10-01T00:00:00,2025-12-31T00:00:00,2043773.07,1469973.14,2528714.96,YEAR-END,202601319808827662
CO-04,D,2026,H6CO04202,C00904284,2025-07-01T00:00:00,2025-09-30T00:00:00,2476773.07,1614029.37,1954915.03,OCTOBER QUARTERLY,202510159791456684
CO-04,D,2026,H6CO04202,C00904284,2025-05-05T00:00:00,2025-06-30T00:00:00,1928203.49,836032.16,1092171.33,JULY QUARTERLY,202507159763422140
FL-02,R,2026,H4FL01247,C00837567,2026-04-01T00:00:00,2026-06-30T00:00:00,4972341.21,6085090.13,4014432.94,JULY QUARTERLY,202607159875049649
FL-02,R,2026,H4FL01247,C00837567,2026-01-01T00:00:00,2026-03-31T00:00:00,5623924.6,518804.2,5127181.86,APRIL QUARTERLY,202607139874943426
FL-02,R,2026,H4FL01247,C00837567,2026-01-01T00:00:00,2026-03-31T00:00:00,5622179.6,518804.2,5125436.86,APRIL QUARTERLY,202604029856932594
FL-02,R,2026,H4FL01247,C00837567,2025-10-01T00:00:00,2025-12-31T00:00:00,20291.97,27303.24,22061.46,YEAR-END,202601309795286900
FL-02,R,2026,H4FL01247,C00837567,2025-07-01T00:00:00,2025-09-30T00:00:00,33194.28,5406.75,29072.73,OCTOBER QUARTERLY,202510159790806332
FL-02,R,2026,H4FL01247,C00837567,2025-04-01T00:00:00,2025-06-30T00:00:00,0.0,3582.85,1285.2,JULY QUARTERLY,202507129762772501
FL-02,R,2026,H4FL01247,C00837567,2025-01-09T00:00:00,2025-03-31T00:00:00,5000.0,227.65,4868.05,APRIL QUARTERLY,202504149755274518
FL-02,R,2026,H4FL01247,C00837567,2024-10-01T00:00:00,2025-01-08T00:00:00,197.24,5878.19,95.7,PRE-SPECIAL,202504149755274403
FL-02,R,2026,H4FL01247,C00837567,2024-10-01T00:00:00,2025-01-08T00:00:00,197.24,5878.19,95.7,PRE-SPECIAL,202501159740175868
NY-12,D,2026,H6NY12347,C00931527,2026-06-04T00:00:00,2026-06-30T00:00:00,437581.83,689355.14,662430.99,JULY QUARTERLY,202607159876005625
NY-12,D,2026,H6NY12347,C00931527,2026-04-01T00:00:00,2026-06-03T00:00:00,3414915.6,3619332.96,914204.3,PRE-PRIMARY,202606119870626829
NY-12,D,2026,H6NY12347,C00931527,2026-01-01T00:00:00,2026-03-31T00:00:00,3233720.74,2115099.08,1118621.66,APRIL QUARTERLY,202604159863067113
NY-12,D,2026,H6NY12347,C00931527,2025-12-22T00:00:00,2025-12-31T00:00:00,0.0,0.0,0.0,YEAR-END,202601309795126678
OH-04,R,2026,H6OH04082,C00416594,2026-04-16T00:00:00,2026-06-30T00:00:00,1081957.98,1027603.76,6030300.82,JULY QUARTERLY,202607159875204367
OH-04,R,2026,H6OH04082,C00416594,2026-04-01T00:00:00,2026-04-15T00:00:00,50819.3,84894.66,5975946.6,PRE-PRIMARY,202604239866684266
OH-04,R,2026,H6OH04082,C00416594,2026-01-01T00:00:00,2026-03-31T00:00:00,979124.6,1528899.89,6010021.96,APRIL QUARTERLY,202604159857403411
OH-04,R,2026,H6OH04082,C00416594,2025-10-01T00:00:00,2025-12-31T00:00:00,660135.03,1130243.45,6559797.25,YEAR-END,202601309795129626
OH-04,R,2026,H6OH04082,C00416594,2025-07-01T00:00:00,2025-09-30T00:00:00,721117.11,931292.08,7029905.67,OCTOBER QUARTERLY,202510159791088317
OH-04,R,2026,H6OH04082,C00416594,2025-04-01T00:00:00,2025-06-30T00:00:00,807699.87,668638.98,7348953.83,JULY QUARTERLY,202507159763098546
OH-04,R,2026,H6OH04082,C00416594,2025-04-01T00:00:00,2025-06-30T00:00:00,552310.48,550349.92,7211853.51,JULY QUARTERLY,202507219764159511
OH-04,R,2026,H6OH04082,C00416594,2025-04-01T00:00:00,2025-06-30T00:00:00,777992.73,668934.45,7240080.64,JULY QUARTERLY,202508069789410722
OH-04,R,2026,H6OH04082,C00416594,2025-01-01T00:00:00,2025-03-31T00:00:00,503175.29,859033.52,7209892.94,APRIL QUARTERLY,202504149755348496
OH-04,R,2026,H6OH04082,C00416594,2025-01-01T00:00:00,2025-03-31T00:00:00,503175.29,859033.52,7209892.95,APRIL QUARTERLY,202507219764159041
OH-04,R,2026,H6OH04082,C00416594,2025-01-01T00:00:00,2025-03-31T00:00:00,503175.29,859033.52,7131022.36,APRIL QUARTERLY,202508069789410325
VA-07,D,2026,H4VA07234,C00856955,2026-07-01T00:00:00,2026-07-15T00:00:00,298753.3,387633.62,6573093.27,PRE-PRIMARY,202607239894432935
VA-07,D,2026,H4VA07234,C00856955,2026-04-01T00:00:00,2026-06-30T00:00:00,2382752.79,987929.0,6661973.59,JULY QUARTERLY,202607159875759014
VA-07,D,2026,H4VA07234,C00856955,2026-04-01T00:00:00,2026-06-30T00:00:00,2383288.11,988464.32,6661973.59,JULY QUARTERLY,202607239894424561
VA-07,D,2026,H4VA07234,C00856955,2026-01-01T00:00:00,2026-03-31T00:00:00,2629354.24,1483525.1,5267149.8,APRIL QUARTERLY,202604159862978308
VA-07,D,2026,H4VA07234,C00856955,2025-10-01T00:00:00,2025-12-31T00:00:00,1719215.1,728096.28,4121320.66,YEAR-END,202604159862924944
VA-07,D,2026,H4VA07234,C00856955,2025-10-01T00:00:00,2025-12-31T00:00:00,1719215.1,728096.28,4121320.66,YEAR-END,202601319808425303
VA-07,D,2026,H4VA07234,C00856955,2025-07-01T00:00:00,2025-09-30T00:00:00,1657280.73,633763.3,3130201.84,OCTOBER QUARTERLY,202510159791293673
VA-07,D,2026,H4VA07234,C00856955,2025-04-01T00:00:00,2025-06-30T00:00:00,1602668.11,731667.72,2106684.41,JULY QUARTERLY,202507159763225058
VA-07,D,2026,H4VA07234,C00856955,2025-01-01T00:00:00,2025-03-31T00:00:00,2065104.31,964354.03,1235684.02,APRIL QUARTERLY,202504159756031476
WI-03,D,2026,H2WI03130,C00844993,2026-04-01T00:00:00,2026-06-30T00:00:00,1813448.66,3781397.44,2456680.41,JULY QUARTERLY,202607159890644304
WI-03,D,2026,H2WI03130,C00844993,2026-01-01T00:00:00,2026-03-31T00:00:00,2426072.51,551307.24,4424629.19,APRIL QUARTERLY,202604159857701405
WI-03,D,2026,H2WI03130,C00844993,2025-10-01T00:00:00,2025-12-31T00:00:00,1161119.79,435580.92,2549863.92,YEAR-END,202601309795233473
WI-03,D,2026,H2WI03130,C00844993,2025-07-01T00:00:00,2025-09-30T00:00:00,953382.67,396227.11,1824325.05,OCTOBER QUARTERLY,202510159791018575
WI-03,D,2026,H2WI03130,C00844993,2025-04-01T00:00:00,2025-06-30T00:00:00,937905.11,631143.56,1267169.49,JULY QUARTERLY,202507159763273167
WI-03,D,2026,H2WI03130,C00844993,2025-01-01T00:00:00,2025-03-31T00:00:00,1013091.28,62822.86,960407.94,APRIL QUARTERLY,202504159755623921
ME-02,D,2026,H6ME02197,C00903179,2026-05-21T00:00:00,2026-06-30T00:00:00,337124.0,562424.48,197674.7,JULY QUARTERLY,202607159890712699
ME-02,D,2026,H6ME02197,C00903179,2026-04-01T00:00:00,2026-05-20T00:00:00,573408.55,846652.74,422975.18,PRE-PRIMARY,202605289870340791
ME-02,D,2026,H6ME02197,C00903179,2026-01-01T00:00:00,2026-03-31T00:00:00,815904.74,752287.18,696219.37,APRIL QUARTERLY,202605289870334696
ME-02,D,2026,H6ME02197,C00903179,2026-01-01T00:00:00,2026-03-31T00:00:00,815904.74,752026.68,696479.87,APRIL QUARTERLY,202604159862884613
ME-02,D,2026,H6ME02197,C00903179,2025-10-01T00:00:00,2025-12-31T00:00:00,1219470.83,1507338.74,632601.81,YEAR-END,202601319810168566
ME-02,D,2026,H6ME02197,C00903179,2025-07-01T00:00:00,2025-09-30T00:00:00,1492112.26,1375710.28,920469.72,OCTOBER QUARTERLY,202510159791310323
ME-02,D,2026,H6ME02197,C00903179,2025-04-23T00:00:00,2025-06-30T00:00:00,1606800.07,802732.33,804067.74,JULY QUARTERLY,202507159763423140
SD-00,R,2026,H8SD01055,C00628917,2026-05-15T00:00:00,2026-06-30T00:00:00,5412.81,1202873.28,1393103.87,JULY QUARTERLY,202607149874990925
SD-00,R,2026,H8SD01055,C00628917,2026-04-01T00:00:00,2026-05-13T00:00:00,19026.94,2051474.67,2590564.34,PRE-PRIMARY,202605199867433343
SD-00,R,2026,H8SD01055,C00628917,2026-01-01T00:00:00,2026-03-31T00:00:00,46017.29,1004414.2,4624512.07,APRIL QUARTERLY,202604159857235811
SD-00,R,2026,H8SD01055,C00628917,2026-01-01T00:00:00,2026-03-31T00:00:00,44517.29,1004414.2,4623012.07,APRIL QUARTERLY,202604249866698896
SD-00,R,2026,H8SD01055,C00628917,2025-10-01T00:00:00,2025-12-31T00:00:00,386578.26,5121.93,5582908.98,YEAR-END,202601319808876206
SD-00,R,2026,H8SD01055,C00628917,2025-10-01T00:00:00,2025-12-31T00:00:00,386578.26,5121.93,5582908.98,YEAR-END,202603239856783762
SD-00,R,2026,H8SD01055,C00628917,2025-07-01T00:00:00,2025-09-30T00:00:00,141138.78,928240.41,5201452.65,OCTOBER QUARTERLY,202510149790800703
SD-00,R,2026,H8SD01055,C00628917,2025-04-01T00:00:00,2025-06-30T00:00:00,294956.61,211332.86,5988554.28,JULY QUARTERLY,202507179763565202
SD-00,R,2026,H8SD01055,C00628917,2025-04-01T00:00:00,2025-06-30T00:00:00,301956.61,211332.86,5995554.28,JULY QUARTERLY,202507159762881921
SD-00,R,2026,H8SD01055,C00628917,2025-01-01T00:00:00,2025-03-31T00:00:00,803269.64,143464.11,5904930.53,APRIL QUARTERLY,202504159755804714
IN-02,R,2026,H2IN02295,C00822767,2026-04-16T00:00:00,2026-06-30T00:00:00,1219732.61,1482521.08,855313.33,JULY QUARTERLY,202607159875641238
IN-02,R,2026,H2IN02295,C00822767,2026-04-01T00:00:00,2026-04-15T00:00:00,146501.55,308192.99,1118101.8,PRE-PRIMARY,202604239866683029
IN-02,R,2026,H2IN02295,C00822767,2026-01-01T00:00:00,2026-03-31T00:00:00,936134.39,1151185.38,1279793.24,APRIL QUARTERLY,202604159857282166
IN-02,R,2026,H2IN02295,C00822767,2025-10-01T00:00:00,2025-12-31T00:00:00,776027.64,638533.95,1494844.23,YEAR-END,202603269856858163
IN-02,R,2026,H2IN02295,C00822767,2025-10-01T00:00:00,2025-12-31T00:00:00,776027.64,638533.95,1494844.23,YEAR-END,202601319795323148
IN-02,R,2026,H2IN02295,C00822767,2025-07-01T00:00:00,2025-09-30T00:00:00,609091.14,465951.66,1357350.54,OCTOBER QUARTERLY,202510159790890311
IN-02,R,2026,H2IN02295,C00822767,2025-04-01T00:00:00,2025-06-30T00:00:00,765461.92,462567.22,1214211.06,JULY QUARTERLY,202509259790392751
IN-02,R,2026,H2IN02295,C00822767,2025-04-01T00:00:00,2025-06-30T00:00:00,765461.92,462567.22,1214211.06,JULY QUARTERLY,202507159763126236
IN-02,R,2026,H2IN02295,C00822767,2025-04-01T00:00:00,2025-06-30T00:00:00,765461.92,462567.22,1214211.06,JULY QUARTERLY,202511069792577655
IN-02,R,2026,H2IN02295,C00822767,2025-01-01T00:00:00,2025-03-31T00:00:00,793081.07,491344.01,911316.36,APRIL QUARTERLY,202504159756026116
PA-01,R,2026,H6PA08277,C00607416,2026-04-30T00:00:00,2026-06-30T00:00:00,1032335.48,1991597.49,6355534.34,JULY QUARTERLY,202607159875769454
PA-01,R,2026,H6PA08277,C00607416,2026-04-01T00:00:00,2026-04-29T00:00:00,246000.01,587172.15,7314796.35,PRE-PRIMARY,202605079866886381
PA-01,R,2026,H6PA08277,C00607416,2026-01-01T00:00:00,2026-03-31T00:00:00,1170423.29,874975.76,7655968.49,APRIL QUARTERLY,202604159857817495
PA-01,R,2026,H6PA08277,C00607416,2025-10-01T00:00:00,2025-12-31T00:00:00,864638.36,438388.62,7360520.96,YEAR-END,202601309795174462
PA-01,R,2026,H6PA08277,C00607416,2025-07-01T00:00:00,2025-09-30T00:00:00,886049.37,426917.71,6934271.22,OCTOBER QUARTERLY,202510159791027008
PA-01,R,2026,H6PA08277,C00607416,2025-04-01T00:00:00,2025-06-30T00:00:00,1308444.29,209528.11,6475139.56,JULY QUARTERLY,202507159763202167
PA-01,R,2026,H6PA08277,C00607416,2025-01-01T00:00:00,2025-03-31T00:00:00,1227040.31,273346.91,5376223.38,APRIL QUARTERLY,202507159763200111
PA-01,R,2026,H6PA08277,C00607416,2025-01-01T00:00:00,2025-03-31T00:00:00,1227040.31,273346.91,5376223.38,APRIL QUARTERLY,202504159755516417
LA-05,R,2026,H6LA05234,C00908459,2026-07-01T00:00:00,2026-07-18T00:00:00,47849.94,67990.77,2032592.21,PRE-PRIMARY,202607269894475357
LA-05,R,2026,H6LA05234,C00908459,2026-04-01T00:00:00,2026-06-30T00:00:00,388430.77,2322829.61,2052733.04,JULY QUARTERLY,202607169890828727
LA-05,R,2026,H6LA05234,C00908459,2026-01-01T00:00:00,2026-03-31T00:00:00,1393554.46,1046018.4,3987131.88,APRIL QUARTERLY,202604159863084088
LA-05,R,2026,H6LA05234,C00908459,2025-10-01T00:00:00,2025-12-31T00:00:00,1744682.39,652061.17,3639595.82,YEAR-END,202601319825739087
LA-05,R,2026,H6LA05234,C00908459,2025-07-01T00:00:00,2025-09-30T00:00:00,1216319.4,411931.88,2546974.6,OCTOBER QUARTERLY,202510159791085153
LA-05,R,2026,H6LA05234,C00908459,2025-06-16T00:00:00,2025-06-30T00:00:00,1821573.49,78986.41,1742587.08,JULY QUARTERLY,202510069790706299
LA-05,R,2026,H6LA05234,C00908459,2025-06-16T00:00:00,2025-06-30T00:00:00,1821573.49,78986.41,1742587.08,JULY QUARTERLY,202507159763445653
FL-22,R,2026,H6FL25035,C00901793,2026-04-01T00:00:00,2026-06-30T00:00:00,3340920.95,2631606.37,1342487.34,JULY QUARTERLY,202607159875049101
FL-22,R,2026,H6FL25035,C00901793,2026-01-01T00:00:00,2026-03-31T00:00:00,833208.33,789042.26,633172.76,APRIL QUARTERLY,202604159857261117
FL-22,R,2026,H6FL25035,C00901793,2025-10-01T00:00:00,2025-12-31T00:00:00,799884.67,275526.55,589006.69,YEAR-END,202603029837878709
FL-22,R,2026,H6FL25035,C00901793,2025-10-01T00:00:00,2025-12-31T00:00:00,799884.67,275526.55,589006.69,YEAR-END,202601309795196855
FL-22,R,2026,H6FL25035,C00901793,2025-07-01T00:00:00,2025-09-30T00:00:00,215364.75,214656.98,64648.57,OCTOBER QUARTERLY,202603029837878801
FL-22,R,2026,H6FL25035,C00901793,2025-07-01T00:00:00,2025-09-30T00:00:00,215364.75,214656.98,64648.57,OCTOBER QUARTERLY,202510159790803922
FL-22,R,2026,H6FL25035,C00901793,2025-04-01T00:00:00,2025-06-30T00:00:00,677970.0,614029.2,63940.8,JULY QUARTERLY,202507149762781005
MD-08,D,2026,H6MD08457,C00575126,2026-06-04T00:00:00,2026-06-30T00:00:00,810191.12,182347.72,7893446.98,JULY QUARTERLY,202607159875820252
MD-08,D,2026,H6MD08457,C00575126,2026-04-01T00:00:00,2026-06-03T00:00:00,882192.64,563511.37,7265603.58,PRE-PRIMARY,202606119870610816
MD-08,D,2026,H6MD08457,C00575126,2026-01-01T00:00:00,2026-03-31T00:00:00,1336780.79,767016.32,6946922.31,APRIL QUARTERLY,202604159862348597
MD-08,D,2026,H6MD08457,C00575126,2025-10-01T00:00:00,2025-12-31T00:00:00,868501.89,561615.67,6377157.84,YEAR-END,202601309795027298
MD-08,D,2026,H6MD08457,C00575126,2025-07-01T00:00:00,2025-09-30T00:00:00,1009927.31,831898.39,6070271.62,OCTOBER QUARTERLY,202510159791164647
MD-08,D,2026,H6MD08457,C00575126,2025-04-01T00:00:00,2025-06-30T00:00:00,1233687.98,735464.56,5892242.7,JULY QUARTERLY,202507159763316176
MD-08,D,2026,H6MD08457,C00575126,2025-01-01T00:00:00,2025-03-31T00:00:00,1284107.7,855291.46,5394019.28,APRIL QUARTERLY,202504159755437057
MN-05,D,2026,H8MN05239,C00680934,2026-04-01T00:00:00,2026-06-30T00:00:00,624776.29,625213.18,1572632.9,JULY QUARTERLY,202607159890819974
MN-05,D,2026,H8MN05239,C00680934,2026-01-01T00:00:00,2026-03-31T00:00:00,1965164.94,1513204.68,1572764.78,APRIL QUARTERLY,202604159863093941
MN-05,D,2026,H8MN05239,C00680934,2026-01-01T00:00:00,2026-03-31T00:00:00,1965169.95,1512904.68,1573069.79,APRIL QUARTERLY,202604179863174253
MN-05,D,2026,H8MN05239,C00680934,2025-10-01T00:00:00,2025-12-31T00:00:00,1120308.8,621876.82,1120804.52,YEAR-END,202601299794444531
MN-05,D,2026,H8MN05239,C00680934,2025-07-01T00:00:00,2025-09-30T00:00:00,661026.7,616559.39,622372.54,OCTOBER QUARTERLY,202510159791102061
MN-05,D,2026,H8MN05239,C00680934,2025-04-01T00:00:00,2025-06-30T00:00:00,527017.33,445781.15,577905.23,JULY QUARTERLY,202507159763246770
MN-05,D,2026,H8MN05239,C00680934,2025-01-01T00:00:00,2025-03-31T00:00:00,817429.84,644981.42,496669.05,APRIL QUARTERLY,202504159755856901
NY-15,D,2026,H0NY15160,C00699744,2026-06-04T00:00:00,2026-06-30T00:00:00,223676.64,807707.43,13986720.96,JULY QUARTERLY,202607159890800974
NY-15,D,2026,H0NY15160,C00699744,2026-04-01T00:00:00,2026-06-03T00:00:00,712126.81,911801.71,14570751.75,PRE-PRIMARY,202606119870621095
NY-15,D,2026,H0NY15160,C00699744,2026-04-01T00:00:00,2026-06-03T00:00:00,712126.81,911801.71,14570751.75,PRE-PRIMARY,202607139874937147
NY-15,D,2026,H0NY15160,C00699744,2026-01-01T00:00:00,2026-03-31T00:00:00,920371.46,1085050.22,14770426.65,APRIL QUARTERLY,202604159863102657
NY-15,D,2026,H0NY15160,C00699744,2025-10-01T00:00:00,2025-12-31T00:00:00,1146554.85,601933.07,14935105.41,YEAR-END,202601319825869176
NY-15,D,2026,H0NY15160,C00699744,2025-07-01T00:00:00,2025-09-30T00:00:00,806039.57,394378.69,14395764.39,OCTOBER QUARTERLY,202510159791482495
NY-15,D,2026,H0NY15160,C00699744,2025-07-01T00:00:00,2025-09-30T00:00:00,806039.58,399659.46,14390483.63,OCTOBER QUARTERLY,202511189792656356
NY-15,D,2026,H0NY15160,C00699744,2025-04-01T00:00:00,2025-06-30T00:00:00,1320006.4,283474.42,13984103.51,JULY QUARTERLY,202507179763584002
NY-15,D,2026,H0NY15160,C00699744,2025-04-01T00:00:00,2025-06-30T00:00:00,1320006.4,283474.42,13885956.43,JULY QUARTERLY,202507159763440358
NY-15,D,2026,H0NY15160,C00699744,2025-01-01T00:00:00,2025-03-31T00:00:00,1779879.09,256289.53,12849424.45,APRIL QUARTERLY,202504159755793140
NY-15,D,2026,H0NY15160,C00699744,2025-01-01T00:00:00,2025-03-31T00:00:00,1779879.09,256289.53,12947571.53,APRIL QUARTERLY,202507179763583346
MI-09,R,2026,H0MI10287,C00726042,2026-07-01T00:00:00,2026-07-15T00:00:00,95818.5,35264.38,1536889.7,PRE-PRIMARY,202607239894439150
MI-09,R,2026,H0MI10287,C00726042,2026-04-01T00:00:00,2026-06-30T00:00:00,855073.1,676546.94,1476335.58,JULY QUARTERLY,202607159875663751
MI-09,R,2026,H0MI10287,C00726042,2026-04-01T00:00:00,2026-06-30T00:00:00,855073.1,676546.94,1476335.58,JULY QUARTERLY,202607219894393489
MI-09,R,2026,H0MI10287,C00726042,2026-01-01T00:00:00,2026-03-31T00:00:00,908469.33,1195136.56,1297809.42,APRIL QUARTERLY,202604159857667950
MI-09,R,2026,H0MI10287,C00726042,2025-10-01T00:00:00,2025-12-31T00:00:00,881245.39,703398.73,1584476.65,YEAR-END,202601309794823466
MI-09,R,2026,H0MI10287,C00726042,2025-07-01T00:00:00,2025-09-30T00:00:00,772040.29,789165.69,1406629.99,OCTOBER QUARTERLY,202510159791128453
MI-09,R,2026,H0MI10287,C00726042,2025-04-01T00:00:00,2025-06-30T00:00:00,992349.16,604848.09,1423755.39,JULY QUARTERLY,202507159763221571
MI-09,R,2026,H0MI10287,C00726042,2025-01-01T00:00:00,2025-03-31T00:00:00,737313.18,307916.23,1036254.32,APRIL QUARTERLY,202504159755384978
MI-09,R,2026,H0MI10287,C00726042,2025-01-01T00:00:00,2025-03-31T00:00:00,737313.18,307916.23,1036254.32,APRIL QUARTERLY,202505159761316391
MI-09,R,2026,H0MI10287,C00726042,2025-01-01T00:00:00,2025-03-31T00:00:00,737313.18,307916.23,1036254.32,APRIL QUARTERLY,202506309762547497
WA-03,D,2026,H2WA03217,C00806174,2026-07-01T00:00:00,2026-07-15T00:00:00,109412.72,1949856.67,2064819.51,PRE-PRIMARY,202607239894443494
WA-03,D,2026,H2WA03217,C00806174,2026-04-01T00:00:00,2026-06-30T00:00:00,1634508.59,1185070.61,3905263.46,JULY QUARTERLY,202607159880592661
WA-03,D,2026,H2WA03217,C00806174,2026-01-01T00:00:00,2026-03-31T00:00:00,1308288.28,276475.86,3455825.48,APRIL QUARTERLY,202604159857599876
WA-03,D,2026,H2WA03217,C00806174,2025-10-01T00:00:00,2025-12-31T00:00:00,833650.65,262653.98,2424013.06,YEAR-END,202601319795525936
WA-03,D,2026,H2WA03217,C00806174,2025-07-01T00:00:00,2025-09-30T00:00:00,893783.4,157306.86,1853016.39,OCTOBER QUARTERLY,202510159790909780
WA-03,D,2026,H2WA03217,C00806174,2025-04-01T00:00:00,2025-06-30T00:00:00,904843.83,224300.73,1116539.85,JULY QUARTERLY,202507159763433846
WA-03,D,2026,H2WA03217,C00806174,2025-01-01T00:00:00,2025-03-31T00:00:00,608195.16,198658.78,435996.75,APRIL QUARTERLY,202504159755628524
VA-11,D,2026,H8VA11062,C00445452,2026-04-01T00:00:00,2026-06-30T00:00:00,0.0,1636548.56,0.0,TERMINATION REPORT,202607079874799838
VA-11,D,2026,H8VA11062,C00445452,2026-01-01T00:00:00,2026-03-31T00:00:00,0.22,29591.47,1636548.56,APRIL QUARTERLY,202604149857220637
VA-11,D,2026,H8VA11062,C00445452,2025-10-01T00:00:00,2025-12-31T00:00:00,9868.67,48814.65,1666139.81,YEAR-END,202601309795200618
VA-11,D,2026,H8VA11062,C00445452,2025-07-01T00:00:00,2025-09-30T00:00:00,149704.99,57446.05,1705085.79,OCTOBER QUARTERLY,202510159791564624
VA-11,D,2026,H8VA11062,C00445452,2025-04-01T00:00:00,2025-06-30T00:00:00,75941.45,2119360.78,1612826.85,JULY QUARTERLY,202510159791552275
VA-11,D,2026,H8VA11062,C00445452,2025-04-01T00:00:00,2025-06-30T00:00:00,74190.06,2119300.9,1611135.34,JULY QUARTERLY,202509309790407612
VA-11,D,2026,H8VA11062,C00445452,2025-04-01T00:00:00,2025-06-30T00:00:00,74190.06,2119300.9,1611135.34,JULY QUARTERLY,202507159763546794
VA-11,D,2026,H8VA11062,C00445452,2025-01-01T00:00:00,2025-03-31T00:00:00,483280.23,327294.88,3656246.18,APRIL QUARTERLY,202506109761875038
VA-11,D,2026,H8VA11062,C00445452,2025-01-01T00:00:00,2025-03-31T00:00:00,483280.23,327294.88,3656246.18,APRIL QUARTERLY,202504159756059654
AZ-06,D,2026,H6AZ06099,C00897090,2026-04-01T00:00:00,2026-07-01T00:00:00,2019886.42,2264183.06,3260751.6,PRE-PRIMARY,202607099874848961
AZ-06,D,2026,H6AZ06099,C00897090,2026-01-01T00:00:00,2026-03-31T00:00:00,2440650.56,472531.46,3510579.64,APRIL QUARTERLY,202604159862913000
AZ-06,D,2026,H6AZ06099,C00897090,2026-01-01T00:00:00,2026-03-31T00:00:00,2434325.56,471737.86,3505048.24,APRIL QUARTERLY,202607099874846591
AZ-06,D,2026,H6AZ06099,C00897090,2025-10-01T00:00:00,2025-12-31T00:00:00,951252.27,358475.71,1542460.54,YEAR-END,202601319825883860
AZ-06,D,2026,H6AZ06099,C00897090,2025-07-01T00:00:00,2025-09-30T00:00:00,696210.31,331760.79,949683.98,OCTOBER QUARTERLY,202510159791461290
AZ-06,D,2026,H6AZ06099,C00897090,2025-04-01T00:00:00,2025-06-30T00:00:00,436293.87,577054.62,585234.46,JULY QUARTERLY,202507159763249092
AZ-06,D,2026,H6AZ06099,C00897090,2025-01-01T00:00:00,2025-03-31T00:00:00,816630.67,90635.46,725995.21,APRIL QUARTERLY,202504159755624842
IL-09,D,2026,H6IL09178,C00900449,2026-04-01T00:00:00,2026-06-30T00:00:00,4854.32,227262.34,17465.09,JULY QUARTERLY,202607159890729811
IL-09,D,2026,H6IL09178,C00900449,2026-02-26T00:00:00,2026-03-31T00:00:00,709003.38,851751.53,239873.11,APRIL QUARTERLY,202604159863077673
IL-09,D,2026,H6IL09178,C00900449,2026-01-01T00:00:00,2026-02-25T00:00:00,654699.95,1083031.7,382621.26,PRE-PRIMARY,202603059837900337
IL-09,D,2026,H6IL09178,C00900449,2025-10-01T00:00:00,2025-12-31T00:00:00,1180446.37,1381768.64,810953.01,YEAR-END,202601319808873628
IL-09,D,2026,H6IL09178,C00900449,2025-07-01T00:00:00,2025-09-30T00:00:00,620152.83,274645.71,1012275.28,OCTOBER QUARTERLY,202510159791043870
IL-09,D,2026,H6IL09178,C00900449,2025-04-01T00:00:00,2025-06-30T00:00:00,525980.33,222822.3,666768.16,JULY QUARTERLY,202507159762991644
IL-09,D,2026,H6IL09178,C00900449,2025-03-24T00:00:00,2025-03-31T00:00:00,378596.14,14986.01,363610.13,APRIL QUARTERLY,202504159755398670
CA-33,D,2026,H2CA31125,C00510461,2026-05-14T00:00:00,2026-06-30T00:00:00,528529.86,410835.95,3457641.87,JULY QUARTERLY,202607159875458770
CA-33,D,2026,H2CA31125,C00510461,2026-04-01T00:00:00,2026-05-13T00:00:00,299174.03,313078.62,3339947.96,PRE-PRIMARY,202605219870240443
CA-33,D,2026,H2CA31125,C00510461,2026-01-01T00:00:00,2026-03-31T00:00:00,869102.11,727394.34,3353852.55,APRIL QUARTERLY,202605199867016780
CA-33,D,2026,H2CA31125,C00510461,2026-01-01T00:00:00,2026-03-31T00:00:00,869102.11,727394.34,3353852.55,APRIL QUARTERLY,202604159862555733
CA-33,D,2026,H2CA31125,C00510461,2025-10-01T00:00:00,2025-12-31T00:00:00,506294.11,544245.37,3212144.78,YEAR-END,202601309794747791
CA-33,D,2026,H2CA31125,C00510461,2025-10-01T00:00:00,2025-12-31T00:00:00,506294.11,544245.37,3212144.78,YEAR-END,202604159857293905
CA-33,D,2026,H2CA31125,C00510461,2025-07-01T00:00:00,2025-09-30T00:00:00,856972.6,771611.75,3250096.04,OCTOBER QUARTERLY,202510149790795092
CA-33,D,2026,H2CA31125,C00510461,2025-07-01T00:00:00,2025-09-30T00:00:00,856972.6,771611.75,3250096.04,OCTOBER QUARTERLY,202604159857293086
CA-33,D,2026,H2CA31125,C00510461,2025-04-01T00:00:00,2025-06-30T00:00:00,956061.59,610538.2,3164735.19,JULY QUARTERLY,202510149790794475
CA-33,D,2026,H2CA31125,C00510461,2025-04-01T00:00:00,2025-06-30T00:00:00,956061.59,610538.2,3164735.19,JULY QUARTERLY,202507159763337328
CA-33,D,2026,H2CA31125,C00510461,2025-01-01T00:00:00,2025-03-31T00:00:00,706700.53,536559.9,2819211.8,APRIL QUARTERLY,202507159763307567
CA-33,D,2026,H2CA31125,C00510461,2025-01-01T00:00:00,2025-03-31T00:00:00,706700.53,536822.96,2818948.74,APRIL QUARTERLY,202504159755981534
CA-11,D,2026,H8CA05035,C00213512,2026-04-01T00:00:00,2026-06-30T00:00:00,32163.8,251084.61,680213.4,JULY QUARTERLY,202607159875198777
CA-11,D,2026,H8CA05035,C00213512,2026-01-01T00:00:00,2026-03-31T00:00:00,25656.31,305672.06,899134.21,APRIL QUARTERLY,202604159862446732
CA-11,D,2026,H8CA05035,C00213512,2025-10-01T00:00:00,2025-12-31T00:00:00,275096.23,601818.07,1179149.96,YEAR-END,202601309795171431
CA-11,D,2026,H8CA05035,C00213512,2025-07-01T00:00:00,2025-09-30T00:00:00,643372.87,741956.77,1505871.8,OCTOBER QUARTERLY,202510159790866540
CA-11,D,2026,H8CA05035,C00213512,2025-04-01T00:00:00,2025-06-30T00:00:00,629634.47,781235.84,1604455.7,JULY QUARTERLY,202507159763279323
CA-11,D,2026,H8CA05035,C00213512,2025-01-01T00:00:00,2025-03-31T00:00:00,859906.56,1181915.95,1756057.07,APRIL QUARTERLY,202504159755392003
PA-14,R,2026,H8PA18199,C00657833,2026-04-30T00:00:00,2026-06-30T00:00:00,599476.3,348255.33,990680.95,JULY QUARTERLY,202607159875459459
PA-14,R,2026,H8PA18199,C00657833,2026-04-01T00:00:00,2026-04-29T00:00:00,136346.52,305373.97,739459.98,PRE-PRIMARY,202605079866866244
PA-14,R,2026,H8PA18199,C00657833,2026-01-01T00:00:00,2026-03-31T00:00:00,858133.41,714017.68,908487.43,APRIL QUARTERLY,202604159857783758
PA-14,R,2026,H8PA18199,C00657833,2025-10-01T00:00:00,2025-12-31T00:00:00,750856.92,484571.06,764371.7,YEAR-END,202601309794603409
PA-14,R,2026,H8PA18199,C00657833,2025-07-01T00:00:00,2025-09-30T00:00:00,475577.33,670436.54,498085.84,OCTOBER QUARTERLY,202510159791094679
PA-14,R,2026,H8PA18199,C00657833,2025-04-01T00:00:00,2025-06-30T00:00:00,743007.61,596300.2,692945.05,JULY QUARTERLY,202507159762964371
PA-14,R,2026,H8PA18199,C00657833,2025-01-01T00:00:00,2025-03-31T00:00:00,646246.33,649088.85,546237.64,APRIL QUARTERLY,202504159755383396
CA-32,D,2026,H6CA24113,C00308742,2026-05-14T00:00:00,2026-06-30T00:00:00,397606.04,1962587.37,2668479.97,JULY QUARTERLY,202607159890070581
CA-32,D,2026,H6CA24113,C00308742,2026-04-01T00:00:00,2026-05-13T00:00:00,367171.22,961590.97,4233461.3,PRE-PRIMARY,202605219870243901
CA-32,D,2026,H6CA24113,C00308742,2026-01-01T00:00:00,2026-03-31T00:00:00,333066.18,278074.74,4827881.05,APRIL QUARTERLY,202604159863060908
CA-32,D,2026,H6CA24113,C00308742,2026-01-01T00:00:00,2026-03-31T00:00:00,333066.18,278074.74,4827881.05,APRIL QUARTERLY,202607079874797807
CA-32,D,2026,H6CA24113,C00308742,2025-10-01T00:00:00,2025-12-31T00:00:00,616169.73,175722.93,4772889.61,YEAR-END,202601319825684798
CA-32,D,2026,H6CA24113,C00308742,2025-10-01T00:00:00,2025-12-31T00:00:00,616169.73,175722.93,4772889.61,YEAR-END,202604209863250757
CA-32,D,2026,H6CA24113,C00308742,2025-07-01T00:00:00,2025-09-30T00:00:00,322590.75,144214.83,4332442.81,OCTOBER QUARTERLY,202510159791550009
CA-32,D,2026,H6CA24113,C00308742,2025-07-01T00:00:00,2025-09-30T00:00:00,322590.75,144214.83,4332442.81,OCTOBER QUARTERLY,202601269794197345
CA-32,D,2026,H6CA24113,C00308742,2025-04-01T00:00:00,2025-06-30T00:00:00,340499.01,107115.0,4154066.89,JULY QUARTERLY,202507159763516468
CA-32,D,2026,H6CA24113,C00308742,2025-01-01T00:00:00,2025-03-31T00:00:00,137226.75,138488.57,3920682.88,APRIL QUARTERLY,202504159756057271
CA-32,D,2026,H6CA24113,C00308742,2025-01-01T00:00:00,2025-03-31T00:00:00,137226.75,138488.57,3920682.88,APRIL QUARTERLY,202506109762026572
CO-08,D,2026,H6CO08013,C00896670,2026-06-11T00:00:00,2026-06-30T00:00:00,205084.92,513379.88,601232.01,JULY QUARTERLY,202607159880595361
CO-08,D,2026,H6CO08013,C00896670,2026-04-01T00:00:00,2026-06-10T00:00:00,652542.89,1508247.76,909526.97,PRE-PRIMARY,202606189870783773
CO-08,D,2026,H6CO08013,C00896670,2026-01-01T00:00:00,2026-03-31T00:00:00,952199.44,390853.58,1765231.84,APRIL QUARTERLY,202604159862872794
CO-08,D,2026,H6CO08013,C00896670,2025-10-01T00:00:00,2025-12-31T00:00:00,427626.77,229760.15,1203885.98,YEAR-END,202601319808535515
CO-08,D,2026,H6CO08013,C00896670,2025-07-01T00:00:00,2025-09-30T00:00:00,493408.58,298157.4,1006019.36,OCTOBER QUARTERLY,202510159791550287
CO-08,D,2026,H6CO08013,C00896670,2025-04-01T00:00:00,2025-06-30T00:00:00,416070.86,263604.99,810768.18,JULY QUARTERLY,202507159763508126
CO-08,D,2026,H6CO08013,C00896670,2025-01-27T00:00:00,2025-03-31T00:00:00,1190054.07,531751.76,658302.31,APRIL QUARTERLY,202504159755396019
TX-21,R,2026,H6TX21301,C00917658,2026-04-01T00:00:00,2026-06-30T00:00:00,274620.2,155355.22,382201.0,JULY QUARTERLY,202607159875198573
TX-21,R,2026,H6TX21301,C00917658,2026-02-12T00:00:00,2026-03-31T00:00:00,180872.69,925367.03,262936.02,APRIL QUARTERLY,202604159862273488
TX-21,R,2026,H6TX21301,C00917658,2026-02-12T00:00:00,2026-03-31T00:00:00,180872.69,925367.03,262936.02,APRIL QUARTERLY,202606159870665167
TX-21,R,2026,H6TX21301,C00917658,2026-01-01T00:00:00,2026-02-11T00:00:00,421593.53,1979087.93,1007430.36,PRE-PRIMARY,202602199834771315
TX-21,R,2026,H6TX21301,C00917658,2026-01-01T00:00:00,2026-02-11T00:00:00,421593.53,1979087.93,1007430.36,PRE-PRIMARY,202604029856933214
TX-21,R,2026,H6TX21301,C00917658,2025-10-01T00:00:00,2025-12-31T00:00:00,2331277.34,462734.79,2564924.76,YEAR-END,202601319795474089
TX-21,R,2026,H6TX21301,C00917658,2025-07-01T00:00:00,2025-09-30T00:00:00,713852.39,17470.18,696382.21,OCTOBER QUARTERLY,202510159790858417
CA-13,R,2026,H4CA14093,C00839944,2026-05-14T00:00:00,2026-06-30T00:00:00,2387406.91,2435994.39,6116.11,JULY QUARTERLY,202607159880542187
CA-13,R,2026,H4CA14093,C00839944,2026-04-01T00:00:00,2026-05-13T00:00:00,1303353.95,1272687.66,54703.59,PRE-PRIMARY,202605219870257498
CA-13,R,2026,H4CA14093,C00839944,2026-04-01T00:00:00,2026-05-13T00:00:00,423042.67,392376.38,54703.59,PRE-PRIMARY,202607159890825127
CA-13,R,2026,H4CA14093,C00839944,2026-01-01T00:00:00,2026-03-31T00:00:00,288272.1,398997.69,24037.3,APRIL QUARTERLY,202604159862985581
CA-13,R,2026,H4CA14093,C00839944,2025-10-01T00:00:00,2025-12-31T00:00:00,100873.05,130630.48,134762.89,,202605219870253232
CA-13,R,2026,H4CA14093,C00839944,2025-10-01T00:00:00,2025-12-31T00:00:00,100873.05,130630.48,134762.89,YEAR-END,202601319808888382
CA-13,R,2026,H4CA14093,C00839944,2025-07-01T00:00:00,2025-09-30T00:00:00,175979.11,123023.18,164520.32,OCTOBER QUARTERLY,202510159791488710
CA-13,R,2026,H4CA14093,C00839944,2025-07-01T00:00:00,2025-09-30T00:00:00,175979.11,123023.18,164520.32,OCTOBER QUARTERLY,202605219870252428
CA-13,R,2026,H4CA14093,C00839944,2025-07-01T00:00:00,2025-09-30T00:00:00,175979.11,123023.18,164520.32,OCTOBER QUARTERLY,202602099834285134
CA-13,R,2026,H4CA14093,C00839944,2025-04-01T00:00:00,2025-06-30T00:00:00,307237.49,200985.72,111564.39,JULY QUARTERLY,202605219870248900
CA-13,R,2026,H4CA14093,C00839944,2025-04-01T00:00:00,2025-06-30T00:00:00,307237.49,200985.72,111564.39,JULY QUARTERLY,202602099834285477
CA-13,R,2026,H4CA14093,C00839944,2025-04-01T00:00:00,2025-06-30T00:00:00,307237.49,200985.72,111564.39,JULY QUARTERLY,202507159763321634
CA-13,R,2026,H4CA14093,C00839944,2025-01-01T00:00:00,2025-03-31T00:00:00,1000.0,1487.03,5312.62,APRIL QUARTERLY,202504149755350304
CA-13,R,2026,H4CA14093,C00839944,2025-01-01T00:00:00,2025-03-31T00:00:00,3755.93,4242.96,5312.62,APRIL QUARTERLY,202507159763316103
OK-01,R,2026,H8OK01157,C00636092,2026-04-01T00:00:00,2026-06-30T00:00:00,28.1,207015.15,0.0,TERMINATION REPORT,202607149875010244
OK-01,R,2026,H8OK01157,C00636092,2026-01-01T00:00:00,2026-03-31T00:00:00,625377.0,2628612.76,206987.05,APRIL QUARTERLY,202607019874293246
OK-01,R,2026,H8OK01157,C00636092,2026-01-01T00:00:00,2026-03-31T00:00:00,625377.0,2628612.76,206987.05,APRIL QUARTERLY,202604159862326085
OK-01,R,2026,H8OK01157,C00636092,2025-10-01T00:00:00,2025-12-31T00:00:00,315944.78,133855.03,2223843.26,YEAR-END,202601309794719713
OK-01,R,2026,H8OK01157,C00636092,2025-10-01T00:00:00,2025-12-31T00:00:00,314436.99,138133.36,2210222.81,YEAR-END,202606119870608715
OK-01,R,2026,H8OK01157,C00636092,2025-07-01T00:00:00,2025-09-30T00:00:00,509430.88,189654.12,2033919.18,OCTOBER QUARTERLY,202604039856947663
OK-01,R,2026,H8OK01157,C00636092,2025-07-01T00:00:00,2025-09-30T00:00:00,513584.34,188473.25,2039253.51,OCTOBER QUARTERLY,202510159791044854
OK-01,R,2026,H8OK01157,C00636092,2025-07-01T00:00:00,2025-09-30T00:00:00,516084.34,188473.25,2041753.51,OCTOBER QUARTERLY,202510279792025784
OK-01,R,2026,H8OK01157,C00636092,2025-07-01T00:00:00,2025-09-30T00:00:00,509430.88,189654.12,2033919.18,OCTOBER QUARTERLY,202606119870608152
OK-01,R,2026,H8OK01157,C00636092,2025-04-01T00:00:00,2025-06-30T00:00:00,407631.9,200323.61,1708842.42,JULY QUARTERLY,202507159763307257
OK-01,R,2026,H8OK01157,C00636092,2025-04-01T00:00:00,2025-06-30T00:00:00,407631.9,200323.61,1714142.42,JULY QUARTERLY,202509299790401881
OK-01,R,2026,H8OK01157,C00636092,2025-04-01T00:00:00,2025-06-30T00:00:00,407631.9,200323.61,1714142.42,JULY QUARTERLY,202601089793926916
OK-01,R,2026,H8OK01157,C00636092,2025-04-01T00:00:00,2025-06-30T00:00:00,407631.9,200323.61,1714142.42,JULY QUARTERLY,202606119870607957
OK-01,R,2026,H8OK01157,C00636092,2025-01-01T00:00:00,2025-03-31T00:00:00,654807.42,297639.27,1505834.13,APRIL QUARTERLY,202509129790053736
OK-01,R,2026,H8OK01157,C00636092,2025-01-01T00:00:00,2025-03-31T00:00:00,655807.42,297639.27,1506834.13,APRIL QUARTERLY,202509299790399337
OK-01,R,2026,H8OK01157,C00636092,2025-01-01T00:00:00,2025-03-31T00:00:00,650507.42,297639.27,1501534.13,APRIL QUARTERLY,202504159756045458
MI-12,D,2026,H8MI13250,C00668608,2026-07-01T00:00:00,2026-07-15T00:00:00,43000.73,518207.18,3434433.03,PRE-PRIMARY,202607239894422956
MI-12,D,2026,H8MI13250,C00668608,2026-04-01T00:00:00,2026-06-30T00:00:00,438231.79,1202338.07,3909639.48,JULY QUARTERLY,202607159875940525
MI-12,D,2026,H8MI13250,C00668608,2026-01-01T00:00:00,2026-03-31T00:00:00,378918.88,614118.13,4673745.76,APRIL QUARTERLY,202604159857704181
MI-12,D,2026,H8MI13250,C00668608,2025-10-01T00:00:00,2025-12-31T00:00:00,544083.96,299748.4,4908945.01,YEAR-END,202601319808509231
MI-12,D,2026,H8MI13250,C00668608,2025-07-01T00:00:00,2025-09-30T00:00:00,509588.09,268363.23,4664609.45,OCTOBER QUARTERLY,202510159791329753
MI-12,D,2026,H8MI13250,C00668608,2025-04-01T00:00:00,2025-06-30T00:00:00,439131.83,370243.71,4423384.59,JULY QUARTERLY,202507159763100367
MI-12,D,2026,H8MI13250,C00668608,2025-01-01T00:00:00,2025-03-31T00:00:00,403259.11,312317.62,4354496.47,APRIL QUARTERLY,202504159755357023
NC-01,R,2026,H2NC02253,C00795799,2026-04-01T00:00:00,2026-06-30T00:00:00,95.0,2750.0,22514.86,JULY QUARTERLY,202607019874321942
NC-01,R,2026,H2NC02253,C00795799,2026-02-12T00:00:00,2026-03-31T00:00:00,0.0,184495.0,25169.86,APRIL QUARTERLY,202604159857674833
NC-01,R,2026,H2NC02253,C00795799,2026-01-01T00:00:00,2026-02-11T00:00:00,310.0,148273.26,209664.86,PRE-PRIMARY,202602199834791387
NC-01,R,2026,H2NC02253,C00795799,2025-10-01T00:00:00,2025-12-31T00:00:00,22628.0,2054477.6,357628.12,YEAR-END,202601319808281877
NC-01,R,2026,H2NC02253,C00795799,2025-07-01T00:00:00,2025-09-30T00:00:00,1252419.44,1080706.75,2389477.72,OCTOBER QUARTERLY,202510159791272633
NC-01,R,2026,H2NC02253,C00795799,2025-04-01T00:00:00,2025-06-30T00:00:00,2264025.0,55686.82,2217765.03,JULY QUARTERLY,202507159763191679
NC-01,R,2026,H2NC02253,C00795799,2025-01-01T00:00:00,2025-03-31T00:00:00,0.0,0.0,9426.85,APRIL QUARTERLY,202504159755578562
WA-01,D,2026,H0WA08046,C00459099,2026-07-01T00:00:00,2026-07-15T00:00:00,78093.98,563885.25,1109684.66,PRE-PRIMARY,202607239894434809
WA-01,D,2026,H0WA08046,C00459099,2026-04-01T00:00:00,2026-06-30T00:00:00,733582.14,512814.91,1595475.93,JULY QUARTERLY,202607159875987258
WA-01,D,2026,H0WA08046,C00459099,2026-01-01T00:00:00,2026-03-31T00:00:00,665830.54,655547.91,1374708.7,APRIL QUARTERLY,202604159857404707
WA-01,D,2026,H0WA08046,C00459099,2025-10-01T00:00:00,2025-12-31T00:00:00,441553.69,395672.55,1364426.07,YEAR-END,202601309795215456
WA-01,D,2026,H0WA08046,C00459099,2025-07-01T00:00:00,2025-09-30T00:00:00,666337.52,569074.74,1318544.93,OCTOBER QUARTERLY,202510159791301043
WA-01,D,2026,H0WA08046,C00459099,2025-04-01T00:00:00,2025-06-30T00:00:00,581159.54,414408.85,1221282.15,JULY QUARTERLY,202507159763482483
WA-01,D,2026,H0WA08046,C00459099,2025-01-01T00:00:00,2025-03-31T00:00:00,383894.57,393083.72,1054531.46,APRIL QUARTERLY,202504159755546624
TX-23,R,2026,H0TX35015,C00706614,2026-04-01T00:00:00,2026-06-30T00:00:00,0.0,100905.03,226503.01,JULY QUARTERLY,202607189890887394
TX-23,R,2026,H0TX35015,C00706614,2026-02-12T00:00:00,2026-03-31T00:00:00,321327.26,1440461.88,327408.04,APRIL QUARTERLY,202604159857349241
TX-23,R,2026,H0TX35015,C00706614,2026-01-01T00:00:00,2026-02-11T00:00:00,178616.57,1213097.36,1446542.66,PRE-PRIMARY,202602199834771190
TX-23,R,2026,H0TX35015,C00706614,2025-10-01T00:00:00,2025-12-31T00:00:00,262394.69,285050.88,2481023.45,YEAR-END,202601309794555409
TX-23,R,2026,H0TX35015,C00706614,2025-07-01T00:00:00,2025-09-30T00:00:00,319544.59,179332.28,2503679.64,OCTOBER QUARTERLY,202601149793971297
TX-23,R,2026,H0TX35015,C00706614,2025-07-01T00:00:00,2025-09-30T00:00:00,319544.59,179332.28,2503679.64,OCTOBER QUARTERLY,202510159790858483
TX-23,R,2026,H0TX35015,C00706614,2025-04-01T00:00:00,2025-06-30T00:00:00,567742.65,133726.58,2363467.33,JULY QUARTERLY,202507159762920096
TX-23,R,2026,H0TX35015,C00706614,2025-01-01T00:00:00,2025-03-31T00:00:00,621300.39,150836.05,1929451.26,APRIL QUARTERLY,202504159755396421
NY-17,R,2026,H2NY17162,C00815415,2026-06-04T00:00:00,2026-06-30T00:00:00,699058.48,213304.82,4841305.62,JULY QUARTERLY,202607099874818333
NY-17,R,2026,H2NY17162,C00815415,2026-04-01T00:00:00,2026-06-03T00:00:00,741153.8,624654.49,4355551.96,PRE-PRIMARY,202606109870560304
NY-17,R,2026,H2NY17162,C00815415,2026-01-01T00:00:00,2026-03-31T00:00:00,1522110.34,791929.22,4239052.65,APRIL QUARTERLY,202604109857085956
NY-17,R,2026,H2NY17162,C00815415,2025-10-01T00:00:00,2025-12-31T00:00:00,1280871.92,575250.08,3508871.53,YEAR-END,202602019825895365
NY-17,R,2026,H2NY17162,C00815415,2025-10-01T00:00:00,2025-12-31T00:00:00,1280871.92,575250.08,3508871.53,YEAR-END,202601209794085186
NY-17,R,2026,H2NY17162,C00815415,2025-07-01T00:00:00,2025-09-30T00:00:00,1091816.55,488934.04,2803249.69,OCTOBER QUARTERLY,202510099790737247
NY-17,R,2026,H2NY17162,C00815415,2025-04-01T00:00:00,2025-06-30T00:00:00,1358705.33,459223.37,2200367.18,JULY QUARTERLY,202601099793930688
NY-17,R,2026,H2NY17162,C00815415,2025-04-01T00:00:00,2025-06-30T00:00:00,1358705.33,459223.37,2200367.18,JULY QUARTERLY,202507149762783813
NY-17,R,2026,H2NY17162,C00815415,2025-01-01T00:00:00,2025-03-31T00:00:00,1478329.18,346812.48,1300885.22,APRIL QUARTERLY,202504149755286928
TX-18,D,2026,H6TX18232,C00899831,2026-05-07T00:00:00,2026-06-30T00:00:00,173749.54,335768.23,156015.99,JULY QUARTERLY,202607159875228130
TX-18,D,2026,H6TX18232,C00899831,2026-04-01T00:00:00,2026-05-06T00:00:00,201252.23,139076.16,318034.68,PRE-RUN-OFF,202605149866963958
TX-18,D,2026,H6TX18232,C00899831,2026-02-12T00:00:00,2026-03-31T00:00:00,593868.16,468336.22,255858.61,APRIL QUARTERLY,202604159857696809
TX-18,D,2026,H6TX18232,C00899831,2026-01-12T00:00:00,2026-02-11T00:00:00,443473.61,701886.48,130326.67,PRE-PRIMARY,202605049866790312
TX-18,D,2026,H6TX18232,C00899831,2026-01-12T00:00:00,2026-02-11T00:00:00,443473.61,701886.48,130326.67,PRE-PRIMARY,202602199834764913
TX-18,D,2026,H6TX18232,C00899831,2025-10-16T00:00:00,2026-01-11T00:00:00,685624.78,689506.27,388739.54,PRE-RUN-OFF,202601199794068283
TX-18,D,2026,H6TX18232,C00899831,2025-07-01T00:00:00,2025-10-15T00:00:00,561814.48,809782.29,392621.03,PRE-SPECIAL,202510239792005917
TX-18,D,2026,H6TX18232,C00899831,2025-07-01T00:00:00,2025-10-15T00:00:00,561814.48,809782.29,392621.03,PRE-SPECIAL,202601189794030642
TX-18,D,2026,H6TX18232,C00899831,2025-04-01T00:00:00,2025-06-30T00:00:00,586192.73,320391.68,640588.84,JULY QUARTERLY,202507159763482211
TX-18,D,2026,H6TX18232,C00899831,2025-04-01T00:00:00,2025-06-30T00:00:00,586192.73,320391.68,640588.84,JULY QUARTERLY,202508059789386132
TX-18,D,2026,H6TX18232,C00899831,2025-03-05T00:00:00,2025-03-31T00:00:00,391603.07,16815.28,374787.79,APRIL QUARTERLY,202504159755426979
MI-07,R,2026,H2MI07123,C00793976,2026-07-01T00:00:00,2026-07-15T00:00:00,126429.67,211887.21,2871871.94,PRE-PRIMARY,202607229894417393
MI-07,R,2026,H2MI07123,C00793976,2026-04-01T00:00:00,2026-06-30T00:00:00,1146786.42,1008495.21,2957329.48,JULY QUARTERLY,202607149874992383
MI-07,R,2026,H2MI07123,C00793976,2026-01-01T00:00:00,2026-03-31T00:00:00,1250294.31,626561.36,2819038.27,APRIL QUARTERLY,202604159857709893
MI-07,R,2026,H2MI07123,C00793976,2025-10-01T00:00:00,2025-12-31T00:00:00,1013103.56,609267.89,2195005.32,YEAR-END,202606219874228710
MI-07,R,2026,H2MI07123,C00793976,2025-10-01T00:00:00,2025-12-31T00:00:00,1013403.56,609267.89,2195305.32,YEAR-END,202601319825745439
MI-07,R,2026,H2MI07123,C00793976,2025-10-01T00:00:00,2025-12-31T00:00:00,1013403.56,609267.89,2195305.32,YEAR-END,202601319825866981
MI-07,R,2026,H2MI07123,C00793976,2025-07-01T00:00:00,2025-09-30T00:00:00,824051.82,491884.24,1791169.65,OCTOBER QUARTERLY,202606219874228129
MI-07,R,2026,H2MI07123,C00793976,2025-07-01T00:00:00,2025-09-30T00:00:00,824051.82,491884.24,1791169.65,OCTOBER QUARTERLY,202510159791569338
MI-07,R,2026,H2MI07123,C00793976,2025-04-01T00:00:00,2025-06-30T00:00:00,1045186.59,354400.75,1459002.07,JULY QUARTERLY,202507159763524831
MI-07,R,2026,H2MI07123,C00793976,2025-04-01T00:00:00,2025-06-30T00:00:00,1045186.59,354400.75,1459002.07,JULY QUARTERLY,202606219874227708
MI-07,R,2026,H2MI07123,C00793976,2025-01-01T00:00:00,2025-03-31T00:00:00,900975.24,154858.89,768216.23,APRIL QUARTERLY,202511249793329581
MI-07,R,2026,H2MI07123,C00793976,2025-01-01T00:00:00,2025-03-31T00:00:00,900975.24,154858.89,768216.23,APRIL QUARTERLY,202504159756025883
TX-15,R,2026,H0TX15124,C00765719,2026-04-01T00:00:00,2026-06-30T00:00:00,1033212.85,904336.41,2463322.86,JULY QUARTERLY,202607159890716108
TX-15,R,2026,H0TX15124,C00765719,2026-02-12T00:00:00,2026-03-31T00:00:00,722290.15,291227.52,2334446.42,APRIL QUARTERLY,202604159862920048
TX-15,R,2026,H0TX15124,C00765719,2026-01-01T00:00:00,2026-02-11T00:00:00,248465.35,357602.61,1903383.79,PRE-PRIMARY,202602199834787578
TX-15,R,2026,H0TX15124,C00765719,2025-10-01T00:00:00,2025-12-31T00:00:00,809763.35,512857.54,2012521.05,YEAR-END,202601319808259003
TX-15,R,2026,H0TX15124,C00765719,2025-07-01T00:00:00,2025-09-30T00:00:00,814834.18,401181.37,1715615.24,OCTOBER QUARTERLY,202510159791261538
TX-15,R,2026,H0TX15124,C00765719,2025-04-01T00:00:00,2025-06-30T00:00:00,867069.48,417752.39,1301962.43,JULY QUARTERLY,202507159763059177
TX-15,R,2026,H0TX15124,C00765719,2025-01-01T00:00:00,2025-03-31T00:00:00,778324.57,539649.12,852645.34,APRIL QUARTERLY,202504159755931799
TX-15,R,2026,H0TX15124,C00765719,2025-01-01T00:00:00,2025-03-31T00:00:00,778324.57,539649.12,852645.34,APRIL QUARTERLY,202602039825909208
WI-07,R,2026,H6WI07215,C00924548,2026-04-01T00:00:00,2026-06-30T00:00:00,52.06,1721192.35,0.0,TERMINATION REPORT,202607159875985565
WI-07,R,2026,H6WI07215,C00924548,2026-01-01T00:00:00,2026-03-31T00:00:00,1793666.43,1505870.73,1721140.29,APRIL QUARTERLY,202604159862565715
WI-07,R,2026,H6WI07215,C00924548,2025-10-01T00:00:00,2025-12-31T00:00:00,1599982.77,166638.18,1433344.59,YEAR-END,202601319795588135
WI-07,R,2026,H6WI07215,C00924548,2025-10-01T00:00:00,2025-12-31T00:00:00,1610227.37,176882.78,1433344.59,YEAR-END,202604159862565388
KY-02,R,2026,H8KY02031,C00445023,2026-04-30T00:00:00,2026-06-30T00:00:00,514267.83,457172.83,1718271.11,JULY QUARTERLY,202607159885301886
KY-02,R,2026,H8KY02031,C00445023,2026-04-01T00:00:00,2026-04-29T00:00:00,213827.78,487310.58,1661176.11,PRE-PRIMARY,202605079866897617
KY-02,R,2026,H8KY02031,C00445023,2026-01-01T00:00:00,2026-03-31T00:00:00,835817.87,367810.82,1934658.91,APRIL QUARTERLY,202604159863062571
KY-02,R,2026,H8KY02031,C00445023,2025-10-01T00:00:00,2025-12-31T00:00:00,576668.82,553860.31,1466651.86,YEAR-END,202601319825883108
KY-02,R,2026,H8KY02031,C00445023,2025-07-01T00:00:00,2025-09-30T00:00:00,391162.15,531702.57,1443843.35,OCTOBER QUARTERLY,202510159791587858
KY-02,R,2026,H8KY02031,C00445023,2025-04-01T00:00:00,2025-06-30T00:00:00,1029966.06,538847.46,1584383.77,JULY QUARTERLY,202510159791564845
KY-02,R,2026,H8KY02031,C00445023,2025-04-01T00:00:00,2025-06-30T00:00:00,1029966.06,538642.28,1584588.95,JULY QUARTERLY,202507159763545523
KY-02,R,2026,H8KY02031,C00445023,2025-04-01T00:00:00,2025-06-30T00:00:00,1029966.06,538642.28,1584588.95,JULY QUARTERLY,202509159790066658
KY-02,R,2026,H8KY02031,C00445023,2025-01-01T00:00:00,2025-03-31T00:00:00,1145882.09,418861.36,1093265.17,APRIL QUARTERLY,202504159756064048
MA-05,D,2026,H4MA05084,C00541888,2026-04-01T00:00:00,2026-06-30T00:00:00,798335.55,576418.45,2212415.88,JULY QUARTERLY,202607159875162547
MA-05,D,2026,H4MA05084,C00541888,2026-01-01T00:00:00,2026-03-31T00:00:00,715410.51,752656.53,1990498.78,APRIL QUARTERLY,202604159857335310
MA-05,D,2026,H4MA05084,C00541888,2025-10-01T00:00:00,2025-12-31T00:00:00,734735.55,516960.03,2027744.8,YEAR-END,202601309794634867
MA-05,D,2026,H4MA05084,C00541888,2025-07-01T00:00:00,2025-09-30T00:00:00,521705.78,422441.47,1809969.28,OCTOBER QUARTERLY,202510159790914625
MA-05,D,2026,H4MA05084,C00541888,2025-04-01T00:00:00,2025-06-30T00:00:00,748328.05,794484.78,1710704.97,JULY QUARTERLY,202507159763223255
MA-05,D,2026,H4MA05084,C00541888,2025-01-01T00:00:00,2025-03-31T00:00:00,717493.99,286523.0,1756861.7,APRIL QUARTERLY,202504159755383052
MA-05,D,2026,H4MA05084,C00541888,2025-01-01T00:00:00,2025-03-31T00:00:00,717493.99,286523.0,1756861.7,APRIL QUARTERLY,202505059758927505
AZ-01,D,2026,H6AZ01298,C00901215,2026-04-01T00:00:00,2026-07-01T00:00:00,1496488.92,2504937.87,658610.09,PRE-PRIMARY,202607109874854469
AZ-01,D,2026,H6AZ01298,C00901215,2026-01-01T00:00:00,2026-03-31T00:00:00,400225.27,277723.32,1667059.04,APRIL QUARTERLY,202604159862875133
AZ-01,D,2026,H6AZ01298,C00901215,2025-10-01T00:00:00,2025-12-31T00:00:00,376460.85,213924.31,1544557.09,YEAR-END,202601319795639358
AZ-01,D,2026,H6AZ01298,C00901215,2025-07-01T00:00:00,2025-09-30T00:00:00,705620.26,195110.74,1382020.55,OCTOBER QUARTERLY,202510159791190544
AZ-01,D,2026,H6AZ01298,C00901215,2025-03-23T00:00:00,2025-06-30T00:00:00,1000628.52,129117.49,871511.03,JULY QUARTERLY,202507159763339588
AZ-01,D,2026,H6AZ01298,C00901215,2025-03-23T00:00:00,2025-06-30T00:00:00,1000628.52,129117.49,871511.03,JULY QUARTERLY,202510149790797605
TX-06,R,2026,H8TX06266,C00770438,2026-04-01T00:00:00,2026-06-30T00:00:00,954838.49,571979.01,2483401.76,JULY QUARTERLY,202607159875344096
TX-06,R,2026,H8TX06266,C00770438,2026-02-12T00:00:00,2026-03-31T00:00:00,603560.8,405353.02,2100542.28,APRIL QUARTERLY,202604159857589439
TX-06,R,2026,H8TX06266,C00770438,2026-01-01T00:00:00,2026-02-11T00:00:00,94441.15,403446.19,1902334.5,PRE-PRIMARY,202602199834792650
TX-06,R,2026,H8TX06266,C00770438,2025-10-01T00:00:00,2025-12-31T00:00:00,534247.92,529256.5,2211339.54,YEAR-END,202601309794971481
TX-06,R,2026,H8TX06266,C00770438,2025-07-01T00:00:00,2025-09-30T00:00:00,643118.54,365832.31,2206348.12,OCTOBER QUARTERLY,202510159791284140
TX-06,R,2026,H8TX06266,C00770438,2025-04-01T00:00:00,2025-06-30T00:00:00,850200.73,571039.78,1929061.89,JULY QUARTERLY,202507159763290372
TX-06,R,2026,H8TX06266,C00770438,2025-01-01T00:00:00,2025-03-31T00:00:00,979567.76,425523.97,1649491.43,APRIL QUARTERLY,202504159755596457
TX-06,R,2026,H8TX06266,C00770438,2025-01-01T00:00:00,2025-03-31T00:00:00,979977.27,425523.97,1649900.94,APRIL QUARTERLY,202507159763283707
MO-08,R,2026,H4MO08162,C00541862,2026-07-01T00:00:00,2026-07-15T00:00:00,52556.32,196164.81,5012102.53,PRE-PRIMARY,202607239894445566
MO-08,R,2026,H4MO08162,C00541862,2026-04-01T00:00:00,2026-06-30T00:00:00,751076.34,479516.73,5155711.02,JULY QUARTERLY,202607159875919357
MO-08,R,2026,H4MO08162,C00541862,2026-01-01T00:00:00,2026-03-31T00:00:00,672389.51,485880.13,4884151.41,APRIL QUARTERLY,202604159862571777
MO-08,R,2026,H4MO08162,C00541862,2025-10-01T00:00:00,2025-12-31T00:00:00,619289.44,412654.34,4697642.03,YEAR-END,202601319795586542
MO-08,R,2026,H4MO08162,C00541862,2025-07-01T00:00:00,2025-09-30T00:00:00,692737.06,493001.74,4491006.93,OCTOBER QUARTERLY,202510159791360909
MO-08,R,2026,H4MO08162,C00541862,2025-04-01T00:00:00,2025-06-30T00:00:00,1120759.76,496871.55,4291271.61,JULY QUARTERLY,202507159763429754
MO-08,R,2026,H4MO08162,C00541862,2025-01-01T00:00:00,2025-03-31T00:00:00,1355374.53,705135.09,3667383.4,APRIL QUARTERLY,202504159756023661
NY-13,D,2026,H2NY13096,C00701953,2026-06-04T00:00:00,2026-06-30T00:00:00,751974.7,1660861.75,54546.48,JULY QUARTERLY,202607159885317208
NY-13,D,2026,H2NY13096,C00701953,2026-04-01T00:00:00,2026-06-03T00:00:00,756230.12,840358.61,963433.53,PRE-PRIMARY,202606119870649014
NY-13,D,2026,H2NY13096,C00701953,2026-01-01T00:00:00,2026-03-31T00:00:00,234435.64,301141.97,1047562.02,APRIL QUARTERLY,202604159863062015
NY-13,D,2026,H2NY13096,C00701953,2025-10-01T00:00:00,2025-12-31T00:00:00,223097.46,92037.98,1114268.35,YEAR-END,202601319808499299
NY-13,D,2026,H2NY13096,C00701953,2025-07-01T00:00:00,2025-09-30T00:00:00,244487.0,134693.65,983208.87,OCTOBER QUARTERLY,202510159791405565
NY-13,D,2026,H2NY13096,C00701953,2025-04-01T00:00:00,2025-06-30T00:00:00,415675.0,73076.84,873415.52,JULY QUARTERLY,202507159763245563
NY-13,D,2026,H2NY13096,C00701953,2025-04-01T00:00:00,2025-06-30T00:00:00,415675.0,73076.84,873415.52,JULY QUARTERLY,202509249790384020
NY-13,D,2026,H2NY13096,C00701953,2025-01-01T00:00:00,2025-03-31T00:00:00,230333.81,95941.14,530817.36,APRIL QUARTERLY,202504159755805039
TX-02,R,2026,H8TX02166,C00660795,2026-04-01T00:00:00,2026-06-30T00:00:00,64590.47,82902.66,24924.74,JULY QUARTERLY,202607159875667558
TX-02,R,2026,H8TX02166,C00660795,2026-02-12T00:00:00,2026-03-31T00:00:00,533173.18,1046087.54,43236.93,APRIL QUARTERLY,202604159857812539
TX-02,R,2026,H8TX02166,C00660795,2026-01-01T00:00:00,2026-02-11T00:00:00,328811.22,616122.07,556151.29,PRE-PRIMARY,202602199834778238
TX-02,R,2026,H8TX02166,C00660795,2026-01-01T00:00:00,2026-02-11T00:00:00,328811.22,616122.07,556151.29,PRE-PRIMARY,202604159857811574
TX-02,R,2026,H8TX02166,C00660795,2025-10-01T00:00:00,2025-12-31T00:00:00,564356.53,389541.54,843462.14,YEAR-END,202601309794990243
TX-02,R,2026,H8TX02166,C00660795,2025-07-01T00:00:00,2025-09-30T00:00:00,429941.88,385634.27,668647.15,OCTOBER QUARTERLY,202510159791278173
TX-02,R,2026,H8TX02166,C00660795,2025-04-01T00:00:00,2025-06-30T00:00:00,451960.25,331679.2,624339.54,JULY QUARTERLY,202507159763310059
TX-02,R,2026,H8TX02166,C00660795,2025-01-01T00:00:00,2025-03-31T00:00:00,363054.17,328303.43,504058.49,APRIL QUARTERLY,202504159755953181
TX-32,R,2026,H6TX32159,C00914986,2026-04-01T00:00:00,2026-06-30T00:00:00,1900.0,94962.54,58922.85,JULY QUARTERLY,202607159875377095
TX-32,R,2026,H6TX32159,C00914986,2026-02-12T00:00:00,2026-03-31T00:00:00,1283040.9,1418738.19,151985.39,APRIL QUARTERLY,202604159857738065
TX-32,R,2026,H6TX32159,C00914986,2026-01-01T00:00:00,2026-02-11T00:00:00,674415.2,1027397.07,287682.68,PRE-PRIMARY,202602199834770322
TX-32,R,2026,H6TX32159,C00914986,2025-10-01T00:00:00,2025-12-31T00:00:00,192699.58,513412.84,640664.55,YEAR-END,202601309794859776
TX-32,R,2026,H6TX32159,C00914986,2025-07-01T00:00:00,2025-09-30T00:00:00,1066017.02,104639.21,961377.81,OCTOBER QUARTERLY,202510159791122410
FL-10,D,2026,H2FL10259,C00786822,2026-04-01T00:00:00,2026-06-30T00:00:00,555469.52,657319.0,1332681.22,JULY QUARTERLY,202607159880595935
FL-10,D,2026,H2FL10259,C00786822,2026-01-01T00:00:00,2026-03-31T00:00:00,661043.08,388414.41,1434530.7,APRIL QUARTERLY,202604159857688840
FL-10,D,2026,H2FL10259,C00786822,2025-10-01T00:00:00,2025-12-31T00:00:00,404769.06,535630.5,1161902.03,YEAR-END,202601319795654527
FL-10,D,2026,H2FL10259,C00786822,2025-07-01T00:00:00,2025-09-30T00:00:00,500456.79,663987.57,1292763.47,OCTOBER QUARTERLY,202510159791109657
FL-10,D,2026,H2FL10259,C00786822,2025-04-01T00:00:00,2025-06-30T00:00:00,645219.62,373432.33,1456294.25,JULY QUARTERLY,202507159763189631
FL-10,D,2026,H2FL10259,C00786822,2025-01-01T00:00:00,2025-03-31T00:00:00,606971.22,514189.98,1184506.96,APRIL QUARTERLY,202504159755627538
IL-08,D,2026,H6IL08212,C00903922,2026-04-01T00:00:00,2026-06-30T00:00:00,86488.32,121047.2,1648.69,JULY QUARTERLY,202607149874979776
IL-08,D,2026,H6IL08212,C00903922,2026-02-26T00:00:00,2026-03-31T00:00:00,1063364.18,1161661.2,36207.57,APRIL QUARTERLY,202604159862561235
IL-08,D,2026,H6IL08212,C00903922,2026-02-26T00:00:00,2026-03-31T00:00:00,1063364.18,1161661.2,36207.57,APRIL QUARTERLY,202606239874232159
IL-08,D,2026,H6IL08212,C00903922,2026-01-01T00:00:00,2026-02-25T00:00:00,769945.0,1208753.2,134504.59,PRE-PRIMARY,202604159862543189
IL-08,D,2026,H6IL08212,C00903922,2026-01-01T00:00:00,2026-02-25T00:00:00,769945.0,1208753.2,134504.59,PRE-PRIMARY,202606239874232057
IL-08,D,2026,H6IL08212,C00903922,2026-01-01T00:00:00,2026-02-25T00:00:00,769945.0,1174491.88,168765.91,PRE-PRIMARY,202603059837895503
IL-08,D,2026,H6IL08212,C00903922,2025-10-01T00:00:00,2025-12-31T00:00:00,462840.73,385134.32,573312.79,YEAR-END,202603259856841561
IL-08,D,2026,H6IL08212,C00903922,2025-10-01T00:00:00,2025-12-31T00:00:00,462840.73,385134.32,573312.79,YEAR-END,202606239874231917
IL-08,D,2026,H6IL08212,C00903922,2025-10-01T00:00:00,2025-12-31T00:00:00,462840.73,385134.32,573312.79,YEAR-END,202601319808549670
IL-08,D,2026,H6IL08212,C00903922,2025-07-01T00:00:00,2025-09-30T00:00:00,234998.61,219685.28,495606.38,OCTOBER QUARTERLY,202510159791442667
IL-08,D,2026,H6IL08212,C00903922,2025-07-01T00:00:00,2025-09-30T00:00:00,234998.61,219685.28,495606.38,OCTOBER QUARTERLY,202603259856841361
IL-08,D,2026,H6IL08212,C00903922,2025-04-01T00:00:00,2025-06-30T00:00:00,515793.7,35500.65,480293.05,JULY QUARTERLY,202507159763540801
WI-03,R,2026,H0WI03175,C00742007,2026-04-01T00:00:00,2026-06-30T00:00:00,1611631.33,735844.68,4684610.27,JULY QUARTERLY,202607159890631346
WI-03,R,2026,H0WI03175,C00742007,2026-04-01T00:00:00,2026-06-30T00:00:00,1611631.33,735844.68,4684610.27,JULY QUARTERLY,202607169890840264
WI-03,R,2026,H0WI03175,C00742007,2026-01-01T00:00:00,2026-03-31T00:00:00,1329456.92,255359.42,3808823.62,APRIL QUARTERLY,202604159863000158
WI-03,R,2026,H0WI03175,C00742007,2025-10-01T00:00:00,2025-12-31T00:00:00,931453.0,461156.13,2734726.12,YEAR-END,202601319808803506
WI-03,R,2026,H0WI03175,C00742007,2025-07-01T00:00:00,2025-09-30T00:00:00,1032337.81,443660.63,2264429.25,OCTOBER QUARTERLY,202510159791525638
WI-03,R,2026,H0WI03175,C00742007,2025-04-01T00:00:00,2025-06-30T00:00:00,1253227.54,772056.42,1675752.07,JULY QUARTERLY,202507159763453288
WI-03,R,2026,H0WI03175,C00742007,2025-01-01T00:00:00,2025-03-31T00:00:00,1131039.51,453264.62,1194580.95,APRIL QUARTERLY,202504159756033181
NY-21,D,2026,H6NY21199,C00893776,2026-06-04T00:00:00,2026-06-30T00:00:00,449513.8,113809.83,2622584.95,JULY QUARTERLY,202607159875371183
NY-21,D,2026,H6NY21199,C00893776,2026-04-01T00:00:00,2026-06-03T00:00:00,354879.71,536674.51,2286880.98,PRE-PRIMARY,202607149875016732
NY-21,D,2026,H6NY21199,C00893776,2026-04-01T00:00:00,2026-06-03T00:00:00,354879.71,536674.51,2286880.98,PRE-PRIMARY,202606119870649444
NY-21,D,2026,H6NY21199,C00893776,2026-01-01T00:00:00,2026-03-31T00:00:00,605277.98,351690.53,2468675.78,APRIL QUARTERLY,202607149874971211
NY-21,D,2026,H6NY21199,C00893776,2026-01-01T00:00:00,2026-03-31T00:00:00,605277.98,351690.53,2468675.78,APRIL QUARTERLY,202604159863066020
NY-21,D,2026,H6NY21199,C00893776,2025-10-01T00:00:00,2025-12-31T00:00:00,382619.4,253077.86,2215088.33,YEAR-END,202607149874969238
NY-21,D,2026,H6NY21199,C00893776,2025-10-01T00:00:00,2025-12-31T00:00:00,382619.4,253077.86,2215088.33,YEAR-END,202601319808864206
NY-21,D,2026,H6NY21199,C00893776,2025-07-01T00:00:00,2025-09-30T00:00:00,375197.08,251300.1,2085546.79,OCTOBER QUARTERLY,202510159791292282
NY-21,D,2026,H6NY21199,C00893776,2025-07-01T00:00:00,2025-09-30T00:00:00,375197.08,251300.1,2085546.79,OCTOBER QUARTERLY,202607149874945745
NY-21,D,2026,H6NY21199,C00893776,2025-04-01T00:00:00,2025-06-30T00:00:00,212604.92,273871.88,1961649.81,JULY QUARTERLY,202607139874938600
NY-21,D,2026,H6NY21199,C00893776,2025-04-01T00:00:00,2025-06-30T00:00:00,212604.92,273871.88,1961649.81,JULY QUARTERLY,202507159763418960
NY-21,D,2026,H6NY21199,C00893776,2025-01-01T00:00:00,2025-03-31T00:00:00,3081435.32,1310860.04,2022916.77,APRIL QUARTERLY,202607139874921497
NY-21,D,2026,H6NY21199,C00893776,2025-01-01T00:00:00,2025-03-31T00:00:00,3081435.32,1310860.04,2022916.77,APRIL QUARTERLY,202504159756041125
FL-06,R,2026,H6FL06258,C00893271,2026-04-01T00:00:00,2026-06-30T00:00:00,517049.34,129789.56,1148821.27,JULY QUARTERLY,202607159875769935
FL-06,R,2026,H6FL06258,C00893271,2026-01-01T00:00:00,2026-03-31T00:00:00,200529.45,75243.09,761561.49,APRIL QUARTERLY,202604159857599290
FL-06,R,2026,H6FL06258,C00893271,2025-10-01T00:00:00,2025-12-31T00:00:00,314529.51,71369.57,636275.13,YEAR-END,202601309795253254
FL-06,R,2026,H6FL06258,C00893271,2025-07-01T00:00:00,2025-09-30T00:00:00,223340.87,210853.05,393115.19,OCTOBER QUARTERLY,202510159791480703
FL-06,R,2026,H6FL06258,C00893271,2025-04-22T00:00:00,2025-06-30T00:00:00,414060.99,127504.31,380627.37,JULY QUARTERLY,202507159763383539
FL-06,R,2026,H6FL06258,C00893271,2025-04-01T00:00:00,2025-04-21T00:00:00,62017.19,406233.12,94070.69,POST-SPECIAL,202505019758905343
FL-06,R,2026,H6FL06258,C00893271,2025-03-13T00:00:00,2025-03-31T00:00:00,1517085.41,1171491.98,438286.62,APRIL QUARTERLY,202504159755659831
FL-06,R,2026,H6FL06258,C00893271,2025-01-09T00:00:00,2025-03-12T00:00:00,560746.97,710529.24,92693.19,PRE-SPECIAL,202503209754322708
FL-06,R,2026,H6FL06258,C00893271,2024-11-26T00:00:00,2025-01-08T00:00:00,426712.07,184236.61,242475.46,PRE-SPECIAL,202501169740192129
FL-06,R,2026,H6FL06258,C00893271,2024-11-26T00:00:00,2025-01-08T00:00:00,426712.07,184236.61,242475.46,PRE-SPECIAL,202503039754019490
CA-07,D,2026,H6CA05195,C00409219,2026-05-14T00:00:00,2026-06-30T00:00:00,232412.17,1156732.59,467455.75,JULY QUARTERLY,202607159875783299
CA-07,D,2026,H6CA05195,C00409219,2026-04-01T00:00:00,2026-05-13T00:00:00,1616525.08,1274718.59,1391776.17,PRE-PRIMARY,202605219870269896
CA-07,D,2026,H6CA05195,C00409219,2026-01-01T00:00:00,2026-03-31T00:00:00,597331.86,332687.31,1049969.68,APRIL QUARTERLY,202604159862421706
CA-07,D,2026,H6CA05195,C00409219,2025-10-01T00:00:00,2025-12-31T00:00:00,227501.0,59337.04,785325.13,YEAR-END,202601319795515053
CA-07,D,2026,H6CA05195,C00409219,2025-07-01T00:00:00,2025-09-30T00:00:00,152103.28,54801.58,617161.17,OCTOBER QUARTERLY,202510159791108602
CA-07,D,2026,H6CA05195,C00409219,2025-04-01T00:00:00,2025-06-30T00:00:00,235247.0,74289.01,519859.47,JULY QUARTERLY,202507159762964277
CA-07,D,2026,H6CA05195,C00409219,2025-01-01T00:00:00,2025-03-31T00:00:00,130967.0,78734.32,358901.48,APRIL QUARTERLY,202504159755370219
OK-04,R,2026,H2OK04055,C00379735,2026-05-28T00:00:00,2026-06-30T00:00:00,235510.05,209051.77,2599732.95,JULY QUARTERLY,202607159875892622
OK-04,R,2026,H2OK04055,C00379735,2026-04-01T00:00:00,2026-05-27T00:00:00,381774.62,604159.6,2573274.67,PRE-PRIMARY,202606049870428425
OK-04,R,2026,H2OK04055,C00379735,2026-01-01T00:00:00,2026-03-31T00:00:00,765575.56,470702.28,2795659.65,APRIL QUARTERLY,202604159862419352
OK-04,R,2026,H2OK04055,C00379735,2025-10-01T00:00:00,2025-12-31T00:00:00,265800.29,361940.08,2500786.37,YEAR-END,202601319808492438
OK-04,R,2026,H2OK04055,C00379735,2025-07-01T00:00:00,2025-09-30T00:00:00,543635.43,447130.14,2596926.16,OCTOBER QUARTERLY,202510159791450069
OK-04,R,2026,H2OK04055,C00379735,2025-04-01T00:00:00,2025-06-30T00:00:00,882476.73,425668.06,2500420.87,JULY QUARTERLY,202507159763443797
OK-04,R,2026,H2OK04055,C00379735,2025-01-01T00:00:00,2025-03-31T00:00:00,753118.68,489779.91,2043612.2,APRIL QUARTERLY,202504159755797915
FL-21,R,2026,H6FL18097,C00632257,2026-04-01T00:00:00,2026-06-30T00:00:00,985626.46,636026.2,2903162.18,JULY QUARTERLY,202607099874819650
FL-21,R,2026,H6FL18097,C00632257,2026-01-01T00:00:00,2026-03-31T00:00:00,736161.43,484153.7,2553561.92,APRIL QUARTERLY,202604099857045495
FL-21,R,2026,H6FL18097,C00632257,2025-10-01T00:00:00,2025-12-31T00:00:00,633460.93,538684.43,2301554.19,YEAR-END,202601139793964014
FL-21,R,2026,H6FL18097,C00632257,2025-07-01T00:00:00,2025-09-30T00:00:00,631384.91,440128.41,2206777.69,OCTOBER QUARTERLY,202510159790948287
FL-21,R,2026,H6FL18097,C00632257,2025-04-01T00:00:00,2025-06-30T00:00:00,697417.76,519638.57,2015521.19,JULY QUARTERLY,202507149762819745
FL-21,R,2026,H6FL18097,C00632257,2025-01-01T00:00:00,2025-03-31T00:00:00,405980.4,339616.06,1837742.0,APRIL QUARTERLY,202504049755049843
TX-26,R,2026,H4TX26149,C00857359,2026-04-01T00:00:00,2026-06-30T00:00:00,1118037.71,717439.16,1411512.35,JULY QUARTERLY,202607159875228607
TX-26,R,2026,H4TX26149,C00857359,2026-02-12T00:00:00,2026-03-31T00:00:00,675627.85,290651.75,1010913.8,APRIL QUARTERLY,202605059866807803
TX-26,R,2026,H4TX26149,C00857359,2026-02-12T00:00:00,2026-03-31T00:00:00,675627.85,290651.75,1010913.8,APRIL QUARTERLY,202604159862609150
TX-26,R,2026,H4TX26149,C00857359,2026-01-01T00:00:00,2026-02-11T00:00:00,440561.89,351105.93,625937.7,PRE-PRIMARY,202602199834796841
TX-26,R,2026,H4TX26149,C00857359,2025-10-01T00:00:00,2025-12-31T00:00:00,744776.69,976777.13,536481.74,YEAR-END,202601319808504773
TX-26,R,2026,H4TX26149,C00857359,2025-07-01T00:00:00,2025-09-30T00:00:00,952882.62,471756.85,768482.18,OCTOBER QUARTERLY,202510159791387065
TX-26,R,2026,H4TX26149,C00857359,2025-04-01T00:00:00,2025-06-30T00:00:00,208807.83,63608.86,287356.41,JULY QUARTERLY,202507159763382881
TX-26,R,2026,H4TX26149,C00857359,2025-01-01T00:00:00,2025-03-31T00:00:00,76518.7,62184.66,142157.44,APRIL QUARTERLY,202504159755807910
MO-01,D,2026,H4MO01134,C00842336,2026-07-01T00:00:00,2026-07-15T00:00:00,266529.98,1080462.41,1094094.47,PRE-PRIMARY,202607239894446143
MO-01,D,2026,H4MO01134,C00842336,2026-04-01T00:00:00,2026-06-30T00:00:00,1391422.52,720666.66,1908026.9,JULY QUARTERLY,202607159890682302
MO-01,D,2026,H4MO01134,C00842336,2026-01-01T00:00:00,2026-03-31T00:00:00,631202.86,241769.6,1237271.04,APRIL QUARTERLY,202604159863102228
MO-01,D,2026,H4MO01134,C00842336,2025-10-01T00:00:00,2025-12-31T00:00:00,453978.21,206714.69,847837.78,YEAR-END,202601309795216965
MO-01,D,2026,H4MO01134,C00842336,2025-07-01T00:00:00,2025-09-30T00:00:00,132942.4,175044.31,600574.26,OCTOBER QUARTERLY,202601299794441701
MO-01,D,2026,H4MO01134,C00842336,2025-07-01T00:00:00,2025-09-30T00:00:00,132942.4,175044.31,600574.26,OCTOBER QUARTERLY,202510159791365715
MO-01,D,2026,H4MO01134,C00842336,2025-04-01T00:00:00,2025-06-30T00:00:00,262245.1,199827.18,642676.17,JULY QUARTERLY,202507159763068853
MO-01,D,2026,H4MO01134,C00842336,2025-01-01T00:00:00,2025-03-31T00:00:00,423390.79,277053.43,580258.25,APRIL QUARTERLY,202504159755567677
IA-01,R,2026,H8IA02043,C00558825,2026-05-14T00:00:00,2026-06-30T00:00:00,1027858.3,591742.08,4691480.55,JULY QUARTERLY,202607159875358125
IA-01,R,2026,H8IA02043,C00558825,2026-04-01T00:00:00,2026-05-13T00:00:00,431646.43,493467.74,4255364.33,PRE-PRIMARY,202607079874796718
IA-01,R,2026,H8IA02043,C00558825,2026-04-01T00:00:00,2026-05-13T00:00:00,423146.43,493467.74,4246864.33,PRE-PRIMARY,202605219870204017
IA-01,R,2026,H8IA02043,C00558825,2026-01-01T00:00:00,2026-03-31T00:00:00,1493755.81,527609.66,4317185.64,APRIL QUARTERLY,202604159857757143
IA-01,R,2026,H8IA02043,C00558825,2025-10-01T00:00:00,2025-12-31T00:00:00,1098178.59,386586.79,3351039.49,YEAR-END,202601319825751466
IA-01,R,2026,H8IA02043,C00558825,2025-07-01T00:00:00,2025-09-30T00:00:00,833326.46,305099.64,2644635.14,OCTOBER QUARTERLY,202510309792071620
IA-01,R,2026,H8IA02043,C00558825,2025-07-01T00:00:00,2025-09-30T00:00:00,806731.05,305099.64,2618039.73,OCTOBER QUARTERLY,202510179791640622
IA-01,R,2026,H8IA02043,C00558825,2025-07-01T00:00:00,2025-09-30T00:00:00,828139.01,305099.64,2639447.69,OCTOBER QUARTERLY,202512239793856307
IA-01,R,2026,H8IA02043,C00558825,2025-07-01T00:00:00,2025-09-30T00:00:00,806731.05,305099.64,2618039.73,OCTOBER QUARTERLY,202510159791443979
IA-01,R,2026,H8IA02043,C00558825,2025-04-01T00:00:00,2025-06-30T00:00:00,1310323.72,299579.68,1992818.2,JULY QUARTERLY,202507199763720114
IA-01,R,2026,H8IA02043,C00558825,2025-04-01T00:00:00,2025-06-30T00:00:00,1310323.72,299579.68,2051260.38,JULY QUARTERLY,202507159763186549
IA-01,R,2026,H8IA02043,C00558825,2025-04-01T00:00:00,2025-06-30T00:00:00,1310323.72,299579.68,2116408.32,JULY QUARTERLY,202512239793855477
IA-01,R,2026,H8IA02043,C00558825,2025-04-01T00:00:00,2025-06-30T00:00:00,1310323.72,299579.68,2116408.32,JULY QUARTERLY,202507229764199083
IA-01,R,2026,H8IA02043,C00558825,2025-01-01T00:00:00,2025-03-31T00:00:00,1018369.49,286448.61,982074.16,APRIL QUARTERLY,202507199763719715
IA-01,R,2026,H8IA02043,C00558825,2025-01-01T00:00:00,2025-03-31T00:00:00,1018369.49,286448.61,1040516.34,APRIL QUARTERLY,202506249762533229
IA-01,R,2026,H8IA02043,C00558825,2025-01-01T00:00:00,2025-03-31T00:00:00,1016692.79,230882.5,1094405.75,APRIL QUARTERLY,202505209761472613
IA-01,R,2026,H8IA02043,C00558825,2025-01-01T00:00:00,2025-03-31T00:00:00,1018369.49,286448.61,1045071.47,APRIL QUARTERLY,202504159755390093
IA-01,R,2026,H8IA02043,C00558825,2025-01-01T00:00:00,2025-03-31T00:00:00,1018369.49,286448.61,1105664.28,APRIL QUARTERLY,202507229764198687
IA-01,R,2026,H8IA02043,C00558825,2025-01-01T00:00:00,2025-03-31T00:00:00,1018369.49,286448.61,1105664.28,APRIL QUARTERLY,202511249793330163
TX-08,R,2026,H6TX08233,C00921890,2026-02-12T00:00:00,2026-03-31T00:00:00,401093.07,437605.02,0.0,APRIL QUARTERLY,202604159857742216
TX-08,R,2026,H6TX08233,C00921890,2026-02-12T00:00:00,2026-03-31T00:00:00,401093.07,437605.02,0.0,APRIL QUARTERLY,202604229866667961
TX-08,R,2026,H6TX08233,C00921890,2026-01-01T00:00:00,2026-02-11T00:00:00,847117.65,1223646.04,36511.95,PRE-PRIMARY,202602199834780263
TX-08,R,2026,H6TX08233,C00921890,2025-10-02T00:00:00,2025-12-31T00:00:00,1612228.89,1199188.55,413040.34,YEAR-END,202601319795577827
AR-02,R,2026,H4AR02141,C00551275,2026-04-01T00:00:00,2026-06-30T00:00:00,631398.41,325888.07,2967541.43,JULY QUARTERLY,202607159875938891
AR-02,R,2026,H4AR02141,C00551275,2026-02-12T00:00:00,2026-03-31T00:00:00,557502.52,348970.39,2662031.09,APRIL QUARTERLY,202604159862883473
AR-02,R,2026,H4AR02141,C00551275,2026-01-01T00:00:00,2026-02-11T00:00:00,110315.44,409516.12,2453498.96,PRE-PRIMARY,202602199834777228
AR-02,R,2026,H4AR02141,C00551275,2025-10-01T00:00:00,2025-12-31T00:00:00,722484.89,632131.54,2752699.64,YEAR-END,202601319795584332
AR-02,R,2026,H4AR02141,C00551275,2025-07-01T00:00:00,2025-09-30T00:00:00,684929.3,408880.43,2662346.29,OCTOBER QUARTERLY,202510159791452647
AR-02,R,2026,H4AR02141,C00551275,2025-04-01T00:00:00,2025-06-30T00:00:00,684997.5,327408.53,2386297.42,JULY QUARTERLY,202507169763549810
AR-02,R,2026,H4AR02141,C00551275,2025-01-01T00:00:00,2025-03-31T00:00:00,1029881.87,377525.61,2028708.45,APRIL QUARTERLY,202504159755639943
NJ-07,D,2026,H6NJ07201,C00897165,2026-05-14T00:00:00,2026-06-30T00:00:00,1327895.97,646270.17,1445694.05,JULY QUARTERLY,202607159875479473
NJ-07,D,2026,H6NJ07201,C00897165,2026-04-01T00:00:00,2026-05-13T00:00:00,288135.39,950462.19,764068.25,PRE-PRIMARY,202605219870211593
NJ-07,D,2026,H6NJ07201,C00897165,2026-01-01T00:00:00,2026-03-31T00:00:00,712027.79,458325.86,1426395.05,APRIL QUARTERLY,202604159857761656
NJ-07,D,2026,H6NJ07201,C00897165,2025-10-01T00:00:00,2025-12-31T00:00:00,552433.66,302497.68,1172693.12,YEAR-END,202601319795565397
NJ-07,D,2026,H6NJ07201,C00897165,2025-07-01T00:00:00,2025-09-30T00:00:00,477693.72,227153.99,922757.14,OCTOBER QUARTERLY,202510159791298101
NJ-07,D,2026,H6NJ07201,C00897165,2025-04-01T00:00:00,2025-06-30T00:00:00,487128.92,187614.19,672217.41,JULY QUARTERLY,202507159763434535
NJ-07,D,2026,H6NJ07201,C00897165,2025-01-01T00:00:00,2025-03-31T00:00:00,426718.3,54015.62,372702.68,APRIL QUARTERLY,202504149755301911
FL-01,R,2026,H6FL01390,C00893594,2026-04-01T00:00:00,2026-06-30T00:00:00,471297.14,190026.26,788386.48,JULY QUARTERLY,202607159875062619
FL-01,R,2026,H6FL01390,C00893594,2026-01-01T00:00:00,2026-03-31T00:00:00,192087.16,80685.91,507115.6,APRIL QUARTERLY,202604159857265478
FL-01,R,2026,H6FL01390,C00893594,2025-10-01T00:00:00,2025-12-31T00:00:00,126269.64,130811.22,395714.35,YEAR-END,202601309794555668
FL-01,R,2026,H6FL01390,C00893594,2025-07-01T00:00:00,2025-09-30T00:00:00,185886.87,145310.97,400255.93,OCTOBER QUARTERLY,202510159791305401
FL-01,R,2026,H6FL01390,C00893594,2025-04-22T00:00:00,2025-06-30T00:00:00,97010.97,161997.31,359680.03,JULY QUARTERLY,202507159763290139
FL-01,R,2026,H6FL01390,C00893594,2025-04-01T00:00:00,2025-04-21T00:00:00,42896.87,142346.64,424666.37,POST-SPECIAL,202505019758904029
FL-01,R,2026,H6FL01390,C00893594,2025-04-01T00:00:00,2025-04-21T00:00:00,42896.87,142346.64,424666.37,POST-SPECIAL,202505059759024733
FL-01,R,2026,H6FL01390,C00893594,2025-03-13T00:00:00,2025-03-31T00:00:00,361515.57,651984.51,524116.14,APRIL QUARTERLY,202505059759024451
FL-01,R,2026,H6FL01390,C00893594,2025-03-13T00:00:00,2025-03-31T00:00:00,361490.57,651959.51,524116.14,APRIL QUARTERLY,202504159755659538
FL-01,R,2026,H6FL01390,C00893594,2025-01-09T00:00:00,2025-03-12T00:00:00,1154045.71,1050212.85,814585.08,PRE-SPECIAL,202503209754321227
FL-01,R,2026,H6FL01390,C00893594,2025-01-09T00:00:00,2025-03-12T00:00:00,1154045.71,1050212.85,814585.08,PRE-SPECIAL,202504309758897843
FL-01,R,2026,H6FL01390,C00893594,2024-12-03T00:00:00,2025-01-08T00:00:00,972363.8,261611.58,710752.22,PRE-SPECIAL,202501169740192581
FL-01,R,2026,H6FL01390,C00893594,2024-12-03T00:00:00,2025-01-08T00:00:00,972363.8,261611.58,710752.22,PRE-SPECIAL,202503039754016354
WA-07,D,2026,H6WA07458,C00605592,2026-07-01T00:00:00,2026-07-15T00:00:00,28518.47,146450.43,1766785.64,PRE-PRIMARY,202607239894443742
WA-07,D,2026,H6WA07458,C00605592,2026-04-01T00:00:00,2026-06-30T00:00:00,460079.56,549295.74,1884717.6,JULY QUARTERLY,202607159875669119
WA-07,D,2026,H6WA07458,C00605592,2026-01-01T00:00:00,2026-03-31T00:00:00,465735.51,471703.85,1973933.78,APRIL QUARTERLY,202604159857710901
WA-07,D,2026,H6WA07458,C00605592,2025-10-01T00:00:00,2025-12-31T00:00:00,267151.47,367665.17,1979902.12,YEAR-END,202601299794369941
WA-07,D,2026,H6WA07458,C00605592,2025-07-01T00:00:00,2025-09-30T00:00:00,310738.09,425520.0,2080415.82,OCTOBER QUARTERLY,202510149790786738
WA-07,D,2026,H6WA07458,C00605592,2025-04-01T00:00:00,2025-06-30T00:00:00,609225.22,477913.61,2195197.73,JULY QUARTERLY,202507159762871999
WA-07,D,2026,H6WA07458,C00605592,2025-01-01T00:00:00,2025-03-31T00:00:00,361367.44,310206.09,2063886.12,APRIL QUARTERLY,202504159755358156
FL-19,R,2026,H6FL19129,C00898973,2026-04-01T00:00:00,2026-06-30T00:00:00,957821.23,1312464.86,2609955.1,JULY QUARTERLY,202607159875371832
FL-19,R,2026,H6FL19129,C00898973,2026-01-01T00:00:00,2026-03-31T00:00:00,1002409.69,979920.83,2964598.73,APRIL QUARTERLY,202605289870318985
FL-19,R,2026,H6FL19129,C00898973,2026-01-01T00:00:00,2026-03-31T00:00:00,1002409.69,979920.83,2964598.73,APRIL QUARTERLY,202604229866668190
FL-19,R,2026,H6FL19129,C00898973,2026-01-01T00:00:00,2026-03-31T00:00:00,94527.46,671861.44,2364775.89,APRIL QUARTERLY,202604169863124069
FL-19,R,2026,H6FL19129,C00898973,2025-10-01T00:00:00,2025-12-31T00:00:00,678671.28,141691.23,2942109.87,YEAR-END,202602049825917058
FL-19,R,2026,H6FL19129,C00898973,2025-10-01T00:00:00,2025-12-31T00:00:00,678671.28,141691.23,2942109.87,YEAR-END,202604029856932940
FL-19,R,2026,H6FL19129,C00898973,2025-10-01T00:00:00,2025-12-31T00:00:00,678671.28,141691.23,2942109.87,YEAR-END,202603309856889381
FL-19,R,2026,H6FL19129,C00898973,2025-10-01T00:00:00,2025-12-31T00:00:00,672564.04,137624.85,2940069.01,YEAR-END,202601299794443228
FL-19,R,2026,H6FL19129,C00898973,2025-07-01T00:00:00,2025-09-30T00:00:00,561439.33,85498.65,2405129.82,OCTOBER QUARTERLY,202510179791638694
FL-19,R,2026,H6FL19129,C00898973,2025-07-01T00:00:00,2025-09-30T00:00:00,547689.33,85498.65,2391379.82,OCTOBER QUARTERLY,202510159791521441
FL-19,R,2026,H6FL19129,C00898973,2025-04-01T00:00:00,2025-06-30T00:00:00,104850.28,189285.15,1929189.14,JULY QUARTERLY,202509049789840579
FL-19,R,2026,H6FL19129,C00898973,2025-04-01T00:00:00,2025-06-30T00:00:00,104850.28,189285.15,1929189.14,JULY QUARTERLY,202507159762969892
FL-19,R,2026,H6FL19129,C00898973,2025-01-01T00:00:00,2025-03-31T00:00:00,2013625.0,0.99,2013624.01,APRIL QUARTERLY,202504159755650438
CA-40,D,2026,H6CA40309,C00894915,2026-05-14T00:00:00,2026-06-30T00:00:00,81074.3,91562.85,254688.54,JULY QUARTERLY,202607159875205749
CA-40,D,2026,H6CA40309,C00894915,2026-04-01T00:00:00,2026-05-13T00:00:00,118656.46,1003011.44,265577.09,PRE-PRIMARY,202605219870241341
CA-40,D,2026,H6CA40309,C00894915,2026-04-01T00:00:00,2026-05-13T00:00:00,118256.46,1003011.44,265177.09,PRE-PRIMARY,202607159875146010
CA-40,D,2026,H6CA40309,C00894915,2026-01-01T00:00:00,2026-03-31T00:00:00,351162.08,362847.3,1149932.07,APRIL QUARTERLY,202605219870246885
CA-40,D,2026,H6CA40309,C00894915,2026-01-01T00:00:00,2026-03-31T00:00:00,351162.08,362847.3,1149932.07,APRIL QUARTERLY,202604159862358702
CA-40,D,2026,H6CA40309,C00894915,2025-10-01T00:00:00,2025-12-31T00:00:00,244331.34,314566.16,1161617.29,YEAR-END,202601319795377677
CA-40,D,2026,H6CA40309,C00894915,2025-10-01T00:00:00,2025-12-31T00:00:00,244331.34,314566.16,1161617.29,YEAR-END,202605219870245423
CA-40,D,2026,H6CA40309,C00894915,2025-07-01T00:00:00,2025-09-30T00:00:00,529818.87,604286.88,1231852.11,OCTOBER QUARTERLY,202512199793612308
CA-40,D,2026,H6CA40309,C00894915,2025-07-01T00:00:00,2025-09-30T00:00:00,529818.87,604286.88,1231852.11,OCTOBER QUARTERLY,202510159790946720
CA-40,D,2026,H6CA40309,C00894915,2025-04-01T00:00:00,2025-06-30T00:00:00,612465.87,231347.81,1308999.98,JULY QUARTERLY,202507159763221021
CA-40,D,2026,H6CA40309,C00894915,2025-04-01T00:00:00,2025-06-30T00:00:00,609786.01,231347.81,1306320.12,JULY QUARTERLY,202510159790915368
CA-40,D,2026,H6CA40309,C00894915,2025-04-01T00:00:00,2025-06-30T00:00:00,609786.01,231347.81,1306320.12,JULY QUARTERLY,202605219870244862
CA-40,D,2026,H6CA40309,C00894915,2025-01-01T00:00:00,2025-03-31T00:00:00,1006245.12,78363.2,927881.92,APRIL QUARTERLY,202504159755647507
PA-08,R,2026,H4PA08124,C00852137,2026-04-30T00:00:00,2026-06-30T00:00:00,714963.36,380207.81,2608048.04,JULY QUARTERLY,202607159880542680
PA-08,R,2026,H4PA08124,C00852137,2026-04-01T00:00:00,2026-04-29T00:00:00,314809.44,255649.2,2273292.49,PRE-PRIMARY,202605079866887236
PA-08,R,2026,H4PA08124,C00852137,2026-01-01T00:00:00,2026-03-31T00:00:00,1206419.0,429424.34,2214132.25,APRIL QUARTERLY,202604159857584183
PA-08,R,2026,H4PA08124,C00852137,2025-10-01T00:00:00,2025-12-31T00:00:00,675972.23,311865.29,1437137.59,YEAR-END,202601309794737536
PA-08,R,2026,H4PA08124,C00852137,2025-07-01T00:00:00,2025-09-30T00:00:00,598232.74,387095.8,1073030.65,OCTOBER QUARTERLY,202510159791189653
PA-08,R,2026,H4PA08124,C00852137,2025-04-01T00:00:00,2025-06-30T00:00:00,891413.52,744793.17,861893.71,JULY QUARTERLY,202507159762925801
PA-08,R,2026,H4PA08124,C00852137,2025-01-01T00:00:00,2025-03-31T00:00:00,832775.64,170654.65,715273.36,APRIL QUARTERLY,202504159755514052
PA-08,R,2026,H4PA08124,C00852137,2025-01-01T00:00:00,2025-03-31T00:00:00,832775.64,170654.65,715273.36,APRIL QUARTERLY,202504309758895720
PA-08,R,2026,H4PA08124,C00852137,2025-01-01T00:00:00,2025-03-31T00:00:00,832775.64,170654.65,715273.36,APRIL QUARTERLY,202504309758895339
PA-08,R,2026,H4PA08124,C00852137,2025-01-01T00:00:00,2025-03-31T00:00:00,832775.64,170654.65,715273.36,APRIL QUARTERLY,202506069761868024
TX-11,R,2026,H0TX11230,C00719294,2026-04-01T00:00:00,2026-06-30T00:00:00,539972.9,429827.42,2881724.29,JULY QUARTERLY,202607159875730357
TX-11,R,2026,H0TX11230,C00719294,2026-02-12T00:00:00,2026-03-31T00:00:00,428017.32,347514.46,2771578.81,APRIL QUARTERLY,202604159857782946
TX-11,R,2026,H0TX11230,C00719294,2026-01-01T00:00:00,2026-02-11T00:00:00,51873.89,194355.01,2691075.95,PRE-PRIMARY,202602199834784408
TX-11,R,2026,H0TX11230,C00719294,2025-10-01T00:00:00,2025-12-31T00:00:00,318144.46,392538.01,2833557.07,YEAR-END,202601309794996320
TX-11,R,2026,H0TX11230,C00719294,2025-07-01T00:00:00,2025-09-30T00:00:00,358960.47,436624.66,2907950.62,OCTOBER QUARTERLY,202510159791012902
TX-11,R,2026,H0TX11230,C00719294,2025-04-01T00:00:00,2025-06-30T00:00:00,688644.0,429943.27,2985614.81,JULY QUARTERLY,202507159763188320
TX-11,R,2026,H0TX11230,C00719294,2025-01-01T00:00:00,2025-03-31T00:00:00,803410.05,400601.51,2726914.08,APRIL QUARTERLY,202504159755510668
VA-02,R,2026,H2VA02064,C00776120,2026-07-01T00:00:00,2026-07-15T00:00:00,110908.61,311351.19,3391740.42,PRE-PRIMARY,202607239894421752
VA-02,R,2026,H2VA02064,C00776120,2026-04-01T00:00:00,2026-06-30T00:00:00,1097396.14,536123.97,3592183.0,JULY QUARTERLY,202607159875199045
VA-02,R,2026,H2VA02064,C00776120,2026-01-01T00:00:00,2026-03-31T00:00:00,1167597.89,454599.71,3030910.83,APRIL QUARTERLY,202604159857318492
VA-02,R,2026,H2VA02064,C00776120,2025-10-01T00:00:00,2025-12-31T00:00:00,730006.36,332796.49,2317912.65,YEAR-END,202601319795569884
VA-02,R,2026,H2VA02064,C00776120,2025-07-01T00:00:00,2025-09-30T00:00:00,756318.31,283863.34,1920702.78,OCTOBER QUARTERLY,202510159790882083
VA-02,R,2026,H2VA02064,C00776120,2025-04-01T00:00:00,2025-06-30T00:00:00,931417.96,506204.34,1448247.81,JULY QUARTERLY,202507159762924667
VA-02,R,2026,H2VA02064,C00776120,2025-01-01T00:00:00,2025-03-31T00:00:00,1160692.8,183136.01,1023034.19,APRIL QUARTERLY,202504159755543100
VA-02,R,2026,H2VA02064,C00776120,2025-01-01T00:00:00,2025-03-31T00:00:00,1160692.8,183136.01,1023034.19,APRIL QUARTERLY,202509029789834038
NC-09,R,2026,H2NC08185,C00504522,2026-04-01T00:00:00,2026-06-30T00:00:00,437954.22,639184.08,1335131.81,JULY QUARTERLY,202607159875419732
NC-09,R,2026,H2NC08185,C00504522,2026-02-12T00:00:00,2026-03-31T00:00:00,553854.4,157952.92,1536361.67,APRIL QUARTERLY,202604159857680249
NC-09,R,2026,H2NC08185,C00504522,2026-01-01T00:00:00,2026-02-11T00:00:00,58678.92,96907.51,1140460.19,PRE-PRIMARY,202602199834771072
NC-09,R,2026,H2NC08185,C00504522,2025-10-01T00:00:00,2025-12-31T00:00:00,389823.93,643184.3,1178688.78,YEAR-END,202601309794599375
NC-09,R,2026,H2NC08185,C00504522,2025-07-01T00:00:00,2025-09-30T00:00:00,547680.39,250945.1,1432049.15,OCTOBER QUARTERLY,202510159791119950
NC-09,R,2026,H2NC08185,C00504522,2025-04-01T00:00:00,2025-06-30T00:00:00,560368.0,521486.17,1135313.86,JULY QUARTERLY,202507159762966919
NC-09,R,2026,H2NC08185,C00504522,2025-01-01T00:00:00,2025-03-31T00:00:00,666981.34,202282.6,1096432.03,APRIL QUARTERLY,202504159755386926
IL-02,D,2026,H2IL02172,C00539866,2026-04-01T00:00:00,2026-06-30T00:00:00,0.03,411.76,651.87,JULY QUARTERLY,202607159875071159
IL-02,D,2026,H2IL02172,C00539866,2026-02-26T00:00:00,2026-03-31T00:00:00,1000.0,5514.95,1063.6,APRIL QUARTERLY,202604159857244207
IL-02,D,2026,H2IL02172,C00539866,2026-01-01T00:00:00,2026-02-25T00:00:00,0.06,881.67,5578.55,PRE-PRIMARY,202603059837895145
IL-02,D,2026,H2IL02172,C00539866,2025-10-01T00:00:00,2025-12-31T00:00:00,56.29,5440.4,6460.16,YEAR-END,202601319795586076
IL-02,D,2026,H2IL02172,C00539866,2025-07-01T00:00:00,2025-09-30T00:00:00,30.96,8700.31,11844.27,OCTOBER QUARTERLY,202510159791557672
IL-02,D,2026,H2IL02172,C00539866,2025-04-01T00:00:00,2025-06-30T00:00:00,268964.92,2254845.13,20513.62,JULY QUARTERLY,202507159763324254
IL-02,D,2026,H2IL02172,C00539866,2025-01-01T00:00:00,2025-03-31T00:00:00,186219.43,194936.57,2006393.83,APRIL QUARTERLY,202504159755655350
IL-16,R,2026,H6IL18088,C00575050,2026-04-01T00:00:00,2026-06-30T00:00:00,558930.56,492773.02,6748620.74,JULY QUARTERLY,202607159875212230
IL-16,R,2026,H6IL18088,C00575050,2026-02-26T00:00:00,2026-03-31T00:00:00,472534.24,173785.73,6682463.2,APRIL QUARTERLY,202604159862311022
IL-16,R,2026,H6IL18088,C00575050,2026-01-01T00:00:00,2026-02-25T00:00:00,111717.16,227717.21,6383714.69,PRE-PRIMARY,202604099857045267
IL-16,R,2026,H6IL18088,C00575050,2026-01-01T00:00:00,2026-02-25T00:00:00,111717.16,227717.21,6383714.69,PRE-PRIMARY,202604159857790696
IL-16,R,2026,H6IL18088,C00575050,2026-01-01T00:00:00,2026-02-25T00:00:00,111717.16,227717.21,6383714.69,PRE-PRIMARY,202603059837893833
IL-16,R,2026,H6IL18088,C00575050,2025-10-01T00:00:00,2025-12-31T00:00:00,399663.35,365849.41,6499714.74,YEAR-END,202604099857045024
IL-16,R,2026,H6IL18088,C00575050,2025-10-01T00:00:00,2025-12-31T00:00:00,399663.35,365849.41,6499714.74,YEAR-END,202601309794923575
IL-16,R,2026,H6IL18088,C00575050,2025-10-01T00:00:00,2025-12-31T00:00:00,399663.35,365849.41,6499714.74,YEAR-END,202604159857782252
IL-16,R,2026,H6IL18088,C00575050,2025-07-01T00:00:00,2025-09-30T00:00:00,617240.59,384307.93,6465900.8,OCTOBER QUARTERLY,202510159790859789
IL-16,R,2026,H6IL18088,C00575050,2025-07-01T00:00:00,2025-09-30T00:00:00,617240.59,384307.93,6465900.8,OCTOBER QUARTERLY,202604099857044751
IL-16,R,2026,H6IL18088,C00575050,2025-07-01T00:00:00,2025-09-30T00:00:00,617240.59,384307.93,6465900.8,OCTOBER QUARTERLY,202604159857760642
IL-16,R,2026,H6IL18088,C00575050,2025-04-01T00:00:00,2025-06-30T00:00:00,688213.56,338488.93,6232968.14,JULY QUARTERLY,202604099857034269
IL-16,R,2026,H6IL18088,C00575050,2025-04-01T00:00:00,2025-06-30T00:00:00,688213.56,338488.93,6232968.14,JULY QUARTERLY,202507159762953386
IL-16,R,2026,H6IL18088,C00575050,2025-04-01T00:00:00,2025-06-30T00:00:00,688213.56,338488.93,6232968.14,JULY QUARTERLY,202601069793913925
IL-16,R,2026,H6IL18088,C00575050,2025-04-01T00:00:00,2025-06-30T00:00:00,688213.56,338488.93,6232968.14,JULY QUARTERLY,202604159857742263
IL-16,R,2026,H6IL18088,C00575050,2025-01-01T00:00:00,2025-03-31T00:00:00,824439.5,462479.06,5883243.51,APRIL QUARTERLY,202504159755655095
IL-16,R,2026,H6IL18088,C00575050,2025-01-01T00:00:00,2025-03-31T00:00:00,824439.5,462479.06,5883243.51,APRIL QUARTERLY,202604099857033994
TX-10,R,2026,H6TX10221,C00922062,2026-04-01T00:00:00,2026-06-30T00:00:00,287265.77,430439.14,119626.92,JULY QUARTERLY,202607159875687915
TX-10,R,2026,H6TX10221,C00922062,2026-02-12T00:00:00,2026-03-31T00:00:00,1120156.39,962016.28,262800.29,APRIL QUARTERLY,202604159862272975
TX-10,R,2026,H6TX10221,C00922062,2026-01-01T00:00:00,2026-02-11T00:00:00,105523.28,954689.54,104660.18,PRE-PRIMARY,202602199834771504
TX-10,R,2026,H6TX10221,C00922062,2025-10-01T00:00:00,2025-12-31T00:00:00,1046239.4,92412.96,953826.44,YEAR-END,202605149866963352
TX-10,R,2026,H6TX10221,C00922062,2025-10-01T00:00:00,2025-12-31T00:00:00,1046239.4,92412.96,953826.44,YEAR-END,202601309795224038
PA-10,R,2026,H2PA04135,C00510164,2026-04-30T00:00:00,2026-06-30T00:00:00,779007.57,273927.58,2845975.82,JULY QUARTERLY,202607159875070153
PA-10,R,2026,H2PA04135,C00510164,2026-04-01T00:00:00,2026-04-29T00:00:00,399811.45,354495.8,2340895.83,PRE-PRIMARY,202605079866845749
PA-10,R,2026,H2PA04135,C00510164,2026-01-01T00:00:00,2026-03-31T00:00:00,1135449.7,502360.05,2295580.18,APRIL QUARTERLY,202604159857278060
PA-10,R,2026,H2PA04135,C00510164,2025-10-01T00:00:00,2025-12-31T00:00:00,780031.69,470616.85,1662490.53,YEAR-END,202601309795283976
PA-10,R,2026,H2PA04135,C00510164,2025-07-01T00:00:00,2025-09-30T00:00:00,649483.89,497018.39,1353075.69,OCTOBER QUARTERLY,202510159790862544
PA-10,R,2026,H2PA04135,C00510164,2025-04-01T00:00:00,2025-06-30T00:00:00,885822.29,238735.42,1200610.19,JULY QUARTERLY,202507159762867508
PA-10,R,2026,H2PA04135,C00510164,2025-01-01T00:00:00,2025-03-31T00:00:00,565318.76,93714.42,553523.32,APRIL QUARTERLY,202504159755397551
MO-02,R,2026,H2MO02102,C00495846,2026-07-01T00:00:00,2026-07-15T00:00:00,49971.71,221820.97,4227396.23,PRE-PRIMARY,202607239894446375
MO-02,R,2026,H2MO02102,C00495846,2026-04-01T00:00:00,2026-06-30T00:00:00,592574.6,713154.04,4399245.49,JULY QUARTERLY,202607159875902603
MO-02,R,2026,H2MO02102,C00495846,2026-01-01T00:00:00,2026-03-31T00:00:00,627105.18,333588.2,4519824.93,APRIL QUARTERLY,202604159862419603
MO-02,R,2026,H2MO02102,C00495846,2025-10-01T00:00:00,2025-12-31T00:00:00,554974.87,302215.9,4226307.95,YEAR-END,202601319808405373
MO-02,R,2026,H2MO02102,C00495846,2025-07-01T00:00:00,2025-09-30T00:00:00,542017.76,289191.21,3973548.98,OCTOBER QUARTERLY,202510159791303478
MO-02,R,2026,H2MO02102,C00495846,2025-04-01T00:00:00,2025-06-30T00:00:00,429629.11,309372.52,3720722.43,JULY QUARTERLY,202507159763460488
MO-02,R,2026,H2MO02102,C00495846,2025-01-01T00:00:00,2025-03-31T00:00:00,731821.29,242584.85,3600465.84,APRIL QUARTERLY,202504159755656341
KS-03,D,2026,H8KS03155,C00670034,2026-07-01T00:00:00,2026-07-15T00:00:00,95785.86,67518.09,1724211.89,PRE-PRIMARY,202607239894443179
KS-03,D,2026,H8KS03155,C00670034,2026-04-01T00:00:00,2026-06-30T00:00:00,656845.98,396583.36,1695944.12,JULY QUARTERLY,202607159880538952
KS-03,D,2026,H8KS03155,C00670034,2026-01-01T00:00:00,2026-03-31T00:00:00,614825.01,452179.86,1435681.5,APRIL QUARTERLY,202604159857795531
KS-03,D,2026,H8KS03155,C00670034,2025-10-01T00:00:00,2025-12-31T00:00:00,729313.88,457500.07,1273036.35,YEAR-END,202601319795536162
KS-03,D,2026,H8KS03155,C00670034,2025-07-01T00:00:00,2025-09-30T00:00:00,680279.74,388454.9,1001222.54,OCTOBER QUARTERLY,202510159790904696
KS-03,D,2026,H8KS03155,C00670034,2025-04-01T00:00:00,2025-06-30T00:00:00,548741.75,334683.98,709397.7,JULY QUARTERLY,202507159763434893
KS-03,D,2026,H8KS03155,C00670034,2025-01-01T00:00:00,2025-03-31T00:00:00,364647.71,272563.57,495339.93,APRIL QUARTERLY,202507149762812955
KS-03,D,2026,H8KS03155,C00670034,2025-01-01T00:00:00,2025-03-31T00:00:00,364647.71,272563.57,495339.93,APRIL QUARTERLY,202504159755631789
IL-14,D,2026,H8IL14174,C00652719,2026-04-01T00:00:00,2026-06-30T00:00:00,456291.44,675598.55,1106564.38,JULY QUARTERLY,202607159875107716
IL-14,D,2026,H8IL14174,C00652719,2026-02-26T00:00:00,2026-03-31T00:00:00,241362.4,89503.62,1325871.49,APRIL QUARTERLY,202604159857527284
IL-14,D,2026,H8IL14174,C00652719,2026-02-26T00:00:00,2026-03-31T00:00:00,241362.4,89503.62,1325871.49,APRIL QUARTERLY,202606109870556432
IL-14,D,2026,H8IL14174,C00652719,2026-01-01T00:00:00,2026-02-25T00:00:00,147719.58,144131.91,1174012.71,PRE-PRIMARY,202606109870555987
IL-14,D,2026,H8IL14174,C00652719,2026-01-01T00:00:00,2026-02-25T00:00:00,147719.58,144131.91,1174012.71,PRE-PRIMARY,202603059837892085
IL-14,D,2026,H8IL14174,C00652719,2025-10-01T00:00:00,2025-12-31T00:00:00,310555.88,388893.09,1170425.04,YEAR-END,202601309794643222
IL-14,D,2026,H8IL14174,C00652719,2025-10-01T00:00:00,2025-12-31T00:00:00,310555.88,388893.09,1170425.04,YEAR-END,202605059866803660
IL-14,D,2026,H8IL14174,C00652719,2025-10-01T00:00:00,2025-12-31T00:00:00,310555.88,388893.09,1170425.04,YEAR-END,202606109870555146
IL-14,D,2026,H8IL14174,C00652719,2025-07-01T00:00:00,2025-09-30T00:00:00,348101.09,271404.45,1248762.25,OCTOBER QUARTERLY,202510159790833889
IL-14,D,2026,H8IL14174,C00652719,2025-04-01T00:00:00,2025-06-30T00:00:00,520223.89,459945.26,1172065.61,JULY QUARTERLY,202507159762869392
IL-14,D,2026,H8IL14174,C00652719,2025-01-01T00:00:00,2025-03-31T00:00:00,392827.91,336142.95,1111786.98,APRIL QUARTERLY,202504159755649449
CA-14,D,2026,H6CA14171,C00935338,2026-05-28T00:00:00,2026-06-30T00:00:00,213311.0,452131.87,51235.63,JULY QUARTERLY,202607159875897503
CA-14,D,2026,H6CA14171,C00935338,2026-05-14T00:00:00,2026-05-27T00:00:00,9239.0,837038.11,290056.5,PRE-SPECIAL,202606049870430078
CA-14,D,2026,H6CA14171,C00935338,2026-04-01T00:00:00,2026-05-13T00:00:00,53690.26,971854.65,1117855.61,PRE-PRIMARY,202605219870222553
CA-14,D,2026,H6CA14171,C00935338,2026-01-01T00:00:00,2026-03-31T00:00:00,2123994.14,87974.14,2036020.0,APRIL QUARTERLY,202604229866677012
CA-14,D,2026,H6CA14171,C00935338,2026-01-01T00:00:00,2026-03-31T00:00:00,2123994.14,87974.14,2036020.0,APRIL QUARTERLY,202604159862658187
GA-11,R,2026,H0GA14048,C00938175,2026-05-28T00:00:00,2026-06-30T00:00:00,201911.34,391569.73,17629.66,JULY QUARTERLY,202607159875756807
GA-11,R,2026,H0GA14048,C00938175,2026-04-30T00:00:00,2026-05-27T00:00:00,242578.76,340660.66,207288.05,PRE-RUN-OFF,202606049870374760
GA-11,R,2026,H0GA14048,C00938175,2026-04-01T00:00:00,2026-04-29T00:00:00,163861.57,1228249.17,305369.95,PRE-PRIMARY,202605079866886278
GA-11,R,2026,H0GA14048,C00938175,2026-01-01T00:00:00,2026-03-31T00:00:00,1739444.54,369686.99,1369757.55,APRIL QUARTERLY,202604159862382658
MI-11,D,2026,H8MI11254,C00638650,2026-04-01T00:00:00,2026-06-30T00:00:00,386.5,545.75,30.36,JULY QUARTERLY,202607159875957613
MI-11,D,2026,H8MI11254,C00638650,2026-01-01T00:00:00,2026-03-31T00:00:00,2021.43,11662.77,189.61,APRIL QUARTERLY,202604159862903612
MI-11,D,2026,H8MI11254,C00638650,2025-10-01T00:00:00,2025-12-31T00:00:00,0.0,4405.18,9830.95,YEAR-END,202601319810130320
MI-11,D,2026,H8MI11254,C00638650,2025-07-01T00:00:00,2025-09-30T00:00:00,2589.77,24691.17,14236.13,OCTOBER QUARTERLY,202510159791552142
MI-11,D,2026,H8MI11254,C00638650,2025-04-01T00:00:00,2025-06-30T00:00:00,391948.74,2016285.52,36337.53,JULY QUARTERLY,202507159763525245
MI-11,D,2026,H8MI11254,C00638650,2025-01-01T00:00:00,2025-03-31T00:00:00,1167081.31,260142.56,1660674.31,APRIL QUARTERLY,202504159755435610
CA-13,D,2026,H2CA13115,C00801431,2026-05-14T00:00:00,2026-06-30T00:00:00,603382.54,275554.11,2072111.19,JULY QUARTERLY,202607159890139884
CA-13,D,2026,H2CA13115,C00801431,2026-04-01T00:00:00,2026-05-13T00:00:00,304024.89,323366.0,1744282.76,PRE-PRIMARY,202605219870238264
CA-13,D,2026,H2CA13115,C00801431,2026-01-01T00:00:00,2026-03-31T00:00:00,962481.16,448345.28,1763623.87,APRIL QUARTERLY,202604159862443316
CA-13,D,2026,H2CA13115,C00801431,2026-01-01T00:00:00,2026-03-31T00:00:00,962492.8,448356.92,1763623.87,APRIL QUARTERLY,202605219870236983
CA-13,D,2026,H2CA13115,C00801431,2025-10-01T00:00:00,2025-12-31T00:00:00,590897.06,348466.56,1249487.99,YEAR-END,202604159862385385
CA-13,D,2026,H2CA13115,C00801431,2025-10-01T00:00:00,2025-12-31T00:00:00,590897.06,348466.56,1249487.99,YEAR-END,202601319825683727
CA-13,D,2026,H2CA13115,C00801431,2025-07-01T00:00:00,2025-09-30T00:00:00,612761.17,386987.25,1007057.49,OCTOBER QUARTERLY,202601229794125251
CA-13,D,2026,H2CA13115,C00801431,2025-07-01T00:00:00,2025-09-30T00:00:00,612761.17,386512.25,1007532.49,OCTOBER QUARTERLY,202510159791521782
CA-13,D,2026,H2CA13115,C00801431,2025-04-01T00:00:00,2025-06-30T00:00:00,720625.95,276300.9,781283.57,JULY QUARTERLY,202509049789839375
CA-13,D,2026,H2CA13115,C00801431,2025-04-01T00:00:00,2025-06-30T00:00:00,720625.95,276300.9,781283.57,JULY QUARTERLY,202507159763504130
CA-13,D,2026,H2CA13115,C00801431,2025-01-01T00:00:00,2025-03-31T00:00:00,397212.63,252211.83,336958.52,APRIL QUARTERLY,202507229764193713
CA-13,D,2026,H2CA13115,C00801431,2025-01-01T00:00:00,2025-03-31T00:00:00,404462.63,252065.79,344354.56,APRIL QUARTERLY,202504159756052786
CA-13,D,2026,H2CA13115,C00801431,2025-01-01T00:00:00,2025-03-31T00:00:00,397462.63,252461.83,336958.52,APRIL QUARTERLY,202505239761679430
IA-04,R,2026,H0IA04145,C00693663,2026-04-01T00:00:00,2026-06-30T00:00:00,0.0,0.0,0.0,JULY QUARTERLY,202607029874737840
IA-04,R,2026,H0IA04145,C00693663,2026-01-01T00:00:00,2026-03-31T00:00:00,0.0,0.0,0.0,APRIL QUARTERLY,202604069857012271
IA-04,R,2026,H0IA04145,C00693663,2025-10-01T00:00:00,2025-12-31T00:00:00,0.0,1320935.63,0.0,YEAR-END,202601309794653131
IA-04,R,2026,H0IA04145,C00693663,2025-07-01T00:00:00,2025-09-30T00:00:00,24854.08,187746.91,1320935.63,OCTOBER QUARTERLY,202510159791182556
IA-04,R,2026,H0IA04145,C00693663,2025-04-01T00:00:00,2025-06-30T00:00:00,289782.48,471388.83,1483828.46,JULY QUARTERLY,202510159791168232
IA-04,R,2026,H0IA04145,C00693663,2025-04-01T00:00:00,2025-06-30T00:00:00,289782.48,471388.83,1483828.46,JULY QUARTERLY,202507159763507887
IA-04,R,2026,H0IA04145,C00693663,2025-01-01T00:00:00,2025-03-31T00:00:00,802450.79,307410.47,1665434.81,APRIL QUARTERLY,202504159755374713
IA-04,R,2026,H0IA04145,C00693663,2025-01-01T00:00:00,2025-03-31T00:00:00,802450.79,307410.47,1665434.81,APRIL QUARTERLY,202510159791161616
IL-10,D,2026,H2IL10068,C00495952,2026-04-01T00:00:00,2026-06-30T00:00:00,325595.83,389317.08,1699006.68,JULY QUARTERLY,202607159875927294
IL-10,D,2026,H2IL10068,C00495952,2026-02-26T00:00:00,2026-03-31T00:00:00,338002.29,222239.79,1762727.93,APRIL QUARTERLY,202604159862884180
IL-10,D,2026,H2IL10068,C00495952,2026-01-01T00:00:00,2026-02-25T00:00:00,270257.18,341269.24,1646965.43,PRE-PRIMARY,202603059837894602
IL-10,D,2026,H2IL10068,C00495952,2025-10-01T00:00:00,2025-12-31T00:00:00,485542.32,277778.84,1717977.49,YEAR-END,202601319795638835
IL-10,D,2026,H2IL10068,C00495952,2025-07-01T00:00:00,2025-09-30T00:00:00,446694.9,401879.65,1510214.01,OCTOBER QUARTERLY,202510159790852727
IL-10,D,2026,H2IL10068,C00495952,2025-04-01T00:00:00,2025-06-30T00:00:00,512985.19,301429.02,1465398.76,JULY QUARTERLY,202507159762877850
IL-10,D,2026,H2IL10068,C00495952,2025-01-01T00:00:00,2025-03-31T00:00:00,627784.79,345368.29,1253842.59,APRIL QUARTERLY,202504309758901687
IL-10,D,2026,H2IL10068,C00495952,2025-01-01T00:00:00,2025-03-31T00:00:00,627784.79,345368.29,1253842.59,APRIL QUARTERLY,202607069874767698
IL-10,D,2026,H2IL10068,C00495952,2025-01-01T00:00:00,2025-03-31T00:00:00,627784.79,345368.29,1253842.59,APRIL QUARTERLY,202511059792573582
IL-10,D,2026,H2IL10068,C00495952,2025-01-01T00:00:00,2025-03-31T00:00:00,627784.79,345368.29,1253842.59,APRIL QUARTERLY,202504149755315510
AZ-06,R,2026,H2AZ02360,C00786194,2026-04-01T00:00:00,2026-07-01T00:00:00,1089320.0,785887.99,4135162.85,PRE-PRIMARY,202607099874836779
AZ-06,R,2026,H2AZ02360,C00786194,2026-01-01T00:00:00,2026-03-31T00:00:00,1138648.71,458713.87,3831730.84,APRIL QUARTERLY,202604159862606216
AZ-06,R,2026,H2AZ02360,C00786194,2025-10-01T00:00:00,2025-12-31T00:00:00,1019836.08,241625.2,3151796.0,YEAR-END,202601319795367685
AZ-06,R,2026,H2AZ02360,C00786194,2025-10-01T00:00:00,2025-12-31T00:00:00,1019836.08,241625.2,3151796.0,YEAR-END,202603059837897321
AZ-06,R,2026,H2AZ02360,C00786194,2025-07-01T00:00:00,2025-09-30T00:00:00,612715.62,203567.95,2373585.12,OCTOBER QUARTERLY,202510159791534350
AZ-06,R,2026,H2AZ02360,C00786194,2025-04-01T00:00:00,2025-06-30T00:00:00,1052457.58,336006.92,1964437.45,JULY QUARTERLY,202507159762969959
AZ-06,R,2026,H2AZ02360,C00786194,2025-01-01T00:00:00,2025-03-31T00:00:00,1259888.73,248462.83,1247986.79,APRIL QUARTERLY,202504159756044753
MI-13,D,2026,H2MI13204,C00798132,2026-07-01T00:00:00,2026-07-15T00:00:00,1493782.93,1147537.01,5029239.22,PRE-PRIMARY,202607239894442096
MI-13,D,2026,H2MI13204,C00798132,2026-04-01T00:00:00,2026-06-30T00:00:00,515406.79,875274.53,4682993.3,JULY QUARTERLY,202607159875711855
MI-13,D,2026,H2MI13204,C00798132,2026-01-01T00:00:00,2026-03-31T00:00:00,-1315698.03,38192.56,5042861.04,APRIL QUARTERLY,202607079874796532
MI-13,D,2026,H2MI13204,C00798132,2026-01-01T00:00:00,2026-03-31T00:00:00,66667.72,38192.56,6425226.79,APRIL QUARTERLY,202604159863113472
MI-13,D,2026,H2MI13204,C00798132,2026-01-01T00:00:00,2026-03-31T00:00:00,-1315698.03,38192.56,5042861.04,APRIL QUARTERLY,202604269866700276
MI-13,D,2026,H2MI13204,C00798132,2025-10-01T00:00:00,2025-12-31T00:00:00,-1866246.39,44987.54,6396751.63,YEAR-END,202601319825842769
MI-13,D,2026,H2MI13204,C00798132,2025-07-01T00:00:00,2025-09-30T00:00:00,498427.66,71716.95,8307985.56,OCTOBER QUARTERLY,202510159791556410
MI-13,D,2026,H2MI13204,C00798132,2025-04-01T00:00:00,2025-06-30T00:00:00,1794916.93,43383.82,7881274.85,JULY QUARTERLY,202507159763443741
MI-13,D,2026,H2MI13204,C00798132,2025-01-01T00:00:00,2025-03-31T00:00:00,-730313.81,44512.15,6129741.74,APRIL QUARTERLY,202504159756060504
CA-48,D,2026,H6CA41265,C00901207,2026-05-14T00:00:00,2026-06-30T00:00:00,160757.24,293857.86,21224.53,JULY QUARTERLY,202607159890069077
CA-48,D,2026,H6CA41265,C00901207,2026-04-01T00:00:00,2026-05-13T00:00:00,197408.75,1132897.87,154325.15,PRE-PRIMARY,202605219870231860
CA-48,D,2026,H6CA41265,C00901207,2026-01-01T00:00:00,2026-03-31T00:00:00,382658.97,353766.1,1089814.27,APRIL QUARTERLY,202604159862338637
CA-48,D,2026,H6CA41265,C00901207,2025-10-01T00:00:00,2025-12-31T00:00:00,225075.36,220542.34,1060921.4,YEAR-END,202601319795538003
CA-48,D,2026,H6CA41265,C00901207,2025-07-01T00:00:00,2025-09-30T00:00:00,384997.69,85155.35,1056388.38,OCTOBER QUARTERLY,202510179791645105
CA-48,D,2026,H6CA41265,C00901207,2025-03-31T00:00:00,2025-06-30T00:00:00,914271.82,157725.78,756546.04,JULY QUARTERLY,202510179791644581
CA-48,D,2026,H6CA41265,C00901207,2025-03-31T00:00:00,2025-06-30T00:00:00,914271.82,157725.78,756546.04,JULY QUARTERLY,202507159763505826
NJ-06,D,2026,H8NJ03073,C00226928,2026-05-14T00:00:00,2026-06-30T00:00:00,183243.85,464178.25,3066966.5,JULY QUARTERLY,202607159875985411
NJ-06,D,2026,H8NJ03073,C00226928,2026-04-01T00:00:00,2026-05-13T00:00:00,167010.56,240328.74,3347900.9,PRE-PRIMARY,202605219870230900
NJ-06,D,2026,H8NJ03073,C00226928,2026-01-01T00:00:00,2026-03-31T00:00:00,553373.42,257873.08,3421219.08,APRIL QUARTERLY,202604159863091727
NJ-06,D,2026,H8NJ03073,C00226928,2025-10-01T00:00:00,2025-12-31T00:00:00,279624.33,418276.17,3125718.74,YEAR-END,202601309794953085
NJ-06,D,2026,H8NJ03073,C00226928,2025-07-01T00:00:00,2025-09-30T00:00:00,301988.8,262133.77,3264370.58,OCTOBER QUARTERLY,202510159791589401
NJ-06,D,2026,H8NJ03073,C00226928,2025-04-01T00:00:00,2025-06-30T00:00:00,330895.9,283934.86,3224515.55,JULY QUARTERLY,202507159763338128
NJ-06,D,2026,H8NJ03073,C00226928,2025-01-01T00:00:00,2025-03-31T00:00:00,398700.12,293055.93,3177554.51,APRIL QUARTERLY,202504159755627196
CO-06,D,2026,H8CO06229,C00637363,2026-06-11T00:00:00,2026-06-30T00:00:00,235720.52,41821.8,2707898.98,JULY QUARTERLY,202607159890154142
CO-06,D,2026,H8CO06229,C00637363,2026-04-01T00:00:00,2026-06-10T00:00:00,375748.46,414011.09,2514000.26,PRE-PRIMARY,202606189870771115
CO-06,D,2026,H8CO06229,C00637363,2026-01-01T00:00:00,2026-03-31T00:00:00,938890.72,721578.51,2552262.89,APRIL QUARTERLY,202604159862562060
CO-06,D,2026,H8CO06229,C00637363,2025-10-01T00:00:00,2025-12-31T00:00:00,761233.33,490005.06,2334950.68,YEAR-END,202601319808287267
CO-06,D,2026,H8CO06229,C00637363,2025-07-01T00:00:00,2025-09-30T00:00:00,312711.93,176545.01,2063722.41,OCTOBER QUARTERLY,202510159791519386
CO-06,D,2026,H8CO06229,C00637363,2025-04-01T00:00:00,2025-06-30T00:00:00,241982.8,225473.56,1927555.49,JULY QUARTERLY,202507159763480247
CO-06,D,2026,H8CO06229,C00637363,2025-01-01T00:00:00,2025-03-31T00:00:00,311159.66,148407.28,1911046.25,APRIL QUARTERLY,202504159755660243
DE-00,D,2026,H4DE00045,C00843763,2026-04-01T00:00:00,2026-06-30T00:00:00,738171.24,541936.97,2657928.13,JULY QUARTERLY,202607159875226172
DE-00,D,2026,H4DE00045,C00843763,2026-01-01T00:00:00,2026-03-31T00:00:00,729543.54,479796.56,2461693.86,APRIL QUARTERLY,202604159857815904
DE-00,D,2026,H4DE00045,C00843763,2025-10-01T00:00:00,2025-12-31T00:00:00,772004.77,326623.94,2211946.88,YEAR-END,202601309794720815
DE-00,D,2026,H4DE00045,C00843763,2025-10-01T00:00:00,2025-12-31T00:00:00,772004.77,326623.94,2211946.88,YEAR-END,202602279837869968
DE-00,D,2026,H4DE00045,C00843763,2025-07-01T00:00:00,2025-09-30T00:00:00,873580.11,328292.62,1766566.05,OCTOBER QUARTERLY,202602279837868830
DE-00,D,2026,H4DE00045,C00843763,2025-07-01T00:00:00,2025-09-30T00:00:00,873580.11,328292.62,1766566.05,OCTOBER QUARTERLY,202510159791361595
DE-00,D,2026,H4DE00045,C00843763,2025-04-01T00:00:00,2025-06-30T00:00:00,827294.0,241104.46,1221278.56,JULY QUARTERLY,202507159763152595
DE-00,D,2026,H4DE00045,C00843763,2025-01-01T00:00:00,2025-03-31T00:00:00,718492.74,290530.58,635089.02,APRIL QUARTERLY,202504159755804206
TN-02,R,2026,H8TN02119,C00652149,2026-07-01T00:00:00,2026-07-17T00:00:00,125827.01,211003.34,967446.83,PRE-PRIMARY,202607259894464471
TN-02,R,2026,H8TN02119,C00652149,2026-04-01T00:00:00,2026-06-30T00:00:00,1140951.71,1022081.16,1052623.16,JULY QUARTERLY,202607179890881791
TN-02,R,2026,H8TN02119,C00652149,2026-04-01T00:00:00,2026-06-30T00:00:00,1140951.71,1022081.16,1052623.16,JULY QUARTERLY,202607159890560131
TN-02,R,2026,H8TN02119,C00652149,2026-01-01T00:00:00,2026-03-31T00:00:00,671602.74,300977.4,933752.61,APRIL QUARTERLY,202604159863041033
TN-02,R,2026,H8TN02119,C00652149,2026-01-01T00:00:00,2026-03-31T00:00:00,671602.74,300977.4,933752.61,APRIL QUARTERLY,202604179863171348
TN-02,R,2026,H8TN02119,C00652149,2026-01-01T00:00:00,2026-03-31T00:00:00,671602.74,300977.4,933752.61,APRIL QUARTERLY,202607179890880381
TN-02,R,2026,H8TN02119,C00652149,2025-10-01T00:00:00,2025-12-31T00:00:00,148784.11,178400.23,563127.27,YEAR-END,202601319825701986
TN-02,R,2026,H8TN02119,C00652149,2025-10-01T00:00:00,2025-12-31T00:00:00,148784.11,178400.23,563127.27,YEAR-END,202603209853672078
TN-02,R,2026,H8TN02119,C00652149,2025-07-01T00:00:00,2025-09-30T00:00:00,191056.96,191592.11,592743.39,OCTOBER QUARTERLY,202603209853671339
TN-02,R,2026,H8TN02119,C00652149,2025-07-01T00:00:00,2025-09-30T00:00:00,191056.96,191592.11,592743.39,OCTOBER QUARTERLY,202601219794109866
TN-02,R,2026,H8TN02119,C00652149,2025-07-01T00:00:00,2025-09-30T00:00:00,191056.96,191592.11,592743.39,OCTOBER QUARTERLY,202510159791481149
TN-02,R,2026,H8TN02119,C00652149,2025-04-01T00:00:00,2025-06-30T00:00:00,67497.29,140175.61,593278.54,JULY QUARTERLY,202507159763464680
TN-02,R,2026,H8TN02119,C00652149,2025-01-01T00:00:00,2025-03-31T00:00:00,83014.33,145247.55,665956.86,APRIL QUARTERLY,202504159755805385
TX-34,R,2026,H6TX34080,C00912246,2026-04-01T00:00:00,2026-06-30T00:00:00,716191.18,476658.83,683332.0,JULY QUARTERLY,202607159875333914
TX-34,R,2026,H6TX34080,C00912246,2026-02-12T00:00:00,2026-03-31T00:00:00,742851.91,469598.28,443799.65,APRIL QUARTERLY,202604159862405332
TX-34,R,2026,H6TX34080,C00912246,2026-01-01T00:00:00,2026-02-11T00:00:00,421963.77,559072.18,170546.02,PRE-PRIMARY,202602199834779165
TX-34,R,2026,H6TX34080,C00912246,2025-10-01T00:00:00,2025-12-31T00:00:00,321775.14,451200.05,307654.43,YEAR-END,202601309795026800
TX-34,R,2026,H6TX34080,C00912246,2025-07-01T00:00:00,2025-09-30T00:00:00,550479.29,113399.95,437079.34,OCTOBER QUARTERLY,202510159791562647
UT-02,R,2026,H0UT01205,C00738872,2026-06-04T00:00:00,2026-06-30T00:00:00,250143.93,312590.5,1886961.7,JULY QUARTERLY,202607159875596417
UT-02,R,2026,H0UT01205,C00738872,2026-04-06T00:00:00,2026-06-03T00:00:00,266460.56,716697.35,1949408.27,PRE-PRIMARY,202607159875570408
UT-02,R,2026,H0UT01205,C00738872,2026-04-06T00:00:00,2026-06-03T00:00:00,266460.56,716697.35,1949408.27,PRE-PRIMARY,202606119870607209
UT-02,R,2026,H0UT01205,C00738872,2026-01-01T00:00:00,2026-04-05T00:00:00,486813.92,317201.18,2399645.06,PRE-CONVENTION,202604139857138697
UT-02,R,2026,H0UT01205,C00738872,2025-10-01T00:00:00,2025-12-31T00:00:00,228534.69,187409.2,2230032.32,YEAR-END,202601309795154122
UT-02,R,2026,H0UT01205,C00738872,2025-07-01T00:00:00,2025-09-30T00:00:00,271350.29,94155.17,2188906.83,OCTOBER QUARTERLY,202510219791977543
UT-02,R,2026,H0UT01205,C00738872,2025-07-01T00:00:00,2025-09-30T00:00:00,269350.29,94155.17,2186906.83,OCTOBER QUARTERLY,202510159790889548
UT-02,R,2026,H0UT01205,C00738872,2025-04-01T00:00:00,2025-06-30T00:00:00,502248.4,315323.92,2011711.71,JULY QUARTERLY,202507159763102119
UT-02,R,2026,H0UT01205,C00738872,2025-01-01T00:00:00,2025-03-31T00:00:00,531084.43,240320.14,1824787.23,APRIL QUARTERLY,202504159755436227
NV-02,R,2026,H4NV04108,C00901710,2026-05-21T00:00:00,2026-06-30T00:00:00,505885.98,419469.51,117882.89,JULY QUARTERLY,202607159875069787
NV-02,R,2026,H4NV04108,C00901710,2026-05-21T00:00:00,2026-06-30T00:00:00,505885.98,419469.51,117882.89,JULY QUARTERLY,202607159875087593
NV-02,R,2026,H4NV04108,C00901710,2026-04-01T00:00:00,2026-05-20T00:00:00,35701.44,648250.35,31466.42,PRE-PRIMARY,202605289870302527
NV-02,R,2026,H4NV04108,C00901710,2026-01-01T00:00:00,2026-03-31T00:00:00,784506.86,525888.8,644015.33,APRIL QUARTERLY,202607099874840527
NV-02,R,2026,H4NV04108,C00901710,2026-01-01T00:00:00,2026-03-31T00:00:00,784506.86,525888.8,644015.33,APRIL QUARTERLY,202604159862508910
NV-02,R,2026,H4NV04108,C00901710,2025-10-01T00:00:00,2025-12-31T00:00:00,218016.46,207451.09,385397.27,YEAR-END,202605129866921789
NV-02,R,2026,H4NV04108,C00901710,2025-10-01T00:00:00,2025-12-31T00:00:00,218016.46,207451.09,385397.27,YEAR-END,202601309794680441
NV-02,R,2026,H4NV04108,C00901710,2025-07-01T00:00:00,2025-09-30T00:00:00,190689.68,191715.32,374831.9,OCTOBER QUARTERLY,202510179791638567
NV-02,R,2026,H4NV04108,C00901710,2025-07-01T00:00:00,2025-09-30T00:00:00,190689.68,191715.32,374831.9,OCTOBER QUARTERLY,202510159791481356
NV-02,R,2026,H4NV04108,C00901710,2025-04-01T00:00:00,2025-06-30T00:00:00,495591.89,119734.35,375857.54,JULY QUARTERLY,202507159762972736
NV-02,R,2026,H4NV04108,C00901710,2025-04-01T00:00:00,2025-06-30T00:00:00,495591.89,119734.35,375857.54,JULY QUARTERLY,202507169763558295
CA-45,R,2026,H0CA48198,C00704981,2025-10-01T00:00:00,2025-10-09T00:00:00,1134500.0,1150848.37,0.0,TERMINATION REPORT,202510159791042355
CA-45,R,2026,H0CA48198,C00704981,2025-07-01T00:00:00,2025-09-30T00:00:00,0.0,920180.46,16348.37,OCTOBER QUARTERLY,202510099790724156
CA-45,R,2026,H0CA48198,C00704981,2025-04-01T00:00:00,2025-06-30T00:00:00,43790.0,50211.76,936528.83,JULY QUARTERLY,202507159763251853
CA-45,R,2026,H0CA48198,C00704981,2025-01-01T00:00:00,2025-03-31T00:00:00,74381.58,34892.48,942950.59,APRIL QUARTERLY,202504159755480036
MI-07,D,2026,H6MI07256,C00908541,2026-07-01T00:00:00,2026-07-15T00:00:00,83831.31,349130.34,841459.06,PRE-PRIMARY,202607239894444251
MI-07,D,2026,H6MI07256,C00908541,2026-04-01T00:00:00,2026-06-30T00:00:00,642415.95,824903.84,1106758.09,JULY QUARTERLY,202607159875915433
MI-07,D,2026,H6MI07256,C00908541,2026-01-01T00:00:00,2026-03-31T00:00:00,607687.71,338274.37,1289245.98,APRIL QUARTERLY,202604159863058490
MI-07,D,2026,H6MI07256,C00908541,2025-10-01T00:00:00,2025-12-31T00:00:00,529011.79,247546.46,1019832.64,YEAR-END,202601319808418986
MI-07,D,2026,H6MI07256,C00908541,2025-07-01T00:00:00,2025-09-30T00:00:00,611179.37,357475.96,738367.31,OCTOBER QUARTERLY,202510159791539367
MI-07,D,2026,H6MI07256,C00908541,2025-04-01T00:00:00,2025-06-30T00:00:00,503475.61,18811.71,484663.9,JULY QUARTERLY,202507159763484237
IL-07,D,2026,H6IL07339,C00902692,2026-01-01T00:00:00,2026-02-25T00:00:00,702060.76,1350430.52,385804.01,PRE-PRIMARY,202603059837891088
IL-07,D,2026,H6IL07339,C00902692,2025-10-01T00:00:00,2025-12-31T00:00:00,304038.6,354315.99,1034173.77,YEAR-END,202601309795170638
IL-07,D,2026,H6IL07339,C00902692,2025-07-01T00:00:00,2025-09-30T00:00:00,416175.99,237411.98,1084451.16,OCTOBER QUARTERLY,202512059793378683
IL-07,D,2026,H6IL07339,C00902692,2025-07-01T00:00:00,2025-09-30T00:00:00,416175.99,235311.98,1086551.16,OCTOBER QUARTERLY,202510159791122062
IL-07,D,2026,H6IL07339,C00902692,2024-11-25T00:00:00,2025-06-30T00:00:00,1084782.81,179095.66,905687.15,JULY QUARTERLY,202507159763430334
IL-07,D,2026,H6IL07339,C00902692,2024-11-25T00:00:00,2025-06-30T00:00:00,1084782.81,179095.66,905687.15,JULY QUARTERLY,202510239791999285
MA-01,D,2026,H8MA02041,C00226522,2026-04-01T00:00:00,2026-06-30T00:00:00,448024.3,540092.6,4055459.61,JULY QUARTERLY,202607159890817865
MA-01,D,2026,H8MA02041,C00226522,2026-01-01T00:00:00,2026-03-31T00:00:00,438165.66,323720.8,4155917.88,APRIL QUARTERLY,202604159863113546
MA-01,D,2026,H8MA02041,C00226522,2026-01-01T00:00:00,2026-03-31T00:00:00,428665.66,322610.77,4147527.91,APRIL QUARTERLY,202605059866806029
MA-01,D,2026,H8MA02041,C00226522,2025-10-01T00:00:00,2025-12-31T00:00:00,412449.5,344407.78,4041473.02,YEAR-END,202601319808611649
MA-01,D,2026,H8MA02041,C00226522,2025-07-01T00:00:00,2025-09-30T00:00:00,216461.42,149346.54,3973431.3,OCTOBER QUARTERLY,202510159791023199
MA-01,D,2026,H8MA02041,C00226522,2025-04-01T00:00:00,2025-06-30T00:00:00,380516.67,445237.91,3906316.42,JULY QUARTERLY,202507159762851169
MA-01,D,2026,H8MA02041,C00226522,2025-01-01T00:00:00,2025-03-31T00:00:00,401978.71,318811.0,3971037.66,APRIL QUARTERLY,202504159755793796
TN-06,R,2026,H6TN06213,C00910935,2026-07-01T00:00:00,2026-07-17T00:00:00,66045.77,558893.12,287585.48,PRE-PRIMARY,202607259894466096
TN-06,R,2026,H6TN06213,C00910935,2026-04-01T00:00:00,2026-06-30T00:00:00,606616.64,1255206.43,780432.83,JULY QUARTERLY,202607159890710431
TN-06,R,2026,H6TN06213,C00910935,2026-01-01T00:00:00,2026-03-31T00:00:00,517192.68,135025.78,1429022.62,APRIL QUARTERLY,202604159863061116
TN-06,R,2026,H6TN06213,C00910935,2025-10-01T00:00:00,2025-12-31T00:00:00,461664.59,122713.75,1046855.72,YEAR-END,202601319825753274
TN-06,R,2026,H6TN06213,C00910935,2025-07-01T00:00:00,2025-09-30T00:00:00,728807.3,20902.42,707904.88,OCTOBER QUARTERLY,202510159791599590
AK-00,R,2026,H2AK01083,C00792341,2026-04-01T00:00:00,2026-06-30T00:00:00,954288.22,504486.48,3280417.05,JULY QUARTERLY,202607159875650896
AK-00,R,2026,H2AK01083,C00792341,2026-01-01T00:00:00,2026-03-31T00:00:00,1079334.75,454411.26,2830615.31,APRIL QUARTERLY,202604159862567579
AK-00,R,2026,H2AK01083,C00792341,2025-10-01T00:00:00,2025-12-31T00:00:00,998740.62,360128.26,2205691.82,YEAR-END,202601309795269602
AK-00,R,2026,H2AK01083,C00792341,2025-07-01T00:00:00,2025-09-30T00:00:00,601538.71,301470.34,1567079.46,OCTOBER QUARTERLY,202510159791483897
AK-00,R,2026,H2AK01083,C00792341,2025-04-01T00:00:00,2025-06-30T00:00:00,803418.99,206185.96,1267011.09,JULY QUARTERLY,202507159763410344
AK-00,R,2026,H2AK01083,C00792341,2025-01-01T00:00:00,2025-03-31T00:00:00,824289.62,258841.62,669778.06,APRIL QUARTERLY,202504159756060626
NC-09,D,2026,H6NC09218,C00896357,2026-04-01T00:00:00,2026-06-30T00:00:00,315565.3,376180.98,163672.62,JULY QUARTERLY,202607159890100133
NC-09,D,2026,H6NC09218,C00896357,2026-02-12T00:00:00,2026-03-31T00:00:00,310451.79,175741.55,224288.3,APRIL QUARTERLY,202604159857280600
NC-09,D,2026,H6NC09218,C00896357,2026-01-01T00:00:00,2026-02-11T00:00:00,195986.47,209263.01,89578.06,PRE-PRIMARY,202602199834821008
NC-09,D,2026,H6NC09218,C00896357,2025-10-01T00:00:00,2025-12-31T00:00:00,301621.5,444789.92,102854.6,YEAR-END,202602199834816219
NC-09,D,2026,H6NC09218,C00896357,2025-10-01T00:00:00,2025-12-31T00:00:00,299606.5,444789.92,100839.6,YEAR-END,202601319808615163
NC-09,D,2026,H6NC09218,C00896357,2025-07-01T00:00:00,2025-09-30T00:00:00,359423.98,414852.58,246023.02,OCTOBER QUARTERLY,202510159790879927
NC-09,D,2026,H6NC09218,C00896357,2025-04-01T00:00:00,2025-06-30T00:00:00,417268.39,379797.72,301451.62,JULY QUARTERLY,202507159763361527
NC-09,D,2026,H6NC09218,C00896357,2025-01-01T00:00:00,2025-03-31T00:00:00,337190.91,73209.96,263980.95,APRIL QUARTERLY,202504109755201747
CA-22,D,2026,H6CA22190,C00902379,2026-05-14T00:00:00,2026-06-30T00:00:00,897368.03,662612.54,571792.32,JULY QUARTERLY,202607159875701165
CA-22,D,2026,H6CA22190,C00902379,2026-04-01T00:00:00,2026-05-13T00:00:00,420875.82,802819.44,337036.83,PRE-PRIMARY,202605219870230054
CA-22,D,2026,H6CA22190,C00902379,2026-01-01T00:00:00,2026-03-31T00:00:00,451251.21,269945.06,718980.45,APRIL QUARTERLY,202604159857322146
CA-22,D,2026,H6CA22190,C00902379,2026-01-01T00:00:00,2026-03-31T00:00:00,451368.43,270062.28,718980.45,APRIL QUARTERLY,202605219870225778
CA-22,D,2026,H6CA22190,C00902379,2025-10-01T00:00:00,2025-12-31T00:00:00,373860.6,125616.14,537674.3,YEAR-END,202601319808485380
CA-22,D,2026,H6CA22190,C00902379,2025-07-01T00:00:00,2025-09-30T00:00:00,270771.76,107774.38,289429.84,OCTOBER QUARTERLY,202510239791992718
CA-22,D,2026,H6CA22190,C00902379,2025-07-01T00:00:00,2025-09-30T00:00:00,270771.76,107774.38,289429.84,OCTOBER QUARTERLY,202510159791190180
CA-22,D,2026,H6CA22190,C00902379,2025-04-14T00:00:00,2025-06-30T00:00:00,231315.85,104883.39,126432.46,JULY QUARTERLY,202507159763058888
KY-01,R,2026,H6KY01110,C00588764,2026-04-30T00:00:00,2026-06-30T00:00:00,420828.95,478966.18,3041112.38,JULY QUARTERLY,202607159875674144
KY-01,R,2026,H6KY01110,C00588764,2026-04-01T00:00:00,2026-04-29T00:00:00,59975.15,178036.98,3099249.61,PRE-PRIMARY,202605079866886562
KY-01,R,2026,H6KY01110,C00588764,2026-01-01T00:00:00,2026-03-31T00:00:00,310247.16,478616.18,3217311.44,APRIL QUARTERLY,202604159862314137
KY-01,R,2026,H6KY01110,C00588764,2025-10-01T00:00:00,2025-12-31T00:00:00,353188.51,200385.64,3385680.46,YEAR-END,202601319795309341
KY-01,R,2026,H6KY01110,C00588764,2025-07-01T00:00:00,2025-09-30T00:00:00,239373.46,222249.05,3232877.59,OCTOBER QUARTERLY,202510149790799908
KY-01,R,2026,H6KY01110,C00588764,2025-04-01T00:00:00,2025-06-30T00:00:00,256492.88,86327.79,3215753.18,JULY QUARTERLY,202507159762926265
KY-01,R,2026,H6KY01110,C00588764,2025-01-01T00:00:00,2025-03-31T00:00:00,259426.73,423061.16,3045588.09,APRIL QUARTERLY,202504159755377363
PA-17,D,2026,H2PA17103,C00787648,2026-04-30T00:00:00,2026-06-30T00:00:00,421885.19,270769.45,1073974.67,JULY QUARTERLY,202607159875707487
PA-17,D,2026,H2PA17103,C00787648,2026-04-01T00:00:00,2026-04-29T00:00:00,185637.96,259113.51,922858.93,PRE-PRIMARY,202605079866867586
PA-17,D,2026,H2PA17103,C00787648,2026-01-01T00:00:00,2026-03-31T00:00:00,581576.52,526543.57,996334.48,APRIL QUARTERLY,202604159857479205
PA-17,D,2026,H2PA17103,C00787648,2025-10-01T00:00:00,2025-12-31T00:00:00,597457.57,342976.84,941301.53,YEAR-END,202601319795533744
PA-17,D,2026,H2PA17103,C00787648,2025-07-01T00:00:00,2025-09-30T00:00:00,416889.61,180533.75,686820.8,OCTOBER QUARTERLY,202510159791300301
PA-17,D,2026,H2PA17103,C00787648,2025-04-01T00:00:00,2025-06-30T00:00:00,323562.76,225137.92,450464.94,JULY QUARTERLY,202507159763441471
PA-17,D,2026,H2PA17103,C00787648,2025-01-01T00:00:00,2025-03-31T00:00:00,249933.6,251565.17,352040.1,APRIL QUARTERLY,202504159755632985
CA-45,D,2026,H4CA45170,C00851790,2026-05-14T00:00:00,2026-06-30T00:00:00,780510.39,277450.68,3257397.68,JULY QUARTERLY,202607159880591970
CA-45,D,2026,H4CA45170,C00851790,2026-04-01T00:00:00,2026-05-13T00:00:00,340238.17,223658.45,2754337.97,PRE-PRIMARY,202605219870253575
CA-45,D,2026,H4CA45170,C00851790,2026-01-01T00:00:00,2026-03-31T00:00:00,827942.8,476091.25,2637758.25,APRIL QUARTERLY,202604159862282389
CA-45,D,2026,H4CA45170,C00851790,2025-10-01T00:00:00,2025-12-31T00:00:00,670122.05,341549.58,2285906.7,YEAR-END,202601319795589333
CA-45,D,2026,H4CA45170,C00851790,2025-07-01T00:00:00,2025-09-30T00:00:00,1072853.68,293062.44,1957334.23,OCTOBER QUARTERLY,202510159791040771
CA-45,D,2026,H4CA45170,C00851790,2025-04-01T00:00:00,2025-06-30T00:00:00,829909.93,219079.74,1177542.99,JULY QUARTERLY,202507159763306069
CA-45,D,2026,H4CA45170,C00851790,2025-01-01T00:00:00,2025-03-31T00:00:00,459699.62,220309.61,566712.8,APRIL QUARTERLY,202504159755990921
CA-45,D,2026,H4CA45170,C00851790,2025-01-01T00:00:00,2025-03-31T00:00:00,459699.62,220309.61,566712.8,APRIL QUARTERLY,202508129789456783
IL-13,D,2026,H2IL13153,C00787812,2026-04-01T00:00:00,2026-06-30T00:00:00,426415.2,410801.89,2625564.76,JULY QUARTERLY,202607159875822672
IL-13,D,2026,H2IL13153,C00787812,2026-02-26T00:00:00,2026-03-31T00:00:00,317964.35,256399.9,2609951.45,APRIL QUARTERLY,202604159857802406
IL-13,D,2026,H2IL13153,C00787812,2026-01-01T00:00:00,2026-02-25T00:00:00,306206.62,215965.57,2548387.0,PRE-PRIMARY,202603059837891207
IL-13,D,2026,H2IL13153,C00787812,2026-01-01T00:00:00,2026-02-25T00:00:00,306206.62,215965.57,2548387.0,PRE-PRIMARY,202604039856948814
IL-13,D,2026,H2IL13153,C00787812,2025-10-01T00:00:00,2025-12-31T00:00:00,373321.64,415807.63,2458145.95,YEAR-END,202601309794674450
IL-13,D,2026,H2IL13153,C00787812,2025-07-01T00:00:00,2025-09-30T00:00:00,513108.74,267501.74,2500631.94,OCTOBER QUARTERLY,202510159791183341
IL-13,D,2026,H2IL13153,C00787812,2025-04-01T00:00:00,2025-06-30T00:00:00,386480.75,198687.05,2255024.94,JULY QUARTERLY,202507159763261058
IL-13,D,2026,H2IL13153,C00787812,2025-04-01T00:00:00,2025-06-30T00:00:00,386685.75,198892.05,2255024.94,JULY QUARTERLY,202508089789422016
IL-13,D,2026,H2IL13153,C00787812,2025-01-01T00:00:00,2025-03-31T00:00:00,561315.24,278816.35,2067231.24,APRIL QUARTERLY,202504159755658913
TX-13,R,2026,H0TX13228,C00730531,2026-04-01T00:00:00,2026-06-30T00:00:00,1243589.74,512110.68,5410801.19,JULY QUARTERLY,202607159875522151
TX-13,R,2026,H0TX13228,C00730531,2026-02-12T00:00:00,2026-03-31T00:00:00,242911.61,203414.25,4679322.13,APRIL QUARTERLY,202604159862597750
TX-13,R,2026,H0TX13228,C00730531,2026-01-01T00:00:00,2026-02-11T00:00:00,224388.76,148006.7,4639824.77,PRE-PRIMARY,202602199834780997
TX-13,R,2026,H0TX13228,C00730531,2025-10-01T00:00:00,2025-12-31T00:00:00,580854.01,311669.96,4563442.71,YEAR-END,202601319808271607
TX-13,R,2026,H0TX13228,C00730531,2025-07-01T00:00:00,2025-09-30T00:00:00,544552.13,254995.02,4294258.66,OCTOBER QUARTERLY,202510299792039078
TX-13,R,2026,H0TX13228,C00730531,2025-07-01T00:00:00,2025-09-30T00:00:00,544552.13,254995.02,4294258.66,OCTOBER QUARTERLY,202510159791014187
TX-13,R,2026,H0TX13228,C00730531,2025-04-01T00:00:00,2025-06-30T00:00:00,495428.0,238015.65,4004701.55,JULY QUARTERLY,202507159763203919
TX-13,R,2026,H0TX13228,C00730531,2025-01-01T00:00:00,2025-03-31T00:00:00,704540.95,359199.38,3747289.2,APRIL QUARTERLY,202504159755550662
CA-49,D,2026,H8CA49058,C00634253,2026-05-14T00:00:00,2026-06-30T00:00:00,270190.58,235587.98,1418236.98,JULY QUARTERLY,202607159875139313
CA-49,D,2026,H8CA49058,C00634253,2026-04-01T00:00:00,2026-05-13T00:00:00,134464.28,160825.76,1383634.38,PRE-PRIMARY,202605219870210048
CA-49,D,2026,H8CA49058,C00634253,2026-01-01T00:00:00,2026-03-31T00:00:00,404087.77,350893.02,1409995.86,APRIL QUARTERLY,202604159857425622
CA-49,D,2026,H8CA49058,C00634253,2025-10-01T00:00:00,2025-12-31T00:00:00,468724.1,324784.5,1356801.11,YEAR-END,202601309794677094
CA-49,D,2026,H8CA49058,C00634253,2025-07-01T00:00:00,2025-09-30T00:00:00,491201.04,351810.92,1212861.51,OCTOBER QUARTERLY,202510159790982320
CA-49,D,2026,H8CA49058,C00634253,2025-04-01T00:00:00,2025-06-30T00:00:00,718150.15,338393.12,1073471.39,JULY QUARTERLY,202507159763250401
CA-49,D,2026,H8CA49058,C00634253,2025-01-01T00:00:00,2025-03-31T00:00:00,677205.44,253228.06,693714.36,APRIL QUARTERLY,202504159755397911
UT-01,D,2026,H8UT04053,C00658633,2026-06-04T00:00:00,2026-06-30T00:00:00,345618.47,732521.4,299349.65,JULY QUARTERLY,202607159880447053
UT-01,D,2026,H8UT04053,C00658633,2026-04-06T00:00:00,2026-06-03T00:00:00,368655.15,545709.6,686252.58,PRE-PRIMARY,202606119870632507
UT-01,D,2026,H8UT04053,C00658633,2026-01-01T00:00:00,2026-04-05T00:00:00,592250.77,493654.96,863307.03,PRE-CONVENTION,202604139857147174
UT-01,D,2026,H8UT04053,C00658633,2025-10-01T00:00:00,2025-12-31T00:00:00,955730.21,206022.32,764711.22,YEAR-END,202601319810148219
UT-01,D,2026,H8UT04053,C00658633,2025-07-01T00:00:00,2025-09-30T00:00:00,0.0,0.0,15003.33,OCTOBER QUARTERLY,202510139790752228
UT-01,D,2026,H8UT04053,C00658633,2025-04-01T00:00:00,2025-06-30T00:00:00,0.0,0.0,15003.33,JULY QUARTERLY,202507159763251636
UT-01,D,2026,H8UT04053,C00658633,2025-01-01T00:00:00,2025-03-31T00:00:00,0.0,0.0,15003.33,APRIL QUARTERLY,202504149755332282
TX-19,R,2026,H6TX19099,C00588657,2026-04-01T00:00:00,2026-06-30T00:00:00,2000.0,138758.16,1590437.72,JULY QUARTERLY,202607159875358079
TX-19,R,2026,H6TX19099,C00588657,2026-01-01T00:00:00,2026-03-31T00:00:00,1776.95,210157.06,1727195.88,APRIL QUARTERLY,202604159857287757
TX-19,R,2026,H6TX19099,C00588657,2025-10-01T00:00:00,2025-12-31T00:00:00,51533.49,786011.41,1935575.99,YEAR-END,202601319795532833
TX-19,R,2026,H6TX19099,C00588657,2025-07-01T00:00:00,2025-09-30T00:00:00,261624.45,288925.15,2670053.91,OCTOBER QUARTERLY,202510159790810422
TX-19,R,2026,H6TX19099,C00588657,2025-04-01T00:00:00,2025-06-30T00:00:00,653546.82,236162.5,2697354.61,JULY QUARTERLY,202507159762847809
TX-19,R,2026,H6TX19099,C00588657,2025-01-01T00:00:00,2025-03-31T00:00:00,711612.09,315838.13,2279970.29,APRIL QUARTERLY,202504159755352510
WY-00,R,2026,H6WY01116,C00890921,2026-04-01T00:00:00,2026-06-30T00:00:00,779894.45,856809.77,81017.78,JULY QUARTERLY,202607139874905549
WY-00,R,2026,H6WY01116,C00890921,2026-01-01T00:00:00,2026-03-31T00:00:00,1053500.45,895567.35,157933.1,APRIL QUARTERLY,202604139857137083
WY-00,R,2026,H6WY01116,C00890921,2025-10-01T00:00:00,2025-12-31T00:00:00,116.0,116.0,0.0,YEAR-END,202601199794067786
WY-00,R,2026,H6WY01116,C00890921,2025-07-01T00:00:00,2025-09-30T00:00:00,21607.82,76914.83,0.0,OCTOBER QUARTERLY,202601159794006525
WY-00,R,2026,H6WY01116,C00890921,2025-07-01T00:00:00,2025-09-30T00:00:00,415.0,56880.83,-1158.82,OCTOBER QUARTERLY,202510149790799692
WY-00,R,2026,H6WY01116,C00890921,2025-07-01T00:00:00,2025-09-30T00:00:00,21607.82,76914.83,0.0,OCTOBER QUARTERLY,202605149866964147
WY-00,R,2026,H6WY01116,C00890921,2025-04-01T00:00:00,2025-06-30T00:00:00,140102.93,90752.96,55307.01,JULY QUARTERLY,202507039762567100
WY-00,R,2026,H6WY01116,C00890921,2025-04-01T00:00:00,2025-06-30T00:00:00,140102.93,57335.86,88724.11,JULY QUARTERLY,202507079762733082
WY-00,R,2026,H6WY01116,C00890921,2025-04-01T00:00:00,2025-06-30T00:00:00,140102.93,90752.96,55307.01,JULY QUARTERLY,202510149790799642
WY-00,R,2026,H6WY01116,C00890921,2025-01-01T00:00:00,2025-03-31T00:00:00,48605.0,55100.96,5957.04,APRIL QUARTERLY,202504129755256120
WY-00,R,2026,H6WY01116,C00890921,2025-01-01T00:00:00,2025-03-31T00:00:00,48605.0,55100.96,5957.04,APRIL QUARTERLY,202507079762733054
NY-06,D,2026,H2NY06116,C00516666,2026-06-04T00:00:00,2026-06-30T00:00:00,340387.6,341606.87,1034068.45,JULY QUARTERLY,202607159890612711
NY-06,D,2026,H2NY06116,C00516666,2026-04-01T00:00:00,2026-06-03T00:00:00,290060.73,540715.68,1035287.72,PRE-PRIMARY,202606119870564940
NY-06,D,2026,H2NY06116,C00516666,2026-01-01T00:00:00,2026-03-31T00:00:00,482889.87,220092.43,1285942.67,APRIL QUARTERLY,202604149857198536
NY-06,D,2026,H2NY06116,C00516666,2025-10-01T00:00:00,2025-12-31T00:00:00,378399.22,184812.65,1023145.23,YEAR-END,202601309794800852
NY-06,D,2026,H2NY06116,C00516666,2025-07-01T00:00:00,2025-09-30T00:00:00,233765.99,209443.93,829558.66,OCTOBER QUARTERLY,202510159790862257
NY-06,D,2026,H2NY06116,C00516666,2025-04-01T00:00:00,2025-06-30T00:00:00,161569.0,289201.22,805236.6,JULY QUARTERLY,202507159762871253
NY-06,D,2026,H2NY06116,C00516666,2025-01-01T00:00:00,2025-03-31T00:00:00,145972.23,181989.22,932868.82,APRIL QUARTERLY,202504159755420012
NY-05,D,2026,H8NY06048,C00430991,2026-06-04T00:00:00,2026-06-30T00:00:00,169814.36,108748.21,2010349.55,JULY QUARTERLY,202607159875294774
NY-05,D,2026,H8NY06048,C00430991,2026-04-01T00:00:00,2026-06-03T00:00:00,306183.89,226967.16,1949283.4,PRE-PRIMARY,202606249874262854
NY-05,D,2026,H8NY06048,C00430991,2026-04-01T00:00:00,2026-06-03T00:00:00,306183.89,226967.16,1949283.4,PRE-PRIMARY,202606119870617104
NY-05,D,2026,H8NY06048,C00430991,2026-01-01T00:00:00,2026-03-31T00:00:00,236108.52,338202.42,1870066.67,APRIL QUARTERLY,202604159857672901
NY-05,D,2026,H8NY06048,C00430991,2025-10-01T00:00:00,2025-12-31T00:00:00,252683.24,259181.98,1972160.57,YEAR-END,202601309794843715
NY-05,D,2026,H8NY06048,C00430991,2025-07-01T00:00:00,2025-09-30T00:00:00,200609.36,217810.5,1978659.31,OCTOBER QUARTERLY,202510159790994738
NY-05,D,2026,H8NY06048,C00430991,2025-04-01T00:00:00,2025-06-30T00:00:00,354859.17,417882.45,1995860.45,JULY QUARTERLY,202507159763464091
NY-05,D,2026,H8NY06048,C00430991,2025-01-01T00:00:00,2025-03-31T00:00:00,224629.0,394297.34,2058883.73,APRIL QUARTERLY,202504159755625300
MI-04,R,2026,H0MI02094,C00459297,2026-07-01T00:00:00,2026-07-15T00:00:00,90160.03,427473.92,2268746.6,PRE-PRIMARY,202607239894439621
MI-04,R,2026,H0MI02094,C00459297,2026-04-01T00:00:00,2026-06-30T00:00:00,1006272.7,297717.94,2606060.49,JULY QUARTERLY,202607159875263403
MI-04,R,2026,H0MI02094,C00459297,2026-01-01T00:00:00,2026-03-31T00:00:00,634822.45,335329.02,1897505.73,APRIL QUARTERLY,202604159857737074
MI-04,R,2026,H0MI02094,C00459297,2025-10-01T00:00:00,2025-12-31T00:00:00,433832.84,208113.33,1598012.3,YEAR-END,202601299794402293
MI-04,R,2026,H0MI02094,C00459297,2025-07-01T00:00:00,2025-09-30T00:00:00,325133.54,335462.72,1372292.79,OCTOBER QUARTERLY,202510159791042719
MI-04,R,2026,H0MI02094,C00459297,2025-04-01T00:00:00,2025-06-30T00:00:00,746685.88,230038.89,1382621.97,JULY QUARTERLY,202507249764217615
MI-04,R,2026,H0MI02094,C00459297,2025-04-01T00:00:00,2025-06-30T00:00:00,746685.88,230038.89,1382621.97,JULY QUARTERLY,202507159763203025
MI-04,R,2026,H0MI02094,C00459297,2025-01-01T00:00:00,2025-03-31T00:00:00,857083.57,100148.55,865974.98,APRIL QUARTERLY,202504159755354998
PA-10,D,2026,H4PA10104,C00852368,2026-04-30T00:00:00,2026-06-30T00:00:00,1672315.77,542944.11,4478639.42,JULY QUARTERLY,202607159875121305
PA-10,D,2026,H4PA10104,C00852368,2026-04-01T00:00:00,2026-04-29T00:00:00,321629.06,146550.16,3349267.76,PRE-PRIMARY,202605079866886847
PA-10,D,2026,H4PA10104,C00852368,2026-01-01T00:00:00,2026-03-31T00:00:00,2174230.21,520748.72,3174188.86,APRIL QUARTERLY,202604159862305245
PA-10,D,2026,H4PA10104,C00852368,2025-10-01T00:00:00,2025-12-31T00:00:00,946181.17,395117.59,1520707.37,YEAR-END,202601319795470130
PA-10,D,2026,H4PA10104,C00852368,2025-07-01T00:00:00,2025-09-30T00:00:00,1246605.6,281087.93,969643.79,OCTOBER QUARTERLY,202607239894420860
PA-10,D,2026,H4PA10104,C00852368,2025-07-01T00:00:00,2025-09-30T00:00:00,1246605.6,281087.93,969643.79,OCTOBER QUARTERLY,202510159791251168
PA-10,D,2026,H4PA10104,C00852368,2025-04-01T00:00:00,2025-06-30T00:00:00,0.0,6371.46,303.73,JULY QUARTERLY,202507159763271783
PA-10,D,2026,H4PA10104,C00852368,2025-04-01T00:00:00,2025-06-30T00:00:00,0.0,7631.05,4126.12,JULY QUARTERLY,202508079789419173
PA-10,D,2026,H4PA10104,C00852368,2025-01-01T00:00:00,2025-03-31T00:00:00,3106.95,6587.26,11757.17,APRIL QUARTERLY,202508079789419160
PA-10,D,2026,H4PA10104,C00852368,2025-01-01T00:00:00,2025-03-31T00:00:00,3106.95,6587.26,6675.19,APRIL QUARTERLY,202504159755652842
SC-01,D,2026,H6SC01359,C00935379,2026-06-04T00:00:00,2026-06-30T00:00:00,646446.41,513894.62,412020.42,JULY QUARTERLY,202607159890607895
SC-01,D,2026,H6SC01359,C00935379,2026-05-21T00:00:00,2026-06-03T00:00:00,209797.98,330762.94,279468.63,PRE-RUN-OFF,202606119870620921
SC-01,D,2026,H6SC01359,C00935379,2026-04-01T00:00:00,2026-05-20T00:00:00,394065.97,571646.81,400433.59,PRE-PRIMARY,202605289870321404
SC-01,D,2026,H6SC01359,C00935379,2026-01-19T00:00:00,2026-03-31T00:00:00,1029274.58,451260.15,578014.43,APRIL QUARTERLY,202604159857646050
NV-04,D,2026,H2NV04011,C00668228,2026-05-21T00:00:00,2026-06-30T00:00:00,561548.16,157238.95,1496222.24,JULY QUARTERLY,202607159875895964
NV-04,D,2026,H2NV04011,C00668228,2026-04-01T00:00:00,2026-05-20T00:00:00,214123.25,238511.51,1091913.03,PRE-PRIMARY,202605289870321087
NV-04,D,2026,H2NV04011,C00668228,2026-01-01T00:00:00,2026-03-31T00:00:00,618090.98,259301.66,1116301.29,APRIL QUARTERLY,202604159862445605
NV-04,D,2026,H2NV04011,C00668228,2025-10-01T00:00:00,2025-12-31T00:00:00,539772.29,355469.12,757511.97,YEAR-END,202601309795231003
NV-04,D,2026,H2NV04011,C00668228,2025-07-01T00:00:00,2025-09-30T00:00:00,510891.84,426881.41,573208.8,OCTOBER QUARTERLY,202510159791512536
NV-04,D,2026,H2NV04011,C00668228,2025-04-01T00:00:00,2025-06-30T00:00:00,535034.25,342020.09,489198.37,JULY QUARTERLY,202507159763070114
NV-04,D,2026,H2NV04011,C00668228,2025-01-01T00:00:00,2025-03-31T00:00:00,371102.05,81208.35,296184.21,APRIL QUARTERLY,202504159755640688
PA-07,D,2026,H6PA07162,C00907667,2026-04-30T00:00:00,2026-06-30T00:00:00,115382.23,539574.42,13204.7,JULY QUARTERLY,202607159875901805
PA-07,D,2026,H6PA07162,C00907667,2026-04-01T00:00:00,2026-04-29T00:00:00,125263.72,403196.06,437396.89,PRE-PRIMARY,202605079866894246
PA-07,D,2026,H6PA07162,C00907667,2026-01-01T00:00:00,2026-03-31T00:00:00,483818.95,380739.47,715329.23,APRIL QUARTERLY,202604159862877547
PA-07,D,2026,H6PA07162,C00907667,2025-10-01T00:00:00,2025-12-31T00:00:00,443756.71,265298.1,612249.75,YEAR-END,202601319808416951
PA-07,D,2026,H6PA07162,C00907667,2025-10-01T00:00:00,2025-12-31T00:00:00,446604.55,268145.94,612249.75,YEAR-END,202604139857131853
PA-07,D,2026,H6PA07162,C00907667,2025-07-01T00:00:00,2025-09-30T00:00:00,380128.17,200340.32,433791.14,OCTOBER QUARTERLY,202510159791481418
PA-07,D,2026,H6PA07162,C00907667,2025-07-01T00:00:00,2025-09-30T00:00:00,380478.77,200690.92,433791.14,OCTOBER QUARTERLY,202604139857130366
PA-07,D,2026,H6PA07162,C00907667,2025-04-01T00:00:00,2025-06-30T00:00:00,320979.91,66976.62,254003.29,JULY QUARTERLY,202508189789504532
PA-07,D,2026,H6PA07162,C00907667,2025-04-01T00:00:00,2025-06-30T00:00:00,320979.91,66976.62,254003.29,JULY QUARTERLY,202507159763152318
AZ-07,D,2026,H6AZ07121,C00901116,2026-04-01T00:00:00,2026-07-01T00:00:00,191431.83,148385.25,427976.51,PRE-PRIMARY,202607099874839659
AZ-07,D,2026,H6AZ07121,C00901116,2026-01-01T00:00:00,2026-03-31T00:00:00,117514.56,108125.2,384929.93,APRIL QUARTERLY,202607089874806538
AZ-07,D,2026,H6AZ07121,C00901116,2026-01-01T00:00:00,2026-03-31T00:00:00,117514.56,108125.2,384929.93,APRIL QUARTERLY,202604149857194168
AZ-07,D,2026,H6AZ07121,C00901116,2025-10-14T00:00:00,2025-12-31T00:00:00,377423.28,179562.07,375540.57,YEAR-END,202607089874805433
AZ-07,D,2026,H6AZ07121,C00901116,2025-10-14T00:00:00,2025-12-31T00:00:00,377423.28,179562.07,375540.57,YEAR-END,202601309794676326
AZ-07,D,2026,H6AZ07121,C00901116,2025-09-04T00:00:00,2025-10-13T00:00:00,266773.99,197862.33,177679.36,POST-SPECIAL,202510239791999131
AZ-07,D,2026,H6AZ07121,C00901116,2025-09-04T00:00:00,2025-10-13T00:00:00,266773.99,197862.33,177679.36,POST-SPECIAL,202603069837908230
AZ-07,D,2026,H6AZ07121,C00901116,2025-07-01T00:00:00,2025-09-03T00:00:00,421365.58,440763.42,108767.7,PRE-SPECIAL,202509119790048506
AZ-07,D,2026,H6AZ07121,C00901116,2025-06-26T00:00:00,2025-06-30T00:00:00,76285.19,75821.45,128369.54,JULY QUARTERLY,202507159763542932
AZ-07,D,2026,H6AZ07121,C00901116,2025-06-26T00:00:00,2025-06-30T00:00:00,76285.19,76025.45,128165.54,JULY QUARTERLY,202509049789842767
AZ-07,D,2026,H6AZ07121,C00901116,2025-04-01T00:00:00,2025-06-25T00:00:00,834844.83,706939.03,127905.8,PRE-SPECIAL,202507039762577204
AZ-07,D,2026,H6AZ07121,C00901116,2025-04-01T00:00:00,2025-06-25T00:00:00,834844.83,706939.03,127905.8,PRE-SPECIAL,202509049789842339
VA-08,D,2026,H4VA08224,C00555888,2026-07-01T00:00:00,2026-07-15T00:00:00,39241.37,64692.01,838934.44,PRE-PRIMARY,202607239894439845
VA-08,D,2026,H4VA08224,C00555888,2026-04-01T00:00:00,2026-06-30T00:00:00,458413.4,349431.49,864385.08,JULY QUARTERLY,202607159875260954
VA-08,D,2026,H4VA08224,C00555888,2026-01-01T00:00:00,2026-03-31T00:00:00,461598.82,291027.62,755403.17,APRIL QUARTERLY,202604159857696436
VA-08,D,2026,H4VA08224,C00555888,2025-10-01T00:00:00,2025-12-31T00:00:00,269325.41,247825.91,584831.97,YEAR-END,202601319795535702
VA-08,D,2026,H4VA08224,C00555888,2025-07-01T00:00:00,2025-09-30T00:00:00,251421.43,369441.99,563332.47,OCTOBER QUARTERLY,202510159790861794
VA-08,D,2026,H4VA08224,C00555888,2025-04-01T00:00:00,2025-06-30T00:00:00,343829.36,247113.31,681353.03,JULY QUARTERLY,202507159762907667
VA-08,D,2026,H4VA08224,C00555888,2025-01-01T00:00:00,2025-03-31T00:00:00,301931.53,274357.23,584636.98,APRIL QUARTERLY,202504159755378300
VA-08,D,2026,H4VA08224,C00555888,2025-01-01T00:00:00,2025-03-31T00:00:00,301931.53,274357.23,584636.98,APRIL QUARTERLY,202506239762532330
MI-01,R,2026,H2MI11232,C00788588,2026-07-01T00:00:00,2026-07-15T00:00:00,45.0,268494.65,73438.6,PRE-PRIMARY,202607239894460354
MI-01,R,2026,H2MI11232,C00788588,2026-07-01T00:00:00,2026-07-15T00:00:00,45.0,268494.65,73854.22,PRE-PRIMARY,202607279894479269
MI-01,R,2026,H2MI11232,C00788588,2026-04-01T00:00:00,2026-06-30T00:00:00,1623619.0,1287235.64,341888.25,JULY QUARTERLY,202607179890855032
MI-01,R,2026,H2MI11232,C00788588,2026-04-01T00:00:00,2026-06-30T00:00:00,3242494.0,1287235.64,1960763.25,JULY QUARTERLY,202607099874815641
MI-01,R,2026,H2MI11232,C00788588,2026-04-01T00:00:00,2026-06-30T00:00:00,1623619.0,1286820.02,342303.87,JULY QUARTERLY,202607279894479235
MI-01,R,2026,H2MI11232,C00788588,2026-01-01T00:00:00,2026-03-31T00:00:00,271100.0,265642.82,5481.19,APRIL QUARTERLY,202604139857131721
MI-01,R,2026,H2MI11232,C00788588,2026-01-01T00:00:00,2026-03-31T00:00:00,270100.0,265602.52,4521.49,APRIL QUARTERLY,202604109857057371
MI-01,R,2026,H2MI11232,C00788588,2026-01-01T00:00:00,2026-03-31T00:00:00,270100.0,265602.52,4521.49,APRIL QUARTERLY,202604099857053581
MI-01,R,2026,H2MI11232,C00788588,2025-10-01T00:00:00,2025-12-31T00:00:00,0.0,0.0,24.01,YEAR-END,202603239856802242
MI-01,R,2026,H2MI11232,C00788588,2025-10-01T00:00:00,2025-12-31T00:00:00,0.0,0.0,24.01,YEAR-END,202602189834342500
MI-01,R,2026,H2MI11232,C00788588,2025-07-01T00:00:00,2025-09-30T00:00:00,0.0,0.0,24.01,OCTOBER QUARTERLY,202603239856802350
MI-01,R,2026,H2MI11232,C00788588,2025-07-01T00:00:00,2025-09-30T00:00:00,0.0,0.0,24.01,OCTOBER QUARTERLY,202602189834342494
MI-01,R,2026,H2MI11232,C00788588,2025-04-01T00:00:00,2025-06-30T00:00:00,0.0,0.0,24.01,JULY QUARTERLY,202602189834342488
MI-01,R,2026,H2MI11232,C00788588,2025-04-01T00:00:00,2025-06-30T00:00:00,0.0,0.0,24.01,JULY QUARTERLY,202603239856802341
MI-01,R,2026,H2MI11232,C00788588,2025-01-01T00:00:00,2025-03-31T00:00:00,0.0,0.0,24.01,APRIL QUARTERLY,202603239856802332
MI-01,R,2026,H2MI11232,C00788588,2025-01-01T00:00:00,2025-03-31T00:00:00,0.0,0.0,24.01,APRIL QUARTERLY,202602189834342212
PA-15,R,2026,H8PA05071,C00444620,2026-04-30T00:00:00,2026-06-30T00:00:00,218628.85,127726.55,829751.79,JULY QUARTERLY,202607159875636278
PA-15,R,2026,H8PA05071,C00444620,2026-04-01T00:00:00,2026-04-29T00:00:00,37971.0,118485.72,732224.49,PRE-PRIMARY,202605079866886516
PA-15,R,2026,H8PA05071,C00444620,2026-04-01T00:00:00,2026-04-29T00:00:00,44596.0,118485.72,738849.49,PRE-PRIMARY,202605119866916956
PA-15,R,2026,H8PA05071,C00444620,2026-01-01T00:00:00,2026-03-31T00:00:00,360793.62,415194.57,812739.21,APRIL QUARTERLY,202604159857822461
PA-15,R,2026,H8PA05071,C00444620,2025-10-01T00:00:00,2025-12-31T00:00:00,140584.38,224903.1,867140.16,YEAR-END,202601309795049423
PA-15,R,2026,H8PA05071,C00444620,2025-07-01T00:00:00,2025-09-30T00:00:00,323296.15,275405.67,951458.88,OCTOBER QUARTERLY,202510159791023640
PA-15,R,2026,H8PA05071,C00444620,2025-04-01T00:00:00,2025-06-30T00:00:00,277102.84,319936.65,903568.4,JULY QUARTERLY,202507159763128397
PA-15,R,2026,H8PA05071,C00444620,2025-01-01T00:00:00,2025-03-31T00:00:00,486457.36,331849.05,946402.21,APRIL QUARTERLY,202504159755424250
PA-15,R,2026,H8PA05071,C00444620,2025-01-01T00:00:00,2025-03-31T00:00:00,486457.36,331849.05,946402.21,APRIL QUARTERLY,202508199789526703
NY-03,D,2026,H6NY03247,C00607200,2026-06-04T00:00:00,2026-06-30T00:00:00,458183.52,274796.14,5679950.24,JULY QUARTERLY,202607159875899416
NY-03,D,2026,H6NY03247,C00607200,2026-04-01T00:00:00,2026-06-03T00:00:00,888476.81,462752.59,5496562.86,PRE-PRIMARY,202607159875893773
NY-03,D,2026,H6NY03247,C00607200,2026-04-01T00:00:00,2026-06-03T00:00:00,887543.15,461818.93,5496562.86,PRE-PRIMARY,202606119870615357
NY-03,D,2026,H6NY03247,C00607200,2026-01-01T00:00:00,2026-03-31T00:00:00,863553.33,273972.08,5070838.64,APRIL QUARTERLY,202604159857667441
NY-03,D,2026,H6NY03247,C00607200,2025-10-01T00:00:00,2025-12-31T00:00:00,834783.53,214203.6,4481257.39,YEAR-END,202601319808284956
NY-03,D,2026,H6NY03247,C00607200,2025-07-01T00:00:00,2025-09-30T00:00:00,1018144.52,206686.56,3860677.46,OCTOBER QUARTERLY,202510159791372527
NY-03,D,2026,H6NY03247,C00607200,2025-04-01T00:00:00,2025-06-30T00:00:00,825022.93,187765.22,3049219.5,JULY QUARTERLY,202507159763095972
NY-03,D,2026,H6NY03247,C00607200,2025-01-01T00:00:00,2025-03-31T00:00:00,568533.1,190912.48,2411961.79,APRIL QUARTERLY,202504159755396625
AZ-05,R,2026,H6AZ05182,C00898429,2026-04-01T00:00:00,2026-07-01T00:00:00,272951.67,1460949.51,46775.86,PRE-PRIMARY,202607109874860374
AZ-05,R,2026,H6AZ05182,C00898429,2026-01-01T00:00:00,2026-03-31T00:00:00,511666.57,50885.95,1234773.7,APRIL QUARTERLY,202604159857287946
AZ-05,R,2026,H6AZ05182,C00898429,2025-10-01T00:00:00,2025-12-31T00:00:00,8212.94,114581.7,768715.11,YEAR-END,202601309795193668
AZ-05,R,2026,H6AZ05182,C00898429,2025-10-01T00:00:00,2025-12-31T00:00:00,13494.91,114585.7,773993.08,YEAR-END,202603109837935334
AZ-05,R,2026,H6AZ05182,C00898429,2025-07-01T00:00:00,2025-09-30T00:00:00,517753.42,3742.0,875083.87,OCTOBER QUARTERLY,202603109837935316
AZ-05,R,2026,H6AZ05182,C00898429,2025-07-01T00:00:00,2025-09-30T00:00:00,517753.42,3742.0,875083.87,OCTOBER QUARTERLY,202510159790976722
AZ-05,R,2026,H6AZ05182,C00898429,2025-04-01T00:00:00,2025-06-30T00:00:00,277618.12,174202.94,361072.45,JULY QUARTERLY,202603109837935280
AZ-05,R,2026,H6AZ05182,C00898429,2025-04-01T00:00:00,2025-06-30T00:00:00,277618.12,174202.94,361072.45,JULY QUARTERLY,202507159762901547
AZ-05,R,2026,H6AZ05182,C00898429,2025-01-01T00:00:00,2025-03-31T00:00:00,257817.68,160.41,257657.27,APRIL QUARTERLY,202603109837935263
AZ-05,R,2026,H6AZ05182,C00898429,2025-01-01T00:00:00,2025-03-31T00:00:00,257817.68,160.41,257657.27,APRIL QUARTERLY,202504159755359814
TX-15,D,2026,H6TX15246,C00919985,2026-04-01T00:00:00,2026-06-30T00:00:00,1340156.83,587214.1,1155936.36,JULY QUARTERLY,202607159875571785
TX-15,D,2026,H6TX15246,C00919985,2026-02-12T00:00:00,2026-03-31T00:00:00,575560.22,455868.92,402993.63,APRIL QUARTERLY,202604159857738734
TX-15,D,2026,H6TX15246,C00919985,2026-01-01T00:00:00,2026-02-11T00:00:00,322488.08,327272.83,283302.33,PRE-PRIMARY,202602199834785584
TX-15,D,2026,H6TX15246,C00919985,2025-10-01T00:00:00,2025-12-31T00:00:00,415452.46,401700.59,288087.08,YEAR-END,202601309794795545
TX-15,D,2026,H6TX15246,C00919985,2025-10-01T00:00:00,2025-12-31T00:00:00,415452.46,401700.59,288087.08,YEAR-END,202607229894418457
TX-15,D,2026,H6TX15246,C00919985,2025-07-01T00:00:00,2025-09-30T00:00:00,306804.34,32469.13,274335.21,OCTOBER QUARTERLY,202510159791589336
TX-15,D,2026,H6TX15246,C00919985,2025-07-01T00:00:00,2025-09-30T00:00:00,306804.34,32469.13,274335.21,OCTOBER QUARTERLY,202601309794788899
CO-03,R,2026,H4CO03357,C00848333,2026-06-11T00:00:00,2026-06-30T00:00:00,274017.2,122336.38,1760849.14,JULY QUARTERLY,202607159890825794
CO-03,R,2026,H4CO03357,C00848333,2026-04-01T00:00:00,2026-06-10T00:00:00,281507.62,610067.08,1608623.32,PRE-PRIMARY,202606189870801341
CO-03,R,2026,H4CO03357,C00848333,2026-04-01T00:00:00,2026-06-10T00:00:00,282052.62,610067.08,1609168.32,PRE-PRIMARY,202607169890839547
CO-03,R,2026,H4CO03357,C00848333,2026-01-01T00:00:00,2026-03-31T00:00:00,609289.3,237293.98,1936707.78,APRIL QUARTERLY,202604159862939404
CO-03,R,2026,H4CO03357,C00848333,2026-01-01T00:00:00,2026-03-31T00:00:00,609764.3,237293.98,1937182.78,APRIL QUARTERLY,202605239870275299
CO-03,R,2026,H4CO03357,C00848333,2025-10-01T00:00:00,2025-12-31T00:00:00,474714.64,296717.65,1564712.46,YEAR-END,202604129857124189
CO-03,R,2026,H4CO03357,C00848333,2025-10-01T00:00:00,2025-12-31T00:00:00,474714.64,296717.65,1564712.46,YEAR-END,202605239870274964
CO-03,R,2026,H4CO03357,C00848333,2025-10-01T00:00:00,2025-12-31T00:00:00,474714.64,295697.71,1573048.2,YEAR-END,202601319825702896
CO-03,R,2026,H4CO03357,C00848333,2025-07-01T00:00:00,2025-09-30T00:00:00,442243.84,196773.15,1394031.27,OCTOBER QUARTERLY,202510159791378653
CO-03,R,2026,H4CO03357,C00848333,2025-07-01T00:00:00,2025-09-30T00:00:00,442243.84,200069.22,1386715.47,OCTOBER QUARTERLY,202605239870274678
CO-03,R,2026,H4CO03357,C00848333,2025-07-01T00:00:00,2025-09-30T00:00:00,442243.84,200069.22,1386715.47,OCTOBER QUARTERLY,202604129857123877
CO-03,R,2026,H4CO03357,C00848333,2025-04-01T00:00:00,2025-06-30T00:00:00,760190.06,169366.4,1144540.85,JULY QUARTERLY,202604129857123534
CO-03,R,2026,H4CO03357,C00848333,2025-04-01T00:00:00,2025-06-30T00:00:00,760190.06,169366.4,1144540.85,JULY QUARTERLY,202605239870274378
CO-03,R,2026,H4CO03357,C00848333,2025-04-01T00:00:00,2025-06-30T00:00:00,761765.06,167752.38,1149960.58,JULY QUARTERLY,202507169763549080
CO-03,R,2026,H4CO03357,C00848333,2025-04-01T00:00:00,2025-06-30T00:00:00,760365.06,167752.38,1148560.58,JULY QUARTERLY,202507169763549351
CO-03,R,2026,H4CO03357,C00848333,2025-01-01T00:00:00,2025-03-31T00:00:00,709616.37,165034.68,553717.19,APRIL QUARTERLY,202604119857120082
CO-03,R,2026,H4CO03357,C00848333,2025-01-01T00:00:00,2025-03-31T00:00:00,709616.37,165034.68,553717.19,APRIL QUARTERLY,202605239870274157
CO-03,R,2026,H4CO03357,C00848333,2025-01-01T00:00:00,2025-03-31T00:00:00,709616.37,163971.35,555947.9,APRIL QUARTERLY,202504159756059229
NJ-11,D,2026,H6NJ11286,C00927681,2026-05-14T00:00:00,2026-06-30T00:00:00,282377.0,389296.66,27475.47,JULY QUARTERLY,202607159875687482
NJ-11,D,2026,H6NJ11286,C00927681,2026-05-07T00:00:00,2026-05-13T00:00:00,85676.46,35857.66,134395.13,PRE-PRIMARY,202607139874901646
NJ-11,D,2026,H6NJ11286,C00927681,2026-05-07T00:00:00,2026-05-13T00:00:00,85676.46,35857.66,134395.13,PRE-PRIMARY,202605219870232153
NJ-11,D,2026,H6NJ11286,C00927681,2026-04-01T00:00:00,2026-05-06T00:00:00,306608.11,643207.86,84576.33,POST-SPECIAL,202605159866975901
NJ-11,D,2026,H6NJ11286,C00927681,2026-04-01T00:00:00,2026-05-06T00:00:00,307918.38,644518.13,84576.33,POST-SPECIAL,202607139874900391
NJ-11,D,2026,H6NJ11286,C00927681,2026-03-28T00:00:00,2026-03-31T00:00:00,50937.26,3269.94,421176.08,APRIL QUARTERLY,202604159862912933
NJ-11,D,2026,H6NJ11286,C00927681,2026-03-28T00:00:00,2026-03-31T00:00:00,50937.26,3269.94,421176.08,APRIL QUARTERLY,202607139874899077
NJ-11,D,2026,H6NJ11286,C00927681,2026-01-17T00:00:00,2026-03-27T00:00:00,676308.6,660920.73,373508.76,PRE-GENERAL,202604039856951076
NJ-11,D,2026,H6NJ11286,C00927681,2026-01-17T00:00:00,2026-03-27T00:00:00,676308.6,660920.73,373508.76,PRE-GENERAL,202605049866799749
NJ-11,D,2026,H6NJ11286,C00927681,2025-11-20T00:00:00,2026-01-16T00:00:00,420218.19,62097.3,358120.89,PRE-PRIMARY,202603039837887209
NJ-11,D,2026,H6NJ11286,C00927681,2025-11-20T00:00:00,2026-01-16T00:00:00,420218.19,62097.3,358120.89,PRE-PRIMARY,202601239794153114
NJ-11,D,2026,H6NJ11286,C00927681,2025-11-20T00:00:00,2026-01-16T00:00:00,420218.19,62097.3,358120.89,PRE-PRIMARY,202605049866799474
GA-14,R,2026,H0GA14030,C00931709,2026-04-30T00:00:00,2026-06-30T00:00:00,177199.97,183855.94,70518.1,JULY QUARTERLY,202607159880602424
GA-14,R,2026,H0GA14030,C00931709,2026-04-01T00:00:00,2026-04-29T00:00:00,232745.22,300945.11,77174.07,PRE-PRIMARY,202605079866868566
GA-14,R,2026,H0GA14030,C00931709,2026-03-19T00:00:00,2026-03-31T00:00:00,174732.86,81861.55,145373.96,APRIL QUARTERLY,202604159857286376
GA-14,R,2026,H0GA14030,C00931709,2026-02-19T00:00:00,2026-03-18T00:00:00,475417.15,661195.85,52502.65,PRE-RUN-OFF,202603269856861174
GA-14,R,2026,H0GA14030,C00931709,2026-01-01T00:00:00,2026-02-18T00:00:00,536670.97,533894.98,238281.35,PRE-SPECIAL,202602269837862804
GA-14,R,2026,H0GA14030,C00931709,2025-10-01T00:00:00,2025-12-31T00:00:00,250126.12,14620.76,235505.36,YEAR-END,202601319808350930
NY-18,D,2026,H8NY19223,C00815290,2026-06-04T00:00:00,2026-06-30T00:00:00,257944.57,89802.6,3116479.19,JULY QUARTERLY,202607159890076319
NY-18,D,2026,H8NY19223,C00815290,2026-04-01T00:00:00,2026-06-03T00:00:00,336164.62,318337.99,2948337.22,PRE-PRIMARY,202606119870623577
NY-18,D,2026,H8NY19223,C00815290,2026-01-01T00:00:00,2026-03-31T00:00:00,672210.95,289723.13,2930510.59,APRIL QUARTERLY,202604159862535778
NY-18,D,2026,H8NY19223,C00815290,2025-10-01T00:00:00,2025-12-31T00:00:00,647007.86,300607.43,2548022.77,YEAR-END,202601319808843241
NY-18,D,2026,H8NY19223,C00815290,2025-07-01T00:00:00,2025-09-30T00:00:00,806052.39,254605.5,2201622.34,OCTOBER QUARTERLY,202510159791472849
NY-18,D,2026,H8NY19223,C00815290,2025-04-01T00:00:00,2025-06-30T00:00:00,759796.28,274590.77,1650175.45,JULY QUARTERLY,202507159763459742
NY-18,D,2026,H8NY19223,C00815290,2025-01-01T00:00:00,2025-03-31T00:00:00,1244450.62,246672.04,1164969.94,APRIL QUARTERLY,202504159755952444
NY-18,D,2026,H8NY19223,C00815290,2025-01-01T00:00:00,2025-03-31T00:00:00,1244450.62,246672.04,1164969.94,APRIL QUARTERLY,202509029789834916
PA-09,R,2026,H8PA10147,C00654723,2026-04-30T00:00:00,2026-06-30T00:00:00,248184.27,202845.55,170733.23,JULY QUARTERLY,202607139874902156
PA-09,R,2026,H8PA10147,C00654723,2026-04-01T00:00:00,2026-04-29T00:00:00,26910.65,122751.52,125394.51,PRE-PRIMARY,202605069866842900
PA-09,R,2026,H8PA10147,C00654723,2026-01-01T00:00:00,2026-03-31T00:00:00,468438.08,310492.58,221235.38,APRIL QUARTERLY,202604139857135628
PA-09,R,2026,H8PA10147,C00654723,2026-01-01T00:00:00,2026-03-31T00:00:00,468438.08,310492.58,221235.38,APRIL QUARTERLY,202605129866922316
PA-09,R,2026,H8PA10147,C00654723,2025-10-01T00:00:00,2025-12-31T00:00:00,262276.74,374251.78,63289.88,YEAR-END,202603129837937787
PA-09,R,2026,H8PA10147,C00654723,2025-10-01T00:00:00,2025-12-31T00:00:00,262276.74,374251.78,63289.88,YEAR-END,202601299794443418
PA-09,R,2026,H8PA10147,C00654723,2025-07-01T00:00:00,2025-09-30T00:00:00,307917.55,347331.97,175264.92,OCTOBER QUARTERLY,202510159790865573
PA-09,R,2026,H8PA10147,C00654723,2025-04-01T00:00:00,2025-06-30T00:00:00,235595.9,226937.97,214679.34,JULY QUARTERLY,202507159762869232
PA-09,R,2026,H8PA10147,C00654723,2025-01-01T00:00:00,2025-03-31T00:00:00,353754.32,181379.64,206021.41,APRIL QUARTERLY,202504149755331182
PA-09,R,2026,H8PA10147,C00654723,2025-01-01T00:00:00,2025-03-31T00:00:00,353754.32,181379.64,206021.41,APRIL QUARTERLY,202605129866922173
NY-25,D,2026,H8NY25105,C00675108,2026-06-04T00:00:00,2026-06-30T00:00:00,256220.05,200327.82,408038.29,JULY QUARTERLY,202607159875244576
NY-25,D,2026,H8NY25105,C00675108,2026-04-01T00:00:00,2026-06-03T00:00:00,208615.92,485559.46,352146.06,PRE-PRIMARY,202606119870605710
NY-25,D,2026,H8NY25105,C00675108,2026-01-01T00:00:00,2026-03-31T00:00:00,191576.24,192796.5,629089.6,APRIL QUARTERLY,202604159857248346
NY-25,D,2026,H8NY25105,C00675108,2025-10-01T00:00:00,2025-12-31T00:00:00,443576.09,260091.33,630309.86,YEAR-END,202601319808420246
NY-25,D,2026,H8NY25105,C00675108,2025-07-01T00:00:00,2025-09-30T00:00:00,191317.64,218547.39,446825.1,OCTOBER QUARTERLY,202510159791094386
NY-25,D,2026,H8NY25105,C00675108,2025-04-01T00:00:00,2025-06-30T00:00:00,302900.17,204768.66,474054.85,JULY QUARTERLY,202507159763428509
NY-25,D,2026,H8NY25105,C00675108,2025-01-01T00:00:00,2025-03-31T00:00:00,192697.43,196978.37,375923.34,APRIL QUARTERLY,202504159755423199
NY-24,R,2026,H4NY22051,C00632828,2026-06-04T00:00:00,2026-06-30T00:00:00,324287.69,80070.67,1373086.59,JULY QUARTERLY,202607159875262281
NY-24,R,2026,H4NY22051,C00632828,2026-04-01T00:00:00,2026-06-03T00:00:00,93719.94,212592.99,1128869.57,PRE-PRIMARY,202606119870564237
NY-24,R,2026,H4NY22051,C00632828,2026-01-01T00:00:00,2026-03-31T00:00:00,414281.02,309974.02,1247742.62,APRIL QUARTERLY,202604159857402663
NY-24,R,2026,H4NY22051,C00632828,2025-10-01T00:00:00,2025-12-31T00:00:00,401499.3,225420.76,1143435.62,YEAR-END,202601309794607978
NY-24,R,2026,H4NY22051,C00632828,2025-07-01T00:00:00,2025-09-30T00:00:00,343213.43,292561.61,967357.08,OCTOBER QUARTERLY,202510279792027223
NY-24,R,2026,H4NY22051,C00632828,2025-07-01T00:00:00,2025-09-30T00:00:00,343213.43,292561.61,967357.08,OCTOBER QUARTERLY,202510159790834795
NY-24,R,2026,H4NY22051,C00632828,2025-04-01T00:00:00,2025-06-30T00:00:00,547347.13,312388.25,916705.26,JULY QUARTERLY,202507159763252918
NY-24,R,2026,H4NY22051,C00632828,2025-04-01T00:00:00,2025-06-30T00:00:00,547347.13,312388.25,916705.26,JULY QUARTERLY,202510279792026709
NY-24,R,2026,H4NY22051,C00632828,2025-01-01T00:00:00,2025-03-31T00:00:00,638790.3,312046.28,681746.38,APRIL QUARTERLY,202510279792026248
NY-24,R,2026,H4NY22051,C00632828,2025-01-01T00:00:00,2025-03-31T00:00:00,638790.3,312046.28,681746.38,APRIL QUARTERLY,202504159755547053
CA-20,R,2026,H6CA22125,C00420935,2026-04-01T00:00:00,2026-06-30T00:00:00,26052.31,176097.73,5110594.62,JULY QUARTERLY,202607159875700869
CA-20,R,2026,H6CA22125,C00420935,2026-01-01T00:00:00,2026-03-31T00:00:00,41617.78,115424.22,5260640.04,APRIL QUARTERLY,202604159857760606
CA-20,R,2026,H6CA22125,C00420935,2025-10-01T00:00:00,2025-12-31T00:00:00,44018.62,128112.63,5334446.48,YEAR-END,202601309794875839
CA-20,R,2026,H6CA22125,C00420935,2025-07-01T00:00:00,2025-09-30T00:00:00,58605.86,1079773.98,5418540.49,OCTOBER QUARTERLY,202510159791117025
CA-20,R,2026,H6CA22125,C00420935,2025-04-01T00:00:00,2025-06-30T00:00:00,55196.0,107859.46,6439708.61,JULY QUARTERLY,202507159763191123
CA-20,R,2026,H6CA22125,C00420935,2025-01-01T00:00:00,2025-03-31T00:00:00,391021.88,134182.84,6492372.07,APRIL QUARTERLY,202504159755420366
AZ-01,R,2026,H4AZ06045,C00540617,2026-04-01T00:00:00,2026-06-30T00:00:00,1000.0,46954.67,16708.28,JULY QUARTERLY,202607159875560359
AZ-01,R,2026,H4AZ06045,C00540617,2026-01-01T00:00:00,2026-03-31T00:00:00,3000.0,28096.08,62662.95,APRIL QUARTERLY,202604159857644087
AZ-01,R,2026,H4AZ06045,C00540617,2025-10-01T00:00:00,2025-12-31T00:00:00,-140193.32,855780.62,87759.03,YEAR-END,202601309794872513
AZ-01,R,2026,H4AZ06045,C00540617,2025-07-01T00:00:00,2025-09-30T00:00:00,257799.67,314816.75,1083732.97,OCTOBER QUARTERLY,202510159791094169
AZ-01,R,2026,H4AZ06045,C00540617,2025-04-01T00:00:00,2025-06-30T00:00:00,736629.09,290742.28,1140750.05,JULY QUARTERLY,202507159763219280
AZ-01,R,2026,H4AZ06045,C00540617,2025-01-01T00:00:00,2025-03-31T00:00:00,846343.21,201303.89,694863.24,APRIL QUARTERLY,202504159755544292
CA-27,D,2026,H4CA27111,C00834028,2026-05-14T00:00:00,2026-06-30T00:00:00,427376.31,194026.43,2554916.64,JULY QUARTERLY,202607159880451576
CA-27,D,2026,H4CA27111,C00834028,2026-04-01T00:00:00,2026-05-13T00:00:00,147501.76,320653.9,2321566.76,PRE-PRIMARY,202605219870252856
CA-27,D,2026,H4CA27111,C00834028,2026-04-01T00:00:00,2026-05-13T00:00:00,147501.76,320653.9,2321566.76,PRE-PRIMARY,202607239894444425
CA-27,D,2026,H4CA27111,C00834028,2026-01-01T00:00:00,2026-03-31T00:00:00,421154.91,239879.82,2494718.9,APRIL QUARTERLY,202604159862566099
CA-27,D,2026,H4CA27111,C00834028,2025-10-01T00:00:00,2025-12-31T00:00:00,514935.82,264314.95,2318443.81,YEAR-END,202601319808871369
CA-27,D,2026,H4CA27111,C00834028,2025-10-01T00:00:00,2025-12-31T00:00:00,514935.82,269314.95,2313443.81,YEAR-END,202604109857092771
CA-27,D,2026,H4CA27111,C00834028,2025-07-01T00:00:00,2025-09-30T00:00:00,811634.67,198562.72,2067822.94,OCTOBER QUARTERLY,202510159791100388
CA-27,D,2026,H4CA27111,C00834028,2025-04-01T00:00:00,2025-06-30T00:00:00,882080.42,293940.0,1454750.99,JULY QUARTERLY,202507159763442145
CA-27,D,2026,H4CA27111,C00834028,2025-01-01T00:00:00,2025-03-31T00:00:00,758846.33,218969.12,866610.57,APRIL QUARTERLY,202504159755633478
IA-01,D,2026,H2IA02111,C00787820,2026-05-14T00:00:00,2026-06-30T00:00:00,1405504.95,315238.4,5425318.34,JULY QUARTERLY,202607159875377203
IA-01,D,2026,H2IA02111,C00787820,2026-04-01T00:00:00,2026-05-13T00:00:00,543861.41,214003.69,4335051.79,PRE-PRIMARY,202605219870204984
IA-01,D,2026,H2IA02111,C00787820,2026-01-01T00:00:00,2026-03-31T00:00:00,2088481.83,389054.57,4005194.07,APRIL QUARTERLY,202604159862301464
IA-01,D,2026,H2IA02111,C00787820,2025-10-01T00:00:00,2025-12-31T00:00:00,1140658.92,435579.39,2305766.81,YEAR-END,202601319808243228
IA-01,D,2026,H2IA02111,C00787820,2025-07-01T00:00:00,2025-09-30T00:00:00,1059732.13,278632.73,1600687.28,OCTOBER QUARTERLY,202510159791459515
IA-01,D,2026,H2IA02111,C00787820,2025-04-01T00:00:00,2025-06-30T00:00:00,812001.33,59741.74,819587.88,JULY QUARTERLY,202507159763219015
IA-01,D,2026,H2IA02111,C00787820,2025-01-01T00:00:00,2025-03-31T00:00:00,1504.85,41393.94,67328.29,APRIL QUARTERLY,202504159755800316
TX-09,R,2026,H6TX09140,C00917112,2026-05-07T00:00:00,2026-06-30T00:00:00,310212.74,362699.15,362039.67,JULY QUARTERLY,202607159875381868
TX-09,R,2026,H6TX09140,C00917112,2026-04-01T00:00:00,2026-05-06T00:00:00,183347.74,302957.47,414526.08,PRE-RUN-OFF,202605149866965548
TX-09,R,2026,H6TX09140,C00917112,2026-02-12T00:00:00,2026-03-31T00:00:00,362121.62,300169.67,534135.81,APRIL QUARTERLY,202604159862278665
TX-09,R,2026,H6TX09140,C00917112,2026-01-01T00:00:00,2026-02-11T00:00:00,236581.24,373555.66,472183.86,PRE-PRIMARY,202602199834773617
TX-09,R,2026,H6TX09140,C00917112,2025-10-01T00:00:00,2025-12-31T00:00:00,372416.69,325586.14,609158.28,YEAR-END,202601309794989334
TX-09,R,2026,H6TX09140,C00917112,2025-07-01T00:00:00,2025-09-30T00:00:00,615833.63,53505.9,562327.73,OCTOBER QUARTERLY,202510159791251048
NY-19,D,2026,H8NY22177,C00793760,2026-06-04T00:00:00,2026-06-30T00:00:00,489339.51,218759.72,3190953.67,JULY QUARTERLY,202607159875741279
NY-19,D,2026,H8NY22177,C00793760,2026-04-01T00:00:00,2026-06-03T00:00:00,380055.52,303829.81,2920373.88,PRE-PRIMARY,202606119870621798
NY-19,D,2026,H8NY22177,C00793760,2026-04-01T00:00:00,2026-06-03T00:00:00,380941.86,304716.15,2920373.88,PRE-PRIMARY,202606209870856919
NY-19,D,2026,H8NY22177,C00793760,2026-01-01T00:00:00,2026-03-31T00:00:00,826208.64,372080.21,2844148.17,APRIL QUARTERLY,202604159862582998
NY-19,D,2026,H8NY22177,C00793760,2025-10-01T00:00:00,2025-12-31T00:00:00,815617.08,215607.38,2390019.74,YEAR-END,202601319808570635
NY-19,D,2026,H8NY22177,C00793760,2025-07-01T00:00:00,2025-09-30T00:00:00,830594.14,220081.08,1790010.04,OCTOBER QUARTERLY,202510159791462437
NY-19,D,2026,H8NY22177,C00793760,2025-04-01T00:00:00,2025-06-30T00:00:00,726328.83,224434.86,1179496.98,JULY QUARTERLY,202507159763449329
NY-19,D,2026,H8NY22177,C00793760,2025-04-01T00:00:00,2025-06-30T00:00:00,726328.83,224434.86,1179496.98,JULY QUARTERLY,202510159791455881
NY-19,D,2026,H8NY22177,C00793760,2025-01-01T00:00:00,2025-03-31T00:00:00,756635.95,147352.55,677603.46,APRIL QUARTERLY,202507159763440853
NY-19,D,2026,H8NY22177,C00793760,2025-01-01T00:00:00,2025-03-31T00:00:00,756635.95,147352.55,677603.46,APRIL QUARTERLY,202505199761344146
NY-19,D,2026,H8NY22177,C00793760,2025-01-01T00:00:00,2025-03-31T00:00:00,756635.95,147352.55,677603.01,APRIL QUARTERLY,202507159763446211
NY-19,D,2026,H8NY22177,C00793760,2025-01-01T00:00:00,2025-03-31T00:00:00,756635.95,147352.55,677603.01,APRIL QUARTERLY,202510159791451618
NY-19,D,2026,H8NY22177,C00793760,2025-01-01T00:00:00,2025-03-31T00:00:00,756635.95,147352.55,677603.46,APRIL QUARTERLY,202504159755848492
NE-03,R,2026,H6NE03115,C00412890,2026-04-23T00:00:00,2026-06-30T00:00:00,339593.92,491688.17,1023354.46,JULY QUARTERLY,202607139874904432
NE-03,R,2026,H6NE03115,C00412890,2026-04-01T00:00:00,2026-04-22T00:00:00,63274.85,168772.41,1175448.71,PRE-PRIMARY,202604309866743692
NE-03,R,2026,H6NE03115,C00412890,2026-01-01T00:00:00,2026-03-31T00:00:00,241703.42,301514.55,1280946.27,APRIL QUARTERLY,202604139857134001
NE-03,R,2026,H6NE03115,C00412890,2025-10-01T00:00:00,2025-12-31T00:00:00,204706.75,158079.81,1340757.4,YEAR-END,202601319795291466
NE-03,R,2026,H6NE03115,C00412890,2025-07-01T00:00:00,2025-09-30T00:00:00,305696.98,235289.77,1294130.46,OCTOBER QUARTERLY,202510159790911570
NE-03,R,2026,H6NE03115,C00412890,2025-04-01T00:00:00,2025-06-30T00:00:00,347238.34,104196.42,1224773.25,JULY QUARTERLY,202507199763704834
NE-03,R,2026,H6NE03115,C00412890,2025-04-01T00:00:00,2025-06-30T00:00:00,347238.34,104196.42,1230273.25,JULY QUARTERLY,202507119762756479
NE-03,R,2026,H6NE03115,C00412890,2025-04-01T00:00:00,2025-06-30T00:00:00,347238.34,104196.42,1223723.25,JULY QUARTERLY,202510139790748865
NE-03,R,2026,H6NE03115,C00412890,2025-01-01T00:00:00,2025-03-31T00:00:00,275199.27,216200.94,987231.33,APRIL QUARTERLY,202504129755255757
NE-03,R,2026,H6NE03115,C00412890,2025-01-01T00:00:00,2025-03-31T00:00:00,275199.27,222750.94,980681.33,APRIL QUARTERLY,202510139790748752
NE-03,R,2026,H6NE03115,C00412890,2025-01-01T00:00:00,2025-03-31T00:00:00,275199.27,221700.94,981731.33,APRIL QUARTERLY,202507199763704363
CA-01,D,2026,H6CA01269,C00926519,2026-06-23T00:00:00,2026-06-30T00:00:00,58990.12,47088.77,152605.64,JULY QUARTERLY,202607159875973241
CA-01,D,2026,H6CA01269,C00926519,2026-05-14T00:00:00,2026-06-22T00:00:00,301071.71,377564.91,140704.29,POST-SPECIAL,202607029874737851
CA-01,D,2026,H6CA01269,C00926519,2026-04-01T00:00:00,2026-05-13T00:00:00,477082.98,739936.14,217197.49,PRE-SPECIAL,202605219870254046
CA-01,D,2026,H6CA01269,C00926519,2026-01-01T00:00:00,2026-03-31T00:00:00,540099.29,445528.14,480050.65,APRIL QUARTERLY,202604159862987599
CA-01,D,2026,H6CA01269,C00926519,2025-11-10T00:00:00,2025-12-31T00:00:00,450466.94,64987.44,385479.5,YEAR-END,202601319808856419
AZ-02,D,2026,H4AZ02184,C00853473,2026-04-01T00:00:00,2026-07-01T00:00:00,1177790.32,662901.38,1910990.15,PRE-PRIMARY,202607099874842606
AZ-02,D,2026,H4AZ02184,C00853473,2026-01-01T00:00:00,2026-03-31T00:00:00,1080660.16,333835.11,1396101.21,APRIL QUARTERLY,202604159863085598
AZ-02,D,2026,H4AZ02184,C00853473,2025-10-01T00:00:00,2025-12-31T00:00:00,397450.59,279260.51,649276.16,YEAR-END,202601319825882235
AZ-02,D,2026,H4AZ02184,C00853473,2025-10-01T00:00:00,2025-12-31T00:00:00,397450.59,279260.51,649276.16,YEAR-END,202604159863084552
AZ-02,D,2026,H4AZ02184,C00853473,2025-07-01T00:00:00,2025-09-30T00:00:00,783578.62,316992.48,530958.58,OCTOBER QUARTERLY,202510159791597099
AZ-02,D,2026,H4AZ02184,C00853473,2025-04-01T00:00:00,2025-06-30T00:00:00,34748.94,10198.14,64372.44,JULY QUARTERLY,202507159763545239
AZ-02,D,2026,H4AZ02184,C00853473,2025-01-01T00:00:00,2025-03-31T00:00:00,45531.52,70885.84,39821.64,APRIL QUARTERLY,202504159755656083
NE-02,D,2026,H6NE02174,C00903948,2026-04-23T00:00:00,2026-06-30T00:00:00,1050289.54,376880.55,997390.42,JULY QUARTERLY,202607159875739345
NE-02,D,2026,H6NE02174,C00903948,2026-04-01T00:00:00,2026-04-22T00:00:00,133693.35,267944.83,323981.43,PRE-PRIMARY,202604309866783061
NE-02,D,2026,H6NE02174,C00903948,2026-01-01T00:00:00,2026-03-31T00:00:00,437760.62,604288.51,458232.91,APRIL QUARTERLY,202604159862911732
NE-02,D,2026,H6NE02174,C00903948,2025-10-01T00:00:00,2025-12-31T00:00:00,305313.63,161721.88,624760.8,YEAR-END,202601309794566175
NE-02,D,2026,H6NE02174,C00903948,2025-07-01T00:00:00,2025-09-30T00:00:00,311490.2,170442.7,481169.05,OCTOBER QUARTERLY,202510159791118725
NE-02,D,2026,H6NE02174,C00903948,2025-05-01T00:00:00,2025-06-30T00:00:00,429739.66,89618.11,340121.55,JULY QUARTERLY,202507289764265980
NE-02,D,2026,H6NE02174,C00903948,2025-05-01T00:00:00,2025-06-30T00:00:00,429739.66,89618.11,340121.55,JULY QUARTERLY,202507159762870350
CA-47,D,2026,H4CA47085,C00831537,2026-05-14T00:00:00,2026-06-30T00:00:00,262260.64,194601.87,1889359.66,JULY QUARTERLY,202607159875710372
CA-47,D,2026,H4CA47085,C00831537,2026-04-01T00:00:00,2026-05-13T00:00:00,159738.48,384031.35,1821700.89,PRE-PRIMARY,202605219870236492
CA-47,D,2026,H4CA47085,C00831537,2026-01-01T00:00:00,2026-03-31T00:00:00,445668.26,285870.73,2045993.76,APRIL QUARTERLY,202604159862549238
CA-47,D,2026,H4CA47085,C00831537,2025-10-01T00:00:00,2025-12-31T00:00:00,410689.28,208840.8,1886196.23,YEAR-END,202601309795256287
CA-47,D,2026,H4CA47085,C00831537,2025-07-01T00:00:00,2025-09-30T00:00:00,657906.96,204181.24,1684347.75,OCTOBER QUARTERLY,202510159791392884
CA-47,D,2026,H4CA47085,C00831537,2025-04-01T00:00:00,2025-06-30T00:00:00,692364.69,178218.87,1230622.03,JULY QUARTERLY,202507159763427764
CA-47,D,2026,H4CA47085,C00831537,2025-01-01T00:00:00,2025-03-31T00:00:00,752532.75,209122.32,716476.21,APRIL QUARTERLY,202506179762189979
CA-47,D,2026,H4CA47085,C00831537,2025-01-01T00:00:00,2025-03-31T00:00:00,752532.75,209122.32,716476.21,APRIL QUARTERLY,202504159755638631
FL-13,R,2026,H0FL13158,C00718239,2026-04-01T00:00:00,2026-06-30T00:00:00,689623.05,609699.45,1455366.05,JULY QUARTERLY,202607159875296988
FL-13,R,2026,H0FL13158,C00718239,2026-01-01T00:00:00,2026-03-31T00:00:00,551068.48,259379.92,1375442.45,APRIL QUARTERLY,202604159862293395
FL-13,R,2026,H0FL13158,C00718239,2025-10-01T00:00:00,2025-12-31T00:00:00,358543.87,128511.8,1083753.89,YEAR-END,202601309795201084
FL-13,R,2026,H0FL13158,C00718239,2025-07-01T00:00:00,2025-09-30T00:00:00,333662.71,145046.2,853721.82,OCTOBER QUARTERLY,202510159791085485
FL-13,R,2026,H0FL13158,C00718239,2025-04-01T00:00:00,2025-06-30T00:00:00,506692.68,217459.78,665105.31,JULY QUARTERLY,202507159762848557
FL-13,R,2026,H0FL13158,C00718239,2025-01-01T00:00:00,2025-03-31T00:00:00,548647.69,304190.83,375872.41,APRIL QUARTERLY,202504159755595932
MI-05,R,2026,H4MI07103,C00390724,2026-07-01T00:00:00,2026-07-15T00:00:00,25103.63,68559.87,993833.13,PRE-PRIMARY,202607239894419505
MI-05,R,2026,H4MI07103,C00390724,2026-04-01T00:00:00,2026-06-30T00:00:00,278485.89,193936.33,1037289.37,JULY QUARTERLY,202607159875372237
MI-05,R,2026,H4MI07103,C00390724,2026-01-01T00:00:00,2026-03-31T00:00:00,230001.52,316058.55,952739.81,APRIL QUARTERLY,202604159857642203
MI-05,R,2026,H4MI07103,C00390724,2025-10-01T00:00:00,2025-12-31T00:00:00,193679.96,258543.96,1038796.84,YEAR-END,202601319808369778
MI-05,R,2026,H4MI07103,C00390724,2025-07-01T00:00:00,2025-09-30T00:00:00,287453.57,205225.06,1103660.84,OCTOBER QUARTERLY,202510159790876484
MI-05,R,2026,H4MI07103,C00390724,2025-04-01T00:00:00,2025-06-30T00:00:00,328317.82,336392.44,1021432.33,JULY QUARTERLY,202507159762871818
MI-05,R,2026,H4MI07103,C00390724,2025-01-01T00:00:00,2025-03-31T00:00:00,399356.26,279301.11,1029506.95,APRIL QUARTERLY,202504159755360234
MI-05,R,2026,H4MI07103,C00390724,2025-01-01T00:00:00,2025-03-31T00:00:00,399356.26,279301.11,1029506.95,APRIL QUARTERLY,202510149790798733
CO-01,D,2026,H6CO01141,C00311639,2026-06-11T00:00:00,2026-06-30T00:00:00,247395.16,416050.28,290388.74,JULY QUARTERLY,202607149875033005
CO-01,D,2026,H6CO01141,C00311639,2026-04-01T00:00:00,2026-06-10T00:00:00,446967.68,624286.74,459043.86,PRE-PRIMARY,202606189870769450
CO-01,D,2026,H6CO01141,C00311639,2026-01-01T00:00:00,2026-03-31T00:00:00,263773.2,162623.04,636362.92,APRIL QUARTERLY,202606129870659763
CO-01,D,2026,H6CO01141,C00311639,2026-01-01T00:00:00,2026-03-31T00:00:00,263773.2,162623.04,636362.92,APRIL QUARTERLY,202607209891031722
CO-01,D,2026,H6CO01141,C00311639,2026-01-01T00:00:00,2026-03-31T00:00:00,263773.2,162623.04,636362.92,APRIL QUARTERLY,202606029870359505
CO-01,D,2026,H6CO01141,C00311639,2026-01-01T00:00:00,2026-03-31T00:00:00,263773.2,162623.04,636362.92,APRIL QUARTERLY,202604159857616599
CO-01,D,2026,H6CO01141,C00311639,2025-10-01T00:00:00,2025-12-31T00:00:00,248950.89,126430.79,535212.76,YEAR-END,202601309794785611
CO-01,D,2026,H6CO01141,C00311639,2025-07-01T00:00:00,2025-09-30T00:00:00,188364.69,96684.49,412692.66,OCTOBER QUARTERLY,202510149790788220
CO-01,D,2026,H6CO01141,C00311639,2025-04-01T00:00:00,2025-06-30T00:00:00,134606.03,106554.85,321012.46,JULY QUARTERLY,202507149762821820
CO-01,D,2026,H6CO01141,C00311639,2025-01-01T00:00:00,2025-03-31T00:00:00,141472.94,117980.84,292961.28,APRIL QUARTERLY,202504149755288244
CA-42,D,2026,H2CA47188,C00797795,2026-05-14T00:00:00,2026-06-30T00:00:00,411409.01,178423.04,1381467.45,JULY QUARTERLY,202607159890685213
CA-42,D,2026,H2CA47188,C00797795,2026-04-01T00:00:00,2026-05-13T00:00:00,234860.36,435552.5,1148481.48,PRE-PRIMARY,202605219870233648
CA-42,D,2026,H2CA47188,C00797795,2026-01-01T00:00:00,2026-03-31T00:00:00,741984.46,343915.12,1349173.62,APRIL QUARTERLY,202604159862510745
CA-42,D,2026,H2CA47188,C00797795,2025-10-01T00:00:00,2025-12-31T00:00:00,295097.63,174125.3,951104.28,YEAR-END,202601319808417657
CA-42,D,2026,H2CA47188,C00797795,2025-07-01T00:00:00,2025-09-30T00:00:00,379077.0,125409.43,830131.95,OCTOBER QUARTERLY,202510159791514167
CA-42,D,2026,H2CA47188,C00797795,2025-04-01T00:00:00,2025-06-30T00:00:00,278263.32,224556.11,576464.38,JULY QUARTERLY,202507159763446829
CA-42,D,2026,H2CA47188,C00797795,2025-01-01T00:00:00,2025-03-31T00:00:00,274428.5,164099.23,522757.17,APRIL QUARTERLY,202504159755856340
NV-03,R,2026,H6NV03204,C00900910,2026-05-21T00:00:00,2026-06-30T00:00:00,527093.41,320653.87,2380746.35,JULY QUARTERLY,202607159890074711
NV-03,R,2026,H6NV03204,C00900910,2026-04-01T00:00:00,2026-05-20T00:00:00,85461.62,633231.02,2174306.81,PRE-PRIMARY,202605289870323322
NV-03,R,2026,H6NV03204,C00900910,2026-01-01T00:00:00,2026-03-31T00:00:00,71581.82,97377.04,2722076.21,APRIL QUARTERLY,202604159862879848
NV-03,R,2026,H6NV03204,C00900910,2025-10-01T00:00:00,2025-12-31T00:00:00,76416.83,215652.23,2747871.43,YEAR-END,202601319808289584
NV-03,R,2026,H6NV03204,C00900910,2025-07-01T00:00:00,2025-09-30T00:00:00,64300.94,127138.03,2887106.83,OCTOBER QUARTERLY,202510159791455037
NV-03,R,2026,H6NV03204,C00900910,2025-04-01T00:00:00,2025-06-30T00:00:00,3013690.89,63746.97,2949943.92,JULY QUARTERLY,202507079762731632
NV-03,R,2026,H6NV03204,C00900910,2025-01-01T00:00:00,2025-03-31T00:00:00,0.0,0.0,0.0,APRIL QUARTERLY,202504159756049932
CO-02,D,2026,H8CO02160,C00648253,2026-06-11T00:00:00,2026-06-30T00:00:00,155246.89,34797.97,3092918.11,JULY QUARTERLY,202607159875162997
CO-02,D,2026,H8CO02160,C00648253,2026-04-01T00:00:00,2026-06-10T00:00:00,346579.24,326346.58,2972469.19,PRE-PRIMARY,202606189870722341
CO-02,D,2026,H8CO02160,C00648253,2026-04-01T00:00:00,2026-06-10T00:00:00,348221.38,327988.72,2972469.19,PRE-PRIMARY,202607039874760727
CO-02,D,2026,H8CO02160,C00648253,2026-01-01T00:00:00,2026-03-31T00:00:00,381569.07,294025.95,2952236.53,APRIL QUARTERLY,202604159857644904
CO-02,D,2026,H8CO02160,C00648253,2025-10-01T00:00:00,2025-12-31T00:00:00,368520.81,290395.58,2864693.41,YEAR-END,202601319808418513
CO-02,D,2026,H8CO02160,C00648253,2025-07-01T00:00:00,2025-09-30T00:00:00,566256.58,205809.01,2786568.18,OCTOBER QUARTERLY,202510159791030401
CO-02,D,2026,H8CO02160,C00648253,2025-04-01T00:00:00,2025-06-30T00:00:00,609810.27,248578.32,2426120.61,JULY QUARTERLY,202507159763328182
CO-02,D,2026,H8CO02160,C00648253,2025-01-01T00:00:00,2025-03-31T00:00:00,312655.52,238664.08,2064888.66,APRIL QUARTERLY,202504159755792982
AL-07,D,2026,H0AL07086,C00458976,2026-04-30T00:00:00,2026-06-30T00:00:00,381715.09,233005.21,3768636.2,JULY QUARTERLY,202607159875367963
AL-07,D,2026,H0AL07086,C00458976,2026-04-01T00:00:00,2026-04-29T00:00:00,37672.97,63345.63,3624926.32,PRE-PRIMARY,202605079866868203
AL-07,D,2026,H0AL07086,C00458976,2026-04-01T00:00:00,2026-04-29T00:00:00,37672.97,63345.63,3619926.32,PRE-PRIMARY,202606029870360467
AL-07,D,2026,H0AL07086,C00458976,2026-01-01T00:00:00,2026-03-31T00:00:00,344421.44,409424.96,3645598.98,APRIL QUARTERLY,202606029870360196
AL-07,D,2026,H0AL07086,C00458976,2026-01-01T00:00:00,2026-03-31T00:00:00,344421.44,409424.96,3650598.98,APRIL QUARTERLY,202604159857401074
AL-07,D,2026,H0AL07086,C00458976,2025-10-01T00:00:00,2025-12-31T00:00:00,301725.3,176582.55,3710602.5,YEAR-END,202606029870359988
AL-07,D,2026,H0AL07086,C00458976,2025-10-01T00:00:00,2025-12-31T00:00:00,301725.3,176582.55,3715602.5,YEAR-END,202601309794800539
AL-07,D,2026,H0AL07086,C00458976,2025-07-01T00:00:00,2025-09-30T00:00:00,275179.5,292220.17,3585459.75,OCTOBER QUARTERLY,202604159857349047
AL-07,D,2026,H0AL07086,C00458976,2025-07-01T00:00:00,2025-09-30T00:00:00,275179.5,287220.17,3590459.75,OCTOBER QUARTERLY,202510159791365484
AL-07,D,2026,H0AL07086,C00458976,2025-04-01T00:00:00,2025-06-30T00:00:00,298045.37,254655.59,3602500.42,JULY QUARTERLY,202507159763432044
AL-07,D,2026,H0AL07086,C00458976,2025-01-01T00:00:00,2025-03-31T00:00:00,295104.05,206554.31,3559110.64,APRIL QUARTERLY,202504159755951040
WA-02,D,2026,H0WA02080,C00345546,2026-07-01T00:00:00,2026-07-15T00:00:00,45938.76,63484.36,652099.53,PRE-PRIMARY,202607239894423655
WA-02,D,2026,H0WA02080,C00345546,2026-04-01T00:00:00,2026-06-30T00:00:00,389950.65,468647.15,669645.13,JULY QUARTERLY,202607159875266843
WA-02,D,2026,H0WA02080,C00345546,2026-01-01T00:00:00,2026-03-31T00:00:00,417485.28,229050.36,748341.63,APRIL QUARTERLY,202604159857308092
WA-02,D,2026,H0WA02080,C00345546,2025-10-01T00:00:00,2025-12-31T00:00:00,269031.75,265541.4,559906.71,YEAR-END,202601309794842088
WA-02,D,2026,H0WA02080,C00345546,2025-07-01T00:00:00,2025-09-30T00:00:00,398515.76,256553.65,556416.36,OCTOBER QUARTERLY,202510159790876737
WA-02,D,2026,H0WA02080,C00345546,2025-04-01T00:00:00,2025-06-30T00:00:00,331289.24,192458.77,414454.25,JULY QUARTERLY,202507159762972555
WA-02,D,2026,H0WA02080,C00345546,2025-01-01T00:00:00,2025-03-31T00:00:00,186574.73,158387.42,275623.78,APRIL QUARTERLY,202504159755382913
WA-02,D,2026,H0WA02080,C00345546,2025-01-01T00:00:00,2025-03-31T00:00:00,186574.73,158387.42,275623.78,APRIL QUARTERLY,202507159762914034
CT-01,D,2026,H8CT01046,C00330142,2026-04-22T00:00:00,2026-06-30T00:00:00,483464.66,430889.52,1080105.93,JULY QUARTERLY,202607159875933920
CT-01,D,2026,H8CT01046,C00330142,2026-04-01T00:00:00,2026-04-21T00:00:00,28283.79,103560.44,1027530.79,PRE-CONVENTION,202604309866743931
CT-01,D,2026,H8CT01046,C00330142,2026-01-01T00:00:00,2026-03-31T00:00:00,452382.93,306245.1,1102807.44,APRIL QUARTERLY,202604159863087528
CT-01,D,2026,H8CT01046,C00330142,2025-10-01T00:00:00,2025-12-31T00:00:00,437870.11,360598.89,956669.61,YEAR-END,202601319825868937
CT-01,D,2026,H8CT01046,C00330142,2025-10-01T00:00:00,2025-12-31T00:00:00,437870.11,360598.89,956669.61,YEAR-END,202604149857199639
CT-01,D,2026,H8CT01046,C00330142,2025-07-01T00:00:00,2025-09-30T00:00:00,809039.63,192108.36,879398.39,OCTOBER QUARTERLY,202510149790797959
CT-01,D,2026,H8CT01046,C00330142,2025-04-01T00:00:00,2025-06-30T00:00:00,109362.45,143589.15,262467.12,JULY QUARTERLY,202507159762854576
CT-01,D,2026,H8CT01046,C00330142,2025-01-01T00:00:00,2025-03-31T00:00:00,139982.67,92018.1,296693.82,APRIL QUARTERLY,202504149755274078
TX-24,R,2026,H0TX24209,C00714865,2026-04-01T00:00:00,2026-06-30T00:00:00,314684.11,268164.86,2873013.32,JULY QUARTERLY,202607159875198418
TX-24,R,2026,H0TX24209,C00714865,2026-02-12T00:00:00,2026-03-31T00:00:00,442501.36,252694.74,2826494.07,APRIL QUARTERLY,202605049866792094
TX-24,R,2026,H0TX24209,C00714865,2026-02-12T00:00:00,2026-03-31T00:00:00,442501.36,252694.74,2826494.07,APRIL QUARTERLY,202604159857297549
TX-24,R,2026,H0TX24209,C00714865,2026-01-01T00:00:00,2026-02-11T00:00:00,188049.36,137871.46,2636687.45,PRE-PRIMARY,202602199834771574
TX-24,R,2026,H0TX24209,C00714865,2025-10-01T00:00:00,2025-12-31T00:00:00,195321.68,236702.48,2586509.55,YEAR-END,202601209794084114
TX-24,R,2026,H0TX24209,C00714865,2025-07-01T00:00:00,2025-09-30T00:00:00,348073.25,235529.41,2627890.35,OCTOBER QUARTERLY,202510159790836527
TX-24,R,2026,H0TX24209,C00714865,2025-04-01T00:00:00,2025-06-30T00:00:00,380991.78,352552.6,2515346.51,JULY QUARTERLY,202507159762920344
TX-24,R,2026,H0TX24209,C00714865,2025-01-01T00:00:00,2025-03-31T00:00:00,671116.09,145080.87,2486907.33,APRIL QUARTERLY,202504159755446361
PA-11,R,2026,H6PA16320,C00599464,2026-04-30T00:00:00,2026-06-30T00:00:00,241479.38,475477.81,810787.38,JULY QUARTERLY,202607159875202729
PA-11,R,2026,H6PA16320,C00599464,2026-04-01T00:00:00,2026-04-29T00:00:00,13159.3,89237.57,1044785.81,PRE-PRIMARY,202605079866868132
PA-11,R,2026,H6PA16320,C00599464,2026-01-01T00:00:00,2026-03-31T00:00:00,300154.02,273808.71,1120864.08,APRIL QUARTERLY,202604159857742534
PA-11,R,2026,H6PA16320,C00599464,2025-10-01T00:00:00,2025-12-31T00:00:00,302443.53,185315.97,1094518.77,YEAR-END,202601309794631096
PA-11,R,2026,H6PA16320,C00599464,2025-07-01T00:00:00,2025-09-30T00:00:00,92818.53,121607.86,977391.21,OCTOBER QUARTERLY,202510159791136572
PA-11,R,2026,H6PA16320,C00599464,2025-04-01T00:00:00,2025-06-30T00:00:00,280147.15,125459.3,1006180.54,JULY QUARTERLY,202507159763228112
PA-11,R,2026,H6PA16320,C00599464,2025-04-01T00:00:00,2025-06-30T00:00:00,280147.15,125459.3,1006180.54,JULY QUARTERLY,202509269790396720
PA-11,R,2026,H6PA16320,C00599464,2025-04-01T00:00:00,2025-06-30T00:00:00,280147.15,125459.3,1006180.54,JULY QUARTERLY,202508189789491197
PA-11,R,2026,H6PA16320,C00599464,2025-01-01T00:00:00,2025-03-31T00:00:00,293959.56,346558.8,851492.69,APRIL QUARTERLY,202504159755547663
CA-41,D,2026,H2CA39078,C00384057,2026-05-14T00:00:00,2026-06-30T00:00:00,277693.65,520302.63,415745.67,JULY QUARTERLY,202607159875708429
CA-41,D,2026,H2CA39078,C00384057,2026-04-01T00:00:00,2026-05-13T00:00:00,123476.81,186764.91,658354.65,PRE-PRIMARY,202605219870214506
CA-41,D,2026,H2CA39078,C00384057,2026-01-01T00:00:00,2026-03-31T00:00:00,393473.53,277277.93,721642.75,APRIL QUARTERLY,202604159857822200
CA-41,D,2026,H2CA39078,C00384057,2025-10-01T00:00:00,2025-12-31T00:00:00,175411.98,202908.19,605447.15,YEAR-END,202601319795473959
CA-41,D,2026,H2CA39078,C00384057,2025-07-01T00:00:00,2025-09-30T00:00:00,254191.0,122427.3,632943.36,OCTOBER QUARTERLY,202510159791039085
CA-41,D,2026,H2CA39078,C00384057,2025-04-01T00:00:00,2025-06-30T00:00:00,198445.11,140402.21,501179.66,JULY QUARTERLY,202507159763191342
CA-41,D,2026,H2CA39078,C00384057,2025-01-01T00:00:00,2025-03-31T00:00:00,180097.47,162748.18,443136.76,APRIL QUARTERLY,202504159755378051
CA-22,R,2026,H2CA20094,C00499392,2026-05-14T00:00:00,2026-06-30T00:00:00,694188.33,209178.23,3365587.25,JULY QUARTERLY,202607159880541188
CA-22,R,2026,H2CA20094,C00499392,2026-04-01T00:00:00,2026-05-13T00:00:00,82540.93,82224.8,2880577.15,PRE-PRIMARY,202605219870254364
CA-22,R,2026,H2CA20094,C00499392,2026-01-01T00:00:00,2026-03-31T00:00:00,1087960.8,328445.37,2880261.02,APRIL QUARTERLY,202604159862903785
CA-22,R,2026,H2CA20094,C00499392,2025-10-01T00:00:00,2025-12-31T00:00:00,618304.97,295814.88,2120745.59,YEAR-END,202601319825792876
CA-22,R,2026,H2CA20094,C00499392,2025-07-01T00:00:00,2025-09-30T00:00:00,633812.03,223798.05,1798255.5,OCTOBER QUARTERLY,202510159791557406
CA-22,R,2026,H2CA20094,C00499392,2025-04-01T00:00:00,2025-06-30T00:00:00,873324.31,331002.36,1388241.52,JULY QUARTERLY,202507159763473259
CA-22,R,2026,H2CA20094,C00499392,2025-01-01T00:00:00,2025-03-31T00:00:00,937470.26,137086.22,845919.57,APRIL QUARTERLY,202504159756065386
CA-22,R,2026,H2CA20094,C00499392,2025-01-01T00:00:00,2025-03-31T00:00:00,937470.26,137086.22,845919.57,APRIL QUARTERLY,202507039762575078
NY-02,R,2026,H0NY02234,C00729954,2026-06-04T00:00:00,2026-06-30T00:00:00,707521.79,70567.52,3458914.55,JULY QUARTERLY,202607159876009669
NY-02,R,2026,H0NY02234,C00729954,2026-04-01T00:00:00,2026-06-03T00:00:00,316841.8,201293.2,2821960.28,PRE-PRIMARY,202606119870626385
NY-02,R,2026,H0NY02234,C00729954,2026-01-01T00:00:00,2026-03-31T00:00:00,581363.64,231414.19,2706411.68,APRIL QUARTERLY,202604159862382962
NY-02,R,2026,H0NY02234,C00729954,2025-10-01T00:00:00,2025-12-31T00:00:00,633943.96,259495.82,2356462.23,YEAR-END,202601319795432372
NY-02,R,2026,H0NY02234,C00729954,2025-07-01T00:00:00,2025-09-30T00:00:00,430428.72,487511.82,1982014.09,OCTOBER QUARTERLY,202510159790877145
NY-02,R,2026,H0NY02234,C00729954,2025-04-01T00:00:00,2025-06-30T00:00:00,451520.72,175159.88,2039097.19,JULY QUARTERLY,202507159763380059
NY-02,R,2026,H0NY02234,C00729954,2025-01-01T00:00:00,2025-03-31T00:00:00,391395.41,174265.35,1762736.35,APRIL QUARTERLY,202504159755444183
MT-02,R,2026,H4MT02098,C00855288,2026-05-14T00:00:00,2026-06-30T00:00:00,333169.69,76275.6,650464.37,JULY QUARTERLY,202607159875712452
MT-02,R,2026,H4MT02098,C00855288,2026-04-01T00:00:00,2026-05-13T00:00:00,160998.13,213347.32,393570.28,PRE-PRIMARY,202605219870230535
MT-02,R,2026,H4MT02098,C00855288,2026-01-01T00:00:00,2026-03-31T00:00:00,413289.4,403609.08,445919.47,APRIL QUARTERLY,202604159862418610
MT-02,R,2026,H4MT02098,C00855288,2025-10-01T00:00:00,2025-12-31T00:00:00,328713.73,213778.73,436239.15,YEAR-END,202601319808420562
MT-02,R,2026,H4MT02098,C00855288,2025-07-01T00:00:00,2025-09-30T00:00:00,419747.56,261800.76,321304.15,OCTOBER QUARTERLY,202510159791045617
MT-02,R,2026,H4MT02098,C00855288,2025-04-01T00:00:00,2025-06-30T00:00:00,227972.86,263014.19,163357.35,JULY QUARTERLY,202507159763248573
MT-02,R,2026,H4MT02098,C00855288,2025-01-01T00:00:00,2025-03-31T00:00:00,244035.58,157167.4,198398.68,APRIL QUARTERLY,202504159755420439
CO-08,R,2026,H4CO08034,C00849844,2026-06-11T00:00:00,2026-06-30T00:00:00,503977.41,39832.48,3880462.51,JULY QUARTERLY,202607159875521651
CO-08,R,2026,H4CO08034,C00849844,2026-06-11T00:00:00,2026-06-30T00:00:00,503977.41,39832.48,3880462.51,JULY QUARTERLY,202607219894393006
CO-08,R,2026,H4CO08034,C00849844,2026-04-01T00:00:00,2026-06-10T00:00:00,629767.51,632793.43,3416317.58,PRE-PRIMARY,202606189870728211
CO-08,R,2026,H4CO08034,C00849844,2026-01-01T00:00:00,2026-03-31T00:00:00,1205718.69,337318.83,3419343.5,APRIL QUARTERLY,202604159857245129
CO-08,R,2026,H4CO08034,C00849844,2025-10-01T00:00:00,2025-12-31T00:00:00,790070.19,158289.7,2550943.64,YEAR-END,202601309795283335
CO-08,R,2026,H4CO08034,C00849844,2025-07-01T00:00:00,2025-09-30T00:00:00,615033.2,183123.41,1919163.15,OCTOBER QUARTERLY,202510159790915017
CO-08,R,2026,H4CO08034,C00849844,2025-04-01T00:00:00,2025-06-30T00:00:00,838368.95,106303.84,1487253.36,JULY QUARTERLY,202507159763106676
CO-08,R,2026,H4CO08034,C00849844,2025-01-01T00:00:00,2025-03-31T00:00:00,810737.41,130541.55,755188.25,APRIL QUARTERLY,202504159755858049
WA-09,D,2026,H6WA09025,C00304709,2026-07-01T00:00:00,2026-07-15T00:00:00,69139.0,370536.4,869548.73,PRE-PRIMARY,202607239894422278
WA-09,D,2026,H6WA09025,C00304709,2026-04-01T00:00:00,2026-06-30T00:00:00,684212.81,360394.2,1170946.13,JULY QUARTERLY,202607159875899632
WA-09,D,2026,H6WA09025,C00304709,2026-04-01T00:00:00,2026-06-30T00:00:00,684212.81,360394.2,1170946.13,JULY QUARTERLY,202607229894415980
WA-09,D,2026,H6WA09025,C00304709,2026-01-01T00:00:00,2026-03-31T00:00:00,342114.88,192954.97,847127.52,APRIL QUARTERLY,202604159857535091
WA-09,D,2026,H6WA09025,C00304709,2025-10-01T00:00:00,2025-12-31T00:00:00,160690.0,139345.92,697967.61,YEAR-END,202601309795266516
WA-09,D,2026,H6WA09025,C00304709,2025-07-01T00:00:00,2025-09-30T00:00:00,158357.92,140798.13,676623.53,OCTOBER QUARTERLY,202510159791461039
WA-09,D,2026,H6WA09025,C00304709,2025-04-01T00:00:00,2025-06-30T00:00:00,226081.24,266264.1,659063.74,JULY QUARTERLY,202507159763473601
WA-09,D,2026,H6WA09025,C00304709,2025-01-01T00:00:00,2025-03-31T00:00:00,241405.62,112911.84,699246.6,APRIL QUARTERLY,202504159756049708
DC-00,D,2026,H6DC00196,C00922369,2026-05-28T00:00:00,2026-06-30T00:00:00,121969.4,444774.4,74604.31,JULY QUARTERLY,202607159875814927
DC-00,D,2026,H6DC00196,C00922369,2026-04-01T00:00:00,2026-05-27T00:00:00,279163.03,702412.88,397409.31,PRE-PRIMARY,202606049870430489
DC-00,D,2026,H6DC00196,C00922369,2026-01-01T00:00:00,2026-03-31T00:00:00,408931.32,197139.96,820659.16,APRIL QUARTERLY,202604159862436761
DC-00,D,2026,H6DC00196,C00922369,2025-08-01T00:00:00,2025-12-31T00:00:00,843496.0,234628.2,608867.8,YEAR-END,202601319795298487
FL-03,R,2026,H0FL03175,C00730895,2026-04-01T00:00:00,2026-06-30T00:00:00,366823.74,337477.92,871927.47,JULY QUARTERLY,202607159875559226
FL-03,R,2026,H0FL03175,C00730895,2026-01-01T00:00:00,2026-03-31T00:00:00,394289.31,176922.93,842581.65,APRIL QUARTERLY,202604159862273593
FL-03,R,2026,H0FL03175,C00730895,2025-10-01T00:00:00,2025-12-31T00:00:00,213419.87,239589.22,625215.27,YEAR-END,202601309794927058
FL-03,R,2026,H0FL03175,C00730895,2025-07-01T00:00:00,2025-09-30T00:00:00,184016.83,162350.08,651384.62,OCTOBER QUARTERLY,202510159791196394
FL-03,R,2026,H0FL03175,C00730895,2025-04-01T00:00:00,2025-06-30T00:00:00,301172.47,297123.47,629717.87,JULY QUARTERLY,202507159763338647
FL-03,R,2026,H0FL03175,C00730895,2025-04-01T00:00:00,2025-06-30T00:00:00,301172.47,297123.47,629717.87,JULY QUARTERLY,202507249764212708
FL-03,R,2026,H0FL03175,C00730895,2025-01-01T00:00:00,2025-03-31T00:00:00,426380.54,356262.57,625668.87,APRIL QUARTERLY,202504159755624640
SC-01,R,2026,H6SC01276,C00919068,2026-05-21T00:00:00,2026-06-30T00:00:00,15945.82,727018.48,27896.38,JULY QUARTERLY,202607159890611109
SC-01,R,2026,H6SC01276,C00919068,2026-04-01T00:00:00,2026-05-20T00:00:00,53639.27,529581.32,738969.04,PRE-PRIMARY,202605289870322026
SC-01,R,2026,H6SC01276,C00919068,2026-01-01T00:00:00,2026-03-31T00:00:00,305162.69,179268.46,1214911.09,APRIL QUARTERLY,202605289870302840
SC-01,R,2026,H6SC01276,C00919068,2026-01-01T00:00:00,2026-03-31T00:00:00,305162.69,179268.46,1214911.09,APRIL QUARTERLY,202604159862937545
SC-01,R,2026,H6SC01276,C00919068,2025-10-01T00:00:00,2025-12-31T00:00:00,207338.83,131284.97,1089016.86,YEAR-END,202601319808843202
SC-01,R,2026,H6SC01276,C00919068,2025-07-01T00:00:00,2025-09-30T00:00:00,1013705.12,742.12,1012963.0,OCTOBER QUARTERLY,202510069790705804
NJ-08,D,2026,H2NJ08232,C00799767,2026-05-14T00:00:00,2026-06-30T00:00:00,408588.13,477186.76,679736.74,JULY QUARTERLY,202607159875902254
NJ-08,D,2026,H2NJ08232,C00799767,2026-04-01T00:00:00,2026-05-13T00:00:00,126756.61,402736.3,748335.37,PRE-PRIMARY,202605219870251846
NJ-08,D,2026,H2NJ08232,C00799767,2026-01-01T00:00:00,2026-03-31T00:00:00,514668.07,199596.3,1024315.06,APRIL QUARTERLY,202604159862333754
NJ-08,D,2026,H2NJ08232,C00799767,2025-10-01T00:00:00,2025-12-31T00:00:00,212231.47,98657.81,709243.29,YEAR-END,202601319825661073
NJ-08,D,2026,H2NJ08232,C00799767,2025-07-01T00:00:00,2025-09-30T00:00:00,320409.82,157591.76,595669.63,OCTOBER QUARTERLY,202510159791305241
NJ-08,D,2026,H2NJ08232,C00799767,2025-04-01T00:00:00,2025-06-30T00:00:00,225616.16,108283.7,432851.57,JULY QUARTERLY,202507159763426556
NJ-08,D,2026,H2NJ08232,C00799767,2025-01-01T00:00:00,2025-03-31T00:00:00,150495.69,111662.14,315519.11,APRIL QUARTERLY,202504159755423075
CO-05,D,2026,H6CO05324,C00911941,2026-06-11T00:00:00,2026-06-30T00:00:00,401245.11,184174.58,1592642.36,JULY QUARTERLY,202607159890115369
CO-05,D,2026,H6CO05324,C00911941,2026-04-01T00:00:00,2026-06-10T00:00:00,419132.41,552051.47,1375571.83,PRE-PRIMARY,202607159890099455
CO-05,D,2026,H6CO05324,C00911941,2026-04-01T00:00:00,2026-06-10T00:00:00,419113.19,552032.25,1375571.83,PRE-PRIMARY,202606269874268045
CO-05,D,2026,H6CO05324,C00911941,2026-04-01T00:00:00,2026-06-10T00:00:00,418911.62,551830.68,1375571.83,PRE-PRIMARY,202606189870780090
CO-05,D,2026,H6CO05324,C00911941,2026-01-01T00:00:00,2026-03-31T00:00:00,667909.2,272528.91,1508490.89,APRIL QUARTERLY,202604159862574491
CO-05,D,2026,H6CO05324,C00911941,2025-10-01T00:00:00,2025-12-31T00:00:00,611302.16,270881.32,1113110.6,YEAR-END,202601319808825936
CO-05,D,2026,H6CO05324,C00911941,2025-07-01T00:00:00,2025-09-30T00:00:00,1044155.24,271465.48,772689.76,OCTOBER QUARTERLY,202510159791513209
LA-02,D,2026,H2LA02149,C00763649,2026-07-01T00:00:00,2026-07-18T00:00:00,28849.78,53338.56,382785.66,PRE-PRIMARY,202607269894475016
LA-02,D,2026,H2LA02149,C00763649,2026-04-01T00:00:00,2026-06-30T00:00:00,286200.89,311961.12,407274.44,JULY QUARTERLY,202607159890624824
LA-02,D,2026,H2LA02149,C00763649,2026-01-01T00:00:00,2026-03-31T00:00:00,210074.17,228918.82,433034.67,APRIL QUARTERLY,202604159862903390
LA-02,D,2026,H2LA02149,C00763649,2025-10-01T00:00:00,2025-12-31T00:00:00,196986.55,267882.01,451879.32,YEAR-END,202606109870563406
LA-02,D,2026,H2LA02149,C00763649,2025-10-01T00:00:00,2025-12-31T00:00:00,196986.55,267882.01,451879.32,YEAR-END,202601319825661236
LA-02,D,2026,H2LA02149,C00763649,2025-07-01T00:00:00,2025-09-30T00:00:00,237605.12,136670.09,522774.78,OCTOBER QUARTERLY,202510159791452882
LA-02,D,2026,H2LA02149,C00763649,2025-04-01T00:00:00,2025-06-30T00:00:00,321030.09,264435.12,421839.75,JULY QUARTERLY,202507159763447723
LA-02,D,2026,H2LA02149,C00763649,2025-01-01T00:00:00,2025-03-31T00:00:00,131950.47,276114.84,365244.78,APRIL QUARTERLY,202504159756027935
SC-04,R,2026,H8SC04250,C00668491,2026-05-21T00:00:00,2026-06-30T00:00:00,166675.75,750804.35,77224.61,JULY QUARTERLY,202607159880602357
SC-04,R,2026,H8SC04250,C00668491,2026-05-21T00:00:00,2026-06-30T00:00:00,164175.75,748304.35,77224.61,JULY QUARTERLY,202607219894401019
SC-04,R,2026,H8SC04250,C00668491,2026-04-01T00:00:00,2026-05-20T00:00:00,602069.91,230549.18,661353.21,PRE-PRIMARY,202605289870334251
SC-04,R,2026,H8SC04250,C00668491,2026-04-01T00:00:00,2026-05-20T00:00:00,602069.91,230549.18,661353.21,PRE-PRIMARY,202607219894400956
SC-04,R,2026,H8SC04250,C00668491,2026-01-01T00:00:00,2026-03-31T00:00:00,297497.1,132773.4,289832.48,APRIL QUARTERLY,202607219894400871
SC-04,R,2026,H8SC04250,C00668491,2026-01-01T00:00:00,2026-03-31T00:00:00,297497.1,132773.4,289832.48,APRIL QUARTERLY,202604159862418281
SC-04,R,2026,H8SC04250,C00668491,2025-10-01T00:00:00,2025-12-31T00:00:00,131079.35,125132.11,125108.78,YEAR-END,202601319795514529
SC-04,R,2026,H8SC04250,C00668491,2025-07-01T00:00:00,2025-09-30T00:00:00,119000.38,147400.02,119161.54,OCTOBER QUARTERLY,202510159790879850
SC-04,R,2026,H8SC04250,C00668491,2025-04-01T00:00:00,2025-06-30T00:00:00,156216.0,81015.76,147561.18,JULY QUARTERLY,202507159763419577
SC-04,R,2026,H8SC04250,C00668491,2025-01-01T00:00:00,2025-03-31T00:00:00,125686.17,73440.25,72360.94,APRIL QUARTERLY,202504159755567514
TX-34,D,2026,H6TX15162,C00592659,2026-04-01T00:00:00,2026-06-30T00:00:00,866365.76,229939.83,2532412.14,JULY QUARTERLY,202607159890614693
TX-34,D,2026,H6TX15162,C00592659,2026-02-12T00:00:00,2026-03-31T00:00:00,990663.68,363529.23,1895986.21,APRIL QUARTERLY,202604159857721254
TX-34,D,2026,H6TX15162,C00592659,2026-01-01T00:00:00,2026-02-11T00:00:00,147005.05,165734.76,1268851.76,PRE-PRIMARY,202602199834796556
TX-34,D,2026,H6TX15162,C00592659,2026-01-01T00:00:00,2026-02-11T00:00:00,147005.05,165734.76,1268851.76,PRE-PRIMARY,202605059866806498
TX-34,D,2026,H6TX15162,C00592659,2025-10-01T00:00:00,2025-12-31T00:00:00,468528.54,451566.06,1287581.47,YEAR-END,202601309795213826
TX-34,D,2026,H6TX15162,C00592659,2025-10-01T00:00:00,2025-12-31T00:00:00,468528.54,451566.06,1287581.47,YEAR-END,202605059866806242
TX-34,D,2026,H6TX15162,C00592659,2025-07-01T00:00:00,2025-09-30T00:00:00,443875.3,105703.71,1270618.99,OCTOBER QUARTERLY,202510159790860442
TX-34,D,2026,H6TX15162,C00592659,2025-04-01T00:00:00,2025-06-30T00:00:00,488357.51,104219.34,932447.4,JULY QUARTERLY,202507159762923930
TX-34,D,2026,H6TX15162,C00592659,2025-01-01T00:00:00,2025-03-31T00:00:00,369119.23,102869.76,548309.23,APRIL QUARTERLY,202504159755358932
TX-34,D,2026,H6TX15162,C00592659,2025-01-01T00:00:00,2025-03-31T00:00:00,369119.23,102869.76,548309.23,APRIL QUARTERLY,202505289761725820
PA-07,R,2026,H8PA15195,C00846501,2026-04-30T00:00:00,2026-06-30T00:00:00,631056.68,286586.9,2938717.17,JULY QUARTERLY,202607159875541521
PA-07,R,2026,H8PA15195,C00846501,2026-04-01T00:00:00,2026-04-29T00:00:00,241602.88,103175.02,2594247.39,PRE-PRIMARY,202605079866847833
PA-07,R,2026,H8PA15195,C00846501,2026-04-01T00:00:00,2026-04-29T00:00:00,241602.88,103175.02,2594247.39,PRE-PRIMARY,202605079866847163
PA-07,R,2026,H8PA15195,C00846501,2026-01-01T00:00:00,2026-03-31T00:00:00,906926.26,282094.88,2455819.53,APRIL QUARTERLY,202604159857263400
PA-07,R,2026,H8PA15195,C00846501,2025-10-01T00:00:00,2025-12-31T00:00:00,651876.53,255331.98,1830988.15,YEAR-END,202601309794878959
PA-07,R,2026,H8PA15195,C00846501,2025-07-01T00:00:00,2025-09-30T00:00:00,456756.72,217118.57,1434443.6,OCTOBER QUARTERLY,202510159790907492
PA-07,R,2026,H8PA15195,C00846501,2025-04-01T00:00:00,2025-06-30T00:00:00,801145.24,212223.21,1194805.45,JULY QUARTERLY,202507159762868047
PA-07,R,2026,H8PA15195,C00846501,2025-01-01T00:00:00,2025-03-31T00:00:00,673040.8,165397.29,610883.42,APRIL QUARTERLY,202505029758908947
PA-07,R,2026,H8PA15195,C00846501,2025-01-01T00:00:00,2025-03-31T00:00:00,673040.8,165397.29,615883.42,APRIL QUARTERLY,202504159755415328
PA-07,R,2026,H8PA15195,C00846501,2025-01-01T00:00:00,2025-03-31T00:00:00,668040.8,165397.29,605883.42,APRIL QUARTERLY,202506209762427545
IL-06,D,2026,H8IL06139,C00648493,2026-04-01T00:00:00,2026-06-30T00:00:00,314296.01,210504.99,1285017.87,JULY QUARTERLY,202607159875053033
IL-06,D,2026,H8IL06139,C00648493,2026-02-26T00:00:00,2026-03-31T00:00:00,209175.47,221554.12,1181226.85,APRIL QUARTERLY,202604159857301202
IL-06,D,2026,H8IL06139,C00648493,2026-01-01T00:00:00,2026-02-25T00:00:00,160087.91,296880.91,1193605.5,PRE-PRIMARY,202603059837889837
IL-06,D,2026,H8IL06139,C00648493,2025-10-01T00:00:00,2025-12-31T00:00:00,271229.29,209134.43,1330398.5,YEAR-END,202601319808244223
IL-06,D,2026,H8IL06139,C00648493,2025-07-01T00:00:00,2025-09-30T00:00:00,409534.76,199857.85,1268303.64,OCTOBER QUARTERLY,202601099793929251
IL-06,D,2026,H8IL06139,C00648493,2025-07-01T00:00:00,2025-09-30T00:00:00,409534.76,199857.85,1268303.64,OCTOBER QUARTERLY,202510159791302637
IL-06,D,2026,H8IL06139,C00648493,2025-04-01T00:00:00,2025-06-30T00:00:00,357273.5,245866.79,1058626.73,JULY QUARTERLY,202507159762971786
IL-06,D,2026,H8IL06139,C00648493,2025-01-01T00:00:00,2025-03-31T00:00:00,387323.0,134245.48,947220.02,APRIL QUARTERLY,202504159755432487
TN-09,D,2026,H6TN09449,C00922633,2026-07-01T00:00:00,2026-07-17T00:00:00,142966.15,97162.21,844732.89,PRE-PRIMARY,202607259894464130
TN-09,D,2026,H6TN09449,C00922633,2026-04-01T00:00:00,2026-06-30T00:00:00,1095683.08,684617.91,798928.95,JULY QUARTERLY,202607159875638687
TN-09,D,2026,H6TN09449,C00922633,2026-01-01T00:00:00,2026-03-31T00:00:00,374146.08,333498.14,387863.78,APRIL QUARTERLY,202604159857579200
TN-09,D,2026,H6TN09449,C00922633,2025-10-01T00:00:00,2025-12-31T00:00:00,732151.31,384935.47,347215.84,YEAR-END,202601319795381692
CA-19,D,2026,H6CA20152,C00592154,2026-05-14T00:00:00,2026-06-30T00:00:00,447382.11,187792.75,5109557.79,JULY QUARTERLY,202607159875140907
CA-19,D,2026,H6CA20152,C00592154,2026-04-01T00:00:00,2026-05-13T00:00:00,233359.64,271678.62,4849968.43,PRE-PRIMARY,202605219870218394
CA-19,D,2026,H6CA20152,C00592154,2026-01-01T00:00:00,2026-03-31T00:00:00,589311.31,327312.2,4888287.41,APRIL QUARTERLY,202604159857601164
CA-19,D,2026,H6CA20152,C00592154,2025-10-01T00:00:00,2025-12-31T00:00:00,294227.94,130868.9,4626288.3,YEAR-END,202601309794583374
CA-19,D,2026,H6CA20152,C00592154,2025-07-01T00:00:00,2025-09-30T00:00:00,426865.13,162088.62,4462929.26,OCTOBER QUARTERLY,202510149790784192
CA-19,D,2026,H6CA20152,C00592154,2025-04-01T00:00:00,2025-06-30T00:00:00,504129.26,163232.64,4198152.75,JULY QUARTERLY,202507159763506339
CA-19,D,2026,H6CA20152,C00592154,2025-01-01T00:00:00,2025-03-31T00:00:00,392334.23,249716.71,3857256.13,APRIL QUARTERLY,202504149755320019
NY-07,D,2026,H6NY07214,C00933515,2026-06-04T00:00:00,2026-06-30T00:00:00,346572.39,557847.25,206842.15,JULY QUARTERLY,202607159875640458
NY-07,D,2026,H6NY07214,C00933515,2026-04-01T00:00:00,2026-06-03T00:00:00,595059.66,655064.01,418117.01,PRE-PRIMARY,202606119870642838
NY-07,D,2026,H6NY07214,C00933515,2026-04-01T00:00:00,2026-06-03T00:00:00,595059.66,655064.01,418117.01,PRE-PRIMARY,202606119870643712
NY-07,D,2026,H6NY07214,C00933515,2026-01-01T00:00:00,2026-03-31T00:00:00,751680.42,273559.06,478121.36,APRIL QUARTERLY,202604159857407162
NJ-10,D,2026,H4NJ10176,C00878603,2026-05-14T00:00:00,2026-06-30T00:00:00,338820.17,112510.26,814119.82,JULY QUARTERLY,202607159875238744
NJ-10,D,2026,H4NJ10176,C00878603,2026-04-01T00:00:00,2026-05-13T00:00:00,204151.66,353055.96,587809.91,PRE-PRIMARY,202605229870270972
NJ-10,D,2026,H4NJ10176,C00878603,2026-04-01T00:00:00,2026-05-13T00:00:00,204151.66,353055.96,587809.91,PRE-PRIMARY,202605219870209857
NJ-10,D,2026,H4NJ10176,C00878603,2026-01-01T00:00:00,2026-03-31T00:00:00,223892.46,143510.96,736714.21,APRIL QUARTERLY,202604159857241810
NJ-10,D,2026,H4NJ10176,C00878603,2026-01-01T00:00:00,2026-03-31T00:00:00,223892.46,143510.96,736714.21,APRIL QUARTERLY,202605189866984116
NJ-10,D,2026,H4NJ10176,C00878603,2026-01-01T00:00:00,2026-03-31T00:00:00,223892.46,143510.96,736714.21,APRIL QUARTERLY,202605189866990955
NJ-10,D,2026,H4NJ10176,C00878603,2025-10-01T00:00:00,2025-12-31T00:00:00,405156.75,417359.67,656332.71,YEAR-END,202603069837906790
NJ-10,D,2026,H4NJ10176,C00878603,2025-10-01T00:00:00,2025-12-31T00:00:00,405156.75,417359.67,656332.71,YEAR-END,202601309795289099
NJ-10,D,2026,H4NJ10176,C00878603,2025-07-01T00:00:00,2025-09-30T00:00:00,148070.12,107915.41,668535.63,OCTOBER QUARTERLY,202512099793383865
NJ-10,D,2026,H4NJ10176,C00878603,2025-07-01T00:00:00,2025-09-30T00:00:00,148070.12,107915.41,668535.63,OCTOBER QUARTERLY,202601059793904114
NJ-10,D,2026,H4NJ10176,C00878603,2025-07-01T00:00:00,2025-09-30T00:00:00,148117.62,107426.41,669072.13,OCTOBER QUARTERLY,202510149790781231
NJ-10,D,2026,H4NJ10176,C00878603,2025-07-01T00:00:00,2025-09-30T00:00:00,148070.12,107915.41,668535.63,OCTOBER QUARTERLY,202603069837906651
NJ-10,D,2026,H4NJ10176,C00878603,2025-04-01T00:00:00,2025-06-30T00:00:00,751703.85,263942.75,628380.92,JULY QUARTERLY,202507159762874725
NJ-10,D,2026,H4NJ10176,C00878603,2025-04-01T00:00:00,2025-06-30T00:00:00,751703.85,263942.75,628380.92,JULY QUARTERLY,202510149790779857
NJ-10,D,2026,H4NJ10176,C00878603,2025-01-01T00:00:00,2025-03-31T00:00:00,65143.34,87735.99,140619.82,APRIL QUARTERLY,202504159755382528
AL-03,R,2026,H2AL03032,C00367862,2026-04-30T00:00:00,2026-06-30T00:00:00,287064.73,245927.3,2590964.04,JULY QUARTERLY,202607159885305255
AL-03,R,2026,H2AL03032,C00367862,2026-04-01T00:00:00,2026-04-29T00:00:00,86719.43,165880.68,2549826.61,PRE-PRIMARY,202605079866843844
AL-03,R,2026,H2AL03032,C00367862,2026-01-01T00:00:00,2026-03-31T00:00:00,412091.34,172473.59,2628987.86,APRIL QUARTERLY,202604159862884059
AL-03,R,2026,H2AL03032,C00367862,2025-10-01T00:00:00,2025-12-31T00:00:00,159337.78,211772.67,2389370.11,YEAR-END,202601319795309016
AL-03,R,2026,H2AL03032,C00367862,2025-07-01T00:00:00,2025-09-30T00:00:00,284070.93,235327.32,2441805.0,OCTOBER QUARTERLY,202510159791537687
AL-03,R,2026,H2AL03032,C00367862,2025-04-01T00:00:00,2025-06-30T00:00:00,430856.86,244530.81,2393061.39,JULY QUARTERLY,202507159763479853
AL-03,R,2026,H2AL03032,C00367862,2025-01-01T00:00:00,2025-03-31T00:00:00,473413.3,189012.26,2206735.34,APRIL QUARTERLY,202504159756052312
RI-02,R,2026,H6RI02318,C00925230,2026-04-01T00:00:00,2026-06-30T00:00:00,2284923.22,1025062.81,1494661.07,JULY QUARTERLY,202607159890686726
RI-02,R,2026,H6RI02318,C00925230,2026-04-01T00:00:00,2026-06-30T00:00:00,2284923.22,1079066.56,1440657.32,JULY QUARTERLY,202607169890834679
RI-02,R,2026,H6RI02318,C00925230,2026-01-01T00:00:00,2026-03-31T00:00:00,506696.08,319808.12,234800.66,APRIL QUARTERLY,202607159890640448
RI-02,R,2026,H6RI02318,C00925230,2026-01-01T00:00:00,2026-03-31T00:00:00,504296.08,319788.12,232420.66,APRIL QUARTERLY,202604159862517061
RI-02,R,2026,H6RI02318,C00925230,2025-10-01T00:00:00,2025-12-31T00:00:00,101579.92,54277.22,47302.7,YEAR-END,202601289794258636
RI-02,R,2026,H6RI02318,C00925230,2025-10-01T00:00:00,2025-12-31T00:00:00,101579.92,54277.22,47302.7,YEAR-END,202601219794112290
RI-02,R,2026,H6RI02318,C00925230,2025-10-01T00:00:00,2025-12-31T00:00:00,102189.92,54277.22,47912.7,YEAR-END,202602099834288019
RI-02,R,2026,H6RI02318,C00925230,2025-10-01T00:00:00,2025-12-31T00:00:00,101579.92,54277.22,47302.7,YEAR-END,202601309794552034
CA-51,D,2026,H8CA49074,C00719559,2026-05-14T00:00:00,2026-06-30T00:00:00,78516.27,79175.22,269452.28,JULY QUARTERLY,202607159875702085
CA-51,D,2026,H8CA49074,C00719559,2026-04-01T00:00:00,2026-05-13T00:00:00,41568.39,72035.53,270111.23,PRE-PRIMARY,202605209867448331
CA-51,D,2026,H8CA49074,C00719559,2026-01-01T00:00:00,2026-03-31T00:00:00,560261.47,513277.34,300578.37,APRIL QUARTERLY,202604159857790779
CA-51,D,2026,H8CA49074,C00719559,2025-10-01T00:00:00,2025-12-31T00:00:00,360911.5,265237.24,253594.24,YEAR-END,202601309794610288
CA-51,D,2026,H8CA49074,C00719559,2025-07-01T00:00:00,2025-09-30T00:00:00,150984.72,212300.41,157919.98,OCTOBER QUARTERLY,202510159790866343
CA-51,D,2026,H8CA49074,C00719559,2025-04-01T00:00:00,2025-06-30T00:00:00,371673.05,193672.1,219235.67,JULY QUARTERLY,202507159763274809
CA-51,D,2026,H8CA49074,C00719559,2025-01-01T00:00:00,2025-03-31T00:00:00,80977.91,112115.35,46234.72,APRIL QUARTERLY,202506299762546559
CA-51,D,2026,H8CA49074,C00719559,2025-01-01T00:00:00,2025-03-31T00:00:00,80977.91,112115.35,46234.72,APRIL QUARTERLY,202504159755414903
CA-51,D,2026,H8CA49074,C00719559,2025-01-01T00:00:00,2025-03-31T00:00:00,75977.91,112115.35,41234.72,APRIL QUARTERLY,202507149762811225
CA-51,D,2026,H8CA49074,C00719559,2025-01-01T00:00:00,2025-03-31T00:00:00,80977.91,112115.35,46234.72,APRIL QUARTERLY,202507109762756167
NM-02,D,2026,H2NM02191,C00789404,2026-05-14T00:00:00,2026-06-30T00:00:00,627092.93,204830.23,2378703.24,JULY QUARTERLY,202607159875318774
NM-02,D,2026,H2NM02191,C00789404,2026-04-01T00:00:00,2026-05-13T00:00:00,273791.79,194647.47,1956440.54,PRE-PRIMARY,202605219870232899
NM-02,D,2026,H2NM02191,C00789404,2026-01-01T00:00:00,2026-03-31T00:00:00,885402.33,298288.68,1877296.22,APRIL QUARTERLY,202604159857309620
NM-02,D,2026,H2NM02191,C00789404,2025-10-01T00:00:00,2025-12-31T00:00:00,535187.22,234066.26,1290182.57,YEAR-END,202601319795588338
NM-02,D,2026,H2NM02191,C00789404,2025-07-01T00:00:00,2025-09-30T00:00:00,583997.05,220955.08,989061.61,OCTOBER QUARTERLY,202510159790987431
NM-02,D,2026,H2NM02191,C00789404,2025-04-01T00:00:00,2025-06-30T00:00:00,585709.24,162297.31,626019.64,JULY QUARTERLY,202507159763385385
NM-02,D,2026,H2NM02191,C00789404,2025-01-01T00:00:00,2025-03-31T00:00:00,292921.74,129399.16,202607.71,APRIL QUARTERLY,202504159755796786
NJ-12,D,2026,H6NJ12417,C00934588,2026-05-14T00:00:00,2026-06-30T00:00:00,504915.0,723681.89,91930.47,JULY QUARTERLY,202607159875898871
NJ-12,D,2026,H6NJ12417,C00934588,2026-04-01T00:00:00,2026-05-13T00:00:00,481971.43,591380.4,310697.36,PRE-PRIMARY,202605219870222783
NJ-12,D,2026,H6NJ12417,C00934588,2026-01-01T00:00:00,2026-03-31T00:00:00,546965.4,126859.07,420106.33,APRIL QUARTERLY,202604159863008935
NY-26,D,2026,H4NY26078,C00856526,2026-06-04T00:00:00,2026-06-30T00:00:00,282850.22,67078.29,1213877.96,JULY QUARTERLY,202607159875314956
NY-26,D,2026,H4NY26078,C00856526,2026-04-01T00:00:00,2026-06-03T00:00:00,172564.26,178457.61,998106.03,PRE-PRIMARY,202606119870617258
NY-26,D,2026,H4NY26078,C00856526,2026-01-01T00:00:00,2026-03-31T00:00:00,364234.56,380759.51,1003999.38,APRIL QUARTERLY,202604159863091358
NY-26,D,2026,H4NY26078,C00856526,2025-10-01T00:00:00,2025-12-31T00:00:00,414567.25,278903.7,1020524.33,YEAR-END,202601319795656807
NY-26,D,2026,H4NY26078,C00856526,2025-07-01T00:00:00,2025-09-30T00:00:00,359180.57,155738.2,884860.78,OCTOBER QUARTERLY,202510159791513746
NY-26,D,2026,H4NY26078,C00856526,2025-07-01T00:00:00,2025-09-30T00:00:00,359180.57,155738.2,884860.78,OCTOBER QUARTERLY,202601319795321842
NY-26,D,2026,H4NY26078,C00856526,2025-04-01T00:00:00,2025-06-30T00:00:00,372684.31,174111.76,681418.41,JULY QUARTERLY,202507159763544318
NY-26,D,2026,H4NY26078,C00856526,2025-04-01T00:00:00,2025-06-30T00:00:00,372684.31,174111.76,681418.41,JULY QUARTERLY,202601319795308794
NY-26,D,2026,H4NY26078,C00856526,2025-01-01T00:00:00,2025-03-31T00:00:00,344207.01,200425.7,482845.86,APRIL QUARTERLY,202507159763543655
NY-26,D,2026,H4NY26078,C00856526,2025-01-01T00:00:00,2025-03-31T00:00:00,344207.01,200425.7,482845.86,APRIL QUARTERLY,202504159755416085
IA-03,D,2026,H6IA03268,C00904086,2026-05-14T00:00:00,2026-06-30T00:00:00,1401026.7,247484.63,3859683.22,JULY QUARTERLY,202607159875141919
IA-03,D,2026,H6IA03268,C00904086,2026-04-01T00:00:00,2026-05-13T00:00:00,811848.81,294027.71,2706141.15,PRE-PRIMARY,202605219870227433
IA-03,D,2026,H6IA03268,C00904086,2026-01-01T00:00:00,2026-03-31T00:00:00,1692440.58,351045.51,2188320.05,APRIL QUARTERLY,202604289866712390
IA-03,D,2026,H6IA03268,C00904086,2026-01-01T00:00:00,2026-03-31T00:00:00,1692440.58,351045.51,2188320.05,APRIL QUARTERLY,202604149857151626
IA-03,D,2026,H6IA03268,C00904086,2025-10-01T00:00:00,2025-12-31T00:00:00,429972.46,181259.28,846924.98,YEAR-END,202601309795194530
IA-03,D,2026,H6IA03268,C00904086,2025-10-01T00:00:00,2025-12-31T00:00:00,429972.46,181259.28,846924.98,YEAR-END,202602099834284198
IA-03,D,2026,H6IA03268,C00904086,2025-07-01T00:00:00,2025-09-30T00:00:00,437683.79,216180.2,598211.8,OCTOBER QUARTERLY,202510159790875322
IA-03,D,2026,H6IA03268,C00904086,2025-04-01T00:00:00,2025-06-30T00:00:00,520800.25,144092.04,376708.21,JULY QUARTERLY,202507159763097642
SC-06,D,2026,H2SC02042,C00255562,2026-05-21T00:00:00,2026-06-30T00:00:00,336734.78,147162.51,1634792.67,JULY QUARTERLY,202607159875971989
SC-06,D,2026,H2SC02042,C00255562,2026-04-01T00:00:00,2026-05-20T00:00:00,108429.54,75443.43,1438754.4,PRE-PRIMARY,202605289870316993
SC-06,D,2026,H2SC02042,C00255562,2026-04-01T00:00:00,2026-05-20T00:00:00,114949.54,75497.43,1445220.4,PRE-PRIMARY,202607159875971562
SC-06,D,2026,H2SC02042,C00255562,2026-01-01T00:00:00,2026-03-31T00:00:00,103445.82,204178.39,1405768.29,APRIL QUARTERLY,202604159862266039
SC-06,D,2026,H2SC02042,C00255562,2025-10-01T00:00:00,2025-12-31T00:00:00,121017.93,173576.56,1506500.86,YEAR-END,202601319795679681
SC-06,D,2026,H2SC02042,C00255562,2025-07-01T00:00:00,2025-09-30T00:00:00,266588.83,314989.12,1559059.49,OCTOBER QUARTERLY,202510159791307922
SC-06,D,2026,H2SC02042,C00255562,2025-04-01T00:00:00,2025-06-30T00:00:00,205902.9,303252.73,1607459.78,JULY QUARTERLY,202507159763519002
SC-06,D,2026,H2SC02042,C00255562,2025-01-01T00:00:00,2025-03-31T00:00:00,76411.12,210728.74,1704809.61,APRIL QUARTERLY,202504159755799867
CA-16,D,2026,H4CA16197,C00858688,2026-05-14T00:00:00,2026-06-30T00:00:00,210909.3,82965.19,2153446.11,JULY QUARTERLY,202607159875571497
CA-16,D,2026,H4CA16197,C00858688,2026-05-14T00:00:00,2026-06-30T00:00:00,210409.3,82953.89,2152957.41,JULY QUARTERLY,202607239894434990
CA-16,D,2026,H4CA16197,C00858688,2026-04-01T00:00:00,2026-05-13T00:00:00,86718.35,98608.35,2025502.0,PRE-PRIMARY,202605219870214663
CA-16,D,2026,H4CA16197,C00858688,2026-01-01T00:00:00,2026-03-31T00:00:00,242236.15,199909.79,2037392.0,APRIL QUARTERLY,202606049870373030
CA-16,D,2026,H4CA16197,C00858688,2026-01-01T00:00:00,2026-03-31T00:00:00,242236.15,199909.79,2037392.0,APRIL QUARTERLY,202604159857675694
CA-16,D,2026,H4CA16197,C00858688,2025-10-01T00:00:00,2025-12-31T00:00:00,288843.01,174374.61,1995065.64,YEAR-END,202601309794805296
CA-16,D,2026,H4CA16197,C00858688,2025-07-01T00:00:00,2025-09-30T00:00:00,567255.05,168689.55,1880597.24,OCTOBER QUARTERLY,202510159790975524
CA-16,D,2026,H4CA16197,C00858688,2025-07-01T00:00:00,2025-09-30T00:00:00,567255.05,168689.55,1880597.24,OCTOBER QUARTERLY,202511039792078915
CA-16,D,2026,H4CA16197,C00858688,2025-04-01T00:00:00,2025-06-30T00:00:00,683198.77,369206.26,1482031.74,JULY QUARTERLY,202507159763102922
CA-16,D,2026,H4CA16197,C00858688,2025-01-01T00:00:00,2025-03-31T00:00:00,1410637.02,332989.89,1168039.23,APRIL QUARTERLY,202604159857681162
CA-16,D,2026,H4CA16197,C00858688,2025-01-01T00:00:00,2025-03-31T00:00:00,1410637.02,332989.89,1168039.23,APRIL QUARTERLY,202504159755436783
MN-02,D,2026,H6MN02131,C00575209,2026-01-01T00:00:00,2026-03-31T00:00:00,0.0,12764.06,0.0,TERMINATION REPORT,202604159863056346
MN-02,D,2026,H6MN02131,C00575209,2025-10-01T00:00:00,2025-12-31T00:00:00,583.72,12075.72,12764.06,YEAR-END,202601319825644206
MN-02,D,2026,H6MN02131,C00575209,2025-07-01T00:00:00,2025-09-30T00:00:00,635.15,2409.7,24256.06,OCTOBER QUARTERLY,202510159791589694
MN-02,D,2026,H6MN02131,C00575209,2025-04-01T00:00:00,2025-06-30T00:00:00,199645.09,1239887.15,26030.61,JULY QUARTERLY,202507159763523855
MN-02,D,2026,H6MN02131,C00575209,2025-01-01T00:00:00,2025-03-31T00:00:00,1201959.79,159289.53,1066272.67,APRIL QUARTERLY,202504159756057334
WA-10,D,2026,H0WA10034,C00732826,2026-07-01T00:00:00,2026-07-15T00:00:00,31776.43,45526.86,677497.64,PRE-PRIMARY,202607219894391446
WA-10,D,2026,H0WA10034,C00732826,2026-04-01T00:00:00,2026-06-30T00:00:00,318249.56,429430.59,691248.07,JULY QUARTERLY,202607149874970366
WA-10,D,2026,H0WA10034,C00732826,2026-01-01T00:00:00,2026-03-31T00:00:00,288531.72,95992.89,802429.1,APRIL QUARTERLY,202604139857130074
WA-10,D,2026,H0WA10034,C00732826,2025-10-01T00:00:00,2025-12-31T00:00:00,181602.19,249024.37,609890.27,YEAR-END,202601289794294064
WA-10,D,2026,H0WA10034,C00732826,2025-07-01T00:00:00,2025-09-30T00:00:00,220870.51,227985.99,677312.45,OCTOBER QUARTERLY,202510149790780787
WA-10,D,2026,H0WA10034,C00732826,2025-04-01T00:00:00,2025-06-30T00:00:00,295053.98,197069.72,684427.93,JULY QUARTERLY,202507159763201364
WA-10,D,2026,H0WA10034,C00732826,2025-01-01T00:00:00,2025-03-31T00:00:00,175219.22,169363.3,586443.67,APRIL QUARTERLY,202504159755634370
MI-08,D,2026,H4MI08218,C00864207,2026-07-01T00:00:00,2026-07-15T00:00:00,104701.39,64579.42,4254098.56,PRE-PRIMARY,202607239894441989
MI-08,D,2026,H4MI08218,C00864207,2026-04-01T00:00:00,2026-06-30T00:00:00,1155202.47,376292.62,4213976.59,JULY QUARTERLY,202607159875599879
MI-08,D,2026,H4MI08218,C00864207,2026-01-01T00:00:00,2026-03-31T00:00:00,1079852.48,275017.68,3435066.74,APRIL QUARTERLY,202604159857665715
MI-08,D,2026,H4MI08218,C00864207,2025-10-01T00:00:00,2025-12-31T00:00:00,894609.7,220965.34,2630231.94,YEAR-END,202601309794935880
MI-08,D,2026,H4MI08218,C00864207,2025-07-01T00:00:00,2025-09-30T00:00:00,860096.19,168247.79,1956587.58,OCTOBER QUARTERLY,202510159791113086
MI-08,D,2026,H4MI08218,C00864207,2025-04-01T00:00:00,2025-06-30T00:00:00,800249.28,157742.24,1264739.18,JULY QUARTERLY,202507159763218510
MI-08,D,2026,H4MI08218,C00864207,2025-01-01T00:00:00,2025-03-31T00:00:00,750164.52,144962.9,622232.14,APRIL QUARTERLY,202504159755633152
OH-15,R,2026,H2OH15228,C00779603,2026-04-16T00:00:00,2026-06-30T00:00:00,732364.49,197651.6,2056712.66,JULY QUARTERLY,202607159875640133
OH-15,R,2026,H2OH15228,C00779603,2026-04-01T00:00:00,2026-04-15T00:00:00,57758.79,78709.99,1521999.77,PRE-PRIMARY,202604239866687360
OH-15,R,2026,H2OH15228,C00779603,2026-01-01T00:00:00,2026-03-31T00:00:00,395195.92,409418.4,1542950.97,APRIL QUARTERLY,202604159857534910
OH-15,R,2026,H2OH15228,C00779603,2025-10-01T00:00:00,2025-12-31T00:00:00,397729.12,183644.91,1557173.45,YEAR-END,202601309794872694
OH-15,R,2026,H2OH15228,C00779603,2025-07-01T00:00:00,2025-09-30T00:00:00,440779.55,168792.19,1343089.24,OCTOBER QUARTERLY,202510159790861529
OH-15,R,2026,H2OH15228,C00779603,2025-07-01T00:00:00,2025-09-30T00:00:00,440779.55,168792.19,1343089.24,OCTOBER QUARTERLY,202601029793902045
OH-15,R,2026,H2OH15228,C00779603,2025-04-01T00:00:00,2025-06-30T00:00:00,788327.42,210143.8,1071101.88,JULY QUARTERLY,202507159762967790
OH-15,R,2026,H2OH15228,C00779603,2025-04-01T00:00:00,2025-06-30T00:00:00,788327.42,210143.8,1071101.88,JULY QUARTERLY,202604099857047429
OH-15,R,2026,H2OH15228,C00779603,2025-01-01T00:00:00,2025-03-31T00:00:00,487523.21,155899.26,492918.26,APRIL QUARTERLY,202504159755354647
TX-01,R,2026,H2TX01112,C00796086,2026-04-01T00:00:00,2026-06-30T00:00:00,412546.42,269251.07,777546.02,JULY QUARTERLY,202607159875742086
TX-01,R,2026,H2TX01112,C00796086,2026-02-12T00:00:00,2026-03-31T00:00:00,247151.74,161481.53,634250.67,APRIL QUARTERLY,202604159862311177
TX-01,R,2026,H2TX01112,C00796086,2026-01-01T00:00:00,2026-02-11T00:00:00,84755.1,224270.02,548580.46,PRE-PRIMARY,202602199834773248
TX-01,R,2026,H2TX01112,C00796086,2025-10-01T00:00:00,2025-12-31T00:00:00,255937.74,237994.56,688095.38,YEAR-END,202601309794932432
TX-01,R,2026,H2TX01112,C00796086,2025-10-01T00:00:00,2025-12-31T00:00:00,255937.74,237994.56,688095.38,YEAR-END,202602199834761190
TX-01,R,2026,H2TX01112,C00796086,2025-07-01T00:00:00,2025-09-30T00:00:00,262335.73,261150.53,670152.2,OCTOBER QUARTERLY,202510159791096778
TX-01,R,2026,H2TX01112,C00796086,2025-04-01T00:00:00,2025-06-30T00:00:00,335102.17,115604.13,668967.0,JULY QUARTERLY,202507159763274271
TX-01,R,2026,H2TX01112,C00796086,2025-01-01T00:00:00,2025-03-31T00:00:00,200018.78,131495.94,449468.96,APRIL QUARTERLY,202504159755426436
FL-20,D,2026,H4FL20023,C00385773,2026-04-01T00:00:00,2026-06-30T00:00:00,643594.26,347780.79,2803293.66,JULY QUARTERLY,202607159875939962
FL-20,D,2026,H4FL20023,C00385773,2026-01-01T00:00:00,2026-03-31T00:00:00,717324.03,177170.61,2507480.19,APRIL QUARTERLY,202604159862517780
FL-20,D,2026,H4FL20023,C00385773,2025-10-01T00:00:00,2025-12-31T00:00:00,536045.78,189973.24,1967326.77,YEAR-END,202601319808610559
FL-20,D,2026,H4FL20023,C00385773,2025-07-01T00:00:00,2025-09-30T00:00:00,437901.43,162050.95,1621254.23,OCTOBER QUARTERLY,202510159791455117
FL-20,D,2026,H4FL20023,C00385773,2025-04-01T00:00:00,2025-06-30T00:00:00,499130.96,241107.89,1345403.75,JULY QUARTERLY,202507159763426255
FL-20,D,2026,H4FL20023,C00385773,2025-01-01T00:00:00,2025-03-31T00:00:00,312286.41,282214.65,1087380.68,APRIL QUARTERLY,202504159755952193
GA-13,D,2026,H6GA13070,C00906875,2026-04-30T00:00:00,2026-06-30T00:00:00,431650.0,345143.89,229144.66,JULY QUARTERLY,202607159875452718
GA-13,D,2026,H6GA13070,C00906875,2026-04-01T00:00:00,2026-04-29T00:00:00,114839.36,454599.11,142638.55,PRE-PRIMARY,202605079866888264
GA-13,D,2026,H6GA13070,C00906875,2026-01-01T00:00:00,2026-03-31T00:00:00,622414.6,297698.28,482398.3,APRIL QUARTERLY,202604289866711322
GA-13,D,2026,H6GA13070,C00906875,2026-01-01T00:00:00,2026-03-31T00:00:00,622414.6,297698.28,482398.3,APRIL QUARTERLY,202604159857814486
GA-13,D,2026,H6GA13070,C00906875,2025-10-01T00:00:00,2025-12-31T00:00:00,131793.9,117149.4,157681.98,YEAR-END,202604289866711108
GA-13,D,2026,H6GA13070,C00906875,2025-10-01T00:00:00,2025-12-31T00:00:00,131836.36,117191.86,157681.98,YEAR-END,202601319795484968
GA-13,D,2026,H6GA13070,C00906875,2025-07-01T00:00:00,2025-09-30T00:00:00,153505.15,158756.6,143037.48,OCTOBER QUARTERLY,202510159791274160
GA-13,D,2026,H6GA13070,C00906875,2025-06-01T00:00:00,2025-06-30T00:00:00,164876.29,16587.36,148288.93,JULY QUARTERLY,202507159763217100
WV-01,R,2026,H8WV03097,C00653220,2026-04-23T00:00:00,2026-06-30T00:00:00,315321.43,440406.53,604378.98,JULY QUARTERLY,202607159875939349
WV-01,R,2026,H8WV03097,C00653220,2026-04-01T00:00:00,2026-04-22T00:00:00,41001.39,41494.6,729464.08,PRE-PRIMARY,202604309866776464
WV-01,R,2026,H8WV03097,C00653220,2026-01-01T00:00:00,2026-03-31T00:00:00,309220.2,462394.71,729957.29,APRIL QUARTERLY,202604159862876272
WV-01,R,2026,H8WV03097,C00653220,2025-10-01T00:00:00,2025-12-31T00:00:00,257403.76,85973.09,883131.8,YEAR-END,202601319825883336
WV-01,R,2026,H8WV03097,C00653220,2025-07-01T00:00:00,2025-09-30T00:00:00,285007.99,154436.62,711701.13,OCTOBER QUARTERLY,202510159791113834
WV-01,R,2026,H8WV03097,C00653220,2025-04-01T00:00:00,2025-06-30T00:00:00,254847.53,95031.9,581129.76,JULY QUARTERLY,202507159762992102
WV-01,R,2026,H8WV03097,C00653220,2025-01-01T00:00:00,2025-03-31T00:00:00,284095.41,102323.26,421314.13,APRIL QUARTERLY,202504159755371401
CA-50,D,2026,H2CA52089,C00503110,2026-05-14T00:00:00,2026-06-30T00:00:00,244091.26,178098.04,2598275.74,JULY QUARTERLY,202607159875391409
CA-50,D,2026,H2CA52089,C00503110,2026-04-01T00:00:00,2026-05-13T00:00:00,161168.69,206223.91,2532282.52,PRE-PRIMARY,202605219870204756
CA-50,D,2026,H2CA52089,C00503110,2026-01-01T00:00:00,2026-03-31T00:00:00,379354.97,282271.94,2577337.74,APRIL QUARTERLY,202604159857335779
CA-50,D,2026,H2CA52089,C00503110,2025-10-01T00:00:00,2025-12-31T00:00:00,297288.86,149205.4,2480254.71,YEAR-END,202601309795199997
CA-50,D,2026,H2CA52089,C00503110,2025-07-01T00:00:00,2025-09-30T00:00:00,210412.58,113426.52,2332171.25,OCTOBER QUARTERLY,202510159791372010
CA-50,D,2026,H2CA52089,C00503110,2025-04-01T00:00:00,2025-06-30T00:00:00,269665.44,164614.42,2235185.19,JULY QUARTERLY,202507159763153905
CA-50,D,2026,H2CA52089,C00503110,2025-01-01T00:00:00,2025-03-31T00:00:00,248979.22,269365.86,2130134.17,APRIL QUARTERLY,202504159755377827
OH-13,D,2026,H2OH13264,C00801274,2026-04-16T00:00:00,2026-06-30T00:00:00,539234.09,295835.15,1897462.29,JULY QUARTERLY,202607159875768590
OH-13,D,2026,H2OH13264,C00801274,2026-04-01T00:00:00,2026-04-15T00:00:00,89130.48,45310.27,1654063.35,PRE-PRIMARY,202604239866688496
OH-13,D,2026,H2OH13264,C00801274,2026-01-01T00:00:00,2026-03-31T00:00:00,667518.49,356863.1,1610243.14,APRIL QUARTERLY,202604159862295180
OH-13,D,2026,H2OH13264,C00801274,2025-10-01T00:00:00,2025-12-31T00:00:00,497390.51,176999.04,1299587.75,YEAR-END,202601309794631589
OH-13,D,2026,H2OH13264,C00801274,2025-07-01T00:00:00,2025-09-30T00:00:00,546854.23,187027.36,979196.28,OCTOBER QUARTERLY,202510159790914079
OH-13,D,2026,H2OH13264,C00801274,2025-04-01T00:00:00,2025-06-30T00:00:00,523802.18,187739.31,619369.41,JULY QUARTERLY,202507159763219559
OH-13,D,2026,H2OH13264,C00801274,2025-01-01T00:00:00,2025-03-31T00:00:00,271960.79,111332.79,283306.54,APRIL QUARTERLY,202504159755442064
CA-34,D,2026,H2CA30143,C00264101,2026-04-01T00:00:00,2026-06-30T00:00:00,109.0,69077.0,6.09,JULY QUARTERLY,202607159890680053
CA-34,D,2026,H2CA30143,C00264101,2026-01-01T00:00:00,2026-03-31T00:00:00,0.0,313.0,68974.09,APRIL QUARTERLY,202604149857216298
CA-34,D,2026,H2CA30143,C00264101,2025-10-01T00:00:00,2025-12-31T00:00:00,0.0,121285.25,69287.09,YEAR-END,202601319808242782
CA-34,D,2026,H2CA30143,C00264101,2025-07-01T00:00:00,2025-09-30T00:00:00,0.0,10245.05,190572.34,OCTOBER QUARTERLY,202510159790857771
CA-34,D,2026,H2CA30143,C00264101,2025-04-01T00:00:00,2025-06-30T00:00:00,-96373.97,1153599.37,200817.39,JULY QUARTERLY,202507159763102588
CA-34,D,2026,H2CA30143,C00264101,2025-01-01T00:00:00,2025-03-31T00:00:00,7643.99,3215.3,1450790.73,APRIL QUARTERLY,202504159755808114
IN-05,R,2026,H0IN05326,C00737767,2026-04-16T00:00:00,2026-06-30T00:00:00,241723.84,67687.75,230004.33,JULY QUARTERLY,202607159875094747
IN-05,R,2026,H0IN05326,C00737767,2026-04-01T00:00:00,2026-04-15T00:00:00,5647.06,15995.25,55968.24,PRE-PRIMARY,202604239866683007
IN-05,R,2026,H0IN05326,C00737767,2026-01-01T00:00:00,2026-03-31T00:00:00,66977.8,210173.23,66316.43,APRIL QUARTERLY,202604159857599476
IN-05,R,2026,H0IN05326,C00737767,2025-10-01T00:00:00,2025-12-31T00:00:00,269769.26,254263.39,209511.86,YEAR-END,202601189794031043
IN-05,R,2026,H0IN05326,C00737767,2025-10-01T00:00:00,2025-12-31T00:00:00,269769.26,254263.39,209511.86,YEAR-END,202604089857021616
IN-05,R,2026,H0IN05326,C00737767,2025-07-01T00:00:00,2025-09-30T00:00:00,321217.62,190335.44,194005.99,OCTOBER QUARTERLY,202510159791043069
IN-05,R,2026,H0IN05326,C00737767,2025-04-01T00:00:00,2025-06-30T00:00:00,265285.89,321890.61,63123.81,JULY QUARTERLY,202507159762856292
IN-05,R,2026,H0IN05326,C00737767,2025-01-01T00:00:00,2025-03-31T00:00:00,156606.5,294928.15,119728.53,APRIL QUARTERLY,202504159755353883
IA-03,R,2026,H2IA03119,C00784389,2026-05-14T00:00:00,2026-06-30T00:00:00,722309.9,314445.87,3568369.39,JULY QUARTERLY,202607159890687302
IA-03,R,2026,H2IA03119,C00784389,2026-04-01T00:00:00,2026-05-13T00:00:00,264208.67,143836.98,3160505.36,PRE-PRIMARY,202605219870240749
IA-03,R,2026,H2IA03119,C00784389,2026-01-01T00:00:00,2026-03-31T00:00:00,1267750.24,209586.53,3040133.67,APRIL QUARTERLY,202604159862601746
IA-03,R,2026,H2IA03119,C00784389,2025-10-01T00:00:00,2025-12-31T00:00:00,535479.62,163919.83,1981969.96,YEAR-END,202601309795216182
IA-03,R,2026,H2IA03119,C00784389,2025-10-01T00:00:00,2025-12-31T00:00:00,535479.62,163919.83,1981969.96,YEAR-END,202603259856844087
IA-03,R,2026,H2IA03119,C00784389,2025-07-01T00:00:00,2025-09-30T00:00:00,524657.4,213845.09,1610410.17,OCTOBER QUARTERLY,202510159791533743
IA-03,R,2026,H2IA03119,C00784389,2025-07-01T00:00:00,2025-09-30T00:00:00,524657.4,213845.09,1610410.17,OCTOBER QUARTERLY,202603259856843554
IA-03,R,2026,H2IA03119,C00784389,2025-04-01T00:00:00,2025-06-30T00:00:00,803352.24,191567.82,1299597.86,JULY QUARTERLY,202510159791524887
IA-03,R,2026,H2IA03119,C00784389,2025-04-01T00:00:00,2025-06-30T00:00:00,803352.24,191567.82,1299597.86,JULY QUARTERLY,202507159763323732
IA-03,R,2026,H2IA03119,C00784389,2025-04-01T00:00:00,2025-06-30T00:00:00,803352.24,191567.82,1299597.86,JULY QUARTERLY,202603259856843050
IA-03,R,2026,H2IA03119,C00784389,2025-01-01T00:00:00,2025-03-31T00:00:00,751490.73,116510.68,687813.44,APRIL QUARTERLY,202506239762532646
IA-03,R,2026,H2IA03119,C00784389,2025-01-01T00:00:00,2025-03-31T00:00:00,751490.73,116510.68,687813.44,APRIL QUARTERLY,202504159755653755
WI-01,R,2026,H8WI01156,C00677286,2026-04-01T00:00:00,2026-06-30T00:00:00,925923.83,312637.38,6177413.76,JULY QUARTERLY,202607159890097442
WI-01,R,2026,H8WI01156,C00677286,2026-01-01T00:00:00,2026-03-31T00:00:00,933218.51,271539.84,5564127.31,APRIL QUARTERLY,202604159862614225
WI-01,R,2026,H8WI01156,C00677286,2026-01-01T00:00:00,2026-03-31T00:00:00,933218.51,271539.84,5564127.31,APRIL QUARTERLY,202606099870451764
WI-01,R,2026,H8WI01156,C00677286,2026-01-01T00:00:00,2026-03-31T00:00:00,933218.51,271539.84,5564127.31,APRIL QUARTERLY,202605049866789428
WI-01,R,2026,H8WI01156,C00677286,2025-10-01T00:00:00,2025-12-31T00:00:00,852751.49,184015.37,4902448.64,YEAR-END,202601309794587357
WI-01,R,2026,H8WI01156,C00677286,2025-10-01T00:00:00,2025-12-31T00:00:00,852751.49,184015.37,4902448.64,YEAR-END,202601289794265783
WI-01,R,2026,H8WI01156,C00677286,2025-07-01T00:00:00,2025-09-30T00:00:00,756150.37,182439.88,4233712.52,OCTOBER QUARTERLY,202510159791483108
WI-01,R,2026,H8WI01156,C00677286,2025-04-01T00:00:00,2025-06-30T00:00:00,1165349.72,255618.29,3660002.03,JULY QUARTERLY,202507159763427439
WI-01,R,2026,H8WI01156,C00677286,2025-01-01T00:00:00,2025-03-31T00:00:00,668894.66,137794.43,2750270.6,APRIL QUARTERLY,202504159756025547
GA-07,R,2026,H0GA07273,C00706747,2026-04-30T00:00:00,2026-06-30T00:00:00,289602.32,118067.57,1007984.38,JULY QUARTERLY,202607159875071942
GA-07,R,2026,H0GA07273,C00706747,2026-04-01T00:00:00,2026-04-29T00:00:00,37393.57,36972.2,836449.63,PRE-PRIMARY,202605069866842150
GA-07,R,2026,H0GA07273,C00706747,2026-01-01T00:00:00,2026-03-31T00:00:00,266852.96,193343.29,836028.26,APRIL QUARTERLY,202604159857321338
GA-07,R,2026,H0GA07273,C00706747,2025-10-01T00:00:00,2025-12-31T00:00:00,218287.18,131331.35,762518.59,YEAR-END,202601309794719015
GA-07,R,2026,H0GA07273,C00706747,2025-07-01T00:00:00,2025-09-30T00:00:00,318770.79,235637.44,675562.76,OCTOBER QUARTERLY,202510159790910643
GA-07,R,2026,H0GA07273,C00706747,2025-04-01T00:00:00,2025-06-30T00:00:00,222577.94,439900.92,592429.41,JULY QUARTERLY,202508189789493335
GA-07,R,2026,H0GA07273,C00706747,2025-04-01T00:00:00,2025-06-30T00:00:00,222577.94,439900.92,592429.41,JULY QUARTERLY,202507159762991247
GA-07,R,2026,H0GA07273,C00706747,2025-01-01T00:00:00,2025-03-31T00:00:00,288927.97,176998.49,809752.39,APRIL QUARTERLY,202504159755515815
WA-08,D,2026,H8WA08189,C00652628,2026-07-01T00:00:00,2026-07-15T00:00:00,84900.86,26657.7,3508750.96,PRE-PRIMARY,202607239894442500
WA-08,D,2026,H8WA08189,C00652628,2026-04-01T00:00:00,2026-06-30T00:00:00,482879.85,320159.66,3450507.8,JULY QUARTERLY,202607159890665581
WA-08,D,2026,H8WA08189,C00652628,2026-01-01T00:00:00,2026-03-31T00:00:00,581489.25,230558.79,3287787.61,APRIL QUARTERLY,202604159862524738
WA-08,D,2026,H8WA08189,C00652628,2025-10-01T00:00:00,2025-12-31T00:00:00,352422.14,214130.4,2936857.15,YEAR-END,202601319809466358
WA-08,D,2026,H8WA08189,C00652628,2025-07-01T00:00:00,2025-09-30T00:00:00,516263.61,200415.64,2798565.41,OCTOBER QUARTERLY,202510159791567988
WA-08,D,2026,H8WA08189,C00652628,2025-04-01T00:00:00,2025-06-30T00:00:00,465536.04,203331.58,2482717.44,JULY QUARTERLY,202507159763431546
WA-08,D,2026,H8WA08189,C00652628,2025-01-01T00:00:00,2025-03-31T00:00:00,533401.77,134511.46,2220512.98,APRIL QUARTERLY,202504159755806585
NY-11,R,2026,H0NY11078,C00694778,2026-06-04T00:00:00,2026-06-30T00:00:00,180938.77,56680.41,2767340.17,JULY QUARTERLY,202607159875149686
NY-11,R,2026,H0NY11078,C00694778,2026-04-01T00:00:00,2026-06-03T00:00:00,261409.93,199827.75,2648081.81,PRE-PRIMARY,202606119870606833
NY-11,R,2026,H0NY11078,C00694778,2026-04-01T00:00:00,2026-06-03T00:00:00,261409.93,199827.75,2643081.81,PRE-PRIMARY,202606309874283108
NY-11,R,2026,H0NY11078,C00694778,2026-01-01T00:00:00,2026-03-31T00:00:00,579316.76,262619.92,2586499.63,APRIL QUARTERLY,202604159857296671
NY-11,R,2026,H0NY11078,C00694778,2026-01-01T00:00:00,2026-03-31T00:00:00,579316.76,262619.92,2581499.63,APRIL QUARTERLY,202606309874282682
NY-11,R,2026,H0NY11078,C00694778,2025-10-01T00:00:00,2025-12-31T00:00:00,456741.89,196651.62,2269802.79,YEAR-END,202601319795514202
NY-11,R,2026,H0NY11078,C00694778,2025-10-01T00:00:00,2025-12-31T00:00:00,451741.89,196651.62,2264802.79,YEAR-END,202606309874282352
NY-11,R,2026,H0NY11078,C00694778,2025-07-01T00:00:00,2025-09-30T00:00:00,422447.22,227542.14,2009712.52,OCTOBER QUARTERLY,202510159790993818
NY-11,R,2026,H0NY11078,C00694778,2025-04-01T00:00:00,2025-06-30T00:00:00,516849.62,280206.53,1814807.44,JULY QUARTERLY,202507159763097180
NY-11,R,2026,H0NY11078,C00694778,2025-01-01T00:00:00,2025-03-31T00:00:00,337800.89,105883.0,1578164.35,APRIL QUARTERLY,202507079762733939
NY-11,R,2026,H0NY11078,C00694778,2025-01-01T00:00:00,2025-03-31T00:00:00,337800.89,105883.0,1571109.31,APRIL QUARTERLY,202504159755382365
CO-07,D,2026,H8CO07045,C00637215,2026-06-11T00:00:00,2026-06-30T00:00:00,168026.07,47872.38,1105387.56,JULY QUARTERLY,202607159875264481
CO-07,D,2026,H8CO07045,C00637215,2026-04-01T00:00:00,2026-06-10T00:00:00,302857.45,233291.33,985233.87,PRE-PRIMARY,202606189870755188
CO-07,D,2026,H8CO07045,C00637215,2026-01-01T00:00:00,2026-03-31T00:00:00,270943.76,199299.48,915667.75,APRIL QUARTERLY,202604159857818173
CO-07,D,2026,H8CO07045,C00637215,2025-10-01T00:00:00,2025-12-31T00:00:00,274450.01,278103.64,844023.47,YEAR-END,202601319808369916
CO-07,D,2026,H8CO07045,C00637215,2025-07-01T00:00:00,2025-09-30T00:00:00,307570.91,173727.64,847677.1,OCTOBER QUARTERLY,202510159791089921
CO-07,D,2026,H8CO07045,C00637215,2025-04-01T00:00:00,2025-06-30T00:00:00,290832.29,159884.81,713833.83,JULY QUARTERLY,202507159763306966
CO-07,D,2026,H8CO07045,C00637215,2025-01-01T00:00:00,2025-03-31T00:00:00,252084.7,230130.58,582886.35,APRIL QUARTERLY,202504159755653499
MI-03,D,2026,H0MI03316,C00711317,2026-07-01T00:00:00,2026-07-15T00:00:00,41564.23,80796.18,1356572.91,PRE-PRIMARY,202607239894442385
MI-03,D,2026,H0MI03316,C00711317,2026-04-01T00:00:00,2026-06-30T00:00:00,405520.55,214545.6,1395804.86,JULY QUARTERLY,202607159875816024
MI-03,D,2026,H0MI03316,C00711317,2026-01-01T00:00:00,2026-03-31T00:00:00,404222.06,299425.43,1204829.91,APRIL QUARTERLY,202604149857197688
MI-03,D,2026,H0MI03316,C00711317,2025-10-01T00:00:00,2025-12-31T00:00:00,391941.1,258393.5,1100033.28,YEAR-END,202601309794933203
MI-03,D,2026,H0MI03316,C00711317,2025-07-01T00:00:00,2025-09-30T00:00:00,402323.34,169508.92,966485.68,OCTOBER QUARTERLY,202510159791369321
MI-03,D,2026,H0MI03316,C00711317,2025-04-01T00:00:00,2025-06-30T00:00:00,363294.16,130390.61,733671.26,JULY QUARTERLY,202507159763199075
MI-03,D,2026,H0MI03316,C00711317,2025-01-01T00:00:00,2025-03-31T00:00:00,320256.8,169203.69,500767.71,APRIL QUARTERLY,202504159755803819
CA-36,D,2026,H4CA33119,C00556506,2026-05-14T00:00:00,2026-06-30T00:00:00,332454.14,108113.85,1188398.69,JULY QUARTERLY,202607159890098580
CA-36,D,2026,H4CA33119,C00556506,2026-04-01T00:00:00,2026-05-13T00:00:00,108787.25,205198.4,957142.62,PRE-PRIMARY,202605219870248790
CA-36,D,2026,H4CA33119,C00556506,2026-04-01T00:00:00,2026-05-13T00:00:00,115703.03,205198.4,964058.4,PRE-PRIMARY,202607159890097124
CA-36,D,2026,H4CA33119,C00556506,2026-01-01T00:00:00,2026-03-31T00:00:00,238796.1,249539.59,1053553.77,APRIL QUARTERLY,202607159890096615
CA-36,D,2026,H4CA33119,C00556506,2026-01-01T00:00:00,2026-03-31T00:00:00,238796.1,249539.59,1053553.77,APRIL QUARTERLY,202604159862879593
CA-36,D,2026,H4CA33119,C00556506,2025-10-01T00:00:00,2025-12-31T00:00:00,317005.28,223552.78,1064297.26,YEAR-END,202603189853621575
CA-36,D,2026,H4CA33119,C00556506,2025-10-01T00:00:00,2025-12-31T00:00:00,317005.28,223552.78,1064297.26,YEAR-END,202601309795217717
CA-36,D,2026,H4CA33119,C00556506,2025-07-01T00:00:00,2025-09-30T00:00:00,268066.01,212123.8,970844.76,OCTOBER QUARTERLY,202510159791524662
CA-36,D,2026,H4CA33119,C00556506,2025-04-01T00:00:00,2025-06-30T00:00:00,354622.74,207276.52,914902.55,JULY QUARTERLY,202507159763506827
CA-36,D,2026,H4CA33119,C00556506,2025-01-01T00:00:00,2025-03-31T00:00:00,206121.62,113572.04,767556.33,APRIL QUARTERLY,202507159763506567
CA-36,D,2026,H4CA33119,C00556506,2025-01-01T00:00:00,2025-03-31T00:00:00,206121.62,113572.04,767556.33,APRIL QUARTERLY,202504159756057025
VA-09,R,2026,H0VA09055,C00477240,2026-07-01T00:00:00,2026-07-15T00:00:00,3835.0,68093.31,973866.75,PRE-PRIMARY,202607219894392936
VA-09,R,2026,H0VA09055,C00477240,2026-04-01T00:00:00,2026-06-30T00:00:00,362599.02,249668.83,1038125.06,JULY QUARTERLY,202607159875261936
VA-09,R,2026,H0VA09055,C00477240,2026-01-01T00:00:00,2026-03-31T00:00:00,472889.82,246536.89,925194.87,APRIL QUARTERLY,202604159862296032
VA-09,R,2026,H0VA09055,C00477240,2026-01-01T00:00:00,2026-03-31T00:00:00,472889.82,246536.89,925194.87,APRIL QUARTERLY,202607159875161614
VA-09,R,2026,H0VA09055,C00477240,2025-10-01T00:00:00,2025-12-31T00:00:00,203541.64,208578.58,698841.94,YEAR-END,202601319795607217
VA-09,R,2026,H0VA09055,C00477240,2025-07-01T00:00:00,2025-09-30T00:00:00,389147.29,159610.09,703878.88,OCTOBER QUARTERLY,202510159791118012
VA-09,R,2026,H0VA09055,C00477240,2025-04-01T00:00:00,2025-06-30T00:00:00,194207.84,221999.51,474341.68,JULY QUARTERLY,202507159762851081
VA-09,R,2026,H0VA09055,C00477240,2025-01-01T00:00:00,2025-03-31T00:00:00,202617.99,164373.34,502133.35,APRIL QUARTERLY,202504159755377136
CA-18,D,2026,H4CA16049,C00289603,2026-05-14T00:00:00,2026-06-30T00:00:00,108234.02,81249.09,643340.91,JULY QUARTERLY,202607159875281613
CA-18,D,2026,H4CA16049,C00289603,2026-04-01T00:00:00,2026-05-13T00:00:00,107933.49,71935.22,616355.98,PRE-PRIMARY,202605209870098709
CA-18,D,2026,H4CA16049,C00289603,2026-01-01T00:00:00,2026-03-31T00:00:00,231515.3,368001.68,580357.71,APRIL QUARTERLY,202604159862402544
CA-18,D,2026,H4CA16049,C00289603,2025-10-01T00:00:00,2025-12-31T00:00:00,294962.64,328088.61,716844.09,YEAR-END,202601309795140755
CA-18,D,2026,H4CA16049,C00289603,2025-10-01T00:00:00,2025-12-31T00:00:00,294962.64,328088.61,716844.09,YEAR-END,202603179853399660
CA-18,D,2026,H4CA16049,C00289603,2025-07-01T00:00:00,2025-09-30T00:00:00,285691.04,180399.37,749970.06,OCTOBER QUARTERLY,202510159791404967
CA-18,D,2026,H4CA16049,C00289603,2025-04-01T00:00:00,2025-06-30T00:00:00,350677.86,160343.35,644678.39,JULY QUARTERLY,202507159763129573
CA-18,D,2026,H4CA16049,C00289603,2025-01-01T00:00:00,2025-03-31T00:00:00,342901.66,128310.13,454343.88,APRIL QUARTERLY,202504159755797131
PA-03,D,2026,H6PA03203,C00852475,2026-04-30T00:00:00,2026-06-30T00:00:00,327444.09,678974.25,21451.63,JULY QUARTERLY,202607159890155666
PA-03,D,2026,H6PA03203,C00852475,2026-04-01T00:00:00,2026-04-29T00:00:00,202191.0,66169.59,372981.79,PRE-PRIMARY,202605139866952034
PA-03,D,2026,H6PA03203,C00852475,2026-04-01T00:00:00,2026-04-29T00:00:00,202931.9,66910.49,372981.79,PRE-PRIMARY,202607159890154852
PA-03,D,2026,H6PA03203,C00852475,2026-04-01T00:00:00,2026-04-29T00:00:00,202101.0,66079.59,372981.79,PRE-PRIMARY,202605079866896873
PA-03,D,2026,H6PA03203,C00852475,2026-01-01T00:00:00,2026-03-31T00:00:00,393727.36,183270.76,236960.38,APRIL QUARTERLY,202604169863130858
PA-03,D,2026,H6PA03203,C00852475,2025-10-01T00:00:00,2025-12-31T00:00:00,152434.9,228780.23,26503.78,YEAR-END,202604169863130480
PA-03,D,2026,H6PA03203,C00852475,2025-10-01T00:00:00,2025-12-31T00:00:00,126690.57,208970.62,98721.11,YEAR-END,202601319825864350
PA-03,D,2026,H6PA03203,C00852475,2023-10-06T00:00:00,2025-09-30T00:00:00,257375.22,76374.06,181001.16,OCTOBER QUARTERLY,202510159791603588
PA-03,D,2026,H6PA03203,C00852475,2023-10-06T00:00:00,2025-09-30T00:00:00,252715.22,149866.11,102849.11,OCTOBER QUARTERLY,202604169863130262
NJ-07,R,2026,H0NJ07261,C00703058,2026-05-14T00:00:00,2026-06-30T00:00:00,350556.72,107041.97,3634205.35,JULY QUARTERLY,202607159890690428
NJ-07,R,2026,H0NJ07261,C00703058,2026-04-01T00:00:00,2026-05-13T00:00:00,167584.9,133439.34,3390690.6,PRE-PRIMARY,202605219870209179
NJ-07,R,2026,H0NJ07261,C00703058,2026-01-01T00:00:00,2026-03-31T00:00:00,1117170.22,240706.01,3356545.04,APRIL QUARTERLY,202604159857738227
NJ-07,R,2026,H0NJ07261,C00703058,2025-10-01T00:00:00,2025-12-31T00:00:00,688312.95,180404.31,2480080.83,YEAR-END,202604149857157448
NJ-07,R,2026,H0NJ07261,C00703058,2025-10-01T00:00:00,2025-12-31T00:00:00,677358.57,180049.56,2469481.2,YEAR-END,202601319825749939
NJ-07,R,2026,H0NJ07261,C00703058,2025-07-01T00:00:00,2025-09-30T00:00:00,666972.71,203820.38,1972172.19,OCTOBER QUARTERLY,202603179853398351
NJ-07,R,2026,H0NJ07261,C00703058,2025-07-01T00:00:00,2025-09-30T00:00:00,666972.71,203820.38,1972172.19,OCTOBER QUARTERLY,202510159791108743
NJ-07,R,2026,H0NJ07261,C00703058,2025-07-01T00:00:00,2025-09-30T00:00:00,666972.71,203820.38,1972172.19,OCTOBER QUARTERLY,202601319808290073
NJ-07,R,2026,H0NJ07261,C00703058,2025-04-01T00:00:00,2025-06-30T00:00:00,931676.95,208555.31,1509019.86,JULY QUARTERLY,202507159762990849
NJ-07,R,2026,H0NJ07261,C00703058,2025-01-01T00:00:00,2025-03-31T00:00:00,970532.14,232920.59,785898.22,APRIL QUARTERLY,202504159755634793
MI-10,D,2026,H6MI10292,C00903815,2026-07-01T00:00:00,2026-07-15T00:00:00,43486.72,489059.95,621397.13,PRE-PRIMARY,202607239894442305
MI-10,D,2026,H6MI10292,C00903815,2026-04-01T00:00:00,2026-06-30T00:00:00,411650.0,275188.33,1066970.36,JULY QUARTERLY,202607159885316730
MI-10,D,2026,H6MI10292,C00903815,2026-01-01T00:00:00,2026-03-31T00:00:00,335719.1,121149.56,930508.69,APRIL QUARTERLY,202604159862890708
MI-10,D,2026,H6MI10292,C00903815,2025-10-01T00:00:00,2025-12-31T00:00:00,257702.79,120053.91,715939.15,YEAR-END,202601319795667412
MI-10,D,2026,H6MI10292,C00903815,2025-07-01T00:00:00,2025-09-30T00:00:00,265468.63,181574.73,578290.27,OCTOBER QUARTERLY,202510159791498835
MI-10,D,2026,H6MI10292,C00903815,2025-04-01T00:00:00,2025-06-30T00:00:00,606457.95,112061.58,494396.37,JULY QUARTERLY,202507159763543920
KS-04,R,2026,H8KS04112,C00632067,2026-07-01T00:00:00,2026-07-15T00:00:00,13686.88,22584.46,1757677.33,PRE-PRIMARY,202607239894441898
KS-04,R,2026,H8KS04112,C00632067,2026-04-01T00:00:00,2026-06-30T00:00:00,339604.62,195876.14,1766574.91,JULY QUARTERLY,202607159875396234
KS-04,R,2026,H8KS04112,C00632067,2026-01-01T00:00:00,2026-03-31T00:00:00,371670.86,378324.04,1622846.43,APRIL QUARTERLY,202604159862272838
KS-04,R,2026,H8KS04112,C00632067,2025-10-01T00:00:00,2025-12-31T00:00:00,251996.22,106174.61,1629499.61,YEAR-END,202601309794938184
KS-04,R,2026,H8KS04112,C00632067,2025-07-01T00:00:00,2025-09-30T00:00:00,240915.89,152724.16,1483678.0,OCTOBER QUARTERLY,202601289794287908
KS-04,R,2026,H8KS04112,C00632067,2025-07-01T00:00:00,2025-09-30T00:00:00,248416.89,152724.16,1491179.0,OCTOBER QUARTERLY,202510159791127718
KS-04,R,2026,H8KS04112,C00632067,2025-04-01T00:00:00,2025-06-30T00:00:00,388403.53,244945.89,1395486.27,JULY QUARTERLY,202507159763307367
KS-04,R,2026,H8KS04112,C00632067,2025-04-01T00:00:00,2025-06-30T00:00:00,388403.53,244945.89,1395486.27,JULY QUARTERLY,202601309794680287
KS-04,R,2026,H8KS04112,C00632067,2025-01-01T00:00:00,2025-03-31T00:00:00,248756.98,195004.39,1252028.63,APRIL QUARTERLY,202504159755397014
CA-03,D,2026,H0CA03078,C00461061,2026-05-14T00:00:00,2026-06-30T00:00:00,211423.94,71982.87,1830337.53,JULY QUARTERLY,202607159875391270
CA-03,D,2026,H0CA03078,C00461061,2026-04-01T00:00:00,2026-05-13T00:00:00,143001.49,338050.62,1683310.84,PRE-PRIMARY,202605219870207920
CA-03,D,2026,H0CA03078,C00461061,2026-04-01T00:00:00,2026-05-13T00:00:00,150587.11,338050.62,1690896.46,PRE-PRIMARY,202605229870271208
CA-03,D,2026,H0CA03078,C00461061,2026-01-01T00:00:00,2026-03-31T00:00:00,147021.25,239143.14,1878359.97,APRIL QUARTERLY,202604159857532095
CA-03,D,2026,H0CA03078,C00461061,2026-01-01T00:00:00,2026-03-31T00:00:00,147021.25,239143.14,1878359.97,APRIL QUARTERLY,202606179870702921
CA-03,D,2026,H0CA03078,C00461061,2025-10-01T00:00:00,2025-12-31T00:00:00,304949.69,272719.88,1970481.86,YEAR-END,202601309795047754
CA-03,D,2026,H0CA03078,C00461061,2025-07-01T00:00:00,2025-09-30T00:00:00,194359.5,118992.72,1938252.05,OCTOBER QUARTERLY,202510159790863695
CA-03,D,2026,H0CA03078,C00461061,2025-04-01T00:00:00,2025-06-30T00:00:00,161903.4,136170.48,1862885.27,JULY QUARTERLY,202507159762875000
CA-03,D,2026,H0CA03078,C00461061,2025-01-01T00:00:00,2025-03-31T00:00:00,79881.39,116100.75,1837152.35,APRIL QUARTERLY,202504159755354918
VA-05,R,2026,H0VA07133,C00856831,2026-07-01T00:00:00,2026-07-15T00:00:00,34868.88,75707.72,524403.64,PRE-PRIMARY,202607239894419223
VA-05,R,2026,H0VA07133,C00856831,2026-05-28T00:00:00,2026-06-30T00:00:00,264559.45,198342.1,565242.48,JULY QUARTERLY,202607159875376148
VA-05,R,2026,H0VA07133,C00856831,2026-04-01T00:00:00,2026-05-27T00:00:00,219438.41,162307.56,499025.13,PRE-PRIMARY,202607159875372798
VA-05,R,2026,H0VA07133,C00856831,2026-04-01T00:00:00,2026-05-27T00:00:00,214045.88,159394.56,496545.6,PRE-PRIMARY,202606039870361989
VA-05,R,2026,H0VA07133,C00856831,2026-01-01T00:00:00,2026-03-31T00:00:00,390529.7,263010.81,441894.28,APRIL QUARTERLY,202604159857262674
VA-05,R,2026,H0VA07133,C00856831,2025-10-01T00:00:00,2025-12-31T00:00:00,195660.85,108392.44,314375.39,YEAR-END,202605219870214361
VA-05,R,2026,H0VA07133,C00856831,2025-10-01T00:00:00,2025-12-31T00:00:00,195660.85,108392.44,314375.39,YEAR-END,202601319808612288
VA-05,R,2026,H0VA07133,C00856831,2025-07-01T00:00:00,2025-09-30T00:00:00,169822.41,252916.36,227107.46,OCTOBER QUARTERLY,202510159791454274
VA-05,R,2026,H0VA07133,C00856831,2025-07-01T00:00:00,2025-09-30T00:00:00,169822.41,252916.84,227106.98,OCTOBER QUARTERLY,202601319808589484
VA-05,R,2026,H0VA07133,C00856831,2025-04-01T00:00:00,2025-06-30T00:00:00,234409.52,159690.74,310676.52,JULY QUARTERLY,202507149762781106
VA-05,R,2026,H0VA07133,C00856831,2025-04-01T00:00:00,2025-06-30T00:00:00,233934.41,159690.74,310201.41,JULY QUARTERLY,202509099789856366
VA-05,R,2026,H0VA07133,C00856831,2025-01-01T00:00:00,2025-03-31T00:00:00,231684.98,22970.75,235932.74,APRIL QUARTERLY,202504159755352759
VA-05,R,2026,H0VA07133,C00856831,2025-01-01T00:00:00,2025-03-31T00:00:00,231719.98,22980.75,235957.74,APRIL QUARTERLY,202506269762544783
VA-05,R,2026,H0VA07133,C00856831,2025-01-01T00:00:00,2025-03-31T00:00:00,231719.98,22980.75,235957.74,APRIL QUARTERLY,202509099789856292
VA-05,R,2026,H0VA07133,C00856831,2025-01-01T00:00:00,2025-03-31T00:00:00,231719.98,22980.75,235957.74,APRIL QUARTERLY,202507149762781054
VA-05,R,2026,H0VA07133,C00856831,2025-01-01T00:00:00,2025-03-31T00:00:00,231719.98,22980.75,235957.74,APRIL QUARTERLY,202509079789851589
TX-31,R,2026,H2TX31044,C00371203,2026-04-01T00:00:00,2026-06-30T00:00:00,71480.16,147151.26,170827.4,JULY QUARTERLY,202607159875692163
TX-31,R,2026,H2TX31044,C00371203,2026-02-12T00:00:00,2026-03-31T00:00:00,235659.47,315107.85,246498.5,APRIL QUARTERLY,202607029874734656
TX-31,R,2026,H2TX31044,C00371203,2026-02-12T00:00:00,2026-03-31T00:00:00,235659.47,315107.85,246498.5,APRIL QUARTERLY,202604159862357809
TX-31,R,2026,H2TX31044,C00371203,2026-01-01T00:00:00,2026-02-11T00:00:00,366014.53,502090.05,325946.88,PRE-PRIMARY,202602199834770900
TX-31,R,2026,H2TX31044,C00371203,2025-10-01T00:00:00,2025-12-31T00:00:00,114252.83,70778.56,462022.4,YEAR-END,202601309794990129
TX-31,R,2026,H2TX31044,C00371203,2025-07-01T00:00:00,2025-09-30T00:00:00,77982.31,92696.3,418548.13,OCTOBER QUARTERLY,202510159791483005
TX-31,R,2026,H2TX31044,C00371203,2025-04-01T00:00:00,2025-06-30T00:00:00,412512.24,56910.9,433262.12,JULY QUARTERLY,202507159763362162
TX-31,R,2026,H2TX31044,C00371203,2025-01-01T00:00:00,2025-03-31T00:00:00,141140.88,104919.05,77660.78,APRIL QUARTERLY,202504159755641667
MI-10,R,2026,H2MI10150,C00803502,2025-10-01T00:00:00,2025-12-23T00:00:00,48.4,75784.82,0.0,TERMINATION REPORT,202512239793854787
MI-10,R,2026,H2MI10150,C00803502,2025-07-01T00:00:00,2025-09-30T00:00:00,38203.32,458894.57,75736.42,OCTOBER QUARTERLY,202510149790777563
MI-10,R,2026,H2MI10150,C00803502,2025-04-01T00:00:00,2025-06-30T00:00:00,71791.56,599940.76,496427.67,JULY QUARTERLY,202507149762815527
MI-10,R,2026,H2MI10150,C00803502,2025-01-01T00:00:00,2025-03-31T00:00:00,444356.25,154460.41,1024576.87,APRIL QUARTERLY,202504159755351461
TN-08,R,2026,H2TN07103,C00614826,2026-07-01T00:00:00,2026-07-17T00:00:00,12419.23,124115.1,2999189.8,PRE-PRIMARY,202607259894464920
TN-08,R,2026,H2TN07103,C00614826,2026-04-01T00:00:00,2026-06-30T00:00:00,390144.37,105116.93,3110885.67,JULY QUARTERLY,202607159890624102
TN-08,R,2026,H2TN07103,C00614826,2026-01-01T00:00:00,2026-03-31T00:00:00,229242.86,167228.7,2825858.23,APRIL QUARTERLY,202604159862436233
TN-08,R,2026,H2TN07103,C00614826,2025-10-01T00:00:00,2025-12-31T00:00:00,310122.41,238127.44,2763844.07,YEAR-END,202601309795286758
TN-08,R,2026,H2TN07103,C00614826,2025-07-01T00:00:00,2025-09-30T00:00:00,224830.31,141875.87,2691849.1,OCTOBER QUARTERLY,202510159791542535
TN-08,R,2026,H2TN07103,C00614826,2025-04-01T00:00:00,2025-06-30T00:00:00,379932.7,227514.47,2608894.66,JULY QUARTERLY,202507159763482078
TN-08,R,2026,H2TN07103,C00614826,2025-01-01T00:00:00,2025-03-31T00:00:00,596182.51,191518.44,2456476.43,APRIL QUARTERLY,202504159755640413
NY-04,D,2026,H2NY04244,C00840165,2026-06-04T00:00:00,2026-06-30T00:00:00,510037.5,87675.89,3843823.75,JULY QUARTERLY,202607159875265382
NY-04,D,2026,H2NY04244,C00840165,2026-04-01T00:00:00,2026-06-03T00:00:00,401501.08,220670.67,3421462.14,PRE-PRIMARY,202606119870569821
NY-04,D,2026,H2NY04244,C00840165,2026-04-01T00:00:00,2026-06-03T00:00:00,402434.73,221604.32,3421462.14,PRE-PRIMARY,202606169870677282
NY-04,D,2026,H2NY04244,C00840165,2026-01-01T00:00:00,2026-03-31T00:00:00,1325885.19,275535.19,3240631.73,APRIL QUARTERLY,202604159857674855
NY-04,D,2026,H2NY04244,C00840165,2025-10-01T00:00:00,2025-12-31T00:00:00,852420.66,211300.9,2190281.73,YEAR-END,202601309794798477
NY-04,D,2026,H2NY04244,C00840165,2025-07-01T00:00:00,2025-09-30T00:00:00,669312.73,170585.61,1549161.97,OCTOBER QUARTERLY,202510159791389119
NY-04,D,2026,H2NY04244,C00840165,2025-04-01T00:00:00,2025-06-30T00:00:00,741473.01,166069.1,1050434.85,JULY QUARTERLY,202507159763459389
NY-04,D,2026,H2NY04244,C00840165,2025-04-01T00:00:00,2025-06-30T00:00:00,741473.01,166069.1,1050434.85,JULY QUARTERLY,202508209789732133
NY-04,D,2026,H2NY04244,C00840165,2025-01-01T00:00:00,2025-03-31T00:00:00,595658.33,143830.71,475030.94,APRIL QUARTERLY,202504159756057943
FL-26,R,2026,H2FL25018,C00376087,2026-04-01T00:00:00,2026-06-30T00:00:00,384691.59,169172.55,2452430.08,JULY QUARTERLY,202607129874892448
FL-26,R,2026,H2FL25018,C00376087,2026-01-01T00:00:00,2026-03-31T00:00:00,341767.0,187686.28,2236911.04,APRIL QUARTERLY,202604159857802955
FL-26,R,2026,H2FL25018,C00376087,2025-10-01T00:00:00,2025-12-31T00:00:00,327081.1,277220.9,2082830.32,YEAR-END,202601319795549059
FL-26,R,2026,H2FL25018,C00376087,2025-07-01T00:00:00,2025-09-30T00:00:00,285896.06,132920.86,2032970.12,OCTOBER QUARTERLY,202510119790745104
FL-26,R,2026,H2FL25018,C00376087,2025-04-01T00:00:00,2025-06-30T00:00:00,215020.0,91648.97,1879994.92,JULY QUARTERLY,202507149762818741
FL-26,R,2026,H2FL25018,C00376087,2025-01-01T00:00:00,2025-03-31T00:00:00,347790.44,410486.75,1756623.89,APRIL QUARTERLY,202504159755518852
NE-02,R,2026,H6NE02125,C00575167,2026-04-01T00:00:00,2026-06-30T00:00:00,35831.62,67063.54,433222.55,JULY QUARTERLY,202607159875543336
NE-02,R,2026,H6NE02125,C00575167,2026-01-01T00:00:00,2026-03-31T00:00:00,1000.0,56186.59,464454.47,APRIL QUARTERLY,202604159857760285
NE-02,R,2026,H6NE02125,C00575167,2025-10-01T00:00:00,2025-12-31T00:00:00,0.0,57205.57,519641.06,YEAR-END,202601309794857238
NE-02,R,2026,H6NE02125,C00575167,2025-07-01T00:00:00,2025-09-30T00:00:00,70.8,604290.61,576846.63,OCTOBER QUARTERLY,202510159791028650
NE-02,R,2026,H6NE02125,C00575167,2025-04-01T00:00:00,2025-06-30T00:00:00,555903.98,256267.32,1181066.44,JULY QUARTERLY,202507159762913621
NE-02,R,2026,H6NE02125,C00575167,2025-01-01T00:00:00,2025-03-31T00:00:00,910139.4,227143.25,881429.78,APRIL QUARTERLY,202504149755303786
NV-01,R,2026,H6NV01331,C00914804,2026-05-21T00:00:00,2026-06-30T00:00:00,528753.03,296946.47,625747.86,JULY QUARTERLY,202607159875123316
NV-01,R,2026,H6NV01331,C00914804,2026-04-01T00:00:00,2026-05-20T00:00:00,283722.75,258821.08,393941.3,PRE-PRIMARY,202605289870303039
NV-01,R,2026,H6NV01331,C00914804,2026-01-01T00:00:00,2026-03-31T00:00:00,436290.12,364101.69,369039.63,APRIL QUARTERLY,202604159857250265
NV-01,R,2026,H6NV01331,C00914804,2025-10-01T00:00:00,2025-12-31T00:00:00,352365.34,185702.61,296851.2,YEAR-END,202601319795485938
NV-01,R,2026,H6NV01331,C00914804,2025-01-01T00:00:00,2025-09-30T00:00:00,145564.26,15375.79,130188.47,OCTOBER QUARTERLY,202510159791090391
OH-09,D,2026,H2OH09031,C00154625,2026-04-16T00:00:00,2026-06-30T00:00:00,918149.2,519397.01,3491668.0,JULY QUARTERLY,202607159875272711
OH-09,D,2026,H2OH09031,C00154625,2026-04-01T00:00:00,2026-04-15T00:00:00,108796.47,120590.09,3092915.81,PRE-PRIMARY,202604239866684383
OH-09,D,2026,H2OH09031,C00154625,2026-01-01T00:00:00,2026-03-31T00:00:00,1561366.51,164772.26,3104709.43,APRIL QUARTERLY,202604159857539887
OH-09,D,2026,H2OH09031,C00154625,2025-10-01T00:00:00,2025-12-31T00:00:00,589933.86,132755.98,1708115.18,YEAR-END,202601309794623817
OH-09,D,2026,H2OH09031,C00154625,2025-10-01T00:00:00,2025-12-31T00:00:00,589933.86,132755.98,1708115.18,YEAR-END,202601309794611463
OH-09,D,2026,H2OH09031,C00154625,2025-07-01T00:00:00,2025-09-30T00:00:00,446502.58,137054.66,1250937.3,OCTOBER QUARTERLY,202510179791633064
OH-09,D,2026,H2OH09031,C00154625,2025-07-01T00:00:00,2025-09-30T00:00:00,446502.58,137054.66,1250937.3,OCTOBER QUARTERLY,202510159791197253
OH-09,D,2026,H2OH09031,C00154625,2025-04-01T00:00:00,2025-06-30T00:00:00,412355.21,91118.16,941489.38,JULY QUARTERLY,202508209789582364
OH-09,D,2026,H2OH09031,C00154625,2025-04-01T00:00:00,2025-06-30T00:00:00,412355.21,91118.16,941489.38,JULY QUARTERLY,202507159762928706
OH-09,D,2026,H2OH09031,C00154625,2025-01-01T00:00:00,2025-03-31T00:00:00,266311.81,94985.97,620252.33,APRIL QUARTERLY,202504159755518969
OH-09,D,2026,H2OH09031,C00154625,2025-01-01T00:00:00,2025-03-31T00:00:00,266311.81,94985.97,620252.33,APRIL QUARTERLY,202504289756408638
TX-02,D,2026,H6TX02251,C00909051,2026-04-01T00:00:00,2026-06-30T00:00:00,168803.37,242683.26,1469200.64,JULY QUARTERLY,202607159890614574
TX-02,D,2026,H6TX02251,C00909051,2026-02-12T00:00:00,2026-03-31T00:00:00,252621.45,260986.38,1543080.53,APRIL QUARTERLY,202604159863010935
TX-02,D,2026,H6TX02251,C00909051,2026-01-01T00:00:00,2026-02-11T00:00:00,214060.24,93611.6,1551445.46,PRE-PRIMARY,202602209834822379
TX-02,D,2026,H6TX02251,C00909051,2025-10-01T00:00:00,2025-12-31T00:00:00,703090.94,508853.51,1430996.82,YEAR-END,202601319795637325
TX-02,D,2026,H6TX02251,C00909051,2025-07-01T00:00:00,2025-09-30T00:00:00,372645.76,154341.37,1236759.39,OCTOBER QUARTERLY,202510159791541620
TX-02,D,2026,H6TX02251,C00909051,2025-06-24T00:00:00,2025-06-30T00:00:00,1018455.0,0.0,1018455.0,JULY QUARTERLY,202507159762866263
MN-08,R,2026,H8MN08043,C00650697,2026-04-01T00:00:00,2026-06-30T00:00:00,470764.18,268744.42,1208605.38,JULY QUARTERLY,202607159875756859
MN-08,R,2026,H8MN08043,C00650697,2026-01-01T00:00:00,2026-03-31T00:00:00,314830.84,239720.29,1006585.62,APRIL QUARTERLY,202604159857761212
MN-08,R,2026,H8MN08043,C00650697,2025-10-01T00:00:00,2025-12-31T00:00:00,251069.26,151193.28,931475.07,YEAR-END,202601319808407812
MN-08,R,2026,H8MN08043,C00650697,2025-10-01T00:00:00,2025-12-31T00:00:00,251069.26,151193.28,931475.07,YEAR-END,202601319795581241
MN-08,R,2026,H8MN08043,C00650697,2025-10-01T00:00:00,2025-12-31T00:00:00,251069.26,151193.28,931475.07,YEAR-END,202604159862915348
MN-08,R,2026,H8MN08043,C00650697,2025-07-01T00:00:00,2025-09-30T00:00:00,288717.03,235039.09,831599.09,OCTOBER QUARTERLY,202510159791127832
MN-08,R,2026,H8MN08043,C00650697,2025-04-01T00:00:00,2025-06-30T00:00:00,310962.91,152950.38,777921.15,JULY QUARTERLY,202510159791124863
MN-08,R,2026,H8MN08043,C00650697,2025-04-01T00:00:00,2025-06-30T00:00:00,310962.91,152950.38,777921.15,JULY QUARTERLY,202507159763271206
MN-08,R,2026,H8MN08043,C00650697,2025-01-01T00:00:00,2025-03-31T00:00:00,303952.38,212537.31,619908.62,APRIL QUARTERLY,202504159756031273
MN-08,R,2026,H8MN08043,C00650697,2025-01-01T00:00:00,2025-03-31T00:00:00,303952.38,212537.31,619908.62,APRIL QUARTERLY,202510159791124186
MN-08,R,2026,H8MN08043,C00650697,2025-01-01T00:00:00,2025-03-31T00:00:00,303952.38,212537.31,619908.62,APRIL QUARTERLY,202504159755856179
MN-08,R,2026,H8MN08043,C00650697,2025-01-01T00:00:00,2025-03-31T00:00:00,303952.38,196027.59,636418.34,APRIL QUARTERLY,202510159791123720
PA-13,R,2026,H8PA13125,C00674259,2026-04-30T00:00:00,2026-06-30T00:00:00,315944.99,127015.83,3759995.18,JULY QUARTERLY,202607159875462661
PA-13,R,2026,H8PA13125,C00674259,2026-04-01T00:00:00,2026-04-29T00:00:00,58864.99,33596.08,3571066.02,PRE-PRIMARY,202605079866868304
PA-13,R,2026,H8PA13125,C00674259,2026-04-01T00:00:00,2026-04-29T00:00:00,58864.99,33596.08,3571066.02,PRE-PRIMARY,202606089870439485
PA-13,R,2026,H8PA13125,C00674259,2026-01-01T00:00:00,2026-03-31T00:00:00,458172.26,218166.64,3545797.11,APRIL QUARTERLY,202604159857709661
PA-13,R,2026,H8PA13125,C00674259,2025-10-01T00:00:00,2025-12-31T00:00:00,358932.18,140100.42,3305791.49,YEAR-END,202601309794676497
PA-13,R,2026,H8PA13125,C00674259,2025-07-01T00:00:00,2025-09-30T00:00:00,262479.29,74614.26,3086959.73,OCTOBER QUARTERLY,202510159790911889
PA-13,R,2026,H8PA13125,C00674259,2025-04-01T00:00:00,2025-06-30T00:00:00,535881.64,171550.34,2899094.7,JULY QUARTERLY,202507159763260814
PA-13,R,2026,H8PA13125,C00674259,2025-01-01T00:00:00,2025-03-31T00:00:00,427843.38,493218.07,2534763.4,APRIL QUARTERLY,202504159755559981
MA-03,D,2026,H8MA03106,C00655647,2026-04-01T00:00:00,2026-06-30T00:00:00,285012.33,191109.45,1777088.03,JULY QUARTERLY,202607159890155154
MA-03,D,2026,H8MA03106,C00655647,2026-01-01T00:00:00,2026-03-31T00:00:00,332035.92,363532.77,1683185.15,APRIL QUARTERLY,202604159862918864
MA-03,D,2026,H8MA03106,C00655647,2025-10-01T00:00:00,2025-12-31T00:00:00,205248.6,230499.92,1714682.0,YEAR-END,202601319825654007
MA-03,D,2026,H8MA03106,C00655647,2025-07-01T00:00:00,2025-09-30T00:00:00,207317.11,194795.51,1739933.32,OCTOBER QUARTERLY,202510159791538180
MA-03,D,2026,H8MA03106,C00655647,2025-04-01T00:00:00,2025-06-30T00:00:00,230608.31,121231.11,1727411.72,JULY QUARTERLY,202507159763542565
MA-03,D,2026,H8MA03106,C00655647,2025-01-01T00:00:00,2025-03-31T00:00:00,319845.85,156962.57,1618034.52,APRIL QUARTERLY,202504159756052458
NH-02,D,2026,H4NH02399,C00878454,2026-04-01T00:00:00,2026-06-30T00:00:00,737048.35,268789.48,2514390.01,JULY QUARTERLY,202607159875122757
NH-02,D,2026,H4NH02399,C00878454,2026-01-01T00:00:00,2026-03-31T00:00:00,660034.06,221578.19,2046131.14,APRIL QUARTERLY,202604159857791617
NH-02,D,2026,H4NH02399,C00878454,2025-10-01T00:00:00,2025-12-31T00:00:00,615862.21,222949.59,1607675.27,YEAR-END,202601309795016971
NH-02,D,2026,H4NH02399,C00878454,2025-07-01T00:00:00,2025-09-30T00:00:00,648052.87,196286.77,1214762.65,OCTOBER QUARTERLY,202510159790895675
NH-02,D,2026,H4NH02399,C00878454,2025-04-01T00:00:00,2025-06-30T00:00:00,515770.29,198804.88,762996.55,JULY QUARTERLY,202507159763358218
NH-02,D,2026,H4NH02399,C00878454,2025-01-01T00:00:00,2025-03-31T00:00:00,532622.16,144588.87,446031.14,APRIL QUARTERLY,202504159755423359
NV-02,D,2026,H4NV02185,C00873620,2026-05-21T00:00:00,2026-06-30T00:00:00,350000.0,408308.47,5412.39,JULY QUARTERLY,202607049874764818
NV-02,D,2026,H4NV02185,C00873620,2026-04-01T00:00:00,2026-05-20T00:00:00,275027.3,233944.21,63720.86,PRE-PRIMARY,202605289870302280
NV-02,D,2026,H4NV02185,C00873620,2026-01-01T00:00:00,2026-03-31T00:00:00,185000.0,364116.61,22637.77,APRIL QUARTERLY,202604139857132645
NV-02,D,2026,H4NV02185,C00873620,2025-10-01T00:00:00,2025-12-31T00:00:00,350000.0,157777.55,201754.38,YEAR-END,202601129793942698
NV-02,D,2026,H4NV02185,C00873620,2025-07-01T00:00:00,2025-09-30T00:00:00,25000.0,22665.98,9531.93,OCTOBER QUARTERLY,202510119790744129
NV-02,D,2026,H4NV02185,C00873620,2025-04-01T00:00:00,2025-06-30T00:00:00,1408.26,10699.36,7197.91,JULY QUARTERLY,202507149762815311
NV-02,D,2026,H4NV02185,C00873620,2025-04-01T00:00:00,2025-06-30T00:00:00,1408.26,10699.36,7197.91,JULY QUARTERLY,202507179763587312
NV-02,D,2026,H4NV02185,C00873620,2025-01-01T00:00:00,2025-03-31T00:00:00,1538.25,46850.88,16489.01,APRIL QUARTERLY,202504159755515781
NC-03,R,2026,H0NC03172,C00697649,2026-04-01T00:00:00,2026-06-30T00:00:00,389804.78,339783.87,2697820.12,JULY QUARTERLY,202607159875452141
NC-03,R,2026,H0NC03172,C00697649,2026-02-12T00:00:00,2026-03-31T00:00:00,335467.25,165838.0,2647799.21,APRIL QUARTERLY,202604159857756095
NC-03,R,2026,H0NC03172,C00697649,2026-02-12T00:00:00,2026-03-31T00:00:00,335467.25,165838.0,2647799.21,APRIL QUARTERLY,202605219870204846
NC-03,R,2026,H0NC03172,C00697649,2026-01-01T00:00:00,2026-02-11T00:00:00,132495.74,85868.97,2478169.96,PRE-PRIMARY,202602199834783042
NC-03,R,2026,H0NC03172,C00697649,2025-10-01T00:00:00,2025-12-31T00:00:00,449800.1,139291.5,2431543.19,YEAR-END,202601309795153605
NC-03,R,2026,H0NC03172,C00697649,2025-07-01T00:00:00,2025-09-30T00:00:00,260351.05,239621.14,2121034.59,OCTOBER QUARTERLY,202601149793980005
NC-03,R,2026,H0NC03172,C00697649,2025-07-01T00:00:00,2025-09-30T00:00:00,260351.05,239621.14,2121034.59,OCTOBER QUARTERLY,202604149857219127
NC-03,R,2026,H0NC03172,C00697649,2025-07-01T00:00:00,2025-09-30T00:00:00,213076.4,239621.14,2073759.94,OCTOBER QUARTERLY,202603309856916771
NC-03,R,2026,H0NC03172,C00697649,2025-07-01T00:00:00,2025-09-30T00:00:00,260351.05,239621.14,2121034.59,OCTOBER QUARTERLY,202510159791023800
NC-03,R,2026,H0NC03172,C00697649,2025-04-01T00:00:00,2025-06-30T00:00:00,561873.72,143367.36,2100304.68,JULY QUARTERLY,202507159763199544
NC-03,R,2026,H0NC03172,C00697649,2025-01-01T00:00:00,2025-03-31T00:00:00,228163.78,129827.75,1681798.32,APRIL QUARTERLY,202504159755381956
SC-07,R,2026,H2SC07280,C00786657,2026-05-21T00:00:00,2026-06-30T00:00:00,136760.27,55261.75,1038816.61,JULY QUARTERLY,202607159875558175
SC-07,R,2026,H2SC07280,C00786657,2026-04-01T00:00:00,2026-05-20T00:00:00,145381.52,175976.28,957318.09,PRE-PRIMARY,202605289870317200
SC-07,R,2026,H2SC07280,C00786657,2026-01-01T00:00:00,2026-03-31T00:00:00,542967.17,309319.02,987912.85,APRIL QUARTERLY,202604159857760916
SC-07,R,2026,H2SC07280,C00786657,2025-10-01T00:00:00,2025-12-31T00:00:00,101853.57,109522.69,754264.7,YEAR-END,202601309794871225
SC-07,R,2026,H2SC07280,C00786657,2025-07-01T00:00:00,2025-09-30T00:00:00,339827.16,261876.46,761933.82,OCTOBER QUARTERLY,202510159790975711
SC-07,R,2026,H2SC07280,C00786657,2025-04-01T00:00:00,2025-06-30T00:00:00,208693.33,150637.94,683983.12,JULY QUARTERLY,202507159763101724
SC-07,R,2026,H2SC07280,C00786657,2025-01-01T00:00:00,2025-03-31T00:00:00,245319.72,180574.68,625927.73,APRIL QUARTERLY,202504159755436374
CA-25,D,2026,H2CA36439,C00502575,2026-05-14T00:00:00,2026-06-30T00:00:00,225167.82,102885.38,2556494.44,JULY QUARTERLY,202607159885301018
CA-25,D,2026,H2CA36439,C00502575,2026-04-01T00:00:00,2026-05-13T00:00:00,124333.19,91448.8,2434212.0,PRE-PRIMARY,202605219870213276
CA-25,D,2026,H2CA36439,C00502575,2026-01-01T00:00:00,2026-03-31T00:00:00,342964.55,328452.35,2401327.61,APRIL QUARTERLY,202604159862893926
CA-25,D,2026,H2CA36439,C00502575,2025-10-01T00:00:00,2025-12-31T00:00:00,267635.42,171413.18,2386815.41,YEAR-END,202601319795528771
CA-25,D,2026,H2CA36439,C00502575,2025-07-01T00:00:00,2025-09-30T00:00:00,404653.01,161382.6,2290593.17,OCTOBER QUARTERLY,202510159791488130
CA-25,D,2026,H2CA36439,C00502575,2025-04-01T00:00:00,2025-06-30T00:00:00,368736.89,195977.85,2047322.76,JULY QUARTERLY,202507159763274507
CA-25,D,2026,H2CA36439,C00502575,2025-01-01T00:00:00,2025-03-31T00:00:00,360416.14,188591.82,1874563.72,APRIL QUARTERLY,202507019762557282
CA-25,D,2026,H2CA36439,C00502575,2025-01-01T00:00:00,2025-03-31T00:00:00,360416.14,188591.82,1874563.72,APRIL QUARTERLY,202504159755656127
AL-04,R,2026,H6AL04098,C00313247,2026-04-30T00:00:00,2026-06-30T00:00:00,190395.6,217210.44,749659.68,JULY QUARTERLY,202607159875391782
AL-04,R,2026,H6AL04098,C00313247,2026-04-01T00:00:00,2026-04-29T00:00:00,28634.56,90822.59,776474.52,PRE-PRIMARY,202605079866888442
AL-04,R,2026,H6AL04098,C00313247,2026-01-01T00:00:00,2026-03-31T00:00:00,176230.59,399287.9,838662.55,APRIL QUARTERLY,202604159862292739
AL-04,R,2026,H6AL04098,C00313247,2025-10-01T00:00:00,2025-12-31T00:00:00,113971.69,100027.11,1061719.86,YEAR-END,202601319795739180
AL-04,R,2026,H6AL04098,C00313247,2025-07-01T00:00:00,2025-09-30T00:00:00,272553.22,203018.34,1047775.28,OCTOBER QUARTERLY,202510159791305603
AL-04,R,2026,H6AL04098,C00313247,2025-04-01T00:00:00,2025-06-30T00:00:00,153009.5,114245.99,978240.4,JULY QUARTERLY,202507159763290013
AL-04,R,2026,H6AL04098,C00313247,2025-01-01T00:00:00,2025-03-31T00:00:00,87868.9,115288.35,939476.89,APRIL QUARTERLY,202504159755952345
UT-03,R,2026,H4UT02296,C00842765,2026-06-04T00:00:00,2026-06-30T00:00:00,276499.4,208792.67,322379.42,JULY QUARTERLY,202607159875069936
UT-03,R,2026,H4UT02296,C00842765,2026-04-06T00:00:00,2026-06-03T00:00:00,308124.52,513939.45,256061.96,PRE-PRIMARY,202606119870626687
UT-03,R,2026,H4UT02296,C00842765,2026-04-06T00:00:00,2026-06-03T00:00:00,308124.52,513939.45,256061.96,PRE-PRIMARY,202606119870615218
UT-03,R,2026,H4UT02296,C00842765,2026-04-06T00:00:00,2026-06-03T00:00:00,308124.52,515328.72,254672.69,PRE-PRIMARY,202607089874804781
UT-03,R,2026,H4UT02296,C00842765,2026-01-01T00:00:00,2026-04-05T00:00:00,303466.79,200687.77,461876.89,PRE-CONVENTION,202604149857148676
UT-03,R,2026,H4UT02296,C00842765,2025-10-01T00:00:00,2025-12-31T00:00:00,213019.9,55578.63,359097.87,YEAR-END,202601309794563020
UT-03,R,2026,H4UT02296,C00842765,2025-07-01T00:00:00,2025-09-30T00:00:00,94650.28,115507.81,201656.6,OCTOBER QUARTERLY,202510149790790653
UT-03,R,2026,H4UT02296,C00842765,2025-04-01T00:00:00,2025-06-30T00:00:00,122515.21,89722.66,222514.13,JULY QUARTERLY,202607099874841065
UT-03,R,2026,H4UT02296,C00842765,2025-04-01T00:00:00,2025-06-30T00:00:00,122515.21,89722.66,222514.13,JULY QUARTERLY,202507139762772754
UT-03,R,2026,H4UT02296,C00842765,2025-01-01T00:00:00,2025-03-31T00:00:00,135584.58,52884.43,189721.58,APRIL QUARTERLY,202504149755328545
IL-11,D,2026,H8IL14067,C00435099,2026-04-01T00:00:00,2026-06-30T00:00:00,411224.47,182563.68,2505288.27,JULY QUARTERLY,202607159875729919
IL-11,D,2026,H8IL14067,C00435099,2026-02-26T00:00:00,2026-03-31T00:00:00,251555.11,164895.39,2276627.48,APRIL QUARTERLY,202604159862535442
IL-11,D,2026,H8IL14067,C00435099,2026-01-01T00:00:00,2026-02-25T00:00:00,156452.53,161268.97,2189967.76,PRE-PRIMARY,202603059837892773
IL-11,D,2026,H8IL14067,C00435099,2025-10-01T00:00:00,2025-12-31T00:00:00,342963.92,198059.63,2194784.2,YEAR-END,202601309795136805
IL-11,D,2026,H8IL14067,C00435099,2025-07-01T00:00:00,2025-09-30T00:00:00,332165.96,148041.97,2049879.91,OCTOBER QUARTERLY,202510159790994882
IL-11,D,2026,H8IL14067,C00435099,2025-04-01T00:00:00,2025-06-30T00:00:00,345573.22,172096.55,1865755.92,JULY QUARTERLY,202507159763249965
IL-11,D,2026,H8IL14067,C00435099,2025-01-01T00:00:00,2025-03-31T00:00:00,341002.2,199287.61,1692279.25,APRIL QUARTERLY,202504159755425140
MD-01,R,2026,H8MD01094,C00435974,2026-06-04T00:00:00,2026-06-30T00:00:00,220591.55,96447.33,1853603.02,JULY QUARTERLY,202607159875359559
MD-01,R,2026,H8MD01094,C00435974,2026-04-01T00:00:00,2026-06-03T00:00:00,273554.26,194852.84,1729458.8,PRE-PRIMARY,202606119870609349
MD-01,R,2026,H8MD01094,C00435974,2026-01-01T00:00:00,2026-03-31T00:00:00,609907.03,307515.98,1650757.38,APRIL QUARTERLY,202604159857305635
MD-01,R,2026,H8MD01094,C00435974,2025-10-01T00:00:00,2025-12-31T00:00:00,372778.72,156344.08,1348366.33,YEAR-END,202601309794685191
MD-01,R,2026,H8MD01094,C00435974,2025-07-01T00:00:00,2025-09-30T00:00:00,233533.41,140496.47,1131931.69,OCTOBER QUARTERLY,202510159791101326
MD-01,R,2026,H8MD01094,C00435974,2025-04-01T00:00:00,2025-06-30T00:00:00,323625.2,169014.23,1038894.75,JULY QUARTERLY,202507159762967226
MD-01,R,2026,H8MD01094,C00435974,2025-01-01T00:00:00,2025-03-31T00:00:00,285677.89,156329.65,884283.78,APRIL QUARTERLY,202504159755376895
PA-01,D,2026,H6PA01181,C00901348,2026-04-30T00:00:00,2026-06-30T00:00:00,552297.71,361805.92,794921.25,JULY QUARTERLY,202607159875946571
PA-01,D,2026,H6PA01181,C00901348,2026-04-01T00:00:00,2026-04-29T00:00:00,107584.19,98667.19,604429.46,PRE-PRIMARY,202607159875937570
PA-01,D,2026,H6PA01181,C00901348,2026-04-01T00:00:00,2026-04-29T00:00:00,107584.19,98667.19,604429.46,PRE-PRIMARY,202605079866892753
PA-01,D,2026,H6PA01181,C00901348,2026-01-01T00:00:00,2026-03-31T00:00:00,419558.01,232176.39,595512.46,APRIL QUARTERLY,202605079866890803
PA-01,D,2026,H6PA01181,C00901348,2026-01-01T00:00:00,2026-03-31T00:00:00,427808.01,232176.39,603762.46,APRIL QUARTERLY,202604159862297641
PA-01,D,2026,H6PA01181,C00901348,2025-10-01T00:00:00,2025-12-31T00:00:00,370220.39,193957.05,408130.84,YEAR-END,202601309794874485
PA-01,D,2026,H6PA01181,C00901348,2025-07-01T00:00:00,2025-09-30T00:00:00,217745.31,181196.76,231867.5,OCTOBER QUARTERLY,202510159791472152
PA-01,D,2026,H6PA01181,C00901348,2025-04-03T00:00:00,2025-06-30T00:00:00,340093.64,144774.69,195318.95,JULY QUARTERLY,202507159763382599
NC-05,R,2026,H4NC05146,C00386748,2026-04-01T00:00:00,2026-06-30T00:00:00,253581.53,131282.89,3369068.64,JULY QUARTERLY,202607149875033306
NC-05,R,2026,H4NC05146,C00386748,2026-02-12T00:00:00,2026-03-31T00:00:00,182803.0,189076.0,3246770.0,APRIL QUARTERLY,202604149857185528
NC-05,R,2026,H4NC05146,C00386748,2026-01-01T00:00:00,2026-02-11T00:00:00,90183.8,156529.27,3253043.0,PRE-PRIMARY,202602179834337537
NC-05,R,2026,H4NC05146,C00386748,2025-10-01T00:00:00,2025-12-31T00:00:00,219196.78,229398.37,3319388.47,YEAR-END,202601279794209738
NC-05,R,2026,H4NC05146,C00386748,2025-07-01T00:00:00,2025-09-30T00:00:00,251727.63,103106.12,3329590.06,OCTOBER QUARTERLY,202510099790720140
NC-05,R,2026,H4NC05146,C00386748,2025-04-01T00:00:00,2025-06-30T00:00:00,304812.01,254455.14,3180968.55,JULY QUARTERLY,202507149762811669
NC-05,R,2026,H4NC05146,C00386748,2025-01-01T00:00:00,2025-03-31T00:00:00,359289.47,140955.81,3129602.24,APRIL QUARTERLY,202506189762207661
NC-05,R,2026,H4NC05146,C00386748,2025-01-01T00:00:00,2025-03-31T00:00:00,359289.47,140955.81,3129602.24,APRIL QUARTERLY,202504109755203993
NC-05,R,2026,H4NC05146,C00386748,2025-01-01T00:00:00,2025-03-31T00:00:00,360298.91,140955.81,3130611.68,APRIL QUARTERLY,202507019762560486
MN-04,D,2026,H0MN04049,C00354688,2026-04-01T00:00:00,2026-06-30T00:00:00,173017.09,273836.92,568721.07,JULY QUARTERLY,202607159875559909
MN-04,D,2026,H0MN04049,C00354688,2026-01-01T00:00:00,2026-03-31T00:00:00,248146.54,207419.79,669540.9,APRIL QUARTERLY,202604159862265545
MN-04,D,2026,H0MN04049,C00354688,2025-10-01T00:00:00,2025-12-31T00:00:00,161702.84,205841.26,628814.15,YEAR-END,202601319795663810
MN-04,D,2026,H0MN04049,C00354688,2025-07-01T00:00:00,2025-09-30T00:00:00,156532.53,157040.29,672952.57,OCTOBER QUARTERLY,202510159791269689
MN-04,D,2026,H0MN04049,C00354688,2025-04-01T00:00:00,2025-06-30T00:00:00,258465.33,189743.79,673460.33,JULY QUARTERLY,202507159763251713
MN-04,D,2026,H0MN04049,C00354688,2025-01-01T00:00:00,2025-03-31T00:00:00,219867.36,170047.34,604738.79,APRIL QUARTERLY,202504159755796547
OH-01,D,2026,H2OH01194,C00800276,2026-04-16T00:00:00,2026-06-30T00:00:00,988183.84,317375.5,3610213.67,JULY QUARTERLY,202607159880544908
OH-01,D,2026,H2OH01194,C00800276,2026-04-01T00:00:00,2026-04-15T00:00:00,99516.31,58399.24,2939405.33,PRE-PRIMARY,202604239866689393
OH-01,D,2026,H2OH01194,C00800276,2026-01-01T00:00:00,2026-03-31T00:00:00,1716658.03,316313.62,2898288.26,APRIL QUARTERLY,202604159857756232
OH-01,D,2026,H2OH01194,C00800276,2025-10-01T00:00:00,2025-12-31T00:00:00,541588.77,142719.12,1497943.85,YEAR-END,202601309795195425
OH-01,D,2026,H2OH01194,C00800276,2025-07-01T00:00:00,2025-09-30T00:00:00,170920.46,110921.91,1099074.2,OCTOBER QUARTERLY,202510159791472620
OH-01,D,2026,H2OH01194,C00800276,2025-04-01T00:00:00,2025-06-30T00:00:00,641618.59,120985.37,1039075.65,JULY QUARTERLY,202507159762990144
OH-01,D,2026,H2OH01194,C00800276,2025-01-01T00:00:00,2025-03-31T00:00:00,474764.38,136436.86,518442.43,APRIL QUARTERLY,202504159755414220
PA-08,D,2026,H6PA08293,C00918151,2026-04-30T00:00:00,2026-06-30T00:00:00,1507168.21,350635.8,3406709.73,JULY QUARTERLY,202607159875692718
PA-08,D,2026,H6PA08293,C00918151,2026-04-01T00:00:00,2026-04-29T00:00:00,494705.11,169386.86,2250177.32,PRE-PRIMARY,202605079866846126
PA-08,D,2026,H6PA08293,C00918151,2026-01-01T00:00:00,2026-03-31T00:00:00,1460608.06,342427.48,1924859.07,APRIL QUARTERLY,202604159857598338
PA-08,D,2026,H6PA08293,C00918151,2025-10-01T00:00:00,2025-12-31T00:00:00,646848.25,283136.73,806678.49,YEAR-END,202601309794885204
PA-08,D,2026,H6PA08293,C00918151,2025-09-02T00:00:00,2025-09-30T00:00:00,500259.0,57292.03,442966.97,OCTOBER QUARTERLY,202512239793855182
PA-08,D,2026,H6PA08293,C00918151,2025-09-02T00:00:00,2025-09-30T00:00:00,500259.0,57292.03,442966.97,OCTOBER QUARTERLY,202510159791317030
MO-06,R,2026,H0MO06073,C00359034,2026-04-01T00:00:00,2026-06-30T00:00:00,43033.72,314385.14,3024362.86,JULY QUARTERLY,202607159875261726
MO-06,R,2026,H0MO06073,C00359034,2026-01-01T00:00:00,2026-03-31T00:00:00,307347.64,182047.28,3295714.28,APRIL QUARTERLY,202604159863040798
MO-06,R,2026,H0MO06073,C00359034,2025-10-01T00:00:00,2025-12-31T00:00:00,373528.78,159048.68,3152813.92,YEAR-END,202601319795582112
MO-06,R,2026,H0MO06073,C00359034,2025-10-01T00:00:00,2025-12-31T00:00:00,381128.78,149048.68,3170413.92,YEAR-END,202604079857019554
MO-06,R,2026,H0MO06073,C00359034,2025-07-01T00:00:00,2025-09-30T00:00:00,303004.76,203035.85,2938333.82,OCTOBER QUARTERLY,202512119793492626
MO-06,R,2026,H0MO06073,C00359034,2025-07-01T00:00:00,2025-09-30T00:00:00,303004.76,203035.85,2938333.82,OCTOBER QUARTERLY,202510159791278973
MO-06,R,2026,H0MO06073,C00359034,2025-07-01T00:00:00,2025-09-30T00:00:00,303004.76,203035.85,2938333.82,OCTOBER QUARTERLY,202603239856776237
MO-06,R,2026,H0MO06073,C00359034,2025-04-01T00:00:00,2025-06-30T00:00:00,484403.62,168551.2,2838364.91,JULY QUARTERLY,202510159791275213
MO-06,R,2026,H0MO06073,C00359034,2025-04-01T00:00:00,2025-06-30T00:00:00,497863.5,168551.2,2830611.7,JULY QUARTERLY,202507159763526763
MO-06,R,2026,H0MO06073,C00359034,2025-01-01T00:00:00,2025-03-31T00:00:00,278712.5,180194.77,2501299.4,APRIL QUARTERLY,202504159756002412
MO-06,R,2026,H0MO06073,C00359034,2025-01-01T00:00:00,2025-03-31T00:00:00,287442.13,178917.71,2522512.49,APRIL QUARTERLY,202510159791273914
MO-06,R,2026,H0MO06073,C00359034,2025-01-01T00:00:00,2025-03-31T00:00:00,278712.5,180194.77,2501299.4,APRIL QUARTERLY,202506169762181922
MO-06,R,2026,H0MO06073,C00359034,2025-01-01T00:00:00,2025-03-31T00:00:00,287442.13,178917.71,2511306.09,APRIL QUARTERLY,202509169790084457
AR-03,R,2026,H0AR03055,C00477745,2026-04-01T00:00:00,2026-06-30T00:00:00,324096.04,212824.65,2404276.17,JULY QUARTERLY,202607139874941874
AR-03,R,2026,H0AR03055,C00477745,2026-02-12T00:00:00,2026-03-31T00:00:00,336147.21,144974.34,2293004.78,APRIL QUARTERLY,202607249894461094
AR-03,R,2026,H0AR03055,C00477745,2026-02-12T00:00:00,2026-03-31T00:00:00,336147.21,144974.34,2293004.78,APRIL QUARTERLY,202604119857095505
AR-03,R,2026,H0AR03055,C00477745,2026-01-01T00:00:00,2026-02-11T00:00:00,50831.51,157259.91,2101831.91,PRE-PRIMARY,202602189834344462
AR-03,R,2026,H0AR03055,C00477745,2025-10-01T00:00:00,2025-12-31T00:00:00,219376.35,267783.51,2208260.31,YEAR-END,202601149793998605
AR-03,R,2026,H0AR03055,C00477745,2025-07-01T00:00:00,2025-09-30T00:00:00,340837.79,202847.01,2256667.47,OCTOBER QUARTERLY,202510119790744305
AR-03,R,2026,H0AR03055,C00477745,2025-04-01T00:00:00,2025-06-30T00:00:00,255318.94,135986.82,2118676.69,JULY QUARTERLY,202507119762759373
AR-03,R,2026,H0AR03055,C00477745,2025-01-01T00:00:00,2025-03-31T00:00:00,345152.9,61701.99,1999344.57,APRIL QUARTERLY,202504059755051149
CA-44,D,2026,H6CA44103,C00577353,2026-05-14T00:00:00,2026-06-30T00:00:00,116156.32,114434.82,1088422.95,JULY QUARTERLY,202607149875012251
CA-44,D,2026,H6CA44103,C00577353,2026-04-01T00:00:00,2026-05-13T00:00:00,31891.16,115006.42,1086701.45,PRE-PRIMARY,202605189866979304
CA-44,D,2026,H6CA44103,C00577353,2026-01-01T00:00:00,2026-03-31T00:00:00,131569.92,210712.08,1169816.71,APRIL QUARTERLY,202604159857248727
CA-44,D,2026,H6CA44103,C00577353,2025-10-01T00:00:00,2025-12-31T00:00:00,155450.34,214036.34,1248958.87,YEAR-END,202601319795514934
CA-44,D,2026,H6CA44103,C00577353,2025-07-01T00:00:00,2025-09-30T00:00:00,139863.86,260314.26,1307544.87,OCTOBER QUARTERLY,202510159791108662
CA-44,D,2026,H6CA44103,C00577353,2025-04-01T00:00:00,2025-06-30T00:00:00,92837.29,89211.71,1427995.27,JULY QUARTERLY,202507159762856452
CA-44,D,2026,H6CA44103,C00577353,2025-01-01T00:00:00,2025-03-31T00:00:00,117996.31,175180.53,1424369.69,APRIL QUARTERLY,202504149755301310
GA-06,D,2026,H8GA06393,C00672295,2026-04-30T00:00:00,2026-06-30T00:00:00,140326.45,84979.15,676348.88,JULY QUARTERLY,202607159875929827
GA-06,D,2026,H8GA06393,C00672295,2026-04-01T00:00:00,2026-04-29T00:00:00,46992.75,27110.41,621001.58,PRE-PRIMARY,202605079866890136
GA-06,D,2026,H8GA06393,C00672295,2026-01-01T00:00:00,2026-03-31T00:00:00,193047.25,152754.81,601119.24,APRIL QUARTERLY,202604159862348106
GA-06,D,2026,H8GA06393,C00672295,2025-10-01T00:00:00,2025-12-31T00:00:00,97194.97,202339.0,560826.8,YEAR-END,202601309794637685
GA-06,D,2026,H8GA06393,C00672295,2025-07-01T00:00:00,2025-09-30T00:00:00,148031.79,186523.25,665970.83,OCTOBER QUARTERLY,202510159790904373
GA-06,D,2026,H8GA06393,C00672295,2025-04-01T00:00:00,2025-06-30T00:00:00,224448.73,221261.26,704462.29,JULY QUARTERLY,202507159762914331
GA-06,D,2026,H8GA06393,C00672295,2025-01-01T00:00:00,2025-03-31T00:00:00,46813.89,298813.52,701274.82,APRIL QUARTERLY,202504159755655663
GA-03,R,2026,H4GA03126,C00872473,2026-04-30T00:00:00,2026-06-30T00:00:00,328161.05,151546.0,1076948.14,JULY QUARTERLY,202607159875048449
GA-03,R,2026,H4GA03126,C00872473,2026-04-01T00:00:00,2026-04-29T00:00:00,129891.7,39717.79,900333.09,PRE-PRIMARY,202605079866862828
GA-03,R,2026,H4GA03126,C00872473,2026-01-01T00:00:00,2026-03-31T00:00:00,207386.76,213596.76,810159.18,APRIL QUARTERLY,202604159857260182
GA-03,R,2026,H4GA03126,C00872473,2025-10-01T00:00:00,2025-12-31T00:00:00,414547.67,372091.25,816369.18,YEAR-END,202601319808825035
GA-03,R,2026,H4GA03126,C00872473,2025-07-01T00:00:00,2025-09-30T00:00:00,457604.4,126083.59,773912.76,OCTOBER QUARTERLY,202510159790810541
GA-03,R,2026,H4GA03126,C00872473,2025-04-01T00:00:00,2025-06-30T00:00:00,291186.41,115227.41,442391.95,JULY QUARTERLY,202510029790664640
GA-03,R,2026,H4GA03126,C00872473,2025-04-01T00:00:00,2025-06-30T00:00:00,300818.98,115227.41,452024.52,JULY QUARTERLY,202507149762780500
GA-03,R,2026,H4GA03126,C00872473,2025-01-01T00:00:00,2025-03-31T00:00:00,180985.15,154728.53,266432.95,APRIL QUARTERLY,202504159755351903
IL-15,R,2026,H0IL15129,C00723916,2026-04-01T00:00:00,2026-06-30T00:00:00,227080.53,249889.4,810426.73,JULY QUARTERLY,202607159875049851
IL-15,R,2026,H0IL15129,C00723916,2026-02-26T00:00:00,2026-03-31T00:00:00,128017.76,77185.76,833235.6,APRIL QUARTERLY,202604159857262477
IL-15,R,2026,H0IL15129,C00723916,2026-01-01T00:00:00,2026-02-25T00:00:00,190159.68,129692.94,782403.6,PRE-PRIMARY,202603029837885682
IL-15,R,2026,H0IL15129,C00723916,2025-10-01T00:00:00,2025-12-31T00:00:00,259651.45,279908.14,721936.86,YEAR-END,202601309795136316
IL-15,R,2026,H0IL15129,C00723916,2025-07-01T00:00:00,2025-09-30T00:00:00,164636.34,125340.89,742193.55,OCTOBER QUARTERLY,202510159790807778
IL-15,R,2026,H0IL15129,C00723916,2025-04-01T00:00:00,2025-06-30T00:00:00,175096.24,140877.89,704291.5,JULY QUARTERLY,202507149762818212
IL-15,R,2026,H0IL15129,C00723916,2025-04-01T00:00:00,2025-06-30T00:00:00,173722.84,140897.89,702898.1,JULY QUARTERLY,202510119790745639
IL-15,R,2026,H0IL15129,C00723916,2025-01-01T00:00:00,2025-03-31T00:00:00,188130.67,164313.86,670073.15,APRIL QUARTERLY,202504159755953989
TX-29,D,2026,H8TX29052,C00660555,2026-04-01T00:00:00,2026-06-30T00:00:00,84236.28,58925.8,200972.67,JULY QUARTERLY,202607159875316462
TX-29,D,2026,H8TX29052,C00660555,2026-02-12T00:00:00,2026-03-31T00:00:00,232491.19,283784.1,175662.19,APRIL QUARTERLY,202604159857808649
TX-29,D,2026,H8TX29052,C00660555,2026-01-01T00:00:00,2026-02-11T00:00:00,124388.0,286663.62,226955.1,PRE-PRIMARY,202602199834769351
TX-29,D,2026,H8TX29052,C00660555,2025-10-01T00:00:00,2025-12-31T00:00:00,140390.92,153207.83,389230.72,YEAR-END,202601309794807403
TX-29,D,2026,H8TX29052,C00660555,2025-07-01T00:00:00,2025-09-30T00:00:00,276247.43,69252.37,402047.63,OCTOBER QUARTERLY,202510159791272315
TX-29,D,2026,H8TX29052,C00660555,2025-07-01T00:00:00,2025-09-30T00:00:00,276247.43,69252.37,402047.63,OCTOBER QUARTERLY,202510159791371063
TX-29,D,2026,H8TX29052,C00660555,2025-04-01T00:00:00,2025-06-30T00:00:00,67032.37,94792.86,195052.57,JULY QUARTERLY,202507159762936383
TX-29,D,2026,H8TX29052,C00660555,2025-04-01T00:00:00,2025-06-30T00:00:00,67032.37,94792.86,195052.57,JULY QUARTERLY,202509129790049033
TX-29,D,2026,H8TX29052,C00660555,2025-01-01T00:00:00,2025-03-31T00:00:00,62616.2,211556.95,222813.06,APRIL QUARTERLY,202504159755803439
CA-01,R,2026,H6CA01285,C00942458,2026-05-14T00:00:00,2026-06-30T00:00:00,379514.0,107523.42,300831.92,JULY QUARTERLY,202607159880599211
CA-01,R,2026,H6CA01285,C00942458,2026-04-01T00:00:00,2026-05-13T00:00:00,81550.0,65475.86,28841.34,PRE-PRIMARY,202607159880595268
CA-01,R,2026,H6CA01285,C00942458,2026-04-01T00:00:00,2026-05-13T00:00:00,81550.0,65475.86,28841.34,PRE-PRIMARY,202605219870254552
CA-01,R,2026,H6CA01285,C00942458,2026-01-01T00:00:00,2026-03-31T00:00:00,9180.0,1740.0,7440.0,APRIL QUARTERLY,202604159862418577
CA-01,R,2026,H6CA01285,C00942458,2026-01-01T00:00:00,2026-03-31T00:00:00,14680.0,1912.8,12767.2,APRIL QUARTERLY,202605219870254488
PA-04,D,2026,H8PA04116,C00670844,2026-04-30T00:00:00,2026-06-30T00:00:00,259329.79,232701.33,1184806.8,JULY QUARTERLY,202607159875356669
PA-04,D,2026,H8PA04116,C00670844,2026-04-01T00:00:00,2026-04-29T00:00:00,78739.02,54906.84,1158178.34,PRE-PRIMARY,202605079866886132
PA-04,D,2026,H8PA04116,C00670844,2026-01-01T00:00:00,2026-03-31T00:00:00,222646.2,180619.97,1134346.16,APRIL QUARTERLY,202604159857280120
PA-04,D,2026,H8PA04116,C00670844,2025-10-01T00:00:00,2025-12-31T00:00:00,248691.26,170758.01,1092319.93,YEAR-END,202601309794796139
PA-04,D,2026,H8PA04116,C00670844,2025-07-01T00:00:00,2025-09-30T00:00:00,191383.66,148104.07,1014386.68,OCTOBER QUARTERLY,202510149790796427
PA-04,D,2026,H8PA04116,C00670844,2025-04-01T00:00:00,2025-06-30T00:00:00,138345.44,148244.54,971107.09,JULY QUARTERLY,202507159763464276
PA-04,D,2026,H8PA04116,C00670844,2025-01-01T00:00:00,2025-03-31T00:00:00,221400.53,220135.49,970006.19,APRIL QUARTERLY,202504159755654261
PA-04,D,2026,H8PA04116,C00670844,2025-01-01T00:00:00,2025-03-31T00:00:00,232400.53,220135.49,981006.19,APRIL QUARTERLY,202507159763463731
NJ-02,R,2026,H8NJ02166,C00661868,2026-05-14T00:00:00,2026-06-30T00:00:00,228165.65,83174.66,1538041.29,JULY QUARTERLY,202607159875781799
NJ-02,R,2026,H8NJ02166,C00661868,2026-04-01T00:00:00,2026-05-13T00:00:00,172127.67,130064.57,1393050.3,PRE-PRIMARY,202605219870241072
NJ-02,R,2026,H8NJ02166,C00661868,2026-01-01T00:00:00,2026-03-31T00:00:00,357969.31,189913.46,1350987.2,APRIL QUARTERLY,202604159862931731
NJ-02,R,2026,H8NJ02166,C00661868,2025-10-01T00:00:00,2025-12-31T00:00:00,233641.15,161088.01,1182931.35,YEAR-END,202601319808497378
NJ-02,R,2026,H8NJ02166,C00661868,2025-10-01T00:00:00,2025-12-31T00:00:00,233641.15,161088.01,1182931.35,YEAR-END,202604149857199099
NJ-02,R,2026,H8NJ02166,C00661868,2025-07-01T00:00:00,2025-09-30T00:00:00,368909.5,203239.77,1110378.21,OCTOBER QUARTERLY,202510159791359790
NJ-02,R,2026,H8NJ02166,C00661868,2025-04-01T00:00:00,2025-06-30T00:00:00,342485.98,215072.84,944708.48,JULY QUARTERLY,202507159763319219
NJ-02,R,2026,H8NJ02166,C00661868,2025-04-01T00:00:00,2025-06-30T00:00:00,342485.98,215072.84,944708.48,JULY QUARTERLY,202509229790380228
NJ-02,R,2026,H8NJ02166,C00661868,2025-01-01T00:00:00,2025-03-31T00:00:00,226758.43,171893.49,817295.34,APRIL QUARTERLY,202504159755421662
NY-20,D,2026,H8NY21203,C00450049,2026-06-04T00:00:00,2026-06-30T00:00:00,132190.5,109264.34,404327.47,JULY QUARTERLY,202607159875042535
NY-20,D,2026,H8NY21203,C00450049,2026-04-01T00:00:00,2026-06-03T00:00:00,128428.48,96645.3,381401.31,PRE-PRIMARY,202606119870604116
NY-20,D,2026,H8NY21203,C00450049,2026-01-01T00:00:00,2026-03-31T00:00:00,131865.6,180442.28,349618.13,APRIL QUARTERLY,202604149857184191
NY-20,D,2026,H8NY21203,C00450049,2026-01-01T00:00:00,2026-03-31T00:00:00,131865.6,180442.28,349618.13,APRIL QUARTERLY,202604239866687597
NY-20,D,2026,H8NY21203,C00450049,2025-10-01T00:00:00,2025-12-31T00:00:00,85156.75,212005.95,398194.81,YEAR-END,202601309794727811
NY-20,D,2026,H8NY21203,C00450049,2025-07-01T00:00:00,2025-09-30T00:00:00,183416.45,182905.86,525044.01,OCTOBER QUARTERLY,202510149790785264
NY-20,D,2026,H8NY21203,C00450049,2025-04-01T00:00:00,2025-06-30T00:00:00,182456.67,185483.15,524533.42,JULY QUARTERLY,202507159762927465
NY-20,D,2026,H8NY21203,C00450049,2025-01-01T00:00:00,2025-03-31T00:00:00,114072.24,186014.25,527559.9,APRIL QUARTERLY,202504159755381245
TX-28,D,2026,H2TX23082,C00371302,2026-04-01T00:00:00,2026-06-30T00:00:00,611447.05,245880.11,1129603.88,JULY QUARTERLY,202607159890609355
TX-28,D,2026,H2TX23082,C00371302,2026-02-12T00:00:00,2026-03-31T00:00:00,430647.11,149926.46,764036.94,APRIL QUARTERLY,202605279870289515
TX-28,D,2026,H2TX23082,C00371302,2026-02-12T00:00:00,2026-03-31T00:00:00,430647.11,149926.46,764036.94,APRIL QUARTERLY,202604159862908860
TX-28,D,2026,H2TX23082,C00371302,2026-01-01T00:00:00,2026-02-11T00:00:00,62771.61,71052.94,483316.29,PRE-PRIMARY,202602199834783188
TX-28,D,2026,H2TX23082,C00371302,2025-10-01T00:00:00,2025-12-31T00:00:00,259922.35,132666.54,491597.62,YEAR-END,202601309795147747
TX-28,D,2026,H2TX23082,C00371302,2025-07-01T00:00:00,2025-09-30T00:00:00,224329.71,219203.18,364341.81,OCTOBER QUARTERLY,202510159791462273
TX-28,D,2026,H2TX23082,C00371302,2025-04-01T00:00:00,2025-06-30T00:00:00,459251.91,203922.82,359215.28,JULY QUARTERLY,202507159763384122
TX-28,D,2026,H2TX23082,C00371302,2025-04-01T00:00:00,2025-06-30T00:00:00,459251.91,203922.82,359215.28,JULY QUARTERLY,202509109789980997
TX-28,D,2026,H2TX23082,C00371302,2025-01-01T00:00:00,2025-03-31T00:00:00,183582.58,127655.3,103886.19,APRIL QUARTERLY,202504159755796285
NY-01,R,2026,H2NY01190,C00806018,2026-06-04T00:00:00,2026-06-30T00:00:00,477906.73,131800.02,3329856.52,JULY QUARTERLY,202607149875016188
NY-01,R,2026,H2NY01190,C00806018,2026-04-01T00:00:00,2026-06-03T00:00:00,172117.4,192053.12,2983749.81,PRE-PRIMARY,202606119870604334
NY-01,R,2026,H2NY01190,C00806018,2026-01-01T00:00:00,2026-03-31T00:00:00,743290.95,315809.46,3003805.64,APRIL QUARTERLY,202604159857586446
NY-01,R,2026,H2NY01190,C00806018,2026-01-01T00:00:00,2026-03-31T00:00:00,743290.95,315929.57,3003685.53,APRIL QUARTERLY,202604219866634680
NY-01,R,2026,H2NY01190,C00806018,2025-10-01T00:00:00,2025-12-31T00:00:00,668339.39,151495.5,2576324.15,YEAR-END,202604159857582623
NY-01,R,2026,H2NY01190,C00806018,2025-10-01T00:00:00,2025-12-31T00:00:00,670839.39,151495.5,2578824.15,YEAR-END,202601309795196525
NY-01,R,2026,H2NY01190,C00806018,2025-07-01T00:00:00,2025-09-30T00:00:00,467054.94,149771.11,2059480.26,OCTOBER QUARTERLY,202604169863148245
NY-01,R,2026,H2NY01190,C00806018,2025-07-01T00:00:00,2025-09-30T00:00:00,467054.94,149771.11,2059480.26,OCTOBER QUARTERLY,202510159791196037
NY-01,R,2026,H2NY01190,C00806018,2025-07-01T00:00:00,2025-09-30T00:00:00,467054.94,149771.11,2059480.26,OCTOBER QUARTERLY,202604169863148726
NY-01,R,2026,H2NY01190,C00806018,2025-04-01T00:00:00,2025-06-30T00:00:00,737464.79,105447.64,1742196.43,JULY QUARTERLY,202510159791190866
NY-01,R,2026,H2NY01190,C00806018,2025-04-01T00:00:00,2025-06-30T00:00:00,737464.79,105447.64,1742196.43,JULY QUARTERLY,202507149762830465
NY-01,R,2026,H2NY01190,C00806018,2025-01-01T00:00:00,2025-03-31T00:00:00,529133.03,95031.41,1110179.28,APRIL QUARTERLY,202504159755414469
NY-01,R,2026,H2NY01190,C00806018,2025-01-01T00:00:00,2025-03-31T00:00:00,529133.03,95031.41,1110179.28,APRIL QUARTERLY,202504219756339217
NY-01,R,2026,H2NY01190,C00806018,2025-01-01T00:00:00,2025-03-31T00:00:00,529133.03,95031.41,1110179.28,APRIL QUARTERLY,202510159791184914
NH-01,R,2026,H6NH01420,C00923367,2026-04-01T00:00:00,2026-06-30T00:00:00,1036310.68,676136.56,1187441.27,JULY QUARTERLY,202607159875886984
NH-01,R,2026,H6NH01420,C00923367,2026-01-01T00:00:00,2026-03-31T00:00:00,442826.53,305619.3,827267.15,APRIL QUARTERLY,202606299874277453
NH-01,R,2026,H6NH01420,C00923367,2026-01-01T00:00:00,2026-03-31T00:00:00,442826.53,305619.3,827267.15,APRIL QUARTERLY,202604159862392760
NH-01,R,2026,H6NH01420,C00923367,2025-10-01T00:00:00,2025-12-31T00:00:00,847648.85,157588.93,690059.92,YEAR-END,202601309795254487
IN-01,D,2026,H0IN01150,C00727529,2026-04-16T00:00:00,2026-06-30T00:00:00,512622.85,264877.4,1336695.94,JULY QUARTERLY,202607159875278358
IN-01,D,2026,H0IN01150,C00727529,2026-04-01T00:00:00,2026-04-15T00:00:00,46129.36,40422.44,1088542.69,PRE-PRIMARY,202604229866681636
IN-01,D,2026,H0IN01150,C00727529,2026-04-01T00:00:00,2026-04-15T00:00:00,46129.36,40422.44,1088950.49,PRE-PRIMARY,202604289866711036
IN-01,D,2026,H0IN01150,C00727529,2026-01-01T00:00:00,2026-03-31T00:00:00,407638.34,233088.11,1082835.77,APRIL QUARTERLY,202604159857294769
IN-01,D,2026,H0IN01150,C00727529,2026-01-01T00:00:00,2026-03-31T00:00:00,408046.14,233088.11,1083243.57,APRIL QUARTERLY,202604289866710540
IN-01,D,2026,H0IN01150,C00727529,2025-10-01T00:00:00,2025-12-31T00:00:00,371534.54,144428.79,908285.54,YEAR-END,202601309794653287
IN-01,D,2026,H0IN01150,C00727529,2025-07-01T00:00:00,2025-09-30T00:00:00,457775.49,155822.7,681179.79,OCTOBER QUARTERLY,202510159791021984
IN-01,D,2026,H0IN01150,C00727529,2025-04-01T00:00:00,2025-06-30T00:00:00,322567.25,181761.77,379227.0,JULY QUARTERLY,202507159763245184
IN-01,D,2026,H0IN01150,C00727529,2025-01-01T00:00:00,2025-03-31T00:00:00,267592.3,117630.5,238421.52,APRIL QUARTERLY,202504159755481872
OH-03,D,2026,H2OH03125,C00507368,2026-04-16T00:00:00,2026-06-30T00:00:00,251910.49,210666.05,2771821.02,JULY QUARTERLY,202607159875095257
OH-03,D,2026,H2OH03125,C00507368,2026-04-16T00:00:00,2026-06-30T00:00:00,256910.49,210666.05,2776821.02,JULY QUARTERLY,202607159875273507
OH-03,D,2026,H2OH03125,C00507368,2026-04-01T00:00:00,2026-04-15T00:00:00,4160.78,50698.73,2730576.58,PRE-PRIMARY,202604199863197194
OH-03,D,2026,H2OH03125,C00507368,2026-01-01T00:00:00,2026-03-31T00:00:00,238074.32,180346.53,2777114.53,APRIL QUARTERLY,202604159857236688
OH-03,D,2026,H2OH03125,C00507368,2025-10-01T00:00:00,2025-12-31T00:00:00,264092.32,137692.22,2719386.74,YEAR-END,202601259794160376
OH-03,D,2026,H2OH03125,C00507368,2025-07-01T00:00:00,2025-09-30T00:00:00,71011.61,116021.82,2592986.64,OCTOBER QUARTERLY,202510149790785613
OH-03,D,2026,H2OH03125,C00507368,2025-04-01T00:00:00,2025-06-30T00:00:00,178345.83,176631.44,2637996.85,JULY QUARTERLY,202507159762968171
OH-03,D,2026,H2OH03125,C00507368,2025-01-01T00:00:00,2025-03-31T00:00:00,188855.85,265146.89,2636282.46,APRIL QUARTERLY,202504149755315862
VA-01,D,2026,H6VA01299,C00918029,2026-07-01T00:00:00,2026-07-15T00:00:00,86423.2,263544.16,1004179.32,PRE-PRIMARY,202607239894439034
VA-01,D,2026,H6VA01299,C00918029,2026-04-01T00:00:00,2026-06-30T00:00:00,754466.88,395422.12,1181300.28,JULY QUARTERLY,202607159875815068
VA-01,D,2026,H6VA01299,C00918029,2026-01-01T00:00:00,2026-03-31T00:00:00,533721.74,192433.82,822255.52,APRIL QUARTERLY,202604159863059274
VA-01,D,2026,H6VA01299,C00918029,2025-10-01T00:00:00,2025-12-31T00:00:00,403910.38,249596.36,480967.6,YEAR-END,202601319795587264
VA-01,D,2026,H6VA01299,C00918029,2025-07-01T00:00:00,2025-09-30T00:00:00,362407.92,35754.34,326653.58,OCTOBER QUARTERLY,202510159791554170
VA-01,R,2026,H8VA01147,C00441014,2026-07-01T00:00:00,2026-07-15T00:00:00,36951.98,13993.09,4292789.47,PRE-PRIMARY,202607239894443659
VA-01,R,2026,H8VA01147,C00441014,2026-04-01T00:00:00,2026-06-30T00:00:00,617555.79,208015.01,4269830.58,JULY QUARTERLY,202607159876004699
VA-01,R,2026,H8VA01147,C00441014,2026-01-01T00:00:00,2026-03-31T00:00:00,918551.9,237255.8,3860289.8,APRIL QUARTERLY,202607159875712083
VA-01,R,2026,H8VA01147,C00441014,2026-01-01T00:00:00,2026-03-31T00:00:00,918551.9,237755.8,3859789.8,APRIL QUARTERLY,202604159862383163
VA-01,R,2026,H8VA01147,C00441014,2025-10-01T00:00:00,2025-12-31T00:00:00,614954.27,188965.15,3178993.7,YEAR-END,202601319808522830
VA-01,R,2026,H8VA01147,C00441014,2025-07-01T00:00:00,2025-09-30T00:00:00,498124.41,140068.07,2753004.58,OCTOBER QUARTERLY,202510159791359019
VA-01,R,2026,H8VA01147,C00441014,2025-04-01T00:00:00,2025-06-30T00:00:00,707756.68,189123.34,2394948.24,JULY QUARTERLY,202507159763450097
VA-01,R,2026,H8VA01147,C00441014,2025-01-01T00:00:00,2025-03-31T00:00:00,659246.49,158811.72,1876314.9,APRIL QUARTERLY,202504159755855454
TN-09,R,2026,H6TN09464,C00949867,2026-07-01T00:00:00,2026-07-17T00:00:00,122956.53,562192.64,417377.22,PRE-PRIMARY,202607259894464732
TN-09,R,2026,H6TN09464,C00949867,2026-04-01T00:00:00,2026-06-30T00:00:00,1426525.06,569911.73,856613.33,JULY QUARTERLY,202607159885314052
PA-06,D,2026,H8PA06087,C00637371,2026-04-30T00:00:00,2026-06-30T00:00:00,280768.79,232077.23,4037759.36,JULY QUARTERLY,202607159875313190
PA-06,D,2026,H8PA06087,C00637371,2026-04-01T00:00:00,2026-04-29T00:00:00,160635.85,75628.79,3989067.8,PRE-PRIMARY,202605079866860396
PA-06,D,2026,H8PA06087,C00637371,2026-04-01T00:00:00,2026-04-29T00:00:00,162857.13,77850.07,3989067.8,PRE-PRIMARY,202605209867451461
PA-06,D,2026,H8PA06087,C00637371,2026-01-01T00:00:00,2026-03-31T00:00:00,224389.8,172697.33,3904060.74,APRIL QUARTERLY,202604159862292286
PA-06,D,2026,H8PA06087,C00637371,2025-10-01T00:00:00,2025-12-31T00:00:00,365733.94,224350.38,3852368.27,YEAR-END,202601309795075870
PA-06,D,2026,H8PA06087,C00637371,2025-07-01T00:00:00,2025-09-30T00:00:00,214971.71,114038.61,3710984.71,OCTOBER QUARTERLY,202510159791269370
PA-06,D,2026,H8PA06087,C00637371,2025-04-01T00:00:00,2025-06-30T00:00:00,277327.73,167072.77,3610051.61,JULY QUARTERLY,202507159762882045
PA-06,D,2026,H8PA06087,C00637371,2025-01-01T00:00:00,2025-03-31T00:00:00,237365.88,143182.46,3499796.65,APRIL QUARTERLY,202504159755379498
MA-07,D,2026,H8MA07032,C00667741,2026-04-01T00:00:00,2026-06-30T00:00:00,211360.14,236407.44,113017.93,JULY QUARTERLY,202607159876009858
MA-07,D,2026,H8MA07032,C00667741,2026-01-01T00:00:00,2026-03-31T00:00:00,226958.12,187689.57,138065.23,APRIL QUARTERLY,202604159857433257
MA-07,D,2026,H8MA07032,C00667741,2025-10-01T00:00:00,2025-12-31T00:00:00,125249.75,174115.66,98796.68,YEAR-END,202601319808487625
MA-07,D,2026,H8MA07032,C00667741,2025-10-01T00:00:00,2025-12-31T00:00:00,125249.75,174115.66,98796.68,YEAR-END,202605029866787749
MA-07,D,2026,H8MA07032,C00667741,2025-07-01T00:00:00,2025-09-30T00:00:00,197747.93,175189.91,147662.59,OCTOBER QUARTERLY,202510159791260926
MA-07,D,2026,H8MA07032,C00667741,2025-04-01T00:00:00,2025-06-30T00:00:00,129827.74,163175.34,125104.57,JULY QUARTERLY,202507159762866611
MA-07,D,2026,H8MA07032,C00667741,2025-01-01T00:00:00,2025-03-31T00:00:00,234709.12,194478.36,158452.17,APRIL QUARTERLY,202504159755355487
NC-04,D,2026,H2NC06098,C00930271,2026-04-01T00:00:00,2026-07-15T00:00:00,4780.1,101359.13,0.0,TERMINATION REPORT,202607159875943720
NC-04,D,2026,H2NC06098,C00930271,2026-02-12T00:00:00,2026-03-31T00:00:00,537436.24,669584.97,96579.03,APRIL QUARTERLY,202604159862659152
NC-04,D,2026,H2NC06098,C00930271,2026-01-01T00:00:00,2026-02-11T00:00:00,248455.04,325512.39,228727.76,PRE-PRIMARY,202604159862614790
NC-04,D,2026,H2NC06098,C00930271,2026-01-01T00:00:00,2026-02-11T00:00:00,248419.99,325477.34,228727.76,PRE-PRIMARY,202602199834791808
NC-04,D,2026,H2NC06098,C00930271,2025-10-01T00:00:00,2025-12-31T00:00:00,334740.28,28955.17,305785.11,YEAR-END,202601319795535971
NC-04,D,2026,H2NC06098,C00930271,2025-10-01T00:00:00,2025-12-31T00:00:00,334964.48,29179.37,305785.11,YEAR-END,202604159862608217
NC-04,D,2026,H2NC06098,C00930271,2025-10-01T00:00:00,2025-12-31T00:00:00,334740.28,28955.17,305785.11,YEAR-END,202602199834791683
CO-03,D,2026,H6CO03212,C00903799,2026-06-11T00:00:00,2026-06-30T00:00:00,84897.9,156126.65,171626.01,JULY QUARTERLY,202607159875939520
CO-03,D,2026,H6CO03212,C00903799,2026-04-01T00:00:00,2026-06-10T00:00:00,164802.53,379691.77,243172.64,PRE-PRIMARY,202606189870770933
CO-03,D,2026,H6CO03212,C00903799,2026-01-01T00:00:00,2026-03-31T00:00:00,192734.28,168600.31,458061.88,APRIL QUARTERLY,202604159862548400
CO-03,D,2026,H6CO03212,C00903799,2025-10-01T00:00:00,2025-12-31T00:00:00,175049.49,166371.12,433927.91,YEAR-END,202601309795196079
CO-03,D,2026,H6CO03212,C00903799,2025-07-01T00:00:00,2025-09-30T00:00:00,252162.46,182079.43,425249.54,OCTOBER QUARTERLY,202510149790785097
CO-03,D,2026,H6CO03212,C00903799,2025-04-01T00:00:00,2025-06-30T00:00:00,427321.03,72154.52,355166.51,JULY QUARTERLY,202507149762811768
NC-07,R,2026,H2NC07096,C00501643,2026-04-01T00:00:00,2026-06-30T00:00:00,451859.18,156282.36,2301487.27,JULY QUARTERLY,202607159875368344
NC-07,R,2026,H2NC07096,C00501643,2026-02-12T00:00:00,2026-03-31T00:00:00,379364.5,253396.92,2005910.45,APRIL QUARTERLY,202604159862402364
NC-07,R,2026,H2NC07096,C00501643,2026-01-01T00:00:00,2026-02-11T00:00:00,73644.22,61253.01,1879942.87,PRE-PRIMARY,202602199834785275
NC-07,R,2026,H2NC07096,C00501643,2025-10-01T00:00:00,2025-12-31T00:00:00,188346.37,95993.26,1867551.66,YEAR-END,202601319795581418
NC-07,R,2026,H2NC07096,C00501643,2025-07-01T00:00:00,2025-09-30T00:00:00,280019.2,250846.47,1775198.55,OCTOBER QUARTERLY,202510159791112945
NC-07,R,2026,H2NC07096,C00501643,2025-04-01T00:00:00,2025-06-30T00:00:00,390276.84,132566.08,1746025.82,JULY QUARTERLY,202507159763099647
NC-07,R,2026,H2NC07096,C00501643,2025-01-01T00:00:00,2025-03-31T00:00:00,226912.51,174123.16,1488315.06,APRIL QUARTERLY,202504159755440985
MI-06,D,2026,H4MI12079,C00558213,2026-07-01T00:00:00,2026-07-15T00:00:00,38477.5,70686.68,414934.65,PRE-PRIMARY,202607239894434523
MI-06,D,2026,H4MI12079,C00558213,2026-04-01T00:00:00,2026-06-30T00:00:00,273076.88,196366.86,447143.83,JULY QUARTERLY,202607149874999029
MI-06,D,2026,H4MI12079,C00558213,2026-01-01T00:00:00,2026-03-31T00:00:00,186544.34,161332.07,370433.81,APRIL QUARTERLY,202604149857222153
MI-06,D,2026,H4MI12079,C00558213,2025-10-01T00:00:00,2025-12-31T00:00:00,185494.15,162569.81,345221.54,YEAR-END,202605209870180967
MI-06,D,2026,H4MI12079,C00558213,2025-10-01T00:00:00,2025-12-31T00:00:00,185494.15,162569.81,345221.54,YEAR-END,202601319808318395
MI-06,D,2026,H4MI12079,C00558213,2025-07-01T00:00:00,2025-09-30T00:00:00,164312.53,194553.89,322297.2,OCTOBER QUARTERLY,202510149790796132
MI-06,D,2026,H4MI12079,C00558213,2025-07-01T00:00:00,2025-09-30T00:00:00,164312.53,195003.25,321847.84,OCTOBER QUARTERLY,202605209870180787
MI-06,D,2026,H4MI12079,C00558213,2025-04-01T00:00:00,2025-06-30T00:00:00,210269.81,179273.15,352538.56,JULY QUARTERLY,202507159763323185
MI-06,D,2026,H4MI12079,C00558213,2025-01-01T00:00:00,2025-03-31T00:00:00,135536.46,156917.4,321541.9,APRIL QUARTERLY,202504159755650446
FL-25,D,2026,H2FL22171,C00807628,2026-04-01T00:00:00,2026-06-30T00:00:00,946502.81,275120.51,1888445.87,JULY QUARTERLY,202607159875647935
FL-25,D,2026,H2FL22171,C00807628,2026-01-01T00:00:00,2026-03-31T00:00:00,429235.43,215403.17,1217063.57,APRIL QUARTERLY,202604159857270458
FL-25,D,2026,H2FL22171,C00807628,2026-01-01T00:00:00,2026-03-31T00:00:00,429235.43,215403.17,1217063.57,APRIL QUARTERLY,202606119870568812
FL-25,D,2026,H2FL22171,C00807628,2025-10-01T00:00:00,2025-12-31T00:00:00,393981.62,159402.3,1008231.31,YEAR-END,202601319808410031
FL-25,D,2026,H2FL22171,C00807628,2025-10-01T00:00:00,2025-12-31T00:00:00,388981.62,159402.3,1003231.31,YEAR-END,202604149857173238
FL-25,D,2026,H2FL22171,C00807628,2025-10-01T00:00:00,2025-12-31T00:00:00,388981.62,159402.3,1003231.31,YEAR-END,202606109870561155
FL-25,D,2026,H2FL22171,C00807628,2025-07-01T00:00:00,2025-09-30T00:00:00,371946.95,162806.13,773651.99,OCTOBER QUARTERLY,202510159790865200
FL-25,D,2026,H2FL22171,C00807628,2025-04-01T00:00:00,2025-06-30T00:00:00,351320.84,179283.21,564511.17,JULY QUARTERLY,202507159763273922
FL-25,D,2026,H2FL22171,C00807628,2025-01-01T00:00:00,2025-03-31T00:00:00,169105.46,125918.62,392473.54,APRIL QUARTERLY,202504159755355171
TN-05,D,2026,H6TN05397,C00918581,2026-07-01T00:00:00,2026-07-17T00:00:00,109668.91,183994.02,1482195.91,PRE-PRIMARY,202607259894464987
TN-05,D,2026,H6TN05397,C00918581,2026-04-01T00:00:00,2026-06-30T00:00:00,664457.54,382111.44,1556521.02,JULY QUARTERLY,202607159880601813
TN-05,D,2026,H6TN05397,C00918581,2026-01-01T00:00:00,2026-03-31T00:00:00,615269.1,319071.25,1274174.92,APRIL QUARTERLY,202604159862438725
TN-05,D,2026,H6TN05397,C00918581,2025-10-01T00:00:00,2025-12-31T00:00:00,412743.98,198639.13,977977.07,YEAR-END,202601319808372266
TN-05,D,2026,H6TN05397,C00918581,2025-07-01T00:00:00,2025-09-30T00:00:00,797635.04,33762.82,763872.22,OCTOBER QUARTERLY,202510159791451127
MN-05,R,2026,H0MN05251,C00850636,2026-07-01T00:00:00,2026-07-22T00:00:00,50773.32,32113.53,50512.3,PRE-PRIMARY,202607279894478253
MN-05,R,2026,H0MN05251,C00850636,2026-04-01T00:00:00,2026-06-30T00:00:00,112469.14,113984.58,31852.51,JULY QUARTERLY,202607119874888206
MN-05,R,2026,H0MN05251,C00850636,2026-01-01T00:00:00,2026-03-31T00:00:00,223667.6,203642.03,33367.95,APRIL QUARTERLY,202604119857113769
MN-05,R,2026,H0MN05251,C00850636,2025-10-01T00:00:00,2025-12-31T00:00:00,259891.22,262058.93,13342.38,YEAR-END,202601199794074477
MN-05,R,2026,H0MN05251,C00850636,2025-07-01T00:00:00,2025-09-30T00:00:00,189433.55,205141.7,15510.09,OCTOBER QUARTERLY,202510149790799235
MN-05,R,2026,H0MN05251,C00850636,2025-04-01T00:00:00,2025-06-30T00:00:00,222396.85,230703.01,31218.24,JULY QUARTERLY,202507149762829537
MN-05,R,2026,H0MN05251,C00850636,2025-01-01T00:00:00,2025-03-31T00:00:00,70346.89,69741.37,39524.4,APRIL QUARTERLY,202504149755287523
AZ-04,D,2026,H8AZ09040,C00657304,2026-04-01T00:00:00,2026-07-01T00:00:00,453891.14,265432.64,2020288.72,PRE-PRIMARY,202607099874817834
AZ-04,D,2026,H8AZ09040,C00657304,2026-01-01T00:00:00,2026-03-31T00:00:00,363067.67,171471.55,1831830.22,APRIL QUARTERLY,202604159862516631
AZ-04,D,2026,H8AZ09040,C00657304,2025-10-01T00:00:00,2025-12-31T00:00:00,319252.51,200521.97,1640234.1,YEAR-END,202601319795380986
AZ-04,D,2026,H8AZ09040,C00657304,2025-10-01T00:00:00,2025-12-31T00:00:00,319252.51,200521.97,1640234.1,YEAR-END,202603029837878329
AZ-04,D,2026,H8AZ09040,C00657304,2025-07-01T00:00:00,2025-09-30T00:00:00,330947.33,163370.77,1521503.56,OCTOBER QUARTERLY,202510159791121159
AZ-04,D,2026,H8AZ09040,C00657304,2025-07-01T00:00:00,2025-09-30T00:00:00,330985.01,163408.45,1521503.56,OCTOBER QUARTERLY,202510319792078011
AZ-04,D,2026,H8AZ09040,C00657304,2025-04-01T00:00:00,2025-06-30T00:00:00,308156.12,148327.97,1353927.0,JULY QUARTERLY,202507159763383074
AZ-04,D,2026,H8AZ09040,C00657304,2025-01-01T00:00:00,2025-03-31T00:00:00,341761.78,163393.39,1194098.85,APRIL QUARTERLY,202504159755420928
MA-04,D,2026,H0MA04192,C00721449,2026-04-01T00:00:00,2026-06-30T00:00:00,619743.25,195302.39,7408603.83,JULY QUARTERLY,202607159875746448
MA-04,D,2026,H0MA04192,C00721449,2026-01-01T00:00:00,2026-03-31T00:00:00,495527.14,275055.59,6984162.97,APRIL QUARTERLY,202604159857667112
MA-04,D,2026,H0MA04192,C00721449,2025-10-01T00:00:00,2025-12-31T00:00:00,502475.72,203403.47,6763691.42,YEAR-END,202601309794857790
MA-04,D,2026,H0MA04192,C00721449,2025-07-01T00:00:00,2025-09-30T00:00:00,752718.25,158783.27,6464619.17,OCTOBER QUARTERLY,202510159790994237
MA-04,D,2026,H0MA04192,C00721449,2025-04-01T00:00:00,2025-06-30T00:00:00,652913.03,151875.32,5870684.19,JULY QUARTERLY,202507159763271341
MA-04,D,2026,H0MA04192,C00721449,2025-01-01T00:00:00,2025-03-31T00:00:00,511980.41,125560.7,5369646.48,APRIL QUARTERLY,202504159755531559
MO-07,R,2026,H2MO07143,C00788414,2026-07-01T00:00:00,2026-07-15T00:00:00,120925.06,75677.22,953674.85,PRE-PRIMARY,202607239894424056
MO-07,R,2026,H2MO07143,C00788414,2026-04-01T00:00:00,2026-06-30T00:00:00,227708.99,177219.29,908427.01,JULY QUARTERLY,202607159875370173
MO-07,R,2026,H2MO07143,C00788414,2026-01-01T00:00:00,2026-03-31T00:00:00,206286.9,180042.37,857937.31,APRIL QUARTERLY,202607219894396717
MO-07,R,2026,H2MO07143,C00788414,2026-01-01T00:00:00,2026-03-31T00:00:00,207286.9,180042.37,857927.31,APRIL QUARTERLY,202604159857308520
MO-07,R,2026,H2MO07143,C00788414,2026-01-01T00:00:00,2026-03-31T00:00:00,206286.9,180042.37,857937.31,APRIL QUARTERLY,202604239866686064
MO-07,R,2026,H2MO07143,C00788414,2025-10-01T00:00:00,2025-12-31T00:00:00,147192.92,176334.72,830682.78,YEAR-END,202601319795592077
MO-07,R,2026,H2MO07143,C00788414,2025-10-01T00:00:00,2025-12-31T00:00:00,148202.92,176334.72,831692.78,YEAR-END,202604169863149556
MO-07,R,2026,H2MO07143,C00788414,2025-07-01T00:00:00,2025-09-30T00:00:00,286552.06,172936.87,859824.58,OCTOBER QUARTERLY,202510159791565360
MO-07,R,2026,H2MO07143,C00788414,2025-04-01T00:00:00,2025-06-30T00:00:00,285186.55,154863.43,752809.39,JULY QUARTERLY,202507159763187378
MO-07,R,2026,H2MO07143,C00788414,2025-04-01T00:00:00,2025-06-30T00:00:00,278586.55,154863.43,746209.39,JULY QUARTERLY,202509089789853509
MO-07,R,2026,H2MO07143,C00788414,2025-01-01T00:00:00,2025-03-31T00:00:00,192200.19,171101.49,622486.27,APRIL QUARTERLY,202504159755640203
NY-27,R,2026,H8NY29032,C00909440,2026-04-01T00:00:00,2026-06-30T00:00:00,1700000.0,494643.0,1510920.5,JULY QUARTERLY,202607019874288754
NY-27,R,2026,H8NY29032,C00909440,2026-01-01T00:00:00,2026-03-31T00:00:00,905000.0,599936.5,305563.5,APRIL QUARTERLY,202604019856925049
NY-27,R,2026,H8NY29032,C00909440,2025-03-01T00:00:00,2026-03-31T00:00:00,910000.0,604436.5,305563.5,APRIL QUARTERLY,202604299866728387
FL-27,R,2026,H8FL27185,C00714261,2026-04-01T00:00:00,2026-06-30T00:00:00,577789.47,248526.23,2266603.03,JULY QUARTERLY,202607159875484813
FL-27,R,2026,H8FL27185,C00714261,2026-01-01T00:00:00,2026-03-31T00:00:00,451116.2,227878.63,1937339.79,APRIL QUARTERLY,202604159857267719
FL-27,R,2026,H8FL27185,C00714261,2025-10-01T00:00:00,2025-12-31T00:00:00,240715.99,166872.15,1714102.22,YEAR-END,202601319795615588
FL-27,R,2026,H8FL27185,C00714261,2025-10-01T00:00:00,2025-12-31T00:00:00,240715.99,166872.15,1714102.22,YEAR-END,202603049837888215
FL-27,R,2026,H8FL27185,C00714261,2025-07-01T00:00:00,2025-09-30T00:00:00,214549.94,268491.78,1640258.38,OCTOBER QUARTERLY,202510159791128303
FL-27,R,2026,H8FL27185,C00714261,2025-04-01T00:00:00,2025-06-30T00:00:00,369685.39,93854.38,1694200.22,JULY QUARTERLY,202507159763338836
FL-27,R,2026,H8FL27185,C00714261,2025-04-01T00:00:00,2025-06-30T00:00:00,369685.39,93854.38,1694200.22,JULY QUARTERLY,202508099789448656
FL-27,R,2026,H8FL27185,C00714261,2025-01-01T00:00:00,2025-03-31T00:00:00,97172.66,89630.59,1418369.21,APRIL QUARTERLY,202504159755515379
NY-09,D,2026,H4NY11138,C00415331,2026-06-04T00:00:00,2026-06-30T00:00:00,118442.57,150789.65,30978.15,JULY QUARTERLY,202607159875571706
NY-09,D,2026,H4NY11138,C00415331,2026-04-01T00:00:00,2026-06-03T00:00:00,72209.5,137368.47,63325.23,PRE-PRIMARY,202606119870632412
NY-09,D,2026,H4NY11138,C00415331,2026-04-01T00:00:00,2026-06-03T00:00:00,73867.83,139026.8,63325.23,PRE-PRIMARY,202607159875560972
NY-09,D,2026,H4NY11138,C00415331,2026-01-01T00:00:00,2026-03-31T00:00:00,149680.57,137794.54,128484.2,APRIL QUARTERLY,202604159862613812
NY-09,D,2026,H4NY11138,C00415331,2025-10-01T00:00:00,2025-12-31T00:00:00,182718.12,127944.19,116598.17,YEAR-END,202601319808577334
NY-09,D,2026,H4NY11138,C00415331,2025-07-01T00:00:00,2025-09-30T00:00:00,145780.69,215394.54,65074.24,OCTOBER QUARTERLY,202510209791932343
NY-09,D,2026,H4NY11138,C00415331,2025-07-01T00:00:00,2025-09-30T00:00:00,145780.69,218644.54,61824.24,OCTOBER QUARTERLY,202601319808571847
NY-09,D,2026,H4NY11138,C00415331,2025-07-01T00:00:00,2025-09-30T00:00:00,145780.69,215394.54,65074.24,OCTOBER QUARTERLY,202510159791568775
NY-09,D,2026,H4NY11138,C00415331,2025-04-01T00:00:00,2025-06-30T00:00:00,205980.53,142037.32,134688.09,JULY QUARTERLY,202507159763445869
NY-09,D,2026,H4NY11138,C00415331,2025-01-01T00:00:00,2025-03-31T00:00:00,137482.98,176792.84,70744.88,APRIL QUARTERLY,202504159755354250
OR-05,D,2026,H4OR05304,C00843425,2026-04-30T00:00:00,2026-06-30T00:00:00,627630.69,155423.24,2715860.25,JULY QUARTERLY,202607159890728807
OR-05,D,2026,H4OR05304,C00843425,2026-04-01T00:00:00,2026-04-29T00:00:00,96116.85,138259.11,2243652.8,PRE-PRIMARY,202605079866897808
OR-05,D,2026,H4OR05304,C00843425,2026-01-01T00:00:00,2026-03-31T00:00:00,752804.79,227206.03,2285795.06,APRIL QUARTERLY,202604159862947246
OR-05,D,2026,H4OR05304,C00843425,2025-10-01T00:00:00,2025-12-31T00:00:00,505717.39,136121.88,1760196.3,YEAR-END,202601319808549821
OR-05,D,2026,H4OR05304,C00843425,2025-07-01T00:00:00,2025-09-30T00:00:00,697100.72,163944.4,1390600.79,OCTOBER QUARTERLY,202510159791595735
OR-05,D,2026,H4OR05304,C00843425,2025-07-01T00:00:00,2025-09-30T00:00:00,697100.72,163944.4,1390600.79,OCTOBER QUARTERLY,202601269794176473
OR-05,D,2026,H4OR05304,C00843425,2025-04-01T00:00:00,2025-06-30T00:00:00,708019.68,178985.82,857444.47,JULY QUARTERLY,202507159763517982
OR-05,D,2026,H4OR05304,C00843425,2025-01-01T00:00:00,2025-03-31T00:00:00,372821.38,89543.33,328410.61,APRIL QUARTERLY,202504159755800096
OR-05,D,2026,H4OR05304,C00843425,2025-01-01T00:00:00,2025-03-31T00:00:00,372821.38,89543.33,328410.61,APRIL QUARTERLY,202507159763270206
MO-05,D,2026,H4MO05234,C00395848,2026-07-01T00:00:00,2026-07-15T00:00:00,38482.22,38655.79,1142881.58,PRE-PRIMARY,202607239894444877
MO-05,D,2026,H4MO05234,C00395848,2026-04-01T00:00:00,2026-06-30T00:00:00,407406.33,277332.34,1143055.15,JULY QUARTERLY,202607159890807533
MO-05,D,2026,H4MO05234,C00395848,2026-01-01T00:00:00,2026-03-31T00:00:00,206159.3,148495.04,1012981.16,APRIL QUARTERLY,202604159862260108
MO-05,D,2026,H4MO05234,C00395848,2025-10-01T00:00:00,2025-12-31T00:00:00,148283.02,135284.63,955316.9,YEAR-END,202601319808242417
MO-05,D,2026,H4MO05234,C00395848,2025-07-01T00:00:00,2025-09-30T00:00:00,257123.95,131865.16,942318.51,OCTOBER QUARTERLY,202510159791522558
MO-05,D,2026,H4MO05234,C00395848,2025-04-01T00:00:00,2025-06-30T00:00:00,186203.51,164205.71,817059.72,JULY QUARTERLY,202507159763541015
MO-05,D,2026,H4MO05234,C00395848,2025-01-01T00:00:00,2025-03-31T00:00:00,93079.31,187644.21,795061.92,APRIL QUARTERLY,202504149755288332
KY-03,D,2026,H2KY03206,C00791392,2026-04-30T00:00:00,2026-06-30T00:00:00,184684.81,96787.77,1813759.8,JULY QUARTERLY,202607159875242271
KY-03,D,2026,H2KY03206,C00791392,2026-04-01T00:00:00,2026-04-29T00:00:00,80431.62,58089.98,1725862.76,PRE-PRIMARY,202605079866860248
KY-03,D,2026,H2KY03206,C00791392,2026-01-01T00:00:00,2026-03-31T00:00:00,197615.64,303384.66,1703521.12,APRIL QUARTERLY,202604159857312224
KY-03,D,2026,H2KY03206,C00791392,2025-10-01T00:00:00,2025-12-31T00:00:00,411250.21,112637.0,1809290.14,YEAR-END,202601319795530257
KY-03,D,2026,H2KY03206,C00791392,2025-07-01T00:00:00,2025-09-30T00:00:00,304220.67,139980.93,1510676.93,OCTOBER QUARTERLY,202601069793914446
KY-03,D,2026,H2KY03206,C00791392,2025-07-01T00:00:00,2025-09-30T00:00:00,304220.67,139980.93,1510676.93,OCTOBER QUARTERLY,202510159791028370
KY-03,D,2026,H2KY03206,C00791392,2025-04-01T00:00:00,2025-06-30T00:00:00,256063.26,176891.42,1346437.19,JULY QUARTERLY,202507159763097431
KY-03,D,2026,H2KY03206,C00791392,2025-01-01T00:00:00,2025-03-31T00:00:00,199417.66,195569.41,1267265.35,APRIL QUARTERLY,202504159755384813
VA-02,D,2026,H6VA02198,C00926303,2026-07-01T00:00:00,2026-07-15T00:00:00,216514.34,199386.7,3582723.21,PRE-PRIMARY,202607239894434277
VA-02,D,2026,H6VA02198,C00926303,2026-04-01T00:00:00,2026-06-30T00:00:00,1575117.86,301256.66,3565595.57,JULY QUARTERLY,202607159875342241
VA-02,D,2026,H6VA02198,C00926303,2026-01-01T00:00:00,2026-03-31T00:00:00,1741383.14,459917.12,2291734.37,APRIL QUARTERLY,202604159857742963
VA-02,D,2026,H6VA02198,C00926303,2025-11-12T00:00:00,2025-12-31T00:00:00,1126779.96,116511.61,1010268.35,YEAR-END,202601309794594477
NC-02,D,2026,H0NC02125,C00729277,2026-04-01T00:00:00,2026-06-30T00:00:00,256937.45,272934.68,1337686.54,JULY QUARTERLY,202607159875706314
NC-02,D,2026,H0NC02125,C00729277,2026-02-12T00:00:00,2026-03-31T00:00:00,241090.04,68504.6,1353683.77,APRIL QUARTERLY,202604159862445998
NC-02,D,2026,H0NC02125,C00729277,2026-01-01T00:00:00,2026-02-11T00:00:00,56845.37,65595.07,1181098.33,PRE-PRIMARY,202602199834777580
NC-02,D,2026,H0NC02125,C00729277,2025-10-01T00:00:00,2025-12-31T00:00:00,237403.78,176823.98,1189848.03,YEAR-END,202601319808370443
NC-02,D,2026,H0NC02125,C00729277,2025-07-01T00:00:00,2025-09-30T00:00:00,326798.9,134282.25,1129268.23,OCTOBER QUARTERLY,202510159791195559
NC-02,D,2026,H0NC02125,C00729277,2025-04-01T00:00:00,2025-06-30T00:00:00,258740.15,223005.27,936751.58,JULY QUARTERLY,202507169763557589
NC-02,D,2026,H0NC02125,C00729277,2025-04-01T00:00:00,2025-06-30T00:00:00,258740.15,223005.27,936751.58,JULY QUARTERLY,202507159763383321
NC-02,D,2026,H0NC02125,C00729277,2025-01-01T00:00:00,2025-03-31T00:00:00,298161.9,134655.59,901016.7,APRIL QUARTERLY,202504159755632765
OR-06,D,2026,H2OR06066,C00793703,2026-04-30T00:00:00,2026-06-30T00:00:00,253850.42,231892.9,611102.62,JULY QUARTERLY,202607159875562065
OR-06,D,2026,H2OR06066,C00793703,2026-04-01T00:00:00,2026-04-29T00:00:00,74117.77,63241.56,589145.1,PRE-PRIMARY,202605079866846646
OR-06,D,2026,H2OR06066,C00793703,2026-01-01T00:00:00,2026-03-31T00:00:00,281886.24,209527.57,578268.89,APRIL QUARTERLY,202604159857700885
OR-06,D,2026,H2OR06066,C00793703,2025-10-01T00:00:00,2025-12-31T00:00:00,192864.69,156493.88,505910.22,YEAR-END,202601319808411085
OR-06,D,2026,H2OR06066,C00793703,2025-07-01T00:00:00,2025-09-30T00:00:00,277304.89,136189.59,469539.41,OCTOBER QUARTERLY,202510159791117089
OR-06,D,2026,H2OR06066,C00793703,2025-07-01T00:00:00,2025-09-30T00:00:00,277304.89,136189.59,469539.41,OCTOBER QUARTERLY,202601319808410611
OR-06,D,2026,H2OR06066,C00793703,2025-04-01T00:00:00,2025-06-30T00:00:00,257768.7,152946.13,328424.11,JULY QUARTERLY,202507159763201124
OR-06,D,2026,H2OR06066,C00793703,2025-01-01T00:00:00,2025-03-31T00:00:00,275601.69,113474.79,223601.54,APRIL QUARTERLY,202504159755639670
VA-06,R,2026,H8VA06104,C00661561,2026-07-01T00:00:00,2026-07-15T00:00:00,27874.55,86071.91,711441.57,PRE-PRIMARY,202607239894442231
VA-06,R,2026,H8VA06104,C00661561,2026-04-01T00:00:00,2026-06-30T00:00:00,388164.5,274348.88,769638.93,JULY QUARTERLY,202607159875705992
VA-06,R,2026,H8VA06104,C00661561,2026-01-01T00:00:00,2026-03-31T00:00:00,378593.62,243964.36,655823.31,APRIL QUARTERLY,202604159862339334
VA-06,R,2026,H8VA06104,C00661561,2025-10-01T00:00:00,2025-12-31T00:00:00,200554.19,80096.85,521194.05,YEAR-END,202601309795188878
VA-06,R,2026,H8VA06104,C00661561,2025-07-01T00:00:00,2025-09-30T00:00:00,94843.99,122085.49,400736.71,OCTOBER QUARTERLY,202510159791300937
VA-06,R,2026,H8VA06104,C00661561,2025-04-01T00:00:00,2025-06-30T00:00:00,230274.46,124598.69,427978.21,JULY QUARTERLY,202507159763271061
VA-06,R,2026,H8VA06104,C00661561,2025-01-01T00:00:00,2025-03-31T00:00:00,121131.07,127150.66,322302.44,APRIL QUARTERLY,202504159755397399
OH-09,R,2026,H4OH09169,C00909630,2026-04-16T00:00:00,2026-06-30T00:00:00,519413.84,196903.58,511443.15,JULY QUARTERLY,202607159875740878
OH-09,R,2026,H4OH09169,C00909630,2026-04-01T00:00:00,2026-04-15T00:00:00,6480.4,87078.99,188932.89,PRE-PRIMARY,202604239866694783
OH-09,R,2026,H4OH09169,C00909630,2026-01-01T00:00:00,2026-03-31T00:00:00,142378.63,229588.89,269531.48,APRIL QUARTERLY,202604159862439866
OH-09,R,2026,H4OH09169,C00909630,2025-10-01T00:00:00,2025-12-31T00:00:00,201839.41,194045.42,356741.74,YEAR-END,202601319825643680
OH-09,R,2026,H4OH09169,C00909630,2025-06-23T00:00:00,2025-09-30T00:00:00,402925.53,53977.78,348947.75,OCTOBER QUARTERLY,202510159790813233
FL-11,R,2026,H6FL11332,C00952713,2026-04-01T00:00:00,2026-06-30T00:00:00,5134560.0,1048835.85,4085724.15,JULY QUARTERLY,202607169890832633
FL-11,R,2026,H6FL11332,C00952713,2026-04-01T00:00:00,2026-06-30T00:00:00,5134560.0,1048835.85,4085724.15,JULY QUARTERLY,202607159875899243
TX-07,D,2026,H8TX07140,C00640045,2026-04-01T00:00:00,2026-06-30T00:00:00,196400.29,244587.73,1702706.46,JULY QUARTERLY,202607159875373529
TX-07,D,2026,H8TX07140,C00640045,2026-02-12T00:00:00,2026-03-31T00:00:00,199190.11,259583.09,1750893.9,APRIL QUARTERLY,202604159862421182
TX-07,D,2026,H8TX07140,C00640045,2026-01-01T00:00:00,2026-02-11T00:00:00,55738.52,40678.59,1811286.88,PRE-PRIMARY,202602199834777298
TX-07,D,2026,H8TX07140,C00640045,2025-10-01T00:00:00,2025-12-31T00:00:00,245221.68,168814.48,1796226.95,YEAR-END,202601309794808070
TX-07,D,2026,H8TX07140,C00640045,2025-07-01T00:00:00,2025-09-30T00:00:00,160065.59,77536.87,1719819.75,OCTOBER QUARTERLY,202510159791121480
TX-07,D,2026,H8TX07140,C00640045,2025-04-01T00:00:00,2025-06-30T00:00:00,201862.05,108232.74,1637291.03,JULY QUARTERLY,202507159763200575
TX-07,D,2026,H8TX07140,C00640045,2025-01-01T00:00:00,2025-03-31T00:00:00,367578.74,140578.81,1543661.72,APRIL QUARTERLY,202504159755381662
OH-01,R,2026,H6OH01138,C00912311,2026-04-16T00:00:00,2026-06-30T00:00:00,532543.04,292353.03,443595.13,JULY QUARTERLY,202607159890069485
OH-01,R,2026,H6OH01138,C00912311,2026-04-01T00:00:00,2026-04-15T00:00:00,29615.7,200187.93,203405.12,PRE-PRIMARY,202607149875018401
OH-01,R,2026,H6OH01138,C00912311,2026-04-01T00:00:00,2026-04-15T00:00:00,29615.7,200187.93,203405.12,PRE-PRIMARY,202604239866689503
OH-01,R,2026,H6OH01138,C00912311,2026-01-01T00:00:00,2026-03-31T00:00:00,220905.77,286572.29,373977.35,APRIL QUARTERLY,202604159862421436
OH-01,R,2026,H6OH01138,C00912311,2025-10-01T00:00:00,2025-12-31T00:00:00,175702.31,152079.45,439643.87,YEAR-END,202601309795269196
OH-01,R,2026,H6OH01138,C00912311,2025-07-01T00:00:00,2025-09-30T00:00:00,427380.24,11359.23,416021.01,OCTOBER QUARTERLY,202510159791331750
OH-05,R,2026,H8OH05036,C00438697,2026-04-16T00:00:00,2026-06-30T00:00:00,212076.53,102178.24,1040963.74,JULY QUARTERLY,202607159876008517
OH-05,R,2026,H8OH05036,C00438697,2026-04-01T00:00:00,2026-04-15T00:00:00,26297.0,47268.13,910094.32,PRE-PRIMARY,202607139874897641
OH-05,R,2026,H8OH05036,C00438697,2026-04-01T00:00:00,2026-04-15T00:00:00,19297.0,47268.13,903094.32,PRE-PRIMARY,202604239866689632
OH-05,R,2026,H8OH05036,C00438697,2026-01-01T00:00:00,2026-03-31T00:00:00,273153.16,364513.71,931065.45,APRIL QUARTERLY,202604159862987235
OH-05,R,2026,H8OH05036,C00438697,2025-10-01T00:00:00,2025-12-31T00:00:00,268275.6,81016.86,1022426.0,YEAR-END,202601319808904511
OH-05,R,2026,H8OH05036,C00438697,2025-07-01T00:00:00,2025-09-30T00:00:00,142773.68,223399.76,835167.26,OCTOBER QUARTERLY,202510159791207271
OH-05,R,2026,H8OH05036,C00438697,2025-04-01T00:00:00,2025-06-30T00:00:00,340714.39,146677.0,917793.34,JULY QUARTERLY,202507159763507766
OH-05,R,2026,H8OH05036,C00438697,2025-04-01T00:00:00,2025-06-30T00:00:00,338714.39,146677.0,915793.34,JULY QUARTERLY,202509059789845955
OH-05,R,2026,H8OH05036,C00438697,2025-01-01T00:00:00,2025-03-31T00:00:00,200357.16,73396.29,723755.95,APRIL QUARTERLY,202504159756059480
FL-25,R,2026,H6FL23188,C00932574,2026-04-01T00:00:00,2026-06-30T00:00:00,647227.5,920516.36,957798.12,JULY QUARTERLY,202607159875068672
FL-25,R,2026,H6FL23188,C00932574,2025-12-17T00:00:00,2026-03-31T00:00:00,1347715.25,116628.27,1231086.98,APRIL QUARTERLY,202606059870432384
FL-25,R,2026,H6FL23188,C00932574,2025-12-17T00:00:00,2026-03-31T00:00:00,1347715.25,116628.27,1231086.98,APRIL QUARTERLY,202604109857087455
CA-09,D,2026,H8CA10126,C00639146,2026-05-14T00:00:00,2026-06-30T00:00:00,369021.94,56811.06,4739488.08,JULY QUARTERLY,202607159875698653
CA-09,D,2026,H8CA10126,C00639146,2026-04-01T00:00:00,2026-05-13T00:00:00,590583.3,118987.65,4427277.2,PRE-PRIMARY,202605219870234682
CA-09,D,2026,H8CA10126,C00639146,2026-01-01T00:00:00,2026-03-31T00:00:00,374017.22,186293.56,3955681.55,APRIL QUARTERLY,202604159862521904
CA-09,D,2026,H8CA10126,C00639146,2025-10-01T00:00:00,2025-12-31T00:00:00,498205.55,151801.17,3767957.89,YEAR-END,202601309795253766
CA-09,D,2026,H8CA10126,C00639146,2025-07-01T00:00:00,2025-09-30T00:00:00,702381.99,181113.29,3421553.51,OCTOBER QUARTERLY,202510159791360155
CA-09,D,2026,H8CA10126,C00639146,2025-04-01T00:00:00,2025-06-30T00:00:00,814631.87,192566.54,2900284.81,JULY QUARTERLY,202507159763425717
CA-09,D,2026,H8CA10126,C00639146,2025-01-01T00:00:00,2025-03-31T00:00:00,734685.73,145297.97,2278219.48,APRIL QUARTERLY,202504159755483701
OH-14,R,2026,H2OH14064,C00527457,2026-04-16T00:00:00,2026-06-30T00:00:00,312633.43,107302.53,3121594.77,JULY QUARTERLY,202607159880446319
OH-14,R,2026,H2OH14064,C00527457,2026-04-01T00:00:00,2026-04-15T00:00:00,14251.0,286571.89,2916263.87,PRE-PRIMARY,202605189866981026
OH-14,R,2026,H2OH14064,C00527457,2026-04-01T00:00:00,2026-04-15T00:00:00,14251.0,286571.89,2876263.87,PRE-PRIMARY,202604239866689704
OH-14,R,2026,H2OH14064,C00527457,2026-01-01T00:00:00,2026-03-31T00:00:00,316466.24,428866.04,3148584.76,APRIL QUARTERLY,202604159863062803
OH-14,R,2026,H2OH14064,C00527457,2026-01-01T00:00:00,2026-03-31T00:00:00,316466.24,388866.04,3188584.76,APRIL QUARTERLY,202605189866980884
OH-14,R,2026,H2OH14064,C00527457,2025-10-01T00:00:00,2025-12-31T00:00:00,177962.7,56330.52,3260984.56,YEAR-END,202602029825904968
OH-14,R,2026,H2OH14064,C00527457,2025-10-01T00:00:00,2025-12-31T00:00:00,177962.7,56330.52,3260984.56,YEAR-END,202601319825644002
OH-14,R,2026,H2OH14064,C00527457,2025-07-01T00:00:00,2025-09-30T00:00:00,133360.52,37013.58,3139352.38,OCTOBER QUARTERLY,202510159791552386
OH-14,R,2026,H2OH14064,C00527457,2025-04-01T00:00:00,2025-06-30T00:00:00,194784.56,72266.08,3043005.44,JULY QUARTERLY,202507159763546276
OH-14,R,2026,H2OH14064,C00527457,2025-01-01T00:00:00,2025-03-31T00:00:00,263184.61,71073.1,2934986.96,APRIL QUARTERLY,202504159755931363
OH-14,R,2026,H2OH14064,C00527457,2025-01-01T00:00:00,2025-03-31T00:00:00,261184.61,83573.1,2920486.96,APRIL QUARTERLY,202507149762784984
NE-01,R,2026,H2NE01118,C00801241,2026-04-23T00:00:00,2026-06-30T00:00:00,371977.48,156571.66,1551250.81,JULY QUARTERLY,202607159875943508
NE-01,R,2026,H2NE01118,C00801241,2026-04-23T00:00:00,2026-06-30T00:00:00,381477.48,156571.66,1560750.81,JULY QUARTERLY,202607209890959183
NE-01,R,2026,H2NE01118,C00801241,2026-04-01T00:00:00,2026-04-22T00:00:00,34991.19,108079.2,1335844.99,PRE-PRIMARY,202605139866955843
NE-01,R,2026,H2NE01118,C00801241,2026-04-01T00:00:00,2026-04-22T00:00:00,34991.19,108079.2,1337344.99,PRE-PRIMARY,202604309866769758
NE-01,R,2026,H2NE01118,C00801241,2026-01-01T00:00:00,2026-03-31T00:00:00,399574.02,184731.77,1410433.0,APRIL QUARTERLY,202604159857671662
NE-01,R,2026,H2NE01118,C00801241,2026-01-01T00:00:00,2026-03-31T00:00:00,398074.02,184731.77,1408933.0,APRIL QUARTERLY,202605139866955732
NE-01,R,2026,H2NE01118,C00801241,2026-01-01T00:00:00,2026-03-31T00:00:00,398074.02,184731.77,1408933.0,APRIL QUARTERLY,202606169870686675
NE-01,R,2026,H2NE01118,C00801241,2025-10-01T00:00:00,2025-12-31T00:00:00,351555.26,175626.46,1195590.75,YEAR-END,202603039837886775
NE-01,R,2026,H2NE01118,C00801241,2025-10-01T00:00:00,2025-12-31T00:00:00,358555.26,175626.46,1202590.75,YEAR-END,202601309795283069
NE-01,R,2026,H2NE01118,C00801241,2025-07-01T00:00:00,2025-09-30T00:00:00,442380.85,113308.26,1019661.95,OCTOBER QUARTERLY,202510159791567768
NE-01,R,2026,H2NE01118,C00801241,2025-07-01T00:00:00,2025-09-30T00:00:00,442380.85,113308.26,1019661.95,OCTOBER QUARTERLY,202512119793491443
NE-01,R,2026,H2NE01118,C00801241,2025-04-01T00:00:00,2025-06-30T00:00:00,493477.0,165646.29,690589.36,JULY QUARTERLY,202508219789793639
NE-01,R,2026,H2NE01118,C00801241,2025-04-01T00:00:00,2025-06-30T00:00:00,493477.0,165646.29,690589.36,JULY QUARTERLY,202507159763463936
NE-01,R,2026,H2NE01118,C00801241,2025-01-01T00:00:00,2025-03-31T00:00:00,266954.43,124977.55,362758.65,APRIL QUARTERLY,202504159756052249
CA-48,R,2026,H6CA49128,C00895722,2026-05-14T00:00:00,2026-06-30T00:00:00,354227.64,213817.18,1230031.32,JULY QUARTERLY,202607159875531774
CA-48,R,2026,H6CA49128,C00895722,2026-04-01T00:00:00,2026-05-13T00:00:00,246566.84,221301.82,1089620.86,PRE-PRIMARY,202605219870249065
CA-48,R,2026,H6CA49128,C00895722,2026-01-01T00:00:00,2026-03-31T00:00:00,275874.11,163499.63,1064355.84,APRIL QUARTERLY,202604159857524477
CA-48,R,2026,H6CA49128,C00895722,2025-10-01T00:00:00,2025-12-31T00:00:00,254872.51,230077.78,951981.36,YEAR-END,202601309794953810
CA-48,R,2026,H6CA49128,C00895722,2025-07-01T00:00:00,2025-09-30T00:00:00,299814.73,77041.57,927186.63,OCTOBER QUARTERLY,202510159791101152
CA-48,R,2026,H6CA49128,C00895722,2025-04-01T00:00:00,2025-06-30T00:00:00,403623.8,84413.68,704413.47,JULY QUARTERLY,202510099790737064
CA-48,R,2026,H6CA49128,C00895722,2025-04-01T00:00:00,2025-06-30T00:00:00,403623.8,84413.68,704413.47,JULY QUARTERLY,202507159763106505
CA-48,R,2026,H6CA49128,C00895722,2025-01-01T00:00:00,2025-03-31T00:00:00,423856.18,38652.83,385203.35,APRIL QUARTERLY,202504159755481721
MI-02,R,2026,H4MI04126,C00561530,2026-07-01T00:00:00,2026-07-15T00:00:00,3248.26,25951.92,1905561.19,PRE-PRIMARY,202607229894417768
MI-02,R,2026,H4MI04126,C00561530,2026-04-01T00:00:00,2026-06-30T00:00:00,371836.22,164220.27,1928264.85,JULY QUARTERLY,202607159875161780
MI-02,R,2026,H4MI04126,C00561530,2026-01-01T00:00:00,2026-03-31T00:00:00,227729.39,200204.36,1720648.9,APRIL QUARTERLY,202604149857196772
MI-02,R,2026,H4MI04126,C00561530,2025-10-01T00:00:00,2025-12-31T00:00:00,166986.43,157441.25,1693123.87,YEAR-END,202605069866842531
MI-02,R,2026,H4MI04126,C00561530,2025-10-01T00:00:00,2025-12-31T00:00:00,166986.43,157441.25,1693123.87,YEAR-END,202601299794412939
MI-02,R,2026,H4MI04126,C00561530,2025-07-01T00:00:00,2025-09-30T00:00:00,259597.05,215336.8,1683578.69,OCTOBER QUARTERLY,202510159791107712
MI-02,R,2026,H4MI04126,C00561530,2025-04-01T00:00:00,2025-06-30T00:00:00,388952.45,145863.84,1639318.44,JULY QUARTERLY,202507149762822492
MI-02,R,2026,H4MI04126,C00561530,2025-04-01T00:00:00,2025-06-30T00:00:00,388952.45,145863.84,1639318.44,JULY QUARTERLY,202607139874899932
MI-02,R,2026,H4MI04126,C00561530,2025-01-01T00:00:00,2025-03-31T00:00:00,233885.0,119599.42,1396229.83,APRIL QUARTERLY,202504159756030413
CT-03,D,2026,H0CT03072,C00238865,2026-04-22T00:00:00,2026-06-30T00:00:00,223992.24,157368.96,349418.43,JULY QUARTERLY,202607159875596490
CT-03,D,2026,H0CT03072,C00238865,2026-04-01T00:00:00,2026-04-21T00:00:00,18508.02,14192.7,282795.15,PRE-CONVENTION,202604299866728540
CT-03,D,2026,H0CT03072,C00238865,2026-01-01T00:00:00,2026-03-31T00:00:00,220207.97,181325.47,278479.83,APRIL QUARTERLY,202604159857819831
CT-03,D,2026,H0CT03072,C00238865,2025-10-01T00:00:00,2025-12-31T00:00:00,148249.55,160969.58,239597.33,YEAR-END,202601319808421200
CT-03,D,2026,H0CT03072,C00238865,2025-07-01T00:00:00,2025-09-30T00:00:00,202391.94,122949.08,252317.36,OCTOBER QUARTERLY,202510159791450297
CT-03,D,2026,H0CT03072,C00238865,2025-04-01T00:00:00,2025-06-30T00:00:00,211101.08,173774.37,172874.5,JULY QUARTERLY,202507159763503713
CT-03,D,2026,H0CT03072,C00238865,2025-01-01T00:00:00,2025-03-31T00:00:00,127555.76,217456.06,135547.79,APRIL QUARTERLY,202504159756049564
CA-37,D,2026,H2CA37304,C00795823,2026-05-14T00:00:00,2026-06-30T00:00:00,246425.35,394537.13,185490.78,JULY QUARTERLY,202607159875638412
CA-37,D,2026,H2CA37304,C00795823,2026-04-01T00:00:00,2026-05-13T00:00:00,282976.64,128623.68,333602.56,PRE-PRIMARY,202605219870209056
CA-37,D,2026,H2CA37304,C00795823,2026-01-01T00:00:00,2026-03-31T00:00:00,164203.81,90168.73,179249.6,APRIL QUARTERLY,202604159857795372
CA-37,D,2026,H2CA37304,C00795823,2025-10-01T00:00:00,2025-12-31T00:00:00,88946.0,131475.36,105214.52,YEAR-END,202601309795147418
CA-37,D,2026,H2CA37304,C00795823,2025-07-01T00:00:00,2025-09-30T00:00:00,149781.67,88120.21,147743.88,OCTOBER QUARTERLY,202510219791976854
CA-37,D,2026,H2CA37304,C00795823,2025-07-01T00:00:00,2025-09-30T00:00:00,149781.67,88120.21,147743.88,OCTOBER QUARTERLY,202510159790918248
CA-37,D,2026,H2CA37304,C00795823,2025-07-01T00:00:00,2025-09-30T00:00:00,149781.67,88120.21,147743.88,OCTOBER QUARTERLY,202601219794110368
CA-37,D,2026,H2CA37304,C00795823,2025-04-01T00:00:00,2025-06-30T00:00:00,125527.63,141619.66,86082.42,JULY QUARTERLY,202507159763068373
CA-37,D,2026,H2CA37304,C00795823,2025-01-01T00:00:00,2025-03-31T00:00:00,92606.72,52430.25,102174.45,APRIL QUARTERLY,202504159755420303
FL-12,R,2026,H6FL09070,C00408534,2026-04-01T00:00:00,2026-06-30T00:00:00,468384.81,316839.41,586859.66,JULY QUARTERLY,202607159875237975
FL-12,R,2026,H6FL09070,C00408534,2026-01-01T00:00:00,2026-03-31T00:00:00,318473.98,230962.61,435314.26,APRIL QUARTERLY,202604159857269986
FL-12,R,2026,H6FL09070,C00408534,2025-10-01T00:00:00,2025-12-31T00:00:00,138538.94,107280.07,347802.89,YEAR-END,202601309794612254
FL-12,R,2026,H6FL09070,C00408534,2025-07-01T00:00:00,2025-09-30T00:00:00,178776.03,156231.59,316544.02,OCTOBER QUARTERLY,202510159790813910
FL-12,R,2026,H6FL09070,C00408534,2025-04-01T00:00:00,2025-06-30T00:00:00,161153.52,120064.98,293999.58,JULY QUARTERLY,202507149762782183
FL-12,R,2026,H6FL09070,C00408534,2025-01-01T00:00:00,2025-03-31T00:00:00,223995.43,92501.43,252911.04,APRIL QUARTERLY,202504159755357847
NJ-09,D,2026,H4NJ09194,C00887547,2026-05-14T00:00:00,2026-06-30T00:00:00,334454.99,50931.02,1793358.76,JULY QUARTERLY,202607159890097254
NJ-09,D,2026,H4NJ09194,C00887547,2026-04-01T00:00:00,2026-05-13T00:00:00,86344.42,145103.05,1509834.79,PRE-PRIMARY,202605219870238168
NJ-09,D,2026,H4NJ09194,C00887547,2026-01-01T00:00:00,2026-03-31T00:00:00,467853.5,219055.42,1568593.42,APRIL QUARTERLY,202604159862509143
NJ-09,D,2026,H4NJ09194,C00887547,2025-10-01T00:00:00,2025-12-31T00:00:00,427587.07,235162.54,1319795.34,YEAR-END,202601319808906579
NJ-09,D,2026,H4NJ09194,C00887547,2025-07-01T00:00:00,2025-09-30T00:00:00,491050.71,143380.26,1127370.81,OCTOBER QUARTERLY,202510159791372178
NJ-09,D,2026,H4NJ09194,C00887547,2025-04-01T00:00:00,2025-06-30T00:00:00,503523.98,140919.14,779700.36,JULY QUARTERLY,202507159763422853
NJ-09,D,2026,H4NJ09194,C00887547,2025-01-01T00:00:00,2025-03-31T00:00:00,351113.49,86491.53,417095.52,APRIL QUARTERLY,202504159755628968
NJ-09,D,2026,H4NJ09194,C00887547,2025-01-01T00:00:00,2025-03-31T00:00:00,351113.49,86491.53,417095.52,APRIL QUARTERLY,202507159763421715
IL-17,D,2026,H2IL17147,C00793935,2026-04-01T00:00:00,2026-06-30T00:00:00,382730.63,235830.28,1325642.13,JULY QUARTERLY,202607159875314359
IL-17,D,2026,H2IL17147,C00793935,2026-02-26T00:00:00,2026-03-31T00:00:00,279739.58,61241.58,1178741.78,APRIL QUARTERLY,202607159875687680
IL-17,D,2026,H2IL17147,C00793935,2026-02-26T00:00:00,2026-03-31T00:00:00,279739.58,62741.58,1177241.78,APRIL QUARTERLY,202604159857334929
IL-17,D,2026,H2IL17147,C00793935,2026-02-26T00:00:00,2026-03-31T00:00:00,279739.58,61241.58,1178741.78,APRIL QUARTERLY,202604159863081529
IL-17,D,2026,H2IL17147,C00793935,2026-01-01T00:00:00,2026-02-25T00:00:00,109116.03,73709.88,960243.78,PRE-PRIMARY,202603059837890571
IL-17,D,2026,H2IL17147,C00793935,2025-10-01T00:00:00,2025-12-31T00:00:00,279498.96,170395.29,924837.63,YEAR-END,202601319795326109
IL-17,D,2026,H2IL17147,C00793935,2025-10-01T00:00:00,2025-12-31T00:00:00,279498.96,170395.29,924837.63,YEAR-END,202604159857306767
IL-17,D,2026,H2IL17147,C00793935,2025-07-01T00:00:00,2025-09-30T00:00:00,457319.02,186327.19,815733.96,OCTOBER QUARTERLY,202510159790901889
IL-17,D,2026,H2IL17147,C00793935,2025-07-01T00:00:00,2025-09-30T00:00:00,457319.02,186327.19,815733.96,OCTOBER QUARTERLY,202604159857299694
IL-17,D,2026,H2IL17147,C00793935,2025-04-01T00:00:00,2025-06-30T00:00:00,399496.08,176784.18,544742.13,JULY QUARTERLY,202601319795322754
IL-17,D,2026,H2IL17147,C00793935,2025-04-01T00:00:00,2025-06-30T00:00:00,399496.08,176784.18,544742.13,JULY QUARTERLY,202507159762971454
IL-17,D,2026,H2IL17147,C00793935,2025-01-01T00:00:00,2025-03-31T00:00:00,325775.23,116539.28,322030.23,APRIL QUARTERLY,202504159755515553
MS-04,R,2026,H2MS04258,C00776393,2026-04-01T00:00:00,2026-06-30T00:00:00,101023.17,109241.55,123359.06,JULY QUARTERLY,202607159890802306
MS-04,R,2026,H2MS04258,C00776393,2026-02-19T00:00:00,2026-03-31T00:00:00,177811.63,154475.75,131577.44,APRIL QUARTERLY,202604159862291336
MS-04,R,2026,H2MS04258,C00776393,2026-01-01T00:00:00,2026-02-18T00:00:00,37776.13,351981.84,108241.56,PRE-PRIMARY,202602269837863400
MS-04,R,2026,H2MS04258,C00776393,2025-10-01T00:00:00,2025-12-31T00:00:00,224097.09,146620.64,422447.27,YEAR-END,202604119857102265
MS-04,R,2026,H2MS04258,C00776393,2025-10-01T00:00:00,2025-12-31T00:00:00,224097.09,146620.64,422447.27,YEAR-END,202601319795485783
MS-04,R,2026,H2MS04258,C00776393,2025-07-01T00:00:00,2025-09-30T00:00:00,272187.03,110028.73,344970.82,OCTOBER QUARTERLY,202510159791185203
MS-04,R,2026,H2MS04258,C00776393,2025-04-01T00:00:00,2025-06-30T00:00:00,114091.01,60776.51,182812.52,JULY QUARTERLY,202507159763256889
MS-04,R,2026,H2MS04258,C00776393,2025-01-01T00:00:00,2025-03-31T00:00:00,63119.79,85086.82,129498.02,APRIL QUARTERLY,202504159755648336
FL-09,R,2026,H4FL09182,C00869727,2026-04-01T00:00:00,2026-06-30T00:00:00,828152.92,253488.7,2716704.02,JULY QUARTERLY,202607159875751495
FL-09,R,2026,H4FL09182,C00869727,2026-01-01T00:00:00,2026-03-31T00:00:00,276126.62,133124.81,2142039.8,APRIL QUARTERLY,202604159862986579
FL-09,R,2026,H4FL09182,C00869727,2025-10-01T00:00:00,2025-12-31T00:00:00,16447.41,23660.68,1999037.99,YEAR-END,202604159862443002
FL-09,R,2026,H4FL09182,C00869727,2025-10-01T00:00:00,2025-12-31T00:00:00,17751.88,23658.98,1999027.57,YEAR-END,202601309794561523
FL-09,R,2026,H4FL09182,C00869727,2025-07-01T00:00:00,2025-09-30T00:00:00,2001409.69,825.0,2006251.26,OCTOBER QUARTERLY,202604159862439374
FL-09,R,2026,H4FL09182,C00869727,2025-07-01T00:00:00,2025-09-30T00:00:00,2000100.0,825.0,2004934.67,OCTOBER QUARTERLY,202510159790904682
FL-09,R,2026,H4FL09182,C00869727,2025-04-01T00:00:00,2025-06-30T00:00:00,6.9,601358.59,5666.57,JULY QUARTERLY,202604159862435323
FL-09,R,2026,H4FL09182,C00869727,2025-04-01T00:00:00,2025-06-30T00:00:00,0.0,558594.06,5659.67,JULY QUARTERLY,202507119762759713
FL-09,R,2026,H4FL09182,C00869727,2025-01-01T00:00:00,2025-03-31T00:00:00,0.0,1575.0,564253.73,APRIL QUARTERLY,202504159755350842
FL-09,R,2026,H4FL09182,C00869727,2025-01-01T00:00:00,2025-03-31T00:00:00,5385.37,1575.0,607018.26,APRIL QUARTERLY,202604159862390811
OK-05,R,2026,H0OK05205,C00703843,2026-05-28T00:00:00,2026-06-30T00:00:00,278810.57,126626.71,2021980.61,JULY QUARTERLY,202607149875017983
OK-05,R,2026,H0OK05205,C00703843,2026-04-01T00:00:00,2026-05-27T00:00:00,133919.97,141097.38,1869796.75,PRE-PRIMARY,202606039870363985
OK-05,R,2026,H0OK05205,C00703843,2026-01-01T00:00:00,2026-03-31T00:00:00,397526.91,260806.44,1876974.16,APRIL QUARTERLY,202604149857183825
OK-05,R,2026,H0OK05205,C00703843,2025-10-01T00:00:00,2025-12-31T00:00:00,143845.61,119042.45,1740253.69,YEAR-END,202601299794342417
OK-05,R,2026,H0OK05205,C00703843,2025-07-01T00:00:00,2025-09-30T00:00:00,271452.83,122272.86,1715450.53,OCTOBER QUARTERLY,202510159790860191
OK-05,R,2026,H0OK05205,C00703843,2025-04-01T00:00:00,2025-06-30T00:00:00,362424.48,112018.86,1566270.56,JULY QUARTERLY,202507149762828278
OK-05,R,2026,H0OK05205,C00703843,2025-04-01T00:00:00,2025-06-30T00:00:00,362424.48,112018.86,1566270.56,JULY QUARTERLY,202604169863151326
OK-05,R,2026,H0OK05205,C00703843,2025-01-01T00:00:00,2025-03-31T00:00:00,355526.91,125610.87,1315864.94,APRIL QUARTERLY,202504149755286700
OK-05,R,2026,H0OK05205,C00703843,2025-01-01T00:00:00,2025-03-31T00:00:00,355526.91,125610.87,1315864.94,APRIL QUARTERLY,202505229761679127
WI-04,D,2026,H4WI04183,C00397505,2026-04-01T00:00:00,2026-06-30T00:00:00,185624.52,211691.76,45490.92,JULY QUARTERLY,202607159890556690
WI-04,D,2026,H4WI04183,C00397505,2026-01-01T00:00:00,2026-03-31T00:00:00,163763.16,139622.13,71558.16,APRIL QUARTERLY,202604159863099531
WI-04,D,2026,H4WI04183,C00397505,2025-10-01T00:00:00,2025-12-31T00:00:00,137856.87,180042.78,47417.13,YEAR-END,202601319825739894
WI-04,D,2026,H4WI04183,C00397505,2025-07-01T00:00:00,2025-09-30T00:00:00,197425.4,157653.89,89603.04,OCTOBER QUARTERLY,202510309792073022
WI-04,D,2026,H4WI04183,C00397505,2025-07-01T00:00:00,2025-09-30T00:00:00,197425.4,157653.89,89603.04,OCTOBER QUARTERLY,202510159791539922
WI-04,D,2026,H4WI04183,C00397505,2025-04-01T00:00:00,2025-06-30T00:00:00,182971.05,180775.38,49831.53,JULY QUARTERLY,202507159763103447
WI-04,D,2026,H4WI04183,C00397505,2025-01-01T00:00:00,2025-03-31T00:00:00,162332.43,136944.02,47635.86,APRIL QUARTERLY,202504159755497721
NJ-01,D,2026,H4NJ01084,C00558320,2026-05-14T00:00:00,2026-06-30T00:00:00,224185.12,33947.7,2365598.9,JULY QUARTERLY,202607159875902042
NJ-01,D,2026,H4NJ01084,C00558320,2026-04-01T00:00:00,2026-05-13T00:00:00,83619.17,104385.61,2175361.48,PRE-PRIMARY,202605219870227158
NJ-01,D,2026,H4NJ01084,C00558320,2026-04-01T00:00:00,2026-05-13T00:00:00,83619.17,104385.61,2175361.48,PRE-PRIMARY,202607139874921437
NJ-01,D,2026,H4NJ01084,C00558320,2026-01-01T00:00:00,2026-03-31T00:00:00,522892.33,310536.2,2196127.92,APRIL QUARTERLY,202604159857707590
NJ-01,D,2026,H4NJ01084,C00558320,2025-10-01T00:00:00,2025-12-31T00:00:00,152462.37,243679.82,1983771.79,YEAR-END,202601319808407696
NJ-01,D,2026,H4NJ01084,C00558320,2025-07-01T00:00:00,2025-09-30T00:00:00,280897.31,139969.6,2074989.24,OCTOBER QUARTERLY,202510159791551399
NJ-01,D,2026,H4NJ01084,C00558320,2025-04-01T00:00:00,2025-06-30T00:00:00,270438.06,70173.54,1934061.53,JULY QUARTERLY,202507159763410162
NJ-01,D,2026,H4NJ01084,C00558320,2025-01-01T00:00:00,2025-03-31T00:00:00,123249.09,96940.41,1733797.01,APRIL QUARTERLY,202507119762768394
NJ-01,D,2026,H4NJ01084,C00558320,2025-01-01T00:00:00,2025-03-31T00:00:00,123249.09,94216.58,1736520.84,APRIL QUARTERLY,202504159755794867
OK-03,R,2026,H4OK06056,C00287912,2026-05-28T00:00:00,2026-06-30T00:00:00,177127.56,117495.8,532511.92,JULY QUARTERLY,202607149874981057
OK-03,R,2026,H4OK06056,C00287912,2026-04-01T00:00:00,2026-05-27T00:00:00,170931.01,539119.73,472880.16,PRE-PRIMARY,202606039870367188
OK-03,R,2026,H4OK06056,C00287912,2026-01-01T00:00:00,2026-03-31T00:00:00,86924.84,59333.17,841068.88,APRIL QUARTERLY,202604149857191934
OK-03,R,2026,H4OK06056,C00287912,2025-10-01T00:00:00,2025-12-31T00:00:00,104711.71,76829.06,813477.21,YEAR-END,202601299794401487
OK-03,R,2026,H4OK06056,C00287912,2025-07-01T00:00:00,2025-09-30T00:00:00,103097.62,52135.95,785594.56,OCTOBER QUARTERLY,202510149790788980
OK-03,R,2026,H4OK06056,C00287912,2025-04-01T00:00:00,2025-06-30T00:00:00,216298.06,51373.39,734632.89,JULY QUARTERLY,202507159763468023
OK-03,R,2026,H4OK06056,C00287912,2025-01-01T00:00:00,2025-03-31T00:00:00,48187.88,96764.92,569708.22,APRIL QUARTERLY,202504159756044634
VA-04,D,2026,H4VA04066,C00829812,2026-07-01T00:00:00,2026-07-15T00:00:00,10280.33,5301.24,197425.64,PRE-PRIMARY,202607239894434740
VA-04,D,2026,H4VA04066,C00829812,2026-04-01T00:00:00,2026-06-30T00:00:00,233896.9,169263.46,192446.55,JULY QUARTERLY,202607159875302763
VA-04,D,2026,H4VA04066,C00829812,2026-01-01T00:00:00,2026-03-31T00:00:00,144093.94,124559.98,127813.11,APRIL QUARTERLY,202604159862524574
VA-04,D,2026,H4VA04066,C00829812,2025-10-01T00:00:00,2025-12-31T00:00:00,167334.75,180712.09,108279.15,YEAR-END,202601319795593063
VA-04,D,2026,H4VA04066,C00829812,2025-07-01T00:00:00,2025-09-30T00:00:00,211757.55,197516.82,121656.49,OCTOBER QUARTERLY,202510159791278774
VA-04,D,2026,H4VA04066,C00829812,2025-07-01T00:00:00,2025-09-30T00:00:00,211757.55,197516.82,121656.49,OCTOBER QUARTERLY,202510159791305835
VA-04,D,2026,H4VA04066,C00829812,2025-04-01T00:00:00,2025-06-30T00:00:00,159478.83,151898.34,107415.76,JULY QUARTERLY,202507159762869087
VA-04,D,2026,H4VA04066,C00829812,2025-01-01T00:00:00,2025-03-31T00:00:00,208383.09,162649.03,99835.27,APRIL QUARTERLY,202504159755358722
NC-01,D,2026,H2NC02287,C00795211,2026-04-01T00:00:00,2026-06-30T00:00:00,1055300.09,365005.05,3570365.96,JULY QUARTERLY,202607159875931396
NC-01,D,2026,H2NC02287,C00795211,2026-02-12T00:00:00,2026-03-31T00:00:00,1027399.92,103504.09,2880070.92,APRIL QUARTERLY,202604149857234086
NC-01,D,2026,H2NC02287,C00795211,2026-01-01T00:00:00,2026-02-11T00:00:00,114534.68,91912.58,1956175.09,PRE-PRIMARY,202602199834816037
NC-01,D,2026,H2NC02287,C00795211,2025-10-01T00:00:00,2025-12-31T00:00:00,516476.99,139614.39,1933552.99,YEAR-END,202601309795266962
NC-01,D,2026,H2NC02287,C00795211,2025-07-01T00:00:00,2025-09-30T00:00:00,556512.26,112218.58,1556690.39,OCTOBER QUARTERLY,202510159791541824
NC-01,D,2026,H2NC02287,C00795211,2025-04-01T00:00:00,2025-06-30T00:00:00,689333.37,105379.46,1112396.71,JULY QUARTERLY,202510159791450513
NC-01,D,2026,H2NC02287,C00795211,2025-04-01T00:00:00,2025-06-30T00:00:00,689333.37,105379.46,1112396.71,JULY QUARTERLY,202507149762832111
NC-01,D,2026,H2NC02287,C00795211,2025-01-01T00:00:00,2025-03-31T00:00:00,327828.47,70227.41,528442.8,APRIL QUARTERLY,202507149762831232
NC-01,D,2026,H2NC02287,C00795211,2025-01-01T00:00:00,2025-03-31T00:00:00,327828.47,70227.41,528442.8,APRIL QUARTERLY,202504159755856653
IL-03,D,2026,H2IL03162,C00796672,2026-04-01T00:00:00,2026-06-30T00:00:00,168368.79,193151.41,946222.08,JULY QUARTERLY,202607229894417837
IL-03,D,2026,H2IL03162,C00796672,2026-04-01T00:00:00,2026-06-30T00:00:00,168368.79,193151.41,946222.08,JULY QUARTERLY,202607159875740285
IL-03,D,2026,H2IL03162,C00796672,2026-02-26T00:00:00,2026-03-31T00:00:00,96755.11,75495.93,971004.7,APRIL QUARTERLY,202604159857307960
IL-03,D,2026,H2IL03162,C00796672,2026-01-01T00:00:00,2026-02-25T00:00:00,50384.23,167627.34,949745.52,PRE-PRIMARY,202603059837894451
IL-03,D,2026,H2IL03162,C00796672,2025-10-01T00:00:00,2025-12-31T00:00:00,158897.26,141359.79,1066988.63,YEAR-END,202601299794401832
IL-03,D,2026,H2IL03162,C00796672,2025-07-01T00:00:00,2025-09-30T00:00:00,244360.45,171386.57,1049451.16,OCTOBER QUARTERLY,202510149790789771
IL-03,D,2026,H2IL03162,C00796672,2025-04-01T00:00:00,2025-06-30T00:00:00,498261.23,143969.16,976477.28,JULY QUARTERLY,202507159763305377
IL-03,D,2026,H2IL03162,C00796672,2025-01-01T00:00:00,2025-03-31T00:00:00,248253.15,93639.34,622185.21,APRIL QUARTERLY,202504159755420153
FL-16,R,2026,H6FL13148,C00412759,2026-04-01T00:00:00,2026-06-30T00:00:00,41.25,90077.11,995723.03,JULY QUARTERLY,202607159875700988
FL-16,R,2026,H6FL13148,C00412759,2026-01-01T00:00:00,2026-03-31T00:00:00,9798.6,362278.31,1085758.89,APRIL QUARTERLY,202604159862297404
FL-16,R,2026,H6FL13148,C00412759,2025-10-01T00:00:00,2025-12-31T00:00:00,140771.17,179648.3,1438238.6,YEAR-END,202601309794953664
FL-16,R,2026,H6FL13148,C00412759,2025-07-01T00:00:00,2025-09-30T00:00:00,140354.38,117965.32,1477115.73,OCTOBER QUARTERLY,202510159791364717
FL-16,R,2026,H6FL13148,C00412759,2025-04-01T00:00:00,2025-06-30T00:00:00,416863.1,151969.43,1454726.67,JULY QUARTERLY,202507159763369167
FL-16,R,2026,H6FL13148,C00412759,2025-01-01T00:00:00,2025-03-31T00:00:00,222030.95,81411.3,1189833.0,APRIL QUARTERLY,202504159755627398
AR-02,D,2026,H6AR02286,C00912899,2026-04-01T00:00:00,2026-06-30T00:00:00,376206.63,299219.33,191398.37,JULY QUARTERLY,202607159890683232
AR-02,D,2026,H6AR02286,C00912899,2026-02-12T00:00:00,2026-03-31T00:00:00,227460.54,153066.25,114411.07,APRIL QUARTERLY,202604159862587121
AR-02,D,2026,H6AR02286,C00912899,2026-01-01T00:00:00,2026-02-11T00:00:00,104450.37,164397.34,40016.78,PRE-PRIMARY,202604159862565791
AR-02,D,2026,H6AR02286,C00912899,2026-01-01T00:00:00,2026-02-11T00:00:00,104450.37,164397.34,40016.78,PRE-PRIMARY,202602199834796126
AR-02,D,2026,H6AR02286,C00912899,2025-10-01T00:00:00,2025-12-31T00:00:00,268195.56,293421.89,99963.75,YEAR-END,202604109857081454
AR-02,D,2026,H6AR02286,C00912899,2025-10-01T00:00:00,2025-12-31T00:00:00,268195.56,293421.89,99963.75,YEAR-END,202601319825778046
AR-02,D,2026,H6AR02286,C00912899,2025-07-01T00:00:00,2025-09-30T00:00:00,198101.22,72911.14,125190.08,OCTOBER QUARTERLY,202510159791538824
AR-02,D,2026,H6AR02286,C00912899,2025-07-01T00:00:00,2025-09-30T00:00:00,198101.22,72911.14,125190.08,OCTOBER QUARTERLY,202603319856921878
WA-06,D,2026,H4WA06117,C00857094,2026-07-01T00:00:00,2026-07-15T00:00:00,19825.5,11933.23,241630.83,PRE-PRIMARY,202607239894443080
WA-06,D,2026,H4WA06117,C00857094,2026-04-01T00:00:00,2026-06-30T00:00:00,227236.05,196697.46,233738.56,JULY QUARTERLY,202607159880521548
WA-06,D,2026,H4WA06117,C00857094,2026-01-01T00:00:00,2026-03-31T00:00:00,191962.98,181306.01,203199.97,APRIL QUARTERLY,202604159862260281
WA-06,D,2026,H4WA06117,C00857094,2025-10-01T00:00:00,2025-12-31T00:00:00,183484.47,180553.15,192543.0,YEAR-END,202601319795548135
WA-06,D,2026,H4WA06117,C00857094,2025-07-01T00:00:00,2025-09-30T00:00:00,199542.63,137928.9,189611.68,OCTOBER QUARTERLY,202510159790916687
WA-06,D,2026,H4WA06117,C00857094,2025-04-01T00:00:00,2025-06-30T00:00:00,203182.22,227210.87,127997.95,JULY QUARTERLY,202507159763436718
WA-06,D,2026,H4WA06117,C00857094,2025-01-01T00:00:00,2025-03-31T00:00:00,170012.85,45857.93,152026.6,APRIL QUARTERLY,202504159755632516
NY-22,D,2026,H4NY22085,C00845461,2026-06-04T00:00:00,2026-06-30T00:00:00,267512.45,68159.43,1842997.29,JULY QUARTERLY,202607159890622105
NY-22,D,2026,H4NY22085,C00845461,2026-04-01T00:00:00,2026-06-03T00:00:00,260187.11,185352.49,1643644.27,PRE-PRIMARY,202607159890623189
NY-22,D,2026,H4NY22085,C00845461,2026-04-01T00:00:00,2026-06-03T00:00:00,255143.47,180308.85,1643644.27,PRE-PRIMARY,202606119870624374
NY-22,D,2026,H4NY22085,C00845461,2026-01-01T00:00:00,2026-03-31T00:00:00,428278.43,194110.02,1568809.65,APRIL QUARTERLY,202604159862575467
NY-22,D,2026,H4NY22085,C00845461,2025-10-01T00:00:00,2025-12-31T00:00:00,454799.94,153106.98,1334641.24,YEAR-END,202607159890622571
NY-22,D,2026,H4NY22085,C00845461,2025-10-01T00:00:00,2025-12-31T00:00:00,452649.72,150956.76,1334641.24,YEAR-END,202601319795613866
NY-22,D,2026,H4NY22085,C00845461,2025-07-01T00:00:00,2025-09-30T00:00:00,424980.54,143201.38,1032948.28,OCTOBER QUARTERLY,202510159791031041
NY-22,D,2026,H4NY22085,C00845461,2025-04-01T00:00:00,2025-06-30T00:00:00,484551.06,144865.89,751169.12,JULY QUARTERLY,202507159763462215
NY-22,D,2026,H4NY22085,C00845461,2025-01-01T00:00:00,2025-03-31T00:00:00,374429.12,91186.47,411483.95,APRIL QUARTERLY,202504159755803499
CA-39,D,2026,H2CA43245,C00498667,2026-05-14T00:00:00,2026-06-30T00:00:00,172996.52,64806.45,186223.88,JULY QUARTERLY,202607159875943354
CA-39,D,2026,H2CA43245,C00498667,2026-04-01T00:00:00,2026-05-13T00:00:00,71559.06,81969.98,78033.81,PRE-PRIMARY,202605219870226442
CA-39,D,2026,H2CA43245,C00498667,2026-01-01T00:00:00,2026-03-31T00:00:00,124745.9,212798.93,88444.73,APRIL QUARTERLY,202604159862554976
CA-39,D,2026,H2CA43245,C00498667,2025-10-01T00:00:00,2025-12-31T00:00:00,122034.38,131987.87,176497.76,YEAR-END,202601319825656267
CA-39,D,2026,H2CA43245,C00498667,2025-07-01T00:00:00,2025-09-30T00:00:00,137942.39,179900.8,186451.25,OCTOBER QUARTERLY,202510159791478114
CA-39,D,2026,H2CA43245,C00498667,2025-04-01T00:00:00,2025-06-30T00:00:00,164463.86,187926.05,228409.66,JULY QUARTERLY,202507159763500690
CA-39,D,2026,H2CA43245,C00498667,2025-01-01T00:00:00,2025-03-31T00:00:00,100106.16,117404.19,251871.85,APRIL QUARTERLY,202504159755577976
WA-05,R,2026,H4WA05234,C00870758,2026-07-01T00:00:00,2026-07-15T00:00:00,28712.21,159810.12,953783.6,PRE-PRIMARY,202607239894434607
WA-05,R,2026,H4WA05234,C00870758,2026-04-01T00:00:00,2026-06-30T00:00:00,296277.24,184182.07,1084881.51,JULY QUARTERLY,202607159875311788
WA-05,R,2026,H4WA05234,C00870758,2026-01-01T00:00:00,2026-03-31T00:00:00,373010.06,126034.57,972786.34,APRIL QUARTERLY,202604159857582090
WA-05,R,2026,H4WA05234,C00870758,2025-10-01T00:00:00,2025-12-31T00:00:00,347816.79,138949.0,725810.85,YEAR-END,202601309794719394
WA-05,R,2026,H4WA05234,C00870758,2025-07-01T00:00:00,2025-09-30T00:00:00,231795.36,149792.05,516943.06,OCTOBER QUARTERLY,202510159791122916
WA-05,R,2026,H4WA05234,C00870758,2025-07-01T00:00:00,2025-09-30T00:00:00,231795.36,149792.05,516943.06,OCTOBER QUARTERLY,202601299794401616
WA-05,R,2026,H4WA05234,C00870758,2025-04-01T00:00:00,2025-06-30T00:00:00,228060.59,108993.37,434939.75,JULY QUARTERLY,202507159763098421
WA-05,R,2026,H4WA05234,C00870758,2025-04-01T00:00:00,2025-06-30T00:00:00,227492.12,108424.9,434939.75,JULY QUARTERLY,202601299794401322
WA-05,R,2026,H4WA05234,C00870758,2025-01-01T00:00:00,2025-03-31T00:00:00,233122.56,108814.7,315872.53,APRIL QUARTERLY,202504159755432356
WA-05,R,2026,H4WA05234,C00870758,2025-01-01T00:00:00,2025-03-31T00:00:00,233122.56,108814.7,315872.53,APRIL QUARTERLY,202505139761177900
WA-05,R,2026,H4WA05234,C00870758,2025-01-01T00:00:00,2025-03-31T00:00:00,233122.56,108814.7,315872.53,APRIL QUARTERLY,202505129760932231
KY-06,D,2026,H6KY06184,C00912261,2026-04-30T00:00:00,2026-06-30T00:00:00,507425.27,294439.52,491275.42,JULY QUARTERLY,202607159875313596
KY-06,D,2026,H6KY06184,C00912261,2026-04-01T00:00:00,2026-04-29T00:00:00,120887.07,299381.29,278289.67,PRE-PRIMARY,202605079866888135
KY-06,D,2026,H6KY06184,C00912261,2026-01-01T00:00:00,2026-03-31T00:00:00,283360.14,169858.25,456783.89,APRIL QUARTERLY,202604139857141966
KY-06,D,2026,H6KY06184,C00912261,2025-10-01T00:00:00,2025-12-31T00:00:00,262131.81,147827.18,343282.0,YEAR-END,202601309795194168
KY-06,D,2026,H6KY06184,C00912261,2025-06-13T00:00:00,2025-09-30T00:00:00,290050.48,61073.11,228977.37,OCTOBER QUARTERLY,202510159791405810
CT-04,D,2026,H8CT04172,C00434191,2026-04-22T00:00:00,2026-06-30T00:00:00,299048.82,129229.88,2517676.77,JULY QUARTERLY,202607159875673294
CT-04,D,2026,H8CT04172,C00434191,2026-04-01T00:00:00,2026-04-21T00:00:00,81572.7,33728.85,2347857.83,PRE-CONVENTION,202604299866715474
CT-04,D,2026,H8CT04172,C00434191,2026-01-01T00:00:00,2026-03-31T00:00:00,194999.96,133348.19,2300013.98,APRIL QUARTERLY,202604159862391037
CT-04,D,2026,H8CT04172,C00434191,2025-10-01T00:00:00,2025-12-31T00:00:00,208330.61,119608.12,2238362.21,YEAR-END,202601319795657126
CT-04,D,2026,H8CT04172,C00434191,2025-07-01T00:00:00,2025-09-30T00:00:00,188098.95,328071.66,2149639.72,OCTOBER QUARTERLY,202510159791207110
CT-04,D,2026,H8CT04172,C00434191,2025-04-01T00:00:00,2025-06-30T00:00:00,199477.64,129472.52,2289612.43,JULY QUARTERLY,202507159763429507
CT-04,D,2026,H8CT04172,C00434191,2025-01-01T00:00:00,2025-03-31T00:00:00,208031.8,95242.95,2219607.31,APRIL QUARTERLY,202504159756072562
FL-14,R,2026,H6FL14229,C00950766,2026-05-14T00:00:00,2026-06-30T00:00:00,2562201.8,963784.81,1598416.99,JULY QUARTERLY,202607159875712936
NY-03,R,2026,H0NY02267,C00937490,2026-06-04T00:00:00,2026-06-30T00:00:00,496535.78,560642.71,680945.95,JULY QUARTERLY,202607159885301585
NY-03,R,2026,H0NY02267,C00937490,2026-04-01T00:00:00,2026-06-03T00:00:00,301864.11,166527.91,722388.39,PRE-PRIMARY,202606119870624063
NY-03,R,2026,H0NY02267,C00937490,2026-04-01T00:00:00,2026-06-03T00:00:00,352963.38,198836.69,745052.88,PRE-PRIMARY,202606269874269085
NY-03,R,2026,H0NY02267,C00937490,2026-01-01T00:00:00,2026-03-31T00:00:00,691459.47,104407.28,587052.19,APRIL QUARTERLY,202604159862613962
NY-03,R,2026,H0NY02267,C00937490,2026-01-01T00:00:00,2026-03-31T00:00:00,695333.47,104407.28,590926.19,APRIL QUARTERLY,202606269874268611
CA-12,D,2026,H4CA12154,C00834291,2026-05-14T00:00:00,2026-06-30T00:00:00,186436.71,95986.44,777589.88,JULY QUARTERLY,202607159875301999
CA-12,D,2026,H4CA12154,C00834291,2026-04-01T00:00:00,2026-05-13T00:00:00,70668.97,95886.46,687139.61,PRE-PRIMARY,202605219870222597
CA-12,D,2026,H4CA12154,C00834291,2026-01-01T00:00:00,2026-03-31T00:00:00,275888.3,155427.04,712357.1,APRIL QUARTERLY,202605219870213893
CA-12,D,2026,H4CA12154,C00834291,2026-01-01T00:00:00,2026-03-31T00:00:00,275888.3,155427.04,712357.1,APRIL QUARTERLY,202604159857706837
CA-12,D,2026,H4CA12154,C00834291,2025-10-01T00:00:00,2025-12-31T00:00:00,186602.25,162560.15,591895.84,YEAR-END,202601309794804558
CA-12,D,2026,H4CA12154,C00834291,2025-07-01T00:00:00,2025-09-30T00:00:00,196169.35,130923.88,567853.74,OCTOBER QUARTERLY,202510149790795777
CA-12,D,2026,H4CA12154,C00834291,2025-04-01T00:00:00,2025-06-30T00:00:00,356153.74,172301.3,502608.27,JULY QUARTERLY,202507149762821537
CA-12,D,2026,H4CA12154,C00834291,2025-01-01T00:00:00,2025-03-31T00:00:00,177272.17,144171.05,318755.83,APRIL QUARTERLY,202504159755518693
CA-12,D,2026,H4CA12154,C00834291,2025-01-01T00:00:00,2025-03-31T00:00:00,177272.17,144171.05,318755.83,APRIL QUARTERLY,202507149762821266
IN-06,R,2026,H4IN06185,C00870949,2026-04-16T00:00:00,2026-06-30T00:00:00,78613.3,226278.46,1608234.89,JULY QUARTERLY,202607159875072162
IN-06,R,2026,H4IN06185,C00870949,2026-04-01T00:00:00,2026-04-15T00:00:00,2027.39,43513.38,1755900.05,PRE-PRIMARY,202604209863246455
IN-06,R,2026,H4IN06185,C00870949,2026-01-01T00:00:00,2026-03-31T00:00:00,50028.6,372068.86,1797386.04,APRIL QUARTERLY,202604159857760398
IN-06,R,2026,H4IN06185,C00870949,2025-10-01T00:00:00,2025-12-31T00:00:00,1089342.53,79714.05,2119426.3,YEAR-END,202601209794095044
IN-06,R,2026,H4IN06185,C00870949,2025-07-01T00:00:00,2025-09-30T00:00:00,1099284.27,82649.57,1109797.82,OCTOBER QUARTERLY,202510149790782132
IN-06,R,2026,H4IN06185,C00870949,2025-04-01T00:00:00,2025-06-30T00:00:00,60511.5,73720.57,93163.12,JULY QUARTERLY,202507159762847550
IN-06,R,2026,H4IN06185,C00870949,2025-01-01T00:00:00,2025-03-31T00:00:00,46997.13,72339.73,106372.19,APRIL QUARTERLY,202504149755287933
IN-06,R,2026,H4IN06185,C00870949,2025-01-01T00:00:00,2025-03-31T00:00:00,46997.13,72339.73,106372.19,APRIL QUARTERLY,202506309762555592
MS-02,D,2026,H4MS02068,C00279851,2026-04-01T00:00:00,2026-06-30T00:00:00,162244.65,127987.22,1449521.62,JULY QUARTERLY,202607139874915565
MS-02,D,2026,H4MS02068,C00279851,2026-02-19T00:00:00,2026-03-31T00:00:00,110776.1,240071.06,1415264.19,APRIL QUARTERLY,202604149857194513
MS-02,D,2026,H4MS02068,C00279851,2026-02-19T00:00:00,2026-03-31T00:00:00,110776.1,240071.06,1415264.19,APRIL QUARTERLY,202606309874287837
MS-02,D,2026,H4MS02068,C00279851,2026-01-01T00:00:00,2026-02-18T00:00:00,37453.63,152747.61,1544559.15,PRE-PRIMARY,202602239837834617
MS-02,D,2026,H4MS02068,C00279851,2025-10-01T00:00:00,2025-12-31T00:00:00,119155.15,125499.94,1659853.13,YEAR-END,202601299794399544
MS-02,D,2026,H4MS02068,C00279851,2025-07-01T00:00:00,2025-09-30T00:00:00,103876.49,157367.41,1666197.92,OCTOBER QUARTERLY,202510109790741926
MS-02,D,2026,H4MS02068,C00279851,2025-04-01T00:00:00,2025-06-30T00:00:00,182996.35,67701.51,1719688.84,JULY QUARTERLY,202509099789919436
MS-02,D,2026,H4MS02068,C00279851,2025-04-01T00:00:00,2025-06-30T00:00:00,182996.35,67701.51,1719688.84,JULY QUARTERLY,202507119762764042
MS-02,D,2026,H4MS02068,C00279851,2025-01-01T00:00:00,2025-03-31T00:00:00,54468.36,76238.59,1604394.0,APRIL QUARTERLY,202504119755216752
MS-02,D,2026,H4MS02068,C00279851,2025-01-01T00:00:00,2025-03-31T00:00:00,54468.36,76238.59,1604394.0,APRIL QUARTERLY,202506259762543701
TX-37,D,2026,H2TX35144,C00791897,2026-04-01T00:00:00,2026-06-30T00:00:00,115284.54,241214.74,597005.39,JULY QUARTERLY,202607159875451637
TX-37,D,2026,H2TX35144,C00791897,2026-02-12T00:00:00,2026-03-31T00:00:00,128312.85,57056.2,722935.59,APRIL QUARTERLY,202604159857601908
TX-37,D,2026,H2TX35144,C00791897,2026-01-01T00:00:00,2026-02-11T00:00:00,35304.7,44285.39,651678.94,PRE-PRIMARY,202602199834763989
TX-37,D,2026,H2TX35144,C00791897,2025-10-01T00:00:00,2025-12-31T00:00:00,131242.83,238521.52,660659.63,YEAR-END,202601319795495556
TX-37,D,2026,H2TX35144,C00791897,2025-07-01T00:00:00,2025-09-30T00:00:00,497889.3,180602.09,767938.32,OCTOBER QUARTERLY,202510159790896752
TX-37,D,2026,H2TX35144,C00791897,2025-04-01T00:00:00,2025-06-30T00:00:00,149861.43,121417.61,450651.11,JULY QUARTERLY,202507159762867217
TX-37,D,2026,H2TX35144,C00791897,2025-01-01T00:00:00,2025-03-31T00:00:00,114984.87,63616.54,422207.29,APRIL QUARTERLY,202504159755352292
KY-05,R,2026,H0KY05015,C00116632,2026-04-30T00:00:00,2026-06-30T00:00:00,102017.45,87387.1,874716.47,JULY QUARTERLY,202607159875359240
KY-05,R,2026,H0KY05015,C00116632,2026-04-01T00:00:00,2026-04-29T00:00:00,65255.11,353306.38,860086.12,PRE-PRIMARY,202605079866866134
KY-05,R,2026,H0KY05015,C00116632,2026-01-01T00:00:00,2026-03-31T00:00:00,247110.16,158112.21,1148137.39,APRIL QUARTERLY,202604159857681527
KY-05,R,2026,H0KY05015,C00116632,2025-10-01T00:00:00,2025-12-31T00:00:00,58674.48,74994.11,1059139.44,YEAR-END,202601309794690379
KY-05,R,2026,H0KY05015,C00116632,2025-07-01T00:00:00,2025-09-30T00:00:00,110854.38,37128.47,1075459.07,OCTOBER QUARTERLY,202510159790912346
KY-05,R,2026,H0KY05015,C00116632,2025-04-01T00:00:00,2025-06-30T00:00:00,201933.06,42342.06,1001733.16,JULY QUARTERLY,202507159763200992
KY-05,R,2026,H0KY05015,C00116632,2025-01-01T00:00:00,2025-03-31T00:00:00,63913.31,193022.88,842142.16,APRIL QUARTERLY,202504159755396945
NY-23,R,2026,H2NY23228,C00817932,2026-06-04T00:00:00,2026-06-30T00:00:00,350569.13,7852.23,2477497.8,JULY QUARTERLY,202607119874869374
NY-23,R,2026,H2NY23228,C00817932,2026-04-01T00:00:00,2026-06-03T00:00:00,117890.31,131039.78,2134780.9,PRE-PRIMARY,202606109870552281
NY-23,R,2026,H2NY23228,C00817932,2026-01-01T00:00:00,2026-03-31T00:00:00,400693.93,190374.25,2147930.37,APRIL QUARTERLY,202604149857183025
NY-23,R,2026,H2NY23228,C00817932,2025-10-01T00:00:00,2025-12-31T00:00:00,390908.29,162191.63,1937610.69,YEAR-END,202601299794342699
NY-23,R,2026,H2NY23228,C00817932,2025-07-01T00:00:00,2025-09-30T00:00:00,332118.03,177925.02,1708894.03,OCTOBER QUARTERLY,202510159790863525
NY-23,R,2026,H2NY23228,C00817932,2025-04-01T00:00:00,2025-06-30T00:00:00,307625.27,178561.91,1554701.02,JULY QUARTERLY,202507149762828043
NY-23,R,2026,H2NY23228,C00817932,2025-01-01T00:00:00,2025-03-31T00:00:00,426600.0,94770.43,1425637.66,APRIL QUARTERLY,202504149755301133
FL-04,R,2026,H2FL04211,C00816983,2026-04-01T00:00:00,2026-06-30T00:00:00,492508.55,191614.81,1538123.99,JULY QUARTERLY,202607159875063247
FL-04,R,2026,H2FL04211,C00816983,2026-01-01T00:00:00,2026-03-31T00:00:00,252847.56,104293.81,1237230.25,APRIL QUARTERLY,202604159857721710
FL-04,R,2026,H2FL04211,C00816983,2025-10-01T00:00:00,2025-12-31T00:00:00,250230.58,123474.77,1088676.5,YEAR-END,202601309794609559
FL-04,R,2026,H2FL04211,C00816983,2025-07-01T00:00:00,2025-09-30T00:00:00,265310.01,139883.24,961920.69,OCTOBER QUARTERLY,202510159791107303
FL-04,R,2026,H2FL04211,C00816983,2025-04-01T00:00:00,2025-06-30T00:00:00,370732.05,214110.59,836493.92,JULY QUARTERLY,202507159762851796
FL-04,R,2026,H2FL04211,C00816983,2025-01-01T00:00:00,2025-03-31T00:00:00,369817.88,164666.41,679872.46,APRIL QUARTERLY,202504159755855608
OH-07,R,2026,H2OH16051,C00770818,2026-04-16T00:00:00,2026-06-30T00:00:00,414975.51,212055.02,1379131.85,JULY QUARTERLY,202607159875781285
OH-07,R,2026,H2OH16051,C00770818,2026-04-01T00:00:00,2026-04-15T00:00:00,58172.93,68677.87,1176211.36,PRE-PRIMARY,202604239866687024
OH-07,R,2026,H2OH16051,C00770818,2026-01-01T00:00:00,2026-03-31T00:00:00,325718.85,164376.94,1186716.3,APRIL QUARTERLY,202606109870554962
OH-07,R,2026,H2OH16051,C00770818,2026-01-01T00:00:00,2026-03-31T00:00:00,325718.85,164376.94,1186716.3,APRIL QUARTERLY,202604159857743962
OH-07,R,2026,H2OH16051,C00770818,2025-10-01T00:00:00,2025-12-31T00:00:00,342047.41,160267.62,1025374.39,YEAR-END,202601309794925983
OH-07,R,2026,H2OH16051,C00770818,2025-07-01T00:00:00,2025-09-30T00:00:00,296509.52,157406.11,843594.6,OCTOBER QUARTERLY,202510159790897244
OH-07,R,2026,H2OH16051,C00770818,2025-04-01T00:00:00,2025-06-30T00:00:00,369331.6,81566.07,704491.19,JULY QUARTERLY,202507159763201587
OH-07,R,2026,H2OH16051,C00770818,2025-01-01T00:00:00,2025-03-31T00:00:00,335806.11,93609.84,416725.66,APRIL QUARTERLY,202504169756096416
OH-07,R,2026,H2OH16051,C00770818,2025-01-01T00:00:00,2025-03-31T00:00:00,335806.11,93609.84,416725.66,APRIL QUARTERLY,202504159755639301
MI-04,D,2026,H6MI04204,C00911784,2026-07-01T00:00:00,2026-07-15T00:00:00,111407.83,83103.54,1686239.57,PRE-PRIMARY,202607239894440571
MI-04,D,2026,H6MI04204,C00911784,2026-04-01T00:00:00,2026-06-30T00:00:00,919511.84,326184.17,1657935.28,JULY QUARTERLY,202607159875750380
MI-04,D,2026,H6MI04204,C00911784,2026-01-01T00:00:00,2026-03-31T00:00:00,1035272.05,230462.86,1064607.61,APRIL QUARTERLY,202607159875748618
MI-04,D,2026,H6MI04204,C00911784,2026-01-01T00:00:00,2026-03-31T00:00:00,1034224.01,228913.51,1065108.92,APRIL QUARTERLY,202604159857405851
MI-04,D,2026,H6MI04204,C00911784,2025-10-01T00:00:00,2025-12-31T00:00:00,253482.59,190890.68,259798.42,YEAR-END,202601319795585708
MI-04,D,2026,H6MI04204,C00911784,2025-07-01T00:00:00,2025-09-30T00:00:00,300336.58,103130.07,197206.51,OCTOBER QUARTERLY,202510159790853492
WA-03,R,2026,H6WA03275,C00915884,2026-07-01T00:00:00,2026-07-15T00:00:00,54392.66,400126.73,1063627.5,PRE-PRIMARY,202607239894444778
WA-03,R,2026,H6WA03275,C00915884,2026-04-01T00:00:00,2026-06-30T00:00:00,741808.04,250386.01,1409361.57,JULY QUARTERLY,202607159880599284
WA-03,R,2026,H6WA03275,C00915884,2026-01-01T00:00:00,2026-03-31T00:00:00,356710.86,142518.82,917939.54,APRIL QUARTERLY,202604159862339089
WA-03,R,2026,H6WA03275,C00915884,2025-10-01T00:00:00,2025-12-31T00:00:00,330207.44,115196.69,703747.5,YEAR-END,202601309795010935
WA-03,R,2026,H6WA03275,C00915884,2025-07-01T00:00:00,2025-09-30T00:00:00,509527.77,20791.02,488736.75,OCTOBER QUARTERLY,202510159791118471
TX-27,R,2026,H8TX27049,C00655332,2026-04-01T00:00:00,2026-06-30T00:00:00,159670.36,168374.37,271132.63,JULY QUARTERLY,202607159875238245
TX-27,R,2026,H8TX27049,C00655332,2026-02-12T00:00:00,2026-03-31T00:00:00,165747.01,110168.89,279836.64,APRIL QUARTERLY,202604159857539608
TX-27,R,2026,H8TX27049,C00655332,2026-01-01T00:00:00,2026-02-11T00:00:00,57422.82,78729.75,225627.52,PRE-PRIMARY,202602199834791411
TX-27,R,2026,H8TX27049,C00655332,2026-01-01T00:00:00,2026-02-11T00:00:00,56053.82,78729.75,224258.52,PRE-PRIMARY,202603309856916921
TX-27,R,2026,H8TX27049,C00655332,2025-10-01T00:00:00,2025-12-31T00:00:00,147312.76,189695.17,246934.45,YEAR-END,202601309794875006
TX-27,R,2026,H8TX27049,C00655332,2025-10-01T00:00:00,2025-12-31T00:00:00,147312.76,189695.17,246934.45,YEAR-END,202602129834310991
TX-27,R,2026,H8TX27049,C00655332,2025-07-01T00:00:00,2025-09-30T00:00:00,208874.45,114452.49,289316.86,OCTOBER QUARTERLY,202510159791093392
TX-27,R,2026,H8TX27049,C00655332,2025-04-01T00:00:00,2025-06-30T00:00:00,168677.77,158891.2,194894.9,JULY QUARTERLY,202507159763253525
TX-27,R,2026,H8TX27049,C00655332,2025-01-01T00:00:00,2025-03-31T00:00:00,155904.44,107673.4,185108.33,APRIL QUARTERLY,202504159755604999
FL-23,D,2026,H2FL14053,C00494856,2026-04-01T00:00:00,2026-06-30T00:00:00,359294.04,248898.99,1575363.65,JULY QUARTERLY,202607159875932212
FL-23,D,2026,H2FL14053,C00494856,2026-01-01T00:00:00,2026-03-31T00:00:00,415779.79,145680.97,1464968.6,APRIL QUARTERLY,202604159862507603
FL-23,D,2026,H2FL14053,C00494856,2025-10-01T00:00:00,2025-12-31T00:00:00,505845.22,266684.12,1194748.78,YEAR-END,202601319808872634
FL-23,D,2026,H2FL14053,C00494856,2025-07-01T00:00:00,2025-09-30T00:00:00,335635.9,75008.12,955587.68,OCTOBER QUARTERLY,202602259837850874
FL-23,D,2026,H2FL14053,C00494856,2025-07-01T00:00:00,2025-09-30T00:00:00,335635.9,75008.12,955587.68,OCTOBER QUARTERLY,202510159790917192
FL-23,D,2026,H2FL14053,C00494856,2025-04-01T00:00:00,2025-06-30T00:00:00,323698.25,123087.03,694959.9,JULY QUARTERLY,202507159762990547
FL-23,D,2026,H2FL14053,C00494856,2025-01-01T00:00:00,2025-03-31T00:00:00,274813.25,67785.82,494348.68,APRIL QUARTERLY,202504119755217250
CO-04,R,2026,H0CO03165,C00728238,2026-06-11T00:00:00,2026-06-30T00:00:00,60197.61,23894.12,247201.84,JULY QUARTERLY,202607159890686985
CO-04,R,2026,H0CO03165,C00728238,2026-04-01T00:00:00,2026-06-10T00:00:00,136980.11,86768.09,210898.35,PRE-PRIMARY,202606189870796674
CO-04,R,2026,H0CO03165,C00728238,2026-01-01T00:00:00,2026-03-31T00:00:00,89998.76,147978.21,160686.33,APRIL QUARTERLY,202604159862880996
CO-04,R,2026,H0CO03165,C00728238,2025-10-01T00:00:00,2025-12-31T00:00:00,174174.32,139854.63,218665.78,YEAR-END,202601319808406644
CO-04,R,2026,H0CO03165,C00728238,2025-07-01T00:00:00,2025-09-30T00:00:00,110051.01,99781.72,184346.09,OCTOBER QUARTERLY,202510159791551535
CO-04,R,2026,H0CO03165,C00728238,2025-04-01T00:00:00,2025-06-30T00:00:00,137069.45,247555.07,174076.8,JULY QUARTERLY,202507159763099138
CO-04,R,2026,H0CO03165,C00728238,2025-01-01T00:00:00,2025-03-31T00:00:00,301825.9,176408.53,284562.42,APRIL QUARTERLY,202504159756050171
CA-25,R,2026,H6CA25219,C00901785,2026-05-14T00:00:00,2026-06-30T00:00:00,50958.66,47681.53,14846.96,JULY QUARTERLY,202607159875972608
CA-25,R,2026,H6CA25219,C00901785,2026-04-01T00:00:00,2026-05-13T00:00:00,43545.27,83844.07,11569.83,PRE-PRIMARY,202605219870227213
CA-25,R,2026,H6CA25219,C00901785,2026-01-01T00:00:00,2026-03-31T00:00:00,122868.45,137033.35,51868.63,APRIL QUARTERLY,202605219870225139
CA-25,R,2026,H6CA25219,C00901785,2026-01-01T00:00:00,2026-03-31T00:00:00,122868.45,137033.35,51868.63,APRIL QUARTERLY,202604159862523640
CA-25,R,2026,H6CA25219,C00901785,2025-10-01T00:00:00,2025-12-31T00:00:00,138798.94,162242.15,66033.53,YEAR-END,202601319808286004
CA-25,R,2026,H6CA25219,C00901785,2025-07-01T00:00:00,2025-09-30T00:00:00,206739.58,218818.65,89476.74,OCTOBER QUARTERLY,202510159791445488
CA-25,R,2026,H6CA25219,C00901785,2025-04-01T00:00:00,2025-06-30T00:00:00,373585.44,272029.63,101555.81,JULY QUARTERLY,202507159763322835
TX-25,R,2026,H2TX33040,C00498121,2026-04-01T00:00:00,2026-06-30T00:00:00,122714.83,152345.56,1076189.08,JULY QUARTERLY,202607159890712165
TX-25,R,2026,H2TX33040,C00498121,2026-02-12T00:00:00,2026-03-31T00:00:00,312280.3,76305.93,1105819.81,APRIL QUARTERLY,202605289870302928
TX-25,R,2026,H2TX33040,C00498121,2026-02-12T00:00:00,2026-03-31T00:00:00,312280.3,76305.93,1105819.81,APRIL QUARTERLY,202604159862339900
TX-25,R,2026,H2TX33040,C00498121,2026-01-01T00:00:00,2026-02-11T00:00:00,49131.0,94790.03,869845.44,PRE-PRIMARY,202602199834780504
TX-25,R,2026,H2TX33040,C00498121,2025-10-01T00:00:00,2025-12-31T00:00:00,64347.91,178487.83,915504.47,YEAR-END,202601319795416121
TX-25,R,2026,H2TX33040,C00498121,2025-07-01T00:00:00,2025-09-30T00:00:00,270783.81,147798.21,1029644.39,OCTOBER QUARTERLY,202510159791168448
TX-25,R,2026,H2TX33040,C00498121,2025-04-01T00:00:00,2025-06-30T00:00:00,502845.34,141360.47,906658.79,JULY QUARTERLY,202507159763245440
TX-25,R,2026,H2TX33040,C00498121,2025-01-01T00:00:00,2025-03-31T00:00:00,101946.93,128273.97,545173.92,APRIL QUARTERLY,202504159755653687
WI-02,D,2026,H2WI02124,C00502179,2026-04-01T00:00:00,2026-06-30T00:00:00,134139.65,242983.05,863538.62,JULY QUARTERLY,202607159875709516
WI-02,D,2026,H2WI02124,C00502179,2026-01-01T00:00:00,2026-03-31T00:00:00,92185.88,152608.96,972382.02,APRIL QUARTERLY,202605129866920680
WI-02,D,2026,H2WI02124,C00502179,2026-01-01T00:00:00,2026-03-31T00:00:00,92185.88,152608.96,972382.02,APRIL QUARTERLY,202604159863077415
WI-02,D,2026,H2WI02124,C00502179,2025-10-01T00:00:00,2025-12-31T00:00:00,84769.09,107072.58,1032805.1,YEAR-END,202601319808278435
WI-02,D,2026,H2WI02124,C00502179,2025-10-01T00:00:00,2025-12-31T00:00:00,84769.09,107072.58,1032805.1,YEAR-END,202601319808573992
WI-02,D,2026,H2WI02124,C00502179,2025-07-01T00:00:00,2025-09-30T00:00:00,183325.8,200450.94,1055108.59,OCTOBER QUARTERLY,202510159791125282
WI-02,D,2026,H2WI02124,C00502179,2025-04-01T00:00:00,2025-06-30T00:00:00,210345.98,89340.39,1072233.73,JULY QUARTERLY,202507159763420009
WI-02,D,2026,H2WI02124,C00502179,2025-01-01T00:00:00,2025-03-31T00:00:00,72522.34,123511.16,951228.14,APRIL QUARTERLY,202504159755515279
MN-01,D,2026,H6MN01190,C00902684,2026-04-01T00:00:00,2026-06-30T00:00:00,650362.17,264292.7,957224.94,JULY QUARTERLY,202607159880513504
MN-01,D,2026,H6MN01190,C00902684,2026-01-01T00:00:00,2026-03-31T00:00:00,470839.81,202919.71,571155.47,APRIL QUARTERLY,202604159863100522
MN-01,D,2026,H6MN01190,C00902684,2025-10-01T00:00:00,2025-12-31T00:00:00,241082.04,196434.56,303235.37,YEAR-END,202604149857159816
MN-01,D,2026,H6MN01190,C00902684,2025-10-01T00:00:00,2025-12-31T00:00:00,241082.04,196333.66,303336.27,YEAR-END,202601319825739405
MN-01,D,2026,H6MN01190,C00902684,2025-07-01T00:00:00,2025-09-30T00:00:00,245287.7,141582.48,258587.89,OCTOBER QUARTERLY,202510159791549678
MN-01,D,2026,H6MN01190,C00902684,2025-07-01T00:00:00,2025-09-30T00:00:00,245287.7,141582.48,258587.89,OCTOBER QUARTERLY,202601129793944014
MN-01,D,2026,H6MN01190,C00902684,2025-04-01T00:00:00,2025-06-30T00:00:00,264104.05,109221.38,154882.67,JULY QUARTERLY,202507159763067816
MN-01,D,2026,H6MN01190,C00902684,2025-04-01T00:00:00,2025-06-30T00:00:00,264736.67,109854.0,154882.67,JULY QUARTERLY,202510159791542639
MN-01,D,2026,H6MN01190,C00902684,2025-04-01T00:00:00,2025-06-30T00:00:00,264736.67,109854.0,154882.67,JULY QUARTERLY,202512049793376188
MO-02,D,2026,H6MO02343,C00921528,2026-07-01T00:00:00,2026-07-15T00:00:00,35994.17,55233.82,242217.34,PRE-PRIMARY,202607239894422481
MO-02,D,2026,H6MO02343,C00921528,2026-04-01T00:00:00,2026-06-30T00:00:00,311096.02,296241.52,261456.99,JULY QUARTERLY,202607159875866875
MO-02,D,2026,H6MO02343,C00921528,2026-01-01T00:00:00,2026-03-31T00:00:00,378852.85,309445.04,246602.49,APRIL QUARTERLY,202604159857434679
MO-02,D,2026,H6MO02343,C00921528,2025-09-11T00:00:00,2025-12-31T00:00:00,429936.71,252742.03,177194.68,YEAR-END,202601269794194710
OH-06,R,2026,H4OH06165,C00858415,2026-04-16T00:00:00,2026-06-30T00:00:00,237987.15,292933.05,284711.01,JULY QUARTERLY,202607139874923952
OH-06,R,2026,H4OH06165,C00858415,2026-04-01T00:00:00,2026-04-15T00:00:00,14939.35,39290.49,339656.91,PRE-PRIMARY,202604239866684223
OH-06,R,2026,H4OH06165,C00858415,2026-01-01T00:00:00,2026-03-31T00:00:00,148581.36,94383.9,364008.05,APRIL QUARTERLY,202604139857136365
OH-06,R,2026,H4OH06165,C00858415,2025-10-01T00:00:00,2025-12-31T00:00:00,145232.96,110770.92,309810.59,YEAR-END,202601309795026713
OH-06,R,2026,H4OH06165,C00858415,2025-07-01T00:00:00,2025-09-30T00:00:00,185987.05,116028.81,275348.55,OCTOBER QUARTERLY,202510159790897374
OH-06,R,2026,H4OH06165,C00858415,2025-04-01T00:00:00,2025-06-30T00:00:00,258996.44,171161.6,205390.31,JULY QUARTERLY,202507159762875432
OH-06,R,2026,H4OH06165,C00858415,2025-01-01T00:00:00,2025-03-31T00:00:00,135828.52,88910.16,117555.47,APRIL QUARTERLY,202504159755370713
CA-24,D,2026,H6CA24303,C00576041,2026-05-14T00:00:00,2026-06-30T00:00:00,178470.17,100670.1,3383603.83,JULY QUARTERLY,202607159875535485
CA-24,D,2026,H6CA24303,C00576041,2026-05-14T00:00:00,2026-06-30T00:00:00,178470.17,100670.1,3383603.83,JULY QUARTERLY,202607229894418968
CA-24,D,2026,H6CA24303,C00576041,2026-04-01T00:00:00,2026-05-13T00:00:00,76165.16,101312.66,3305803.76,PRE-PRIMARY,202605219870209366
CA-24,D,2026,H6CA24303,C00576041,2026-04-01T00:00:00,2026-05-13T00:00:00,76165.16,101312.66,3305803.76,PRE-PRIMARY,202606189870742286
CA-24,D,2026,H6CA24303,C00576041,2026-01-01T00:00:00,2026-03-31T00:00:00,233162.29,160449.48,3330951.26,APRIL QUARTERLY,202606189870741078
CA-24,D,2026,H6CA24303,C00576041,2026-01-01T00:00:00,2026-03-31T00:00:00,233162.29,160449.48,3330951.26,APRIL QUARTERLY,202604159857524051
CA-24,D,2026,H6CA24303,C00576041,2025-10-01T00:00:00,2025-12-31T00:00:00,159681.11,108009.8,3258238.45,YEAR-END,202601309795049310
CA-24,D,2026,H6CA24303,C00576041,2025-07-01T00:00:00,2025-09-30T00:00:00,191148.71,121040.45,3206567.14,OCTOBER QUARTERLY,202607099874842452
CA-24,D,2026,H6CA24303,C00576041,2025-07-01T00:00:00,2025-09-30T00:00:00,191148.71,121040.45,3206567.14,OCTOBER QUARTERLY,202510159791116501
CA-24,D,2026,H6CA24303,C00576041,2025-07-01T00:00:00,2025-09-30T00:00:00,190148.71,121040.45,3205567.14,OCTOBER QUARTERLY,202510159790909568
CA-24,D,2026,H6CA24303,C00576041,2025-04-01T00:00:00,2025-06-30T00:00:00,222065.27,174853.53,3136458.88,JULY QUARTERLY,202507159763098174
CA-24,D,2026,H6CA24303,C00576041,2025-01-01T00:00:00,2025-03-31T00:00:00,589662.7,144285.07,3089247.14,APRIL QUARTERLY,202504239756382302
CA-24,D,2026,H6CA24303,C00576041,2025-01-01T00:00:00,2025-03-31T00:00:00,589662.7,144285.07,3089247.14,APRIL QUARTERLY,202504159755415960
AL-06,R,2026,H4AL06098,C00551374,2026-04-30T00:00:00,2026-06-30T00:00:00,227979.03,326450.98,257660.88,JULY QUARTERLY,202607159875596958
AL-06,R,2026,H4AL06098,C00551374,2026-04-01T00:00:00,2026-04-29T00:00:00,75008.56,86657.15,356132.83,PRE-PRIMARY,202605229870271800
AL-06,R,2026,H4AL06098,C00551374,2026-04-01T00:00:00,2026-04-29T00:00:00,75008.56,86657.15,356132.83,PRE-PRIMARY,202605079866847739
AL-06,R,2026,H4AL06098,C00551374,2026-01-01T00:00:00,2026-03-31T00:00:00,193414.2,129695.15,367781.42,APRIL QUARTERLY,202604159857802027
AL-06,R,2026,H4AL06098,C00551374,2026-01-01T00:00:00,2026-03-31T00:00:00,193414.2,129695.15,367781.42,APRIL QUARTERLY,202605229870271720
AL-06,R,2026,H4AL06098,C00551374,2025-10-01T00:00:00,2025-12-31T00:00:00,147501.75,73483.5,304062.37,YEAR-END,202601309794871110
AL-06,R,2026,H4AL06098,C00551374,2025-07-01T00:00:00,2025-09-30T00:00:00,52788.85,119773.64,230044.12,OCTOBER QUARTERLY,202510159790874366
AL-06,R,2026,H4AL06098,C00551374,2025-04-01T00:00:00,2025-06-30T00:00:00,245592.72,104549.9,297028.91,JULY QUARTERLY,202507159763103167
AL-06,R,2026,H4AL06098,C00551374,2025-01-01T00:00:00,2025-03-31T00:00:00,69280.46,66533.69,155986.09,APRIL QUARTERLY,202504159755638591
CA-38,D,2026,H6CA38139,C00917542,2026-05-14T00:00:00,2026-06-30T00:00:00,112679.0,446762.14,154502.78,JULY QUARTERLY,202607159875198347
CA-38,D,2026,H6CA38139,C00917542,2026-04-01T00:00:00,2026-05-13T00:00:00,196175.94,297154.19,488585.92,PRE-PRIMARY,202605219870258102
CA-38,D,2026,H6CA38139,C00917542,2026-01-01T00:00:00,2026-03-31T00:00:00,299435.23,107899.84,589564.17,APRIL QUARTERLY,202604159862273331
CA-38,D,2026,H6CA38139,C00917542,2025-10-01T00:00:00,2025-12-31T00:00:00,270094.0,41480.46,398028.78,YEAR-END,202605019866783233
CA-38,D,2026,H6CA38139,C00917542,2025-10-01T00:00:00,2025-12-31T00:00:00,270094.0,41480.46,398028.78,YEAR-END,202601319808433774
CA-38,D,2026,H6CA38139,C00917542,2025-07-01T00:00:00,2025-09-30T00:00:00,171150.0,1734.76,169415.24,OCTOBER QUARTERLY,202510159791306401
CA-38,D,2026,H6CA38139,C00917542,2025-07-01T00:00:00,2025-09-30T00:00:00,171150.0,1734.76,169415.24,OCTOBER QUARTERLY,202604309866741283
OH-15,D,2026,H4OH15083,C00856823,2026-04-16T00:00:00,2026-06-30T00:00:00,93362.54,377639.27,18428.46,JULY QUARTERLY,202607159875601745
OH-15,D,2026,H4OH15083,C00856823,2026-04-01T00:00:00,2026-04-15T00:00:00,33380.71,145630.38,302705.19,PRE-PRIMARY,202604239866688620
OH-15,D,2026,H4OH15083,C00856823,2026-01-01T00:00:00,2026-03-31T00:00:00,253823.6,147968.52,414954.86,APRIL QUARTERLY,202604159857788503
OH-15,D,2026,H4OH15083,C00856823,2025-10-01T00:00:00,2025-12-31T00:00:00,244663.9,110003.97,309099.78,YEAR-END,202601219794113562
OH-15,D,2026,H4OH15083,C00856823,2025-07-01T00:00:00,2025-09-30T00:00:00,182815.48,71145.57,174439.85,OCTOBER QUARTERLY,202510149790776566
OH-15,D,2026,H4OH15083,C00856823,2025-04-01T00:00:00,2025-06-30T00:00:00,77436.31,34720.73,62769.94,JULY QUARTERLY,202507159763261393
OH-15,D,2026,H4OH15083,C00856823,2025-01-01T00:00:00,2025-03-31T00:00:00,20392.26,3951.53,20054.36,APRIL QUARTERLY,202504079755055367
OH-12,D,2026,H8OH15050,C00856823,2026-04-16T00:00:00,2026-06-30T00:00:00,93362.54,377639.27,18428.46,JULY QUARTERLY,202607159875601745
OH-12,D,2026,H8OH15050,C00856823,2026-04-01T00:00:00,2026-04-15T00:00:00,33380.71,145630.38,302705.19,PRE-PRIMARY,202604239866688620
OH-12,D,2026,H8OH15050,C00856823,2026-01-01T00:00:00,2026-03-31T00:00:00,253823.6,147968.52,414954.86,APRIL QUARTERLY,202604159857788503
OH-12,D,2026,H8OH15050,C00856823,2025-10-01T00:00:00,2025-12-31T00:00:00,244663.9,110003.97,309099.78,YEAR-END,202601219794113562
OH-12,D,2026,H8OH15050,C00856823,2025-07-01T00:00:00,2025-09-30T00:00:00,182815.48,71145.57,174439.85,OCTOBER QUARTERLY,202510149790776566
OH-12,D,2026,H8OH15050,C00856823,2025-04-01T00:00:00,2025-06-30T00:00:00,77436.31,34720.73,62769.94,JULY QUARTERLY,202507159763261393
OH-12,D,2026,H8OH15050,C00856823,2025-01-01T00:00:00,2025-03-31T00:00:00,20392.26,3951.53,20054.36,APRIL QUARTERLY,202504079755055367
MN-03,D,2026,H4MN03118,C00856062,2026-04-01T00:00:00,2026-06-30T00:00:00,258744.89,183474.71,413020.79,JULY QUARTERLY,202607159875214370
MN-03,D,2026,H4MN03118,C00856062,2026-01-01T00:00:00,2026-03-31T00:00:00,242288.42,131681.91,337750.61,APRIL QUARTERLY,202604159857430799
MN-03,D,2026,H4MN03118,C00856062,2025-10-01T00:00:00,2025-12-31T00:00:00,165803.89,124414.22,227144.1,YEAR-END,202601319795548586
MN-03,D,2026,H4MN03118,C00856062,2025-07-01T00:00:00,2025-09-30T00:00:00,216170.37,184816.37,185754.43,OCTOBER QUARTERLY,202510159790975254
MN-03,D,2026,H4MN03118,C00856062,2025-04-01T00:00:00,2025-06-30T00:00:00,171406.13,164756.8,154400.43,JULY QUARTERLY,202510159790917361
MN-03,D,2026,H4MN03118,C00856062,2025-04-01T00:00:00,2025-06-30T00:00:00,171406.13,164756.8,154400.43,JULY QUARTERLY,202507159763065650
MN-03,D,2026,H4MN03118,C00856062,2025-01-01T00:00:00,2025-03-31T00:00:00,223932.11,101569.56,147751.1,APRIL QUARTERLY,202510159790912175
MN-03,D,2026,H4MN03118,C00856062,2025-01-01T00:00:00,2025-03-31T00:00:00,223467.15,101104.6,147751.1,APRIL QUARTERLY,202504159755439932
IL-12,R,2026,H4IL12060,C00546499,2026-04-01T00:00:00,2026-06-30T00:00:00,219680.97,136116.45,789999.12,JULY QUARTERLY,202607159875746036
IL-12,R,2026,H4IL12060,C00546499,2026-02-26T00:00:00,2026-03-31T00:00:00,301416.8,75800.9,706434.6,APRIL QUARTERLY,202604159862265861
IL-12,R,2026,H4IL12060,C00546499,2026-01-01T00:00:00,2026-02-25T00:00:00,63623.6,59293.81,480818.7,PRE-PRIMARY,202603059837893262
IL-12,R,2026,H4IL12060,C00546499,2025-10-01T00:00:00,2025-12-31T00:00:00,108963.04,185418.65,476488.91,YEAR-END,202601309795077157
IL-12,R,2026,H4IL12060,C00546499,2025-07-01T00:00:00,2025-09-30T00:00:00,202054.79,122329.63,577944.52,OCTOBER QUARTERLY,202510159791305089
IL-12,R,2026,H4IL12060,C00546499,2025-07-01T00:00:00,2025-09-30T00:00:00,202054.79,147329.63,552944.52,OCTOBER QUARTERLY,202512019793354486
IL-12,R,2026,H4IL12060,C00546499,2025-04-01T00:00:00,2025-06-30T00:00:00,283598.27,135478.67,498219.36,JULY QUARTERLY,202507159763313525
IL-12,R,2026,H4IL12060,C00546499,2025-01-01T00:00:00,2025-03-31T00:00:00,147887.33,150083.58,350099.76,APRIL QUARTERLY,202504159755797613
OR-03,D,2026,H4OR03192,C00859108,2026-04-30T00:00:00,2026-06-30T00:00:00,129855.92,137002.93,173686.59,JULY QUARTERLY,202607159875920445
OR-03,D,2026,H4OR03192,C00859108,2026-04-01T00:00:00,2026-04-29T00:00:00,60994.92,53449.8,180833.6,PRE-PRIMARY,202605079866896744
OR-03,D,2026,H4OR03192,C00859108,2026-01-01T00:00:00,2026-03-31T00:00:00,195540.98,222073.8,173288.48,APRIL QUARTERLY,202604159862392538
OR-03,D,2026,H4OR03192,C00859108,2025-10-01T00:00:00,2025-12-31T00:00:00,136910.59,109018.35,199821.3,YEAR-END,202601319795738999
OR-03,D,2026,H4OR03192,C00859108,2025-07-01T00:00:00,2025-09-30T00:00:00,150788.71,168249.71,171929.06,OCTOBER QUARTERLY,202510159790879680
OR-03,D,2026,H4OR03192,C00859108,2025-04-01T00:00:00,2025-06-30T00:00:00,167118.78,140790.2,189390.06,JULY QUARTERLY,202507159763447205
OR-03,D,2026,H4OR03192,C00859108,2025-01-01T00:00:00,2025-03-31T00:00:00,197303.9,56728.79,163061.48,APRIL QUARTERLY,202504159755797339
CA-02,D,2026,H2CA06259,C00536680,2026-05-14T00:00:00,2026-06-30T00:00:00,109766.7,111793.93,1075956.32,JULY QUARTERLY,202607159875784898
CA-02,D,2026,H2CA06259,C00536680,2026-04-01T00:00:00,2026-05-13T00:00:00,170354.56,137673.93,1077983.55,PRE-PRIMARY,202606039870367278
CA-02,D,2026,H2CA06259,C00536680,2026-04-01T00:00:00,2026-05-13T00:00:00,170354.56,137673.93,1077983.55,PRE-PRIMARY,202606099870550682
CA-02,D,2026,H2CA06259,C00536680,2026-04-01T00:00:00,2026-05-13T00:00:00,170354.56,133218.93,1077983.55,PRE-PRIMARY,202605219870237906
CA-02,D,2026,H2CA06259,C00536680,2026-04-01T00:00:00,2026-05-13T00:00:00,170354.56,137673.93,1077983.55,PRE-PRIMARY,202605319870347867
CA-02,D,2026,H2CA06259,C00536680,2026-01-01T00:00:00,2026-03-31T00:00:00,142246.36,116219.18,1045602.92,APRIL QUARTERLY,202604159862510261
CA-02,D,2026,H2CA06259,C00536680,2026-01-01T00:00:00,2026-03-31T00:00:00,141946.36,116219.18,1045302.92,APRIL QUARTERLY,202605319870347475
CA-02,D,2026,H2CA06259,C00536680,2026-01-01T00:00:00,2026-03-31T00:00:00,141946.36,116219.18,1045302.92,APRIL QUARTERLY,202606039870367684
CA-02,D,2026,H2CA06259,C00536680,2025-10-01T00:00:00,2025-12-31T00:00:00,111198.55,114557.16,1019752.74,YEAR-END,202601309795231820
CA-02,D,2026,H2CA06259,C00536680,2025-10-01T00:00:00,2025-12-31T00:00:00,111021.55,114557.16,1019575.74,YEAR-END,202603199853641272
CA-02,D,2026,H2CA06259,C00536680,2025-07-01T00:00:00,2025-09-30T00:00:00,141172.68,75464.7,1023111.35,OCTOBER QUARTERLY,202510159791370301
CA-02,D,2026,H2CA06259,C00536680,2025-07-01T00:00:00,2025-09-30T00:00:00,141172.68,75464.7,1023111.35,OCTOBER QUARTERLY,202603199853641048
CA-02,D,2026,H2CA06259,C00536680,2025-04-01T00:00:00,2025-06-30T00:00:00,128171.86,148802.51,957403.37,JULY QUARTERLY,202603199853640813
CA-02,D,2026,H2CA06259,C00536680,2025-04-01T00:00:00,2025-06-30T00:00:00,128171.86,148802.51,957403.37,JULY QUARTERLY,202507159763502386
CA-02,D,2026,H2CA06259,C00536680,2025-01-01T00:00:00,2025-03-31T00:00:00,175843.27,182452.19,979314.02,APRIL QUARTERLY,202506199762351479
CA-02,D,2026,H2CA06259,C00536680,2025-01-01T00:00:00,2025-03-31T00:00:00,175843.27,182452.19,978034.02,APRIL QUARTERLY,202510079790716554
CA-02,D,2026,H2CA06259,C00536680,2025-01-01T00:00:00,2025-03-31T00:00:00,172843.27,182452.19,976314.02,APRIL QUARTERLY,202504159755626984
CA-02,D,2026,H2CA06259,C00536680,2025-01-01T00:00:00,2025-03-31T00:00:00,175843.27,182452.19,979314.02,APRIL QUARTERLY,202505019758905663
CA-02,D,2026,H2CA06259,C00536680,2025-01-01T00:00:00,2025-03-31T00:00:00,175843.27,182452.19,978034.02,APRIL QUARTERLY,202603199853640597
OH-11,D,2026,H2OH11169,C00764381,2026-04-16T00:00:00,2026-06-30T00:00:00,320142.05,190517.88,1156555.94,JULY QUARTERLY,202607159875396682
OH-11,D,2026,H2OH11169,C00764381,2026-04-01T00:00:00,2026-04-15T00:00:00,13416.5,142249.68,1026931.77,PRE-PRIMARY,202604239866683891
OH-11,D,2026,H2OH11169,C00764381,2026-01-01T00:00:00,2026-03-31T00:00:00,177999.94,110903.36,1155764.95,APRIL QUARTERLY,202604159857523621
OH-11,D,2026,H2OH11169,C00764381,2025-10-01T00:00:00,2025-12-31T00:00:00,194938.51,157995.43,1088668.37,YEAR-END,202601309794752044
OH-11,D,2026,H2OH11169,C00764381,2025-07-01T00:00:00,2025-09-30T00:00:00,175586.99,96353.35,1051725.29,OCTOBER QUARTERLY,202510159791118274
OH-11,D,2026,H2OH11169,C00764381,2025-04-01T00:00:00,2025-06-30T00:00:00,185803.12,80830.63,972491.65,JULY QUARTERLY,202507159763253432
OH-11,D,2026,H2OH11169,C00764381,2025-01-01T00:00:00,2025-03-31T00:00:00,115756.14,104051.04,867519.16,APRIL QUARTERLY,202504159755527734
NY-14,R,2026,H2NY14128,C00782581,2026-04-01T00:00:00,2026-06-30T00:00:00,61078.11,96306.34,2738.07,JULY QUARTERLY,202607139874915222
NY-14,R,2026,H2NY14128,C00782581,2026-01-01T00:00:00,2026-03-31T00:00:00,143060.16,127321.44,37966.3,APRIL QUARTERLY,202604119857115510
NY-14,R,2026,H2NY14128,C00782581,2025-10-01T00:00:00,2025-12-31T00:00:00,95322.2,76628.35,22227.58,YEAR-END,202601199794074648
NY-14,R,2026,H2NY14128,C00782581,2025-07-01T00:00:00,2025-09-30T00:00:00,207264.18,243619.13,3533.73,OCTOBER QUARTERLY,202510149790798294
NY-14,R,2026,H2NY14128,C00782581,2025-04-01T00:00:00,2025-06-30T00:00:00,252749.39,286826.4,39888.68,JULY QUARTERLY,202507149762832667
NY-14,R,2026,H2NY14128,C00782581,2025-01-01T00:00:00,2025-03-31T00:00:00,43666.65,51916.01,73965.69,APRIL QUARTERLY,202504149755300631
HI-01,D,2026,H6HI01311,C00913848,2026-07-01T00:00:00,2026-07-19T00:00:00,127774.95,224491.45,81387.38,PRE-PRIMARY,202607279894479306
HI-01,D,2026,H6HI01311,C00913848,2026-04-01T00:00:00,2026-06-30T00:00:00,247337.71,321558.09,178103.88,JULY QUARTERLY,202607159890068836
HI-01,D,2026,H6HI01311,C00913848,2026-01-01T00:00:00,2026-03-31T00:00:00,210367.98,162611.86,252324.26,APRIL QUARTERLY,202604159857300565
HI-01,D,2026,H6HI01311,C00913848,2025-10-01T00:00:00,2025-12-31T00:00:00,149974.25,117842.1,204568.14,YEAR-END,202601309794957508
HI-01,D,2026,H6HI01311,C00913848,2025-07-29T00:00:00,2025-09-30T00:00:00,228003.55,55567.56,172435.99,OCTOBER QUARTERLY,202510159791513651
PA-16,R,2026,H0PA03271,C00474189,2026-04-30T00:00:00,2026-06-30T00:00:00,282154.03,141911.33,1329346.93,JULY QUARTERLY,202607159875771630
PA-16,R,2026,H0PA03271,C00474189,2026-04-01T00:00:00,2026-04-29T00:00:00,40184.95,22851.51,1189104.23,PRE-PRIMARY,202605079866885449
PA-16,R,2026,H0PA03271,C00474189,2026-01-01T00:00:00,2026-03-31T00:00:00,177156.63,137759.63,1171770.79,APRIL QUARTERLY,202604159862443115
PA-16,R,2026,H0PA03271,C00474189,2025-10-01T00:00:00,2025-12-31T00:00:00,142638.66,134329.27,1132373.79,YEAR-END,202601309795147526
PA-16,R,2026,H0PA03271,C00474189,2025-07-01T00:00:00,2025-09-30T00:00:00,145013.57,135541.77,1124064.4,OCTOBER QUARTERLY,202510159791023316
PA-16,R,2026,H0PA03271,C00474189,2025-04-01T00:00:00,2025-06-30T00:00:00,254946.95,195328.08,1114592.6,JULY QUARTERLY,202508069789390476
PA-16,R,2026,H0PA03271,C00474189,2025-04-01T00:00:00,2025-06-30T00:00:00,253946.95,194328.08,1114592.6,JULY QUARTERLY,202507159763192143
PA-16,R,2026,H0PA03271,C00474189,2025-01-01T00:00:00,2025-03-31T00:00:00,126338.12,114052.17,1054973.73,APRIL QUARTERLY,202504159755634088
NC-14,R,2026,H4NC14015,C00856005,2026-04-01T00:00:00,2026-06-30T00:00:00,105305.96,97976.23,1581992.49,JULY QUARTERLY,202607159875571364
NC-14,R,2026,H4NC14015,C00856005,2026-02-12T00:00:00,2026-03-31T00:00:00,182049.24,170440.64,1574662.76,APRIL QUARTERLY,202604159862421965
NC-14,R,2026,H4NC14015,C00856005,2026-01-01T00:00:00,2026-02-11T00:00:00,104212.98,91150.97,1563054.16,PRE-PRIMARY,202602199834787403
NC-14,R,2026,H4NC14015,C00856005,2025-10-01T00:00:00,2025-12-31T00:00:00,390269.11,139614.39,1549992.15,YEAR-END,202601319795610023
NC-14,R,2026,H4NC14015,C00856005,2025-07-01T00:00:00,2025-09-30T00:00:00,94058.16,80877.7,1299337.43,OCTOBER QUARTERLY,202510159790997324
NC-14,R,2026,H4NC14015,C00856005,2025-04-01T00:00:00,2025-06-30T00:00:00,343365.55,227710.34,1286156.97,JULY QUARTERLY,202507159763101904
NC-14,R,2026,H4NC14015,C00856005,2025-01-01T00:00:00,2025-03-31T00:00:00,319691.2,72756.0,1170501.76,APRIL QUARTERLY,202504159755436635
ME-02,R,2026,H6ME02148,C00904094,2026-05-21T00:00:00,2026-06-30T00:00:00,500602.34,58918.82,1656011.24,JULY QUARTERLY,202607159875149116
ME-02,R,2026,H6ME02148,C00904094,2026-04-01T00:00:00,2026-05-20T00:00:00,73976.21,195168.89,1214327.72,PRE-PRIMARY,202605289870302621
ME-02,R,2026,H6ME02148,C00904094,2026-01-01T00:00:00,2026-03-31T00:00:00,643443.05,158945.32,1335520.4,APRIL QUARTERLY,202604159857295265
ME-02,R,2026,H6ME02148,C00904094,2025-10-01T00:00:00,2025-12-31T00:00:00,307426.29,172809.88,851022.67,YEAR-END,202601319795678364
ME-02,R,2026,H6ME02148,C00904094,2025-07-01T00:00:00,2025-09-30T00:00:00,363943.25,175317.9,716406.26,OCTOBER QUARTERLY,202510159790997162
ME-02,R,2026,H6ME02148,C00904094,2025-07-01T00:00:00,2025-09-30T00:00:00,363943.25,175317.9,716406.26,OCTOBER QUARTERLY,202510219791976720
ME-02,R,2026,H6ME02148,C00904094,2025-04-01T00:00:00,2025-06-30T00:00:00,552781.38,25000.47,527780.91,JULY QUARTERLY,202507159763191454
CA-05,R,2026,H8CA04152,C00446815,2026-05-14T00:00:00,2026-06-30T00:00:00,108769.14,77774.3,201471.98,JULY QUARTERLY,202607159875973024
CA-05,R,2026,H8CA04152,C00446815,2026-04-01T00:00:00,2026-05-13T00:00:00,93550.56,45452.31,170493.49,PRE-PRIMARY,202605229870270905
CA-05,R,2026,H8CA04152,C00446815,2026-04-01T00:00:00,2026-05-13T00:00:00,93650.56,45568.66,170477.14,PRE-PRIMARY,202607159875936902
CA-05,R,2026,H8CA04152,C00446815,2026-01-01T00:00:00,2026-03-31T00:00:00,213187.61,187581.32,122395.24,APRIL QUARTERLY,202604159862353629
CA-05,R,2026,H8CA04152,C00446815,2026-01-01T00:00:00,2026-03-31T00:00:00,213187.61,187581.32,122395.24,APRIL QUARTERLY,202607159875933755
CA-05,R,2026,H8CA04152,C00446815,2025-10-01T00:00:00,2025-12-31T00:00:00,106148.51,171490.7,96788.95,YEAR-END,202601319808872499
CA-05,R,2026,H8CA04152,C00446815,2025-10-01T00:00:00,2025-12-31T00:00:00,106148.51,171490.7,93913.95,YEAR-END,202601319808856645
CA-05,R,2026,H8CA04152,C00446815,2025-07-01T00:00:00,2025-09-30T00:00:00,232198.19,155366.74,162131.14,OCTOBER QUARTERLY,202510159791474388
CA-05,R,2026,H8CA04152,C00446815,2025-04-01T00:00:00,2025-06-30T00:00:00,105634.17,148820.49,85299.69,JULY QUARTERLY,202507159763200711
CA-05,R,2026,H8CA04152,C00446815,2025-01-01T00:00:00,2025-03-31T00:00:00,69199.43,88918.41,128486.01,APRIL QUARTERLY,202504159755547773
CA-05,R,2026,H8CA04152,C00446815,2025-01-01T00:00:00,2025-03-31T00:00:00,43999.43,88918.41,103286.01,APRIL QUARTERLY,202504149755350364
CA-06,D,2026,H6CA06284,C00927145,2026-05-14T00:00:00,2026-06-30T00:00:00,100867.33,211671.93,36463.01,JULY QUARTERLY,202607139874899861
CA-06,D,2026,H6CA06284,C00927145,2026-04-01T00:00:00,2026-05-13T00:00:00,165805.76,438563.41,147267.61,PRE-PRIMARY,202605219870236360
CA-06,D,2026,H6CA06284,C00927145,2026-01-01T00:00:00,2026-03-31T00:00:00,267825.79,177961.1,420025.26,APRIL QUARTERLY,202604309866741355
CA-06,D,2026,H6CA06284,C00927145,2026-01-01T00:00:00,2026-03-31T00:00:00,267825.79,177961.1,420025.26,APRIL QUARTERLY,202604159862555541
CA-06,D,2026,H6CA06284,C00927145,2025-10-01T00:00:00,2025-12-31T00:00:00,377199.49,47038.92,330160.57,YEAR-END,202601319795297106
CA-06,D,2026,H6CA06284,C00927145,2025-10-01T00:00:00,2025-12-31T00:00:00,377199.49,47038.92,330160.57,YEAR-END,202602269837861685
IA-02,D,2026,H6IA02211,C00916452,2026-05-14T00:00:00,2026-06-30T00:00:00,755587.26,238973.87,755838.2,JULY QUARTERLY,202607159875780886
IA-02,D,2026,H6IA02211,C00916452,2026-04-01T00:00:00,2026-05-13T00:00:00,130276.52,325391.9,239224.81,PRE-PRIMARY,202605219870257788
IA-02,D,2026,H6IA02211,C00916452,2026-01-01T00:00:00,2026-03-31T00:00:00,288009.49,156116.18,434340.19,APRIL QUARTERLY,202604159862857823
IA-02,D,2026,H6IA02211,C00916452,2025-10-01T00:00:00,2025-12-31T00:00:00,180678.98,104531.92,302446.88,YEAR-END,202601319808582179
IA-02,D,2026,H6IA02211,C00916452,2025-07-01T00:00:00,2025-09-30T00:00:00,273649.12,47349.3,226299.82,OCTOBER QUARTERLY,202510159791541221
UT-04,R,2026,H0UT04076,C00725853,2026-04-01T00:00:00,2026-06-30T00:00:00,105.46,1585.56,0.0,TERMINATION REPORT,202607079874796224
UT-04,R,2026,H0UT04076,C00725853,2026-01-01T00:00:00,2026-03-31T00:00:00,30653.87,191611.54,1480.1,APRIL QUARTERLY,202604159857286938
UT-04,R,2026,H0UT04076,C00725853,2025-10-01T00:00:00,2025-12-31T00:00:00,171930.24,176593.49,162437.77,YEAR-END,202601309794600774
UT-04,R,2026,H0UT04076,C00725853,2025-07-01T00:00:00,2025-09-30T00:00:00,228354.73,162402.08,167101.02,OCTOBER QUARTERLY,202603059837891797
UT-04,R,2026,H0UT04076,C00725853,2025-07-01T00:00:00,2025-09-30T00:00:00,228354.73,162402.08,167101.02,OCTOBER QUARTERLY,202510159791093846
UT-04,R,2026,H0UT04076,C00725853,2025-04-01T00:00:00,2025-06-30T00:00:00,177030.41,182711.65,101148.37,JULY QUARTERLY,202507159762952284
UT-04,R,2026,H0UT04076,C00725853,2025-01-01T00:00:00,2025-03-31T00:00:00,127599.04,154198.28,106829.61,APRIL QUARTERLY,202504159755382632
WI-05,R,2026,H0WI05113,C00720011,2026-04-01T00:00:00,2026-06-30T00:00:00,287008.6,435587.62,1314847.88,JULY QUARTERLY,202607159880519934
WI-05,R,2026,H0WI05113,C00720011,2026-01-01T00:00:00,2026-03-31T00:00:00,323482.14,74761.21,1463426.9,APRIL QUARTERLY,202604159862585523
WI-05,R,2026,H0WI05113,C00720011,2025-10-01T00:00:00,2025-12-31T00:00:00,133028.79,80965.43,1214705.97,YEAR-END,202601319795583800
WI-05,R,2026,H0WI05113,C00720011,2025-07-01T00:00:00,2025-09-30T00:00:00,212159.19,103270.2,1162615.33,OCTOBER QUARTERLY,202510159791565261
WI-05,R,2026,H0WI05113,C00720011,2025-07-01T00:00:00,2025-09-30T00:00:00,212186.47,103270.2,1162642.61,OCTOBER QUARTERLY,202601309794644084
WI-05,R,2026,H0WI05113,C00720011,2025-04-01T00:00:00,2025-06-30T00:00:00,199321.7,105762.04,1053726.34,JULY QUARTERLY,202507159763481969
WI-05,R,2026,H0WI05113,C00720011,2025-01-01T00:00:00,2025-03-31T00:00:00,190637.64,67657.76,959215.68,APRIL QUARTERLY,202504159756024727
WI-05,R,2026,H0WI05113,C00720011,2025-01-01T00:00:00,2025-03-31T00:00:00,190637.64,68076.76,960166.68,APRIL QUARTERLY,202507159763481903
NC-11,D,2026,H6NC11248,C00914119,2026-04-01T00:00:00,2026-06-30T00:00:00,1362026.38,291962.14,2184777.78,JULY QUARTERLY,202607159875737982
NC-11,D,2026,H6NC11248,C00914119,2026-02-12T00:00:00,2026-03-31T00:00:00,749668.61,182434.38,1114713.54,APRIL QUARTERLY,202604159857585060
NC-11,D,2026,H6NC11248,C00914119,2026-01-01T00:00:00,2026-02-11T00:00:00,209018.64,142213.25,547479.31,PRE-PRIMARY,202602199834817841
NC-11,D,2026,H6NC11248,C00914119,2025-10-01T00:00:00,2025-12-31T00:00:00,391129.4,138177.86,480673.92,YEAR-END,202601319808317262
NC-11,D,2026,H6NC11248,C00914119,2025-10-01T00:00:00,2025-12-31T00:00:00,391129.4,138177.86,480673.92,YEAR-END,202607159875711492
NC-11,D,2026,H6NC11248,C00914119,2025-07-31T00:00:00,2025-09-30T00:00:00,340511.21,112788.83,227722.38,OCTOBER QUARTERLY,202510159791026757
MO-04,R,2026,H2MO04207,C00792598,2026-07-01T00:00:00,2026-07-15T00:00:00,16035.0,55683.36,747400.86,PRE-PRIMARY,202607239894443622
MO-04,R,2026,H2MO04207,C00792598,2026-04-01T00:00:00,2026-06-30T00:00:00,272606.0,227210.26,787049.22,JULY QUARTERLY,202607239894438873
MO-04,R,2026,H2MO04207,C00792598,2026-04-01T00:00:00,2026-06-30T00:00:00,264606.0,227210.26,779509.22,JULY QUARTERLY,202607159875636715
MO-04,R,2026,H2MO04207,C00792598,2026-01-01T00:00:00,2026-03-31T00:00:00,195594.7,177040.98,741653.48,APRIL QUARTERLY,202607239894438560
MO-04,R,2026,H2MO04207,C00792598,2026-01-01T00:00:00,2026-03-31T00:00:00,195594.7,177040.98,742113.48,APRIL QUARTERLY,202604159857721078
MO-04,R,2026,H2MO04207,C00792598,2025-10-01T00:00:00,2025-12-31T00:00:00,252581.02,166315.83,723099.76,YEAR-END,202604209863284795
MO-04,R,2026,H2MO04207,C00792598,2025-10-01T00:00:00,2025-12-31T00:00:00,253041.02,166315.83,723559.76,YEAR-END,202601309795283855
MO-04,R,2026,H2MO04207,C00792598,2025-07-01T00:00:00,2025-09-30T00:00:00,299089.98,74718.63,636834.57,OCTOBER QUARTERLY,202604209863284469
MO-04,R,2026,H2MO04207,C00792598,2025-07-01T00:00:00,2025-09-30T00:00:00,299089.98,74718.63,636834.57,OCTOBER QUARTERLY,202510159791012537
MO-04,R,2026,H2MO04207,C00792598,2025-04-01T00:00:00,2025-06-30T00:00:00,221324.4,52685.99,412463.22,JULY QUARTERLY,202508269789803249
MO-04,R,2026,H2MO04207,C00792598,2025-04-01T00:00:00,2025-06-30T00:00:00,221324.4,52685.99,412463.22,JULY QUARTERLY,202507159763463606
MO-04,R,2026,H2MO04207,C00792598,2025-01-01T00:00:00,2025-03-31T00:00:00,137236.6,110820.09,243824.81,APRIL QUARTERLY,202506169762182343
MO-04,R,2026,H2MO04207,C00792598,2025-01-01T00:00:00,2025-03-31T00:00:00,136236.6,110820.09,242824.81,APRIL QUARTERLY,202504159755640620
GA-02,D,2026,H2GA02031,C00266940,2026-04-30T00:00:00,2026-06-30T00:00:00,121900.27,128778.07,447807.95,JULY QUARTERLY,202607159875333292
GA-02,D,2026,H2GA02031,C00266940,2026-04-01T00:00:00,2026-04-29T00:00:00,114239.06,28521.98,454685.75,PRE-PRIMARY,202605079866868779
GA-02,D,2026,H2GA02031,C00266940,2026-01-01T00:00:00,2026-03-31T00:00:00,237972.68,138044.12,368968.67,APRIL QUARTERLY,202604159863048665
GA-02,D,2026,H2GA02031,C00266940,2026-01-01T00:00:00,2026-03-31T00:00:00,237972.68,138044.12,368968.67,APRIL QUARTERLY,202607159875343846
GA-02,D,2026,H2GA02031,C00266940,2025-10-01T00:00:00,2025-12-31T00:00:00,134845.0,125606.32,269040.11,YEAR-END,202601309795200716
GA-02,D,2026,H2GA02031,C00266940,2025-07-01T00:00:00,2025-09-30T00:00:00,100348.32,104735.9,259801.43,OCTOBER QUARTERLY,202510159791019939
GA-02,D,2026,H2GA02031,C00266940,2025-04-01T00:00:00,2025-06-30T00:00:00,287800.67,181672.26,264189.01,JULY QUARTERLY,202507159763271660
GA-02,D,2026,H2GA02031,C00266940,2025-01-01T00:00:00,2025-03-31T00:00:00,129423.96,154224.34,158060.6,APRIL QUARTERLY,202504159755803748
PA-05,D,2026,H8PA07200,C00669358,2026-04-30T00:00:00,2026-06-30T00:00:00,151634.18,103145.57,448590.17,JULY QUARTERLY,202607159875560126
PA-05,D,2026,H8PA07200,C00669358,2026-04-01T00:00:00,2026-04-29T00:00:00,78594.43,69404.34,400101.56,PRE-PRIMARY,202605079866848804
PA-05,D,2026,H8PA07200,C00669358,2026-01-01T00:00:00,2026-03-31T00:00:00,179537.51,157103.21,390911.47,APRIL QUARTERLY,202604159857797717
PA-05,D,2026,H8PA07200,C00669358,2025-10-01T00:00:00,2025-12-31T00:00:00,175945.5,107156.59,368477.17,YEAR-END,202601319795495216
PA-05,D,2026,H8PA07200,C00669358,2025-07-01T00:00:00,2025-09-30T00:00:00,127506.13,155799.51,299688.26,OCTOBER QUARTERLY,202510159791260497
PA-05,D,2026,H8PA07200,C00669358,2025-04-01T00:00:00,2025-06-30T00:00:00,176810.78,153736.2,327981.64,JULY QUARTERLY,202507159762875673
PA-05,D,2026,H8PA07200,C00669358,2025-01-01T00:00:00,2025-03-31T00:00:00,100557.4,113396.11,304907.06,APRIL QUARTERLY,202504159755853755
AZ-08,R,2026,H4AZ08108,C00853986,2026-04-01T00:00:00,2026-07-01T00:00:00,193285.2,195843.04,384185.2,PRE-PRIMARY,202607099874820688
AZ-08,R,2026,H4AZ08108,C00853986,2026-01-01T00:00:00,2026-03-31T00:00:00,300133.37,139801.24,386743.04,APRIL QUARTERLY,202604159862392124
AZ-08,R,2026,H4AZ08108,C00853986,2025-10-01T00:00:00,2025-12-31T00:00:00,112612.14,138095.99,226410.91,YEAR-END,202601319808492641
AZ-08,R,2026,H4AZ08108,C00853986,2025-07-01T00:00:00,2025-09-30T00:00:00,146627.43,142455.91,251894.76,OCTOBER QUARTERLY,202510159791358693
AZ-08,R,2026,H4AZ08108,C00853986,2025-04-01T00:00:00,2025-06-30T00:00:00,226398.22,164383.88,247723.24,JULY QUARTERLY,202509229790380630
AZ-08,R,2026,H4AZ08108,C00853986,2025-04-01T00:00:00,2025-06-30T00:00:00,226398.22,164383.88,247723.24,JULY QUARTERLY,202507159763425471
AZ-08,R,2026,H4AZ08108,C00853986,2025-01-01T00:00:00,2025-03-31T00:00:00,227304.77,78004.47,185708.9,APRIL QUARTERLY,202504159755648950
CA-28,D,2026,H0CA32101,C00458125,2026-05-14T00:00:00,2026-06-30T00:00:00,70821.17,63601.3,3674296.35,JULY QUARTERLY,202607159875139121
CA-28,D,2026,H0CA32101,C00458125,2026-04-01T00:00:00,2026-05-13T00:00:00,35563.84,43316.72,3667076.48,PRE-PRIMARY,202607159875137017
CA-28,D,2026,H0CA32101,C00458125,2026-04-01T00:00:00,2026-05-13T00:00:00,35563.84,43316.72,3667076.48,PRE-PRIMARY,202605219870211556
CA-28,D,2026,H0CA32101,C00458125,2026-01-01T00:00:00,2026-03-31T00:00:00,86264.77,187491.71,3674829.36,APRIL QUARTERLY,202604159857534793
CA-28,D,2026,H0CA32101,C00458125,2025-10-01T00:00:00,2025-12-31T00:00:00,226909.04,124476.31,3776056.3,YEAR-END,202601309795130548
CA-28,D,2026,H0CA32101,C00458125,2025-07-01T00:00:00,2025-09-30T00:00:00,373523.5,206536.97,3673623.57,OCTOBER QUARTERLY,202510159791304768
CA-28,D,2026,H0CA32101,C00458125,2025-04-01T00:00:00,2025-06-30T00:00:00,73021.4,75598.39,3506637.04,JULY QUARTERLY,202507149762812330
CA-28,D,2026,H0CA32101,C00458125,2025-01-01T00:00:00,2025-03-31T00:00:00,64019.53,156810.45,3509214.03,APRIL QUARTERLY,202504159755439200
NC-06,R,2026,H4NC06177,C00860064,2026-04-01T00:00:00,2026-06-30T00:00:00,220574.56,116617.61,381728.0,JULY QUARTERLY,202607159875898642
NC-06,R,2026,H4NC06177,C00860064,2026-02-12T00:00:00,2026-03-31T00:00:00,170254.29,79467.54,277771.05,APRIL QUARTERLY,202604159862340239
NC-06,R,2026,H4NC06177,C00860064,2026-01-01T00:00:00,2026-02-11T00:00:00,38038.4,42551.04,186984.3,PRE-PRIMARY,202602199834758458
NC-06,R,2026,H4NC06177,C00860064,2025-10-01T00:00:00,2025-12-31T00:00:00,93521.46,120092.23,191496.94,YEAR-END,202601309794558720
NC-06,R,2026,H4NC06177,C00860064,2025-07-01T00:00:00,2025-09-30T00:00:00,188409.42,234907.79,218067.71,OCTOBER QUARTERLY,202510159790860706
NC-06,R,2026,H4NC06177,C00860064,2025-04-01T00:00:00,2025-06-30T00:00:00,321433.91,159852.25,264566.08,JULY QUARTERLY,202508289789804796
NC-06,R,2026,H4NC06177,C00860064,2025-04-01T00:00:00,2025-06-30T00:00:00,321433.91,159852.25,264566.08,JULY QUARTERLY,202507089762739169
NC-06,R,2026,H4NC06177,C00860064,2025-01-01T00:00:00,2025-03-31T00:00:00,194175.92,98514.39,102984.42,APRIL QUARTERLY,202506169762183361
NC-06,R,2026,H4NC06177,C00860064,2025-01-01T00:00:00,2025-03-31T00:00:00,194175.92,98514.39,102984.42,APRIL QUARTERLY,202504099755201239
AL-02,R,2026,H6AL01086,C00916775,2026-04-30T00:00:00,2026-06-30T00:00:00,167793.04,187673.75,449417.13,JULY QUARTERLY,202607159875920324
AL-02,R,2026,H6AL01086,C00916775,2026-04-01T00:00:00,2026-04-29T00:00:00,54085.99,410702.33,469297.84,PRE-PRIMARY,202605079866888715
AL-02,R,2026,H6AL01086,C00916775,2026-01-01T00:00:00,2026-03-31T00:00:00,202318.52,151625.85,825914.18,APRIL QUARTERLY,202604159862581408
AL-02,R,2026,H6AL01086,C00916775,2025-10-01T00:00:00,2025-12-31T00:00:00,381416.94,96209.33,775221.51,YEAR-END,202601319795589198
AL-02,R,2026,H6AL01086,C00916775,2025-07-01T00:00:00,2025-09-30T00:00:00,494461.83,4447.93,490013.9,OCTOBER QUARTERLY,202510159791445277
GA-12,R,2026,H2GA12121,C00504019,2026-04-30T00:00:00,2026-06-30T00:00:00,136500.56,93805.9,1320958.02,JULY QUARTERLY,202607069874771329
GA-12,R,2026,H2GA12121,C00504019,2026-04-01T00:00:00,2026-04-29T00:00:00,52100.09,43840.84,1278263.36,PRE-PRIMARY,202605079866865481
GA-12,R,2026,H2GA12121,C00504019,2026-01-01T00:00:00,2026-03-31T00:00:00,137189.18,282354.53,1270004.11,APRIL QUARTERLY,202604159857270163
GA-12,R,2026,H2GA12121,C00504019,2025-10-01T00:00:00,2025-12-31T00:00:00,90890.55,54518.96,1415169.46,YEAR-END,202601219794109415
GA-12,R,2026,H2GA12121,C00504019,2025-07-01T00:00:00,2025-09-30T00:00:00,168865.45,117009.55,1378797.87,OCTOBER QUARTERLY,202510089790718706
GA-12,R,2026,H2GA12121,C00504019,2025-04-01T00:00:00,2025-06-30T00:00:00,200371.89,104075.01,1326941.97,JULY QUARTERLY,202507129762772130
GA-12,R,2026,H2GA12121,C00504019,2025-01-01T00:00:00,2025-03-31T00:00:00,207302.45,151614.02,1230645.09,APRIL QUARTERLY,202504159755352414
NY-19,R,2026,H6NY19268,C00921668,2026-06-04T00:00:00,2026-06-30T00:00:00,280433.95,139717.53,392867.56,JULY QUARTERLY,202607159875902419
NY-19,R,2026,H6NY19268,C00921668,2026-04-01T00:00:00,2026-06-03T00:00:00,169418.77,236309.03,252151.14,PRE-PRIMARY,202606119870621539
NY-19,R,2026,H6NY19268,C00921668,2026-01-01T00:00:00,2026-03-31T00:00:00,461348.36,337938.06,319041.4,APRIL QUARTERLY,202604159862447742
NY-19,R,2026,H6NY19268,C00921668,2025-10-01T00:00:00,2025-12-31T00:00:00,325977.9,130346.8,195631.1,YEAR-END,202601319795608979
VA-06,D,2026,H6VA06173,C00927129,2026-07-01T00:00:00,2026-07-15T00:00:00,91619.29,73210.65,847470.41,PRE-PRIMARY,202607239894445657
VA-06,D,2026,H6VA06173,C00927129,2026-04-01T00:00:00,2026-06-30T00:00:00,491143.05,382759.8,830688.81,JULY QUARTERLY,202607159875569224
VA-06,D,2026,H6VA06173,C00927129,2026-04-01T00:00:00,2026-06-30T00:00:00,491143.05,382759.8,829061.77,JULY QUARTERLY,202607239894444930
VA-06,D,2026,H6VA06173,C00927129,2026-01-01T00:00:00,2026-03-31T00:00:00,480085.9,288488.97,719305.56,APRIL QUARTERLY,202604159857425091
VA-06,D,2026,H6VA06173,C00927129,2026-01-01T00:00:00,2026-03-31T00:00:00,484743.9,291774.01,720678.52,APRIL QUARTERLY,202607229894415358
VA-06,D,2026,H6VA06173,C00927129,2025-11-01T00:00:00,2025-12-31T00:00:00,618816.12,91107.49,527708.63,YEAR-END,202601319795291749
VA-06,D,2026,H6VA06173,C00927129,2025-11-01T00:00:00,2025-12-31T00:00:00,618816.12,91107.49,527708.63,YEAR-END,202604159857424155
MD-03,D,2026,H4MD03156,C00855353,2026-06-04T00:00:00,2026-06-30T00:00:00,75970.33,54839.84,335825.84,JULY QUARTERLY,202607159875217422
MD-03,D,2026,H4MD03156,C00855353,2026-04-01T00:00:00,2026-06-03T00:00:00,108035.17,198056.23,314695.35,PRE-PRIMARY,202606119870609142
MD-03,D,2026,H4MD03156,C00855353,2026-01-01T00:00:00,2026-03-31T00:00:00,271522.5,226445.47,404716.41,APRIL QUARTERLY,202604159857417566
MD-03,D,2026,H4MD03156,C00855353,2025-10-01T00:00:00,2025-12-31T00:00:00,138677.76,71251.59,359639.38,YEAR-END,202601319795550449
MD-03,D,2026,H4MD03156,C00855353,2025-07-01T00:00:00,2025-09-30T00:00:00,227739.5,119119.19,292213.21,OCTOBER QUARTERLY,202510159791022616
MD-03,D,2026,H4MD03156,C00855353,2025-04-01T00:00:00,2025-06-30T00:00:00,165986.82,85872.95,183592.9,JULY QUARTERLY,202507159763055247
MD-03,D,2026,H4MD03156,C00855353,2025-04-01T00:00:00,2025-06-30T00:00:00,166635.54,86521.67,183592.9,JULY QUARTERLY,202510159791012750
MD-03,D,2026,H4MD03156,C00855353,2025-04-01T00:00:00,2025-06-30T00:00:00,166635.54,86521.67,183592.9,JULY QUARTERLY,202606049870427926
MD-03,D,2026,H4MD03156,C00855353,2025-01-01T00:00:00,2025-03-31T00:00:00,151276.92,78537.44,103479.03,APRIL QUARTERLY,202504159755436122
IN-07,D,2026,H8IN07184,C00442921,2026-04-16T00:00:00,2026-06-30T00:00:00,213922.63,151477.13,621350.73,JULY QUARTERLY,202607159875561568
IN-07,D,2026,H8IN07184,C00442921,2026-04-01T00:00:00,2026-04-15T00:00:00,19562.81,89878.64,558905.23,PRE-PRIMARY,202604239866694825
IN-07,D,2026,H8IN07184,C00442921,2026-01-01T00:00:00,2026-03-31T00:00:00,130865.65,147941.17,629221.06,APRIL QUARTERLY,202604159863042005
IN-07,D,2026,H8IN07184,C00442921,2025-10-01T00:00:00,2025-12-31T00:00:00,156380.83,137232.06,646296.58,YEAR-END,202602039825908861
IN-07,D,2026,H8IN07184,C00442921,2025-07-01T00:00:00,2025-09-30T00:00:00,156453.91,140793.06,627147.81,OCTOBER QUARTERLY,202510159791562927
IN-07,D,2026,H8IN07184,C00442921,2025-04-01T00:00:00,2025-06-30T00:00:00,212302.73,82542.62,611486.96,JULY QUARTERLY,202507159763520577
IN-07,D,2026,H8IN07184,C00442921,2025-01-01T00:00:00,2025-03-31T00:00:00,116688.17,84384.53,481726.85,APRIL QUARTERLY,202504159755797817
MT-01,D,2026,H6MT01137,C00932822,2026-05-14T00:00:00,2026-06-30T00:00:00,688303.71,299661.73,550079.11,JULY QUARTERLY,202607159875067836
MT-01,D,2026,H6MT01137,C00932822,2026-04-01T00:00:00,2026-05-13T00:00:00,244957.46,296062.7,161437.13,PRE-PRIMARY,202606159870668011
MT-01,D,2026,H6MT01137,C00932822,2026-04-01T00:00:00,2026-05-13T00:00:00,244957.46,296062.7,161437.13,PRE-PRIMARY,202605219870242336
MT-01,D,2026,H6MT01137,C00932822,2026-01-01T00:00:00,2026-03-31T00:00:00,449612.13,237069.76,212542.37,APRIL QUARTERLY,202606159870667698
MT-01,D,2026,H6MT01137,C00932822,2026-01-01T00:00:00,2026-03-31T00:00:00,449612.13,237069.76,212542.37,APRIL QUARTERLY,202604159862940204
PA-12,D,2026,H2PA18200,C00791780,2026-04-30T00:00:00,2026-06-30T00:00:00,115929.61,158458.25,1649287.99,JULY QUARTERLY,202607159875118133
PA-12,D,2026,H2PA18200,C00791780,2026-04-01T00:00:00,2026-04-29T00:00:00,43604.8,162606.31,1691816.63,PRE-PRIMARY,202605079866867971
PA-12,D,2026,H2PA18200,C00791780,2026-04-01T00:00:00,2026-04-29T00:00:00,44859.76,163861.27,1691816.63,PRE-PRIMARY,202607159875095840
PA-12,D,2026,H2PA18200,C00791780,2026-01-01T00:00:00,2026-03-31T00:00:00,171044.16,150360.91,1810818.14,APRIL QUARTERLY,202604159857297096
PA-12,D,2026,H2PA18200,C00791780,2025-10-01T00:00:00,2025-12-31T00:00:00,305377.08,136705.64,1790134.89,YEAR-END,202601309794841525
PA-12,D,2026,H2PA18200,C00791780,2025-07-01T00:00:00,2025-09-30T00:00:00,427545.76,84219.82,1621463.45,OCTOBER QUARTERLY,202510159790857784
PA-12,D,2026,H2PA18200,C00791780,2025-04-01T00:00:00,2025-06-30T00:00:00,222990.56,88720.79,1278137.51,JULY QUARTERLY,202507159762870633
PA-12,D,2026,H2PA18200,C00791780,2025-01-01T00:00:00,2025-03-31T00:00:00,178540.34,46251.71,1143867.74,APRIL QUARTERLY,202504159755366963
FL-07,R,2026,H2FL07156,C00774943,2026-04-01T00:00:00,2026-06-30T00:00:00,59542.24,93971.45,81082.14,JULY QUARTERLY,202607159875206987
FL-07,R,2026,H2FL07156,C00774943,2026-01-01T00:00:00,2026-03-31T00:00:00,74590.19,69729.77,115511.35,APRIL QUARTERLY,202604159857434202
FL-07,R,2026,H2FL07156,C00774943,2025-10-01T00:00:00,2025-12-31T00:00:00,61309.07,84782.55,110650.93,YEAR-END,202601319795525583
FL-07,R,2026,H2FL07156,C00774943,2025-07-01T00:00:00,2025-09-30T00:00:00,132146.4,145928.08,134124.41,OCTOBER QUARTERLY,202510159791090558
FL-07,R,2026,H2FL07156,C00774943,2025-04-01T00:00:00,2025-06-30T00:00:00,253146.81,196811.25,147906.09,JULY QUARTERLY,202507159762848221
FL-07,R,2026,H2FL07156,C00774943,2025-01-01T00:00:00,2025-03-31T00:00:00,284116.47,233437.95,91570.53,APRIL QUARTERLY,202504159755351037
MA-02,D,2026,H4MA03022,C00285171,2026-04-01T00:00:00,2026-06-30T00:00:00,243660.27,174566.93,332099.81,JULY QUARTERLY,202607109874852738
MA-02,D,2026,H4MA03022,C00285171,2026-01-01T00:00:00,2026-03-31T00:00:00,90089.32,140974.86,263006.47,APRIL QUARTERLY,202604129857120459
MA-02,D,2026,H4MA03022,C00285171,2025-10-01T00:00:00,2025-12-31T00:00:00,101223.93,146209.44,313892.01,YEAR-END,202601219794097667
MA-02,D,2026,H4MA03022,C00285171,2025-07-01T00:00:00,2025-09-30T00:00:00,157742.14,120525.3,358877.52,OCTOBER QUARTERLY,202510139790749902
MA-02,D,2026,H4MA03022,C00285171,2025-04-01T00:00:00,2025-06-30T00:00:00,77009.76,106501.26,321660.68,JULY QUARTERLY,202507129762770991
MA-02,D,2026,H4MA03022,C00285171,2025-01-01T00:00:00,2025-03-31T00:00:00,89709.3,132721.47,351152.18,APRIL QUARTERLY,202504109755204787
CA-23,R,2026,H0CA08135,C00720078,2026-05-14T00:00:00,2026-06-30T00:00:00,256408.62,141375.03,1644221.69,JULY QUARTERLY,202607159875354487
CA-23,R,2026,H0CA08135,C00720078,2026-04-01T00:00:00,2026-05-13T00:00:00,127158.32,52622.92,1529188.1,PRE-PRIMARY,202605219870211233
CA-23,R,2026,H0CA08135,C00720078,2026-01-01T00:00:00,2026-03-31T00:00:00,221242.68,150259.85,1454652.7,APRIL QUARTERLY,202604159857434040
CA-23,R,2026,H0CA08135,C00720078,2025-10-01T00:00:00,2025-12-31T00:00:00,216540.57,151308.35,1383669.87,YEAR-END,202602119834308782
CA-23,R,2026,H0CA08135,C00720078,2025-10-01T00:00:00,2025-12-31T00:00:00,216540.57,151308.35,1383669.87,YEAR-END,202601309794634583
CA-23,R,2026,H0CA08135,C00720078,2025-07-01T00:00:00,2025-09-30T00:00:00,218696.46,90854.74,1318437.65,OCTOBER QUARTERLY,202510159790896359
CA-23,R,2026,H0CA08135,C00720078,2025-04-01T00:00:00,2025-06-30T00:00:00,223052.43,66136.54,1190595.93,JULY QUARTERLY,202507159762854174
CA-23,R,2026,H0CA08135,C00720078,2025-01-01T00:00:00,2025-03-31T00:00:00,192768.63,156928.35,1033680.04,APRIL QUARTERLY,202504159755353787
MT-01,R,2026,H6MT01152,C00941575,2026-05-14T00:00:00,2026-06-30T00:00:00,619142.9,501615.45,502201.11,JULY QUARTERLY,202607159875456529
MT-01,R,2026,H6MT01152,C00941575,2026-04-01T00:00:00,2026-05-13T00:00:00,223436.26,268162.05,384673.66,PRE-PRIMARY,202605219870212412
MT-01,R,2026,H6MT01152,C00941575,2026-01-01T00:00:00,2026-03-31T00:00:00,453652.78,24253.33,429399.45,APRIL QUARTERLY,202604159857600840
FL-08,R,2026,H4FL08168,C00877324,2026-04-01T00:00:00,2026-06-30T00:00:00,467613.81,129660.54,1182065.23,JULY QUARTERLY,202607159875071181
FL-08,R,2026,H4FL08168,C00877324,2026-01-01T00:00:00,2026-03-31T00:00:00,183564.21,125609.79,844111.96,APRIL QUARTERLY,202604149857189330
FL-08,R,2026,H4FL08168,C00877324,2026-01-01T00:00:00,2026-03-31T00:00:00,183564.21,125609.79,844111.96,APRIL QUARTERLY,202606179870704099
FL-08,R,2026,H4FL08168,C00877324,2025-10-01T00:00:00,2025-12-31T00:00:00,236041.17,123691.8,786157.54,YEAR-END,202601309794562774
FL-08,R,2026,H4FL08168,C00877324,2025-10-01T00:00:00,2025-12-31T00:00:00,236041.17,123691.8,786157.54,YEAR-END,202606179870703911
FL-08,R,2026,H4FL08168,C00877324,2025-07-01T00:00:00,2025-09-30T00:00:00,195837.0,113407.98,673808.17,OCTOBER QUARTERLY,202510159790837143
FL-08,R,2026,H4FL08168,C00877324,2025-04-01T00:00:00,2025-06-30T00:00:00,507085.29,121163.54,591379.15,JULY QUARTERLY,202507159762847133
FL-08,R,2026,H4FL08168,C00877324,2025-01-01T00:00:00,2025-03-31T00:00:00,128404.18,181109.61,205457.4,APRIL QUARTERLY,202504149755328616
FL-08,R,2026,H4FL08168,C00877324,2025-01-01T00:00:00,2025-03-31T00:00:00,128404.18,181109.61,205457.4,APRIL QUARTERLY,202506179762194745
ID-02,R,2026,H8ID02064,C00331397,2026-04-30T00:00:00,2026-06-30T00:00:00,193368.6,186759.58,429358.58,JULY QUARTERLY,202607099874815110
ID-02,R,2026,H8ID02064,C00331397,2026-04-01T00:00:00,2026-04-29T00:00:00,83074.97,64045.06,422749.56,PRE-PRIMARY,202605049866789354
ID-02,R,2026,H8ID02064,C00331397,2026-01-01T00:00:00,2026-03-31T00:00:00,113176.64,138339.53,403719.65,APRIL QUARTERLY,202604089857028629
ID-02,R,2026,H8ID02064,C00331397,2025-10-01T00:00:00,2025-12-31T00:00:00,141685.89,98810.95,428882.54,YEAR-END,202601249794155305
ID-02,R,2026,H8ID02064,C00331397,2025-07-01T00:00:00,2025-09-30T00:00:00,310952.84,108517.29,386007.6,OCTOBER QUARTERLY,202510139790753419
ID-02,R,2026,H8ID02064,C00331397,2025-04-01T00:00:00,2025-06-30T00:00:00,112600.95,99061.98,183572.05,JULY QUARTERLY,202507149762830036
ID-02,R,2026,H8ID02064,C00331397,2025-01-01T00:00:00,2025-03-31T00:00:00,163233.44,98406.08,170033.08,APRIL QUARTERLY,202504089755072999
OR-04,D,2026,H2OR04095,C00796144,2026-04-30T00:00:00,2026-06-30T00:00:00,176319.31,148196.57,520839.58,JULY QUARTERLY,202607159880541741
OR-04,D,2026,H2OR04095,C00796144,2026-04-01T00:00:00,2026-04-29T00:00:00,46896.1,56686.37,492716.84,PRE-PRIMARY,202605079866894416
OR-04,D,2026,H2OR04095,C00796144,2026-01-01T00:00:00,2026-03-31T00:00:00,220048.14,103899.37,502507.11,APRIL QUARTERLY,202604159862566860
OR-04,D,2026,H2OR04095,C00796144,2025-10-01T00:00:00,2025-12-31T00:00:00,134956.3,96879.75,386358.34,YEAR-END,202601319795712890
OR-04,D,2026,H2OR04095,C00796144,2025-07-01T00:00:00,2025-09-30T00:00:00,237836.08,124958.09,348281.79,OCTOBER QUARTERLY,202510149790799723
OR-04,D,2026,H2OR04095,C00796144,2025-04-01T00:00:00,2025-06-30T00:00:00,207565.95,172622.87,235403.8,JULY QUARTERLY,202507159763448923
OR-04,D,2026,H2OR04095,C00796144,2025-01-01T00:00:00,2025-03-31T00:00:00,199300.43,88229.31,200460.72,APRIL QUARTERLY,202504159755794757
OR-01,D,2026,H2OR01133,C00500421,2026-04-30T00:00:00,2026-06-30T00:00:00,176698.28,149811.25,572435.26,JULY QUARTERLY,202607159875217517
OR-01,D,2026,H2OR01133,C00500421,2026-04-01T00:00:00,2026-04-29T00:00:00,42723.0,24504.72,545548.23,PRE-PRIMARY,202605079866868715
OR-01,D,2026,H2OR01133,C00500421,2026-01-01T00:00:00,2026-03-31T00:00:00,114637.5,123152.14,527329.95,APRIL QUARTERLY,202604159857665570
OR-01,D,2026,H2OR01133,C00500421,2025-10-01T00:00:00,2025-12-31T00:00:00,139474.14,120447.92,535844.59,YEAR-END,202601309794773340
OR-01,D,2026,H2OR01133,C00500421,2025-07-01T00:00:00,2025-09-30T00:00:00,116148.82,106434.43,516818.37,OCTOBER QUARTERLY,202510149790796302
OR-01,D,2026,H2OR01133,C00500421,2025-04-01T00:00:00,2025-06-30T00:00:00,170225.0,167932.88,507103.98,JULY QUARTERLY,202507159763449096
OR-01,D,2026,H2OR01133,C00500421,2025-01-01T00:00:00,2025-03-31T00:00:00,56863.5,98015.76,504811.86,APRIL QUARTERLY,202507159763283644
OR-01,D,2026,H2OR01133,C00500421,2025-01-01T00:00:00,2025-03-31T00:00:00,56863.5,113031.96,489795.66,APRIL QUARTERLY,202504159755518209
TN-07,D,2026,H6TN07286,C00913301,2026-07-01T00:00:00,2026-07-17T00:00:00,74503.62,72702.62,78688.8,PRE-PRIMARY,202607249894463267
TN-07,D,2026,H6TN07286,C00913301,2026-04-01T00:00:00,2026-06-30T00:00:00,87031.43,17500.0,76887.8,JULY QUARTERLY,202607159875937056
TN-07,D,2026,H6TN07286,C00913301,2026-01-01T00:00:00,2026-03-31T00:00:00,2782.65,500.0,7356.37,APRIL QUARTERLY,202607159875217713
TN-07,D,2026,H6TN07286,C00913301,2026-01-01T00:00:00,2026-03-31T00:00:00,2782.65,500.0,7356.37,APRIL QUARTERLY,202607159875756095
TN-07,D,2026,H6TN07286,C00913301,2025-10-01T00:00:00,2025-12-31T00:00:00,116497.15,203620.17,5073.72,YEAR-END,202607159875206937
TN-07,D,2026,H6TN07286,C00913301,2025-10-01T00:00:00,2025-12-31T00:00:00,116497.15,203620.17,5073.72,YEAR-END,202607159875748228
TN-07,D,2026,H6TN07286,C00913301,2025-10-01T00:00:00,2025-12-31T00:00:00,116497.15,201861.93,6831.96,YEAR-END,202607149874981448
TN-07,D,2026,H6TN07286,C00913301,2025-10-01T00:00:00,2025-12-31T00:00:00,116497.15,-201861.93,410555.82,YEAR-END,202607149874978008
TN-07,D,2026,H6TN07286,C00913301,2025-09-18T00:00:00,2025-09-30T00:00:00,156738.49,447880.23,92196.74,OCTOBER QUARTERLY,202601229794118514
TN-07,D,2026,H6TN07286,C00913301,2025-09-18T00:00:00,2025-09-30T00:00:00,156738.49,447880.23,100580.82,OCTOBER QUARTERLY,202510239791996095
TN-07,D,2026,H6TN07286,C00913301,2025-09-18T00:00:00,2025-09-30T00:00:00,156738.49,440675.49,107785.56,OCTOBER QUARTERLY,202510159791554375
TN-07,D,2026,H6TN07286,C00913301,2025-07-01T00:00:00,2025-09-17T00:00:00,434936.3,43213.74,391722.56,PRE-SPECIAL,202509259790385906
TN-07,D,2026,H6TN07286,C00913301,2025-07-01T00:00:00,2025-09-17T00:00:00,431061.3,47722.82,383338.48,PRE-SPECIAL,202601099793931913
TN-07,D,2026,H6TN07286,C00913301,2025-07-01T00:00:00,2025-09-17T00:00:00,431061.3,47722.82,383338.48,PRE-SPECIAL,202510239791993086
TX-12,R,2026,H4TX12065,C00855528,2026-04-01T00:00:00,2026-06-30T00:00:00,239983.8,123857.91,1508860.69,JULY QUARTERLY,202607159875741813
TX-12,R,2026,H4TX12065,C00855528,2026-02-12T00:00:00,2026-03-31T00:00:00,470296.67,47137.12,1392734.8,APRIL QUARTERLY,202604159862434489
TX-12,R,2026,H4TX12065,C00855528,2026-01-01T00:00:00,2026-02-11T00:00:00,41997.55,103135.72,969575.25,PRE-PRIMARY,202602199834772962
TX-12,R,2026,H4TX12065,C00855528,2025-10-01T00:00:00,2025-12-31T00:00:00,294879.93,120442.18,1030713.42,YEAR-END,202601309795132480
TX-12,R,2026,H4TX12065,C00855528,2025-07-01T00:00:00,2025-09-30T00:00:00,75779.12,93155.81,856275.67,OCTOBER QUARTERLY,202510159790875280
TX-12,R,2026,H4TX12065,C00855528,2025-04-01T00:00:00,2025-06-30T00:00:00,355894.08,101362.04,873652.36,JULY QUARTERLY,202507159762953683
TX-12,R,2026,H4TX12065,C00855528,2025-01-01T00:00:00,2025-03-31T00:00:00,277704.19,194480.33,619120.32,APRIL QUARTERLY,202504149755316871
FL-15,R,2026,H2FL15241,C00815373,2026-04-01T00:00:00,2026-06-30T00:00:00,389158.96,169158.98,1943655.62,JULY QUARTERLY,202607279894478880
FL-15,R,2026,H2FL15241,C00815373,2026-04-01T00:00:00,2026-06-30T00:00:00,389158.96,169158.98,1943655.62,JULY QUARTERLY,202607159875746872
FL-15,R,2026,H2FL15241,C00815373,2026-01-01T00:00:00,2026-03-31T00:00:00,579373.95,171213.77,1723655.64,APRIL QUARTERLY,202604159862436341
FL-15,R,2026,H2FL15241,C00815373,2025-10-01T00:00:00,2025-12-31T00:00:00,360490.61,142432.25,1315495.46,YEAR-END,202601319808611445
FL-15,R,2026,H2FL15241,C00815373,2025-10-01T00:00:00,2025-12-31T00:00:00,360490.61,142432.25,1315495.46,YEAR-END,202603209853649857
FL-15,R,2026,H2FL15241,C00815373,2025-07-01T00:00:00,2025-09-30T00:00:00,354854.75,96909.35,1097437.1,OCTOBER QUARTERLY,202510159791460054
FL-15,R,2026,H2FL15241,C00815373,2025-07-01T00:00:00,2025-09-30T00:00:00,354854.75,96909.35,1097437.1,OCTOBER QUARTERLY,202512299793861248
FL-15,R,2026,H2FL15241,C00815373,2025-04-01T00:00:00,2025-06-30T00:00:00,284320.75,91922.5,839491.7,JULY QUARTERLY,202507159763506105
FL-15,R,2026,H2FL15241,C00815373,2025-01-01T00:00:00,2025-03-31T00:00:00,321798.96,109476.01,647093.45,APRIL QUARTERLY,202504159755658772
OH-02,R,2026,H4OH02248,C00860213,2026-04-16T00:00:00,2026-06-30T00:00:00,205759.54,240016.43,442977.21,JULY QUARTERLY,202607159875094029
OH-02,R,2026,H4OH02248,C00860213,2026-04-01T00:00:00,2026-04-15T00:00:00,51538.28,39841.68,477234.1,PRE-PRIMARY,202607139874902111
OH-02,R,2026,H4OH02248,C00860213,2026-04-01T00:00:00,2026-04-15T00:00:00,51538.28,39841.68,477234.1,PRE-PRIMARY,202604239866689732
OH-02,R,2026,H4OH02248,C00860213,2026-01-01T00:00:00,2026-03-31T00:00:00,198123.18,142789.64,465537.5,APRIL QUARTERLY,202604159862986598
OH-02,R,2026,H4OH02248,C00860213,2025-10-01T00:00:00,2025-12-31T00:00:00,106438.78,151774.06,410203.96,YEAR-END,202601319825793269
OH-02,R,2026,H4OH02248,C00860213,2025-07-01T00:00:00,2025-09-30T00:00:00,177555.97,69827.21,455539.24,OCTOBER QUARTERLY,202510159791553928
OH-02,R,2026,H4OH02248,C00860213,2025-04-01T00:00:00,2025-06-30T00:00:00,185836.7,79305.35,347810.48,JULY QUARTERLY,202601109793938691
OH-02,R,2026,H4OH02248,C00860213,2025-04-01T00:00:00,2025-06-30T00:00:00,185836.7,79305.35,347810.48,JULY QUARTERLY,202507159763517881
OH-02,R,2026,H4OH02248,C00860213,2025-01-01T00:00:00,2025-03-31T00:00:00,169995.43,56524.04,241279.13,APRIL QUARTERLY,202504159755944151
CO-05,R,2026,H6CO05142,C00865592,2026-06-11T00:00:00,2026-06-30T00:00:00,178338.41,7408.79,1465048.38,JULY QUARTERLY,202607159890140376
CO-05,R,2026,H6CO05142,C00865592,2026-04-01T00:00:00,2026-06-10T00:00:00,257032.85,131487.28,1294118.76,PRE-PRIMARY,202606189870751327
CO-05,R,2026,H6CO05142,C00865592,2026-01-01T00:00:00,2026-03-31T00:00:00,345180.99,144887.89,1168573.19,APRIL QUARTERLY,202604159862358285
CO-05,R,2026,H6CO05142,C00865592,2026-01-01T00:00:00,2026-03-31T00:00:00,345180.99,144887.89,1168573.19,APRIL QUARTERLY,202605219870231203
CO-05,R,2026,H6CO05142,C00865592,2025-10-01T00:00:00,2025-12-31T00:00:00,307296.17,117698.69,968280.09,YEAR-END,202601309795189199
CO-05,R,2026,H6CO05142,C00865592,2025-07-01T00:00:00,2025-09-30T00:00:00,502077.04,149169.21,778682.61,OCTOBER QUARTERLY,202510159791460325
CO-05,R,2026,H6CO05142,C00865592,2025-04-01T00:00:00,2025-06-30T00:00:00,279016.95,101077.57,425774.78,JULY QUARTERLY,202509119790048196
CO-05,R,2026,H6CO05142,C00865592,2025-04-01T00:00:00,2025-06-30T00:00:00,279016.95,101077.57,425774.78,JULY QUARTERLY,202507159763322354
CO-05,R,2026,H6CO05142,C00865592,2025-01-01T00:00:00,2025-03-31T00:00:00,308345.35,127063.09,247835.4,APRIL QUARTERLY,202504159755657067
TX-35,R,2026,H6TX35087,C00922013,2026-05-07T00:00:00,2026-06-30T00:00:00,377302.56,237805.88,272388.92,JULY QUARTERLY,202607159876000499
TX-35,R,2026,H6TX35087,C00922013,2026-04-01T00:00:00,2026-05-06T00:00:00,158351.75,163557.66,132892.24,PRE-RUN-OFF,202605149866966299
TX-35,R,2026,H6TX35087,C00922013,2026-02-12T00:00:00,2026-03-31T00:00:00,218926.93,144034.37,138098.15,APRIL QUARTERLY,202604159862333396
TX-35,R,2026,H6TX35087,C00922013,2026-01-01T00:00:00,2026-02-11T00:00:00,38875.42,105886.35,63205.59,PRE-PRIMARY,202602199834791015
TX-35,R,2026,H6TX35087,C00922013,2025-09-22T00:00:00,2025-12-31T00:00:00,255294.04,125077.52,130216.52,YEAR-END,202602199834790767
TX-35,R,2026,H6TX35087,C00922013,2025-09-22T00:00:00,2025-12-31T00:00:00,255294.04,125077.52,130216.52,YEAR-END,202601319808873466
OH-10,R,2026,H2OH03067,C00373001,2026-04-16T00:00:00,2026-06-30T00:00:00,139476.53,141225.57,556284.07,JULY QUARTERLY,202607159875811983
OH-10,R,2026,H2OH03067,C00373001,2026-04-01T00:00:00,2026-04-15T00:00:00,3336.5,24371.76,558033.11,PRE-PRIMARY,202604239866684098
OH-10,R,2026,H2OH03067,C00373001,2026-04-01T00:00:00,2026-04-15T00:00:00,3336.5,24371.76,558033.11,PRE-PRIMARY,202604199863195729
OH-10,R,2026,H2OH03067,C00373001,2026-01-01T00:00:00,2026-03-31T00:00:00,195836.39,106682.0,579068.37,APRIL QUARTERLY,202606119870568712
OH-10,R,2026,H2OH03067,C00373001,2026-01-01T00:00:00,2026-03-31T00:00:00,195836.39,106682.0,579068.37,APRIL QUARTERLY,202604159862265724
OH-10,R,2026,H2OH03067,C00373001,2025-10-01T00:00:00,2025-12-31T00:00:00,72343.77,124318.59,489913.98,YEAR-END,202601309795252535
OH-10,R,2026,H2OH03067,C00373001,2025-07-01T00:00:00,2025-09-30T00:00:00,115801.52,104454.36,541888.8,OCTOBER QUARTERLY,202510159791270196
OH-10,R,2026,H2OH03067,C00373001,2025-04-01T00:00:00,2025-06-30T00:00:00,142615.65,145389.98,530541.64,JULY QUARTERLY,202507159763198904
OH-10,R,2026,H2OH03067,C00373001,2025-01-01T00:00:00,2025-03-31T00:00:00,225184.24,122293.23,533315.97,APRIL QUARTERLY,202504159755544981
OH-12,R,2026,H8OH12180,C00662650,2026-04-16T00:00:00,2026-06-30T00:00:00,342935.18,106357.37,1982351.53,JULY QUARTERLY,202607159875397041
OH-12,R,2026,H8OH12180,C00662650,2026-04-01T00:00:00,2026-04-15T00:00:00,43001.0,13892.52,1745773.72,PRE-PRIMARY,202604239866687280
OH-12,R,2026,H8OH12180,C00662650,2026-01-01T00:00:00,2026-03-31T00:00:00,315688.16,146691.3,1716665.24,APRIL QUARTERLY,202604159857538565
OH-12,R,2026,H8OH12180,C00662650,2026-01-01T00:00:00,2026-03-31T00:00:00,315688.16,146691.3,1716665.24,APRIL QUARTERLY,202604239866682886
OH-12,R,2026,H8OH12180,C00662650,2025-10-01T00:00:00,2025-12-31T00:00:00,198229.0,160836.67,1547668.38,YEAR-END,202601309794624288
OH-12,R,2026,H8OH12180,C00662650,2025-07-01T00:00:00,2025-09-30T00:00:00,356196.77,127656.01,1510276.05,OCTOBER QUARTERLY,202510159790997502
OH-12,R,2026,H8OH12180,C00662650,2025-04-01T00:00:00,2025-06-30T00:00:00,242620.32,108483.17,1281735.29,JULY QUARTERLY,202507159763219916
OH-12,R,2026,H8OH12180,C00662650,2025-01-01T00:00:00,2025-03-31T00:00:00,244610.6,103437.28,1147598.14,APRIL QUARTERLY,202504159755432821
MN-01,R,2026,H2MN01223,C00807743,2026-04-01T00:00:00,2026-06-30T00:00:00,543899.22,166809.41,1210804.14,JULY QUARTERLY,202607159875705425
MN-01,R,2026,H2MN01223,C00807743,2026-01-01T00:00:00,2026-03-31T00:00:00,340546.83,123580.42,833714.33,APRIL QUARTERLY,202604159862391976
MN-01,R,2026,H2MN01223,C00807743,2025-10-01T00:00:00,2025-12-31T00:00:00,258284.51,104770.55,616747.92,YEAR-END,202601309794924391
MN-01,R,2026,H2MN01223,C00807743,2025-07-01T00:00:00,2025-09-30T00:00:00,254717.72,98166.83,463233.96,OCTOBER QUARTERLY,202510229791992123
MN-01,R,2026,H2MN01223,C00807743,2025-07-01T00:00:00,2025-09-30T00:00:00,254717.72,98166.83,463233.96,OCTOBER QUARTERLY,202510149790788747
MN-01,R,2026,H2MN01223,C00807743,2025-04-01T00:00:00,2025-06-30T00:00:00,270893.55,130775.86,306683.07,JULY QUARTERLY,202507159762953791
MN-01,R,2026,H2MN01223,C00807743,2025-01-01T00:00:00,2025-03-31T00:00:00,247803.99,142647.84,166565.38,APRIL QUARTERLY,202504159755796460
WA-04,R,2026,H6WA04216,C00932582,2026-07-01T00:00:00,2026-07-15T00:00:00,53224.7,281391.16,215446.98,PRE-PRIMARY,202607239894445784
WA-04,R,2026,H6WA04216,C00932582,2026-04-01T00:00:00,2026-06-30T00:00:00,404702.55,412186.97,443613.44,JULY QUARTERLY,202607159875970531
WA-04,R,2026,H6WA04216,C00932582,2026-01-01T00:00:00,2026-03-31T00:00:00,523892.3,72794.44,451097.86,APRIL QUARTERLY,202604159862585682
GA-08,R,2026,H0GA08099,C00482737,2026-04-30T00:00:00,2026-06-30T00:00:00,199313.09,106839.66,1349452.16,JULY QUARTERLY,202607159875710106
GA-08,R,2026,H0GA08099,C00482737,2026-04-01T00:00:00,2026-04-29T00:00:00,24775.0,124601.01,1256978.73,PRE-PRIMARY,202605079866848768
GA-08,R,2026,H0GA08099,C00482737,2026-01-01T00:00:00,2026-03-31T00:00:00,300293.56,119454.02,1356804.74,APRIL QUARTERLY,202604159857761466
GA-08,R,2026,H0GA08099,C00482737,2025-10-01T00:00:00,2025-12-31T00:00:00,135713.34,63298.58,1175965.2,YEAR-END,202601309795214601
GA-08,R,2026,H0GA08099,C00482737,2025-07-01T00:00:00,2025-09-30T00:00:00,192318.95,70369.8,1103550.44,OCTOBER QUARTERLY,202510159791305739
GA-08,R,2026,H0GA08099,C00482737,2025-04-01T00:00:00,2025-06-30T00:00:00,65472.76,76751.98,981601.29,JULY QUARTERLY,202507159763308396
GA-08,R,2026,H0GA08099,C00482737,2025-01-01T00:00:00,2025-03-31T00:00:00,207065.25,194350.29,992880.51,APRIL QUARTERLY,202504159755422429
TN-03,R,2026,H0TN03254,C00461822,2026-07-01T00:00:00,2026-07-17T00:00:00,11679.0,14577.62,4835524.55,PRE-PRIMARY,202607219894391785
TN-03,R,2026,H0TN03254,C00461822,2026-04-01T00:00:00,2026-06-30T00:00:00,443790.52,179100.64,4838423.17,JULY QUARTERLY,202607219894391607
TN-03,R,2026,H0TN03254,C00461822,2026-04-01T00:00:00,2026-06-30T00:00:00,443790.52,179100.64,4838423.17,JULY QUARTERLY,202607149874945026
TN-03,R,2026,H0TN03254,C00461822,2026-01-01T00:00:00,2026-03-31T00:00:00,563086.6,137831.29,4573733.29,APRIL QUARTERLY,202605049866792461
TN-03,R,2026,H0TN03254,C00461822,2026-01-01T00:00:00,2026-03-31T00:00:00,537534.6,136820.33,4549192.25,APRIL QUARTERLY,202604149857157180
TN-03,R,2026,H0TN03254,C00461822,2025-10-01T00:00:00,2025-12-31T00:00:00,170034.9,87331.98,4148477.98,YEAR-END,202601149793969292
TN-03,R,2026,H0TN03254,C00461822,2025-07-01T00:00:00,2025-09-30T00:00:00,270273.1,109181.49,4065775.06,OCTOBER QUARTERLY,202601139793965101
TN-03,R,2026,H0TN03254,C00461822,2025-07-01T00:00:00,2025-09-30T00:00:00,270273.1,109181.49,4065775.06,OCTOBER QUARTERLY,202510159790902487
TN-03,R,2026,H0TN03254,C00461822,2025-04-01T00:00:00,2025-06-30T00:00:00,411501.16,169777.7,3904683.45,JULY QUARTERLY,202507149762804599
TN-03,R,2026,H0TN03254,C00461822,2025-01-01T00:00:00,2025-03-31T00:00:00,460438.05,54530.14,3662959.99,APRIL QUARTERLY,202504159755358002
MS-01,R,2026,H6MS01131,C00573980,2026-04-01T00:00:00,2026-06-30T00:00:00,134715.74,97819.04,863664.5,JULY QUARTERLY,202607159875710850
MS-01,R,2026,H6MS01131,C00573980,2026-02-19T00:00:00,2026-03-31T00:00:00,205534.2,116742.35,826767.8,APRIL QUARTERLY,202604159857578831
MS-01,R,2026,H6MS01131,C00573980,2026-01-01T00:00:00,2026-02-18T00:00:00,88038.59,32587.11,737975.95,PRE-PRIMARY,202602269837863308
MS-01,R,2026,H6MS01131,C00573980,2025-10-01T00:00:00,2025-12-31T00:00:00,107996.5,102629.31,682524.47,YEAR-END,202601309794875765
MS-01,R,2026,H6MS01131,C00573980,2025-07-01T00:00:00,2025-09-30T00:00:00,185161.98,128050.29,677157.28,OCTOBER QUARTERLY,202510159791108493
MS-01,R,2026,H6MS01131,C00573980,2025-04-01T00:00:00,2025-06-30T00:00:00,176207.75,127010.95,620045.59,JULY QUARTERLY,202507159762901933
MS-01,R,2026,H6MS01131,C00573980,2025-01-01T00:00:00,2025-03-31T00:00:00,106549.93,144559.67,570848.79,APRIL QUARTERLY,202504159755412234
MN-07,R,2026,H0MN07091,C00717959,2026-04-01T00:00:00,2026-06-30T00:00:00,251740.67,155970.1,902667.93,JULY QUARTERLY,202607159875083472
MN-07,R,2026,H0MN07091,C00717959,2026-01-01T00:00:00,2026-03-31T00:00:00,178725.04,138561.6,806897.36,APRIL QUARTERLY,202604159862348434
MN-07,R,2026,H0MN07091,C00717959,2025-10-01T00:00:00,2025-12-31T00:00:00,209587.46,104952.41,766733.92,YEAR-END,202601309794613095
MN-07,R,2026,H0MN07091,C00717959,2025-07-01T00:00:00,2025-09-30T00:00:00,288795.26,154655.75,662098.87,OCTOBER QUARTERLY,202510159790863952
MN-07,R,2026,H0MN07091,C00717959,2025-04-01T00:00:00,2025-06-30T00:00:00,158285.04,107435.46,527959.36,JULY QUARTERLY,202507159762966326
MN-07,R,2026,H0MN07091,C00717959,2025-01-01T00:00:00,2025-03-31T00:00:00,152239.97,86210.7,477109.78,APRIL QUARTERLY,202504149755325749
IL-08,R,2026,H6IL08311,C00919142,2026-04-01T00:00:00,2026-06-30T00:00:00,537970.46,224952.76,730400.66,JULY QUARTERLY,202607159875705204
IL-08,R,2026,H6IL08311,C00919142,2026-02-26T00:00:00,2026-03-31T00:00:00,316143.41,109628.76,417382.96,APRIL QUARTERLY,202604159862339244
IL-08,R,2026,H6IL08311,C00919142,2026-01-01T00:00:00,2026-02-25T00:00:00,29820.38,306703.34,210868.31,PRE-PRIMARY,202603059837893226
IL-08,R,2026,H6IL08311,C00919142,2025-10-01T00:00:00,2025-12-31T00:00:00,33753.06,101718.32,487751.27,YEAR-END,202601319795583743
IL-08,R,2026,H6IL08311,C00919142,2025-07-01T00:00:00,2025-09-30T00:00:00,558321.73,2605.2,555716.53,OCTOBER QUARTERLY,202510159790873258
TX-36,R,2026,H6TX02079,C00553859,2026-04-01T00:00:00,2026-06-30T00:00:00,90075.99,111941.79,908646.24,JULY QUARTERLY,202607139874936008
TX-36,R,2026,H6TX02079,C00553859,2026-02-12T00:00:00,2026-03-31T00:00:00,167731.74,107125.52,930512.04,APRIL QUARTERLY,202604149857182814
TX-36,R,2026,H6TX02079,C00553859,2026-01-01T00:00:00,2026-02-11T00:00:00,61010.79,48176.82,869905.82,PRE-PRIMARY,202602189834344507
TX-36,R,2026,H6TX02079,C00553859,2025-10-01T00:00:00,2025-12-31T00:00:00,175447.87,82363.25,857071.85,YEAR-END,202601299794399148
TX-36,R,2026,H6TX02079,C00553859,2025-07-01T00:00:00,2025-09-30T00:00:00,90367.3,53231.2,763987.23,OCTOBER QUARTERLY,202510139790748587
TX-36,R,2026,H6TX02079,C00553859,2025-04-01T00:00:00,2025-06-30T00:00:00,253960.63,197620.36,726851.13,JULY QUARTERLY,202604089857028439
TX-36,R,2026,H6TX02079,C00553859,2025-04-01T00:00:00,2025-06-30T00:00:00,253960.63,197620.36,726851.13,JULY QUARTERLY,202507149762831738
TX-36,R,2026,H6TX02079,C00553859,2025-01-01T00:00:00,2025-03-31T00:00:00,168349.58,144041.37,670510.86,APRIL QUARTERLY,202504149755301707
FL-27,D,2026,H6FL27056,C00904722,2026-04-01T00:00:00,2026-06-25T00:00:00,394.0,337937.76,0.0,TERMINATION REPORT,202606259874263460
FL-27,D,2026,H6FL27056,C00904722,2026-01-01T00:00:00,2026-03-31T00:00:00,53724.37,149531.66,337543.76,APRIL QUARTERLY,202604159857239401
FL-27,D,2026,H6FL27056,C00904722,2025-10-01T00:00:00,2025-12-31T00:00:00,236905.45,107101.58,433351.05,YEAR-END,202601309795280745
FL-27,D,2026,H6FL27056,C00904722,2025-07-01T00:00:00,2025-09-30T00:00:00,202334.29,93102.39,303547.18,OCTOBER QUARTERLY,202510159790996743
FL-27,D,2026,H6FL27056,C00904722,2025-05-09T00:00:00,2025-06-30T00:00:00,250354.18,56038.9,194315.28,JULY QUARTERLY,202507159763100210
AR-01,R,2026,H0AR01083,C00462374,2026-04-01T00:00:00,2026-06-30T00:00:00,181426.39,251648.47,1031630.59,JULY QUARTERLY,202607159875655661
AR-01,R,2026,H0AR01083,C00462374,2026-02-12T00:00:00,2026-03-31T00:00:00,237846.2,149612.11,1101852.67,APRIL QUARTERLY,202607109874867745
AR-01,R,2026,H0AR01083,C00462374,2026-02-12T00:00:00,2026-03-31T00:00:00,237846.2,149612.11,1101852.67,APRIL QUARTERLY,202604159857265648
AR-01,R,2026,H0AR01083,C00462374,2026-01-01T00:00:00,2026-02-11T00:00:00,21993.72,27264.0,1013618.58,PRE-PRIMARY,202602199834759385
AR-01,R,2026,H0AR01083,C00462374,2026-01-01T00:00:00,2026-02-11T00:00:00,21993.72,27264.0,1013618.58,PRE-PRIMARY,202603189853621539
AR-01,R,2026,H0AR01083,C00462374,2025-10-01T00:00:00,2025-12-31T00:00:00,97356.8,111500.4,1018888.86,YEAR-END,202601319795369489
AR-01,R,2026,H0AR01083,C00462374,2025-07-01T00:00:00,2025-09-30T00:00:00,157888.5,38169.29,1033032.46,OCTOBER QUARTERLY,202510159790835718
AR-01,R,2026,H0AR01083,C00462374,2025-04-01T00:00:00,2025-06-30T00:00:00,123582.33,56451.8,913313.25,JULY QUARTERLY,202507159762865845
AR-01,R,2026,H0AR01083,C00462374,2025-01-01T00:00:00,2025-03-31T00:00:00,124208.09,108852.23,846182.72,APRIL QUARTERLY,202505289761725719
AR-01,R,2026,H0AR01083,C00462374,2025-01-01T00:00:00,2025-03-31T00:00:00,124208.09,108852.23,846182.72,APRIL QUARTERLY,202504159755359303
TN-01,R,2026,H0TN01118,C00741090,2026-07-01T00:00:00,2026-07-17T00:00:00,45258.1,62987.04,1985062.87,PRE-PRIMARY,202607249894460987
TN-01,R,2026,H0TN01118,C00741090,2026-04-01T00:00:00,2026-06-30T00:00:00,283378.05,85002.25,2002791.81,JULY QUARTERLY,202607159875319512
TN-01,R,2026,H0TN01118,C00741090,2026-01-01T00:00:00,2026-03-31T00:00:00,196740.37,172793.57,1804416.01,APRIL QUARTERLY,202604149857171600
TN-01,R,2026,H0TN01118,C00741090,2026-01-01T00:00:00,2026-03-31T00:00:00,196740.37,172793.57,1804416.01,APRIL QUARTERLY,202607159890102474
TN-01,R,2026,H0TN01118,C00741090,2025-10-01T00:00:00,2025-12-31T00:00:00,142643.96,62369.45,1780469.21,YEAR-END,202601309794644186
TN-01,R,2026,H0TN01118,C00741090,2025-07-01T00:00:00,2025-09-30T00:00:00,198735.6,109945.77,1700194.7,OCTOBER QUARTERLY,202510159790835405
TN-01,R,2026,H0TN01118,C00741090,2025-04-01T00:00:00,2025-06-30T00:00:00,237537.63,97388.59,1611404.87,JULY QUARTERLY,202507159762866457
TN-01,R,2026,H0TN01118,C00741090,2025-01-01T00:00:00,2025-03-31T00:00:00,169900.07,149413.37,1471255.83,APRIL QUARTERLY,202504149755331759
CA-35,D,2026,H4CA35031,C00557652,2026-05-14T00:00:00,2026-06-30T00:00:00,139044.57,188461.38,339247.17,JULY QUARTERLY,202607159875480609
CA-35,D,2026,H4CA35031,C00557652,2026-04-01T00:00:00,2026-05-13T00:00:00,76887.35,69624.67,388147.86,PRE-PRIMARY,202605219870251953
CA-35,D,2026,H4CA35031,C00557652,2026-04-01T00:00:00,2026-05-13T00:00:00,77403.47,69624.67,388663.98,PRE-PRIMARY,202607149874982055
CA-35,D,2026,H4CA35031,C00557652,2026-01-01T00:00:00,2026-03-31T00:00:00,86918.91,230894.96,380885.18,APRIL QUARTERLY,202604159857644708
CA-35,D,2026,H4CA35031,C00557652,2025-10-01T00:00:00,2025-12-31T00:00:00,70895.92,83780.74,524861.23,YEAR-END,202601299794386631
CA-35,D,2026,H4CA35031,C00557652,2025-07-01T00:00:00,2025-09-30T00:00:00,92850.79,70909.62,537746.05,OCTOBER QUARTERLY,202510149790788631
CA-35,D,2026,H4CA35031,C00557652,2025-04-01T00:00:00,2025-06-30T00:00:00,145419.5,57445.05,515804.88,JULY QUARTERLY,202507159763328054
CA-35,D,2026,H4CA35031,C00557652,2025-01-01T00:00:00,2025-03-31T00:00:00,156527.43,32012.03,427830.43,APRIL QUARTERLY,202506239762532158
CA-35,D,2026,H4CA35031,C00557652,2025-01-01T00:00:00,2025-03-31T00:00:00,156527.43,32012.03,427830.43,APRIL QUARTERLY,202504159755856794
CA-35,D,2026,H4CA35031,C00557652,2025-01-01T00:00:00,2025-03-31T00:00:00,156527.43,32012.03,427830.43,APRIL QUARTERLY,202505059759021833
FL-22,D,2026,H6FL21059,C00906883,2026-04-01T00:00:00,2026-06-30T00:00:00,520485.44,326748.32,1365383.66,JULY QUARTERLY,202607159875599606
FL-22,D,2026,H6FL21059,C00906883,2026-01-01T00:00:00,2026-03-31T00:00:00,410147.1,167330.88,1171646.54,APRIL QUARTERLY,202604159862590583
FL-22,D,2026,H6FL21059,C00906883,2025-10-01T00:00:00,2025-12-31T00:00:00,381286.64,132179.87,928830.32,YEAR-END,202601319808535172
FL-22,D,2026,H6FL21059,C00906883,2025-07-01T00:00:00,2025-09-30T00:00:00,381428.0,84860.95,679723.55,OCTOBER QUARTERLY,202510149790784005
FL-22,D,2026,H6FL21059,C00906883,2025-04-01T00:00:00,2025-06-30T00:00:00,402255.5,32599.0,369656.5,JULY QUARTERLY,202507159763202036
FL-22,D,2026,H6FL21059,C00906883,2025-04-01T00:00:00,2025-06-30T00:00:00,402255.5,19099.0,383156.5,JULY QUARTERLY,202507309764348178
PA-02,D,2026,H4PA13199,C00543363,2026-04-30T00:00:00,2026-06-30T00:00:00,353859.24,40963.26,5560517.95,JULY QUARTERLY,202607159875638274
PA-02,D,2026,H4PA13199,C00543363,2026-04-01T00:00:00,2026-04-29T00:00:00,331918.17,44353.02,5247621.97,PRE-PRIMARY,202605079866894175
PA-02,D,2026,H4PA13199,C00543363,2026-01-01T00:00:00,2026-03-31T00:00:00,244021.96,96296.54,4960056.82,APRIL QUARTERLY,202604159857642465
PA-02,D,2026,H4PA13199,C00543363,2025-10-01T00:00:00,2025-12-31T00:00:00,199844.2,56822.58,4812331.4,YEAR-END,202601309794775020
PA-02,D,2026,H4PA13199,C00543363,2025-07-01T00:00:00,2025-09-30T00:00:00,610265.84,61029.24,4669309.78,OCTOBER QUARTERLY,202510159790873950
PA-02,D,2026,H4PA13199,C00543363,2025-04-01T00:00:00,2025-06-30T00:00:00,491660.35,386992.24,4120073.18,JULY QUARTERLY,202507149762830919
PA-02,D,2026,H4PA13199,C00543363,2025-01-01T00:00:00,2025-03-31T00:00:00,220388.0,43266.28,4015405.07,APRIL QUARTERLY,202504159755547578
TX-05,R,2026,H8TX05144,C00662601,2026-04-01T00:00:00,2026-06-30T00:00:00,171417.35,174700.32,1329417.31,JULY QUARTERLY,202607159885306007
TX-05,R,2026,H8TX05144,C00662601,2026-02-12T00:00:00,2026-03-31T00:00:00,315005.75,45393.6,1332700.28,APRIL QUARTERLY,202607279894479444
TX-05,R,2026,H8TX05144,C00662601,2026-02-12T00:00:00,2026-03-31T00:00:00,315005.75,45393.6,1337500.28,APRIL QUARTERLY,202604159862875062
TX-05,R,2026,H8TX05144,C00662601,2026-02-12T00:00:00,2026-03-31T00:00:00,315005.75,45393.6,1332700.28,APRIL QUARTERLY,202607079874797679
TX-05,R,2026,H8TX05144,C00662601,2026-01-01T00:00:00,2026-02-11T00:00:00,89755.15,76250.59,1067888.13,PRE-PRIMARY,202602199834794527
TX-05,R,2026,H8TX05144,C00662601,2025-10-01T00:00:00,2025-12-31T00:00:00,142032.01,138746.29,1049583.57,YEAR-END,202604229866667619
TX-05,R,2026,H8TX05144,C00662601,2025-10-01T00:00:00,2025-12-31T00:00:00,146832.01,138746.29,1054383.57,YEAR-END,202601319795580488
TX-05,R,2026,H8TX05144,C00662601,2025-07-01T00:00:00,2025-09-30T00:00:00,131882.42,89958.8,1046297.85,OCTOBER QUARTERLY,202510159791315746
TX-05,R,2026,H8TX05144,C00662601,2025-04-01T00:00:00,2025-06-30T00:00:00,342879.16,94760.37,1004374.23,JULY QUARTERLY,202507159763518927
TX-05,R,2026,H8TX05144,C00662601,2025-04-01T00:00:00,2025-06-30T00:00:00,342879.16,94760.37,1004374.23,JULY QUARTERLY,202510219791976652
TX-05,R,2026,H8TX05144,C00662601,2025-01-01T00:00:00,2025-03-31T00:00:00,148675.34,109776.86,756255.44,APRIL QUARTERLY,202507099762742506
TX-05,R,2026,H8TX05144,C00662601,2025-01-01T00:00:00,2025-03-31T00:00:00,148675.34,109776.86,756255.44,APRIL QUARTERLY,202504159756023062
CT-05,D,2026,H8CT05245,C00677898,2026-04-22T00:00:00,2026-06-30T00:00:00,185700.21,87280.25,1084158.01,JULY QUARTERLY,202607159875907767
CT-05,D,2026,H8CT05245,C00677898,2026-04-01T00:00:00,2026-04-21T00:00:00,27615.72,32360.81,985738.05,PRE-CONVENTION,202604299866728737
CT-05,D,2026,H8CT05245,C00677898,2026-01-01T00:00:00,2026-03-31T00:00:00,166106.76,99545.45,990483.14,APRIL QUARTERLY,202604159862612210
CT-05,D,2026,H8CT05245,C00677898,2025-10-01T00:00:00,2025-12-31T00:00:00,172788.95,115552.68,923921.83,YEAR-END,202601319808839899
CT-05,D,2026,H8CT05245,C00677898,2025-07-01T00:00:00,2025-09-30T00:00:00,298416.98,152049.37,866685.56,OCTOBER QUARTERLY,202510159791197945
CT-05,D,2026,H8CT05245,C00677898,2025-04-01T00:00:00,2025-06-30T00:00:00,245695.75,129358.84,720317.95,JULY QUARTERLY,202507159763322110
CT-05,D,2026,H8CT05245,C00677898,2025-01-01T00:00:00,2025-03-31T00:00:00,193753.62,112323.6,603981.04,APRIL QUARTERLY,202504159755544153
SC-02,R,2026,H2SC02059,C00368522,2026-05-21T00:00:00,2026-06-30T00:00:00,98283.42,121260.46,182912.39,JULY QUARTERLY,202607159875095429
SC-02,R,2026,H2SC02059,C00368522,2026-04-01T00:00:00,2026-05-20T00:00:00,93552.6,181619.76,205889.43,PRE-PRIMARY,202605289870302335
SC-02,R,2026,H2SC02059,C00368522,2026-01-01T00:00:00,2026-03-31T00:00:00,360904.1,147088.8,293956.59,APRIL QUARTERLY,202604159857679562
SC-02,R,2026,H2SC02059,C00368522,2025-10-01T00:00:00,2025-12-31T00:00:00,59515.64,79933.76,80141.29,YEAR-END,202601309794679941
SC-02,R,2026,H2SC02059,C00368522,2025-07-01T00:00:00,2025-09-30T00:00:00,73092.84,52841.29,100559.41,OCTOBER QUARTERLY,202510169791624197
SC-02,R,2026,H2SC02059,C00368522,2025-04-01T00:00:00,2025-06-30T00:00:00,98077.34,70689.56,80307.86,JULY QUARTERLY,202507159762882264
SC-02,R,2026,H2SC02059,C00368522,2025-01-01T00:00:00,2025-03-31T00:00:00,77679.28,69272.38,52920.08,APRIL QUARTERLY,202504159755382569
IL-05,D,2026,H0IL05096,C00457556,2026-04-01T00:00:00,2026-06-30T00:00:00,104016.0,134297.22,1187817.91,JULY QUARTERLY,202607159875274397
IL-05,D,2026,H0IL05096,C00457556,2026-02-26T00:00:00,2026-03-31T00:00:00,81116.0,84953.38,1218099.13,APRIL QUARTERLY,202604159857794122
IL-05,D,2026,H0IL05096,C00457556,2026-01-01T00:00:00,2026-02-25T00:00:00,59758.36,38018.63,1221936.51,PRE-PRIMARY,202603059837890348
IL-05,D,2026,H0IL05096,C00457556,2025-10-01T00:00:00,2025-12-31T00:00:00,101841.33,118126.8,1200196.78,YEAR-END,202601319808591286
IL-05,D,2026,H0IL05096,C00457556,2025-07-01T00:00:00,2025-09-30T00:00:00,107183.86,137064.58,1216482.25,OCTOBER QUARTERLY,202510159791473440
IL-05,D,2026,H0IL05096,C00457556,2025-04-01T00:00:00,2025-06-30T00:00:00,187037.55,115455.02,1246362.97,JULY QUARTERLY,202507159763441795
IL-05,D,2026,H0IL05096,C00457556,2025-01-01T00:00:00,2025-03-31T00:00:00,84741.78,91144.73,1174780.44,APRIL QUARTERLY,202504159755952081
FL-09,D,2026,H6FL09179,C00581074,2026-04-01T00:00:00,2026-06-30T00:00:00,732034.77,295780.66,1268859.71,JULY QUARTERLY,202607159875367706
FL-09,D,2026,H6FL09179,C00581074,2026-01-01T00:00:00,2026-03-31T00:00:00,308898.75,110625.94,832605.6,APRIL QUARTERLY,202604159857675818
FL-09,D,2026,H6FL09179,C00581074,2026-01-01T00:00:00,2026-03-31T00:00:00,308898.75,110625.94,832605.6,APRIL QUARTERLY,202607159875317904
FL-09,D,2026,H6FL09179,C00581074,2025-10-01T00:00:00,2025-12-31T00:00:00,348136.43,77969.1,634807.79,YEAR-END,202601309795154242
FL-09,D,2026,H6FL09179,C00581074,2025-10-01T00:00:00,2025-12-31T00:00:00,347636.43,77944.1,634332.79,YEAR-END,202602249837848097
FL-09,D,2026,H6FL09179,C00581074,2025-07-01T00:00:00,2025-09-30T00:00:00,264730.15,80838.99,364640.46,OCTOBER QUARTERLY,202510159791365189
FL-09,D,2026,H6FL09179,C00581074,2025-04-01T00:00:00,2025-06-30T00:00:00,161934.89,86113.89,180749.3,JULY QUARTERLY,202507159763058801
FL-09,D,2026,H6FL09179,C00581074,2025-01-01T00:00:00,2025-03-31T00:00:00,158214.89,67405.13,104928.3,APRIL QUARTERLY,202504159755419661
GA-09,R,2026,H6GA09250,C00896423,2026-04-30T00:00:00,2026-06-30T00:00:00,10700.0,148882.3,0.0,TERMINATION REPORT,202607159875226147
GA-09,R,2026,H6GA09250,C00896423,2026-04-01T00:00:00,2026-04-29T00:00:00,25800.0,107713.94,138182.3,PRE-PRIMARY,202605079866893748
GA-09,R,2026,H6GA09250,C00896423,2026-01-01T00:00:00,2026-03-31T00:00:00,76760.0,90748.25,220096.24,APRIL QUARTERLY,202604159862434886
GA-09,R,2026,H6GA09250,C00896423,2025-10-01T00:00:00,2025-12-31T00:00:00,63793.5,81852.13,234084.49,YEAR-END,202601319795323086
GA-09,R,2026,H6GA09250,C00896423,2025-07-01T00:00:00,2025-09-30T00:00:00,102590.0,148247.64,252143.12,OCTOBER QUARTERLY,202510159791118623
GA-09,R,2026,H6GA09250,C00896423,2025-04-01T00:00:00,2025-06-30T00:00:00,173175.0,87681.63,297800.76,JULY QUARTERLY,202507159762927627
GA-09,R,2026,H6GA09250,C00896423,2025-01-01T00:00:00,2025-03-31T00:00:00,263490.0,51182.61,212307.39,APRIL QUARTERLY,202504159755353689
NM-02,R,2026,H6NM02127,C00921791,2026-05-14T00:00:00,2026-06-30T00:00:00,665129.09,220719.24,768187.96,JULY QUARTERLY,202607159875938115
NM-02,R,2026,H6NM02127,C00921791,2026-04-01T00:00:00,2026-05-13T00:00:00,236656.94,116867.11,323778.11,PRE-PRIMARY,202605219870243155
NM-02,R,2026,H6NM02127,C00921791,2026-01-01T00:00:00,2026-03-31T00:00:00,225696.85,130031.16,203988.28,APRIL QUARTERLY,202604159862565995
NM-02,R,2026,H6NM02127,C00921791,2025-10-01T00:00:00,2025-12-31T00:00:00,171747.88,63425.29,108322.59,YEAR-END,202601319795535628
NJ-02,D,2026,H6NJ02228,C00908889,2026-05-14T00:00:00,2026-06-30T00:00:00,93819.59,129731.61,110284.28,JULY QUARTERLY,202607159875463020
NJ-02,D,2026,H6NJ02228,C00908889,2026-04-01T00:00:00,2026-05-13T00:00:00,88366.3,189079.36,146196.3,PRE-PRIMARY,202605219870270068
NJ-02,D,2026,H6NJ02228,C00908889,2026-01-01T00:00:00,2026-03-31T00:00:00,191175.99,175728.77,246909.36,APRIL QUARTERLY,202604159862902978
NJ-02,D,2026,H6NJ02228,C00908889,2025-10-01T00:00:00,2025-12-31T00:00:00,141065.01,110935.37,231462.14,YEAR-END,202601319825846071
NJ-02,D,2026,H6NJ02228,C00908889,2025-07-01T00:00:00,2025-09-30T00:00:00,139227.9,100785.25,201332.5,OCTOBER QUARTERLY,202510159791602538
NJ-02,D,2026,H6NJ02228,C00908889,2025-04-01T00:00:00,2025-06-30T00:00:00,171552.31,8662.46,162889.85,JULY QUARTERLY,202507159763545920
VI-00,D,2026,H2VI00082,C00528182,2026-04-01T00:00:00,2026-06-30T00:00:00,83960.63,199064.17,11211.8,JULY QUARTERLY,202607159875702558
VI-00,D,2026,H2VI00082,C00528182,2026-01-01T00:00:00,2026-03-31T00:00:00,226514.03,149455.03,126315.34,APRIL QUARTERLY,202604159862440034
VI-00,D,2026,H2VI00082,C00528182,2025-10-01T00:00:00,2025-12-31T00:00:00,102402.44,95281.1,49256.34,YEAR-END,202601319808242795
VI-00,D,2026,H2VI00082,C00528182,2025-07-01T00:00:00,2025-09-30T00:00:00,57780.0,118266.65,42135.0,OCTOBER QUARTERLY,202510159791112885
VI-00,D,2026,H2VI00082,C00528182,2025-04-01T00:00:00,2025-06-30T00:00:00,166432.51,106720.75,102621.65,JULY QUARTERLY,202507159763198800
VI-00,D,2026,H2VI00082,C00528182,2025-01-01T00:00:00,2025-03-31T00:00:00,75580.6,43917.08,42909.89,APRIL QUARTERLY,202504159755371347
FL-17,R,2026,H8FL17053,C00671891,2026-04-01T00:00:00,2026-06-30T00:00:00,325648.96,163724.14,2166211.75,JULY QUARTERLY,202607159875094528
FL-17,R,2026,H8FL17053,C00671891,2026-01-01T00:00:00,2026-03-31T00:00:00,111199.02,123128.08,2004286.93,APRIL QUARTERLY,202604159862325445
FL-17,R,2026,H8FL17053,C00671891,2025-10-01T00:00:00,2025-12-31T00:00:00,241699.88,113299.31,2016215.99,YEAR-END,202601309794954381
FL-17,R,2026,H8FL17053,C00671891,2025-07-01T00:00:00,2025-09-30T00:00:00,221575.77,68863.2,1887815.42,OCTOBER QUARTERLY,202510159790853305
FL-17,R,2026,H8FL17053,C00671891,2025-04-01T00:00:00,2025-06-30T00:00:00,176282.2,116550.8,1735102.85,JULY QUARTERLY,202507159762950841
FL-17,R,2026,H8FL17053,C00671891,2025-01-01T00:00:00,2025-03-31T00:00:00,209062.23,124986.58,1675371.45,APRIL QUARTERLY,202504159755364831
FL-17,R,2026,H8FL17053,C00671891,2025-01-01T00:00:00,2025-03-31T00:00:00,209062.23,124986.58,1675371.45,APRIL QUARTERLY,202601269794179612
CA-43,D,2026,H4CA23011,C00167585,2026-05-14T00:00:00,2026-06-30T00:00:00,128918.5,183292.21,269668.83,JULY QUARTERLY,202607159875971868
CA-43,D,2026,H4CA23011,C00167585,2026-04-01T00:00:00,2026-05-13T00:00:00,126181.0,107526.16,323042.54,PRE-PRIMARY,202605219870209433
CA-43,D,2026,H4CA23011,C00167585,2026-04-01T00:00:00,2026-05-13T00:00:00,127181.0,107526.16,324042.54,PRE-PRIMARY,202606109870563334
CA-43,D,2026,H4CA23011,C00167585,2026-01-01T00:00:00,2026-03-31T00:00:00,175921.19,20873.49,304387.7,APRIL QUARTERLY,202604159862564912
CA-43,D,2026,H4CA23011,C00167585,2025-10-01T00:00:00,2025-12-31T00:00:00,80372.38,118951.95,149340.0,YEAR-END,202601299794398077
CA-43,D,2026,H4CA23011,C00167585,2025-07-01T00:00:00,2025-09-30T00:00:00,181401.04,97594.84,187919.57,OCTOBER QUARTERLY,202510159791183201
CA-43,D,2026,H4CA23011,C00167585,2025-04-01T00:00:00,2025-06-30T00:00:00,28710.54,90965.34,104113.37,JULY QUARTERLY,202507159763421934
CA-43,D,2026,H4CA23011,C00167585,2025-01-01T00:00:00,2025-03-31T00:00:00,141178.17,91266.48,166368.17,APRIL QUARTERLY,202504149755327517
RI-01,D,2026,H4RI01265,C00838060,2026-04-01T00:00:00,2026-06-30T00:00:00,348573.42,166941.34,1734227.04,JULY QUARTERLY,202607159875704380
RI-01,D,2026,H4RI01265,C00838060,2026-01-01T00:00:00,2026-03-31T00:00:00,218093.9,130684.32,1552594.96,APRIL QUARTERLY,202604159862391305
RI-01,D,2026,H4RI01265,C00838060,2025-10-01T00:00:00,2025-12-31T00:00:00,240537.65,122010.99,1465185.38,YEAR-END,202601309794985097
RI-01,D,2026,H4RI01265,C00838060,2025-07-01T00:00:00,2025-09-30T00:00:00,252223.27,106924.91,1346658.72,OCTOBER QUARTERLY,202510159791273665
RI-01,D,2026,H4RI01265,C00838060,2025-04-01T00:00:00,2025-06-30T00:00:00,260711.99,108771.29,1201360.36,JULY QUARTERLY,202507159763154624
RI-01,D,2026,H4RI01265,C00838060,2025-01-01T00:00:00,2025-03-31T00:00:00,187272.65,72500.48,1049419.66,APRIL QUARTERLY,202504159755550501
TX-16,D,2026,H8TX16109,C00653923,2026-04-01T00:00:00,2026-06-30T00:00:00,128553.67,146361.35,270455.02,JULY QUARTERLY,202607159875224719
TX-16,D,2026,H8TX16109,C00653923,2026-02-12T00:00:00,2026-03-31T00:00:00,112891.87,69714.5,288262.7,APRIL QUARTERLY,202604159857739744
TX-16,D,2026,H8TX16109,C00653923,2026-01-01T00:00:00,2026-02-11T00:00:00,7824.91,43568.52,245085.33,PRE-PRIMARY,202602199834772040
TX-16,D,2026,H8TX16109,C00653923,2025-10-01T00:00:00,2025-12-31T00:00:00,99356.82,134465.64,280828.94,YEAR-END,202601309794609149
TX-16,D,2026,H8TX16109,C00653923,2025-07-01T00:00:00,2025-09-30T00:00:00,87110.71,95217.77,315937.76,OCTOBER QUARTERLY,202510159791272421
TX-16,D,2026,H8TX16109,C00653923,2025-04-01T00:00:00,2025-06-30T00:00:00,172191.49,87352.48,324044.82,JULY QUARTERLY,202507159763191979
TX-16,D,2026,H8TX16109,C00653923,2025-01-01T00:00:00,2025-03-31T00:00:00,250836.81,127475.62,239205.81,APRIL QUARTERLY,202505229761570858
TX-16,D,2026,H8TX16109,C00653923,2025-01-01T00:00:00,2025-03-31T00:00:00,249695.87,126334.68,239205.81,APRIL QUARTERLY,202504159755419770
WV-02,R,2026,H4WV02205,C00828947,2026-04-23T00:00:00,2026-06-30T00:00:00,191225.68,125267.56,751072.41,JULY QUARTERLY,202607159875367302
WV-02,R,2026,H4WV02205,C00828947,2026-04-01T00:00:00,2026-04-22T00:00:00,25350.1,53352.2,685114.29,PRE-PRIMARY,202604309866779352
WV-02,R,2026,H4WV02205,C00828947,2026-01-01T00:00:00,2026-03-31T00:00:00,289754.68,214591.95,713116.39,APRIL QUARTERLY,202604159857644119
WV-02,R,2026,H4WV02205,C00828947,2025-10-01T00:00:00,2025-12-31T00:00:00,146463.32,49344.05,637953.66,YEAR-END,202601319808409627
WV-02,R,2026,H4WV02205,C00828947,2025-07-01T00:00:00,2025-09-30T00:00:00,234446.8,121381.79,540834.39,OCTOBER QUARTERLY,202510159790864275
WV-02,R,2026,H4WV02205,C00828947,2025-04-01T00:00:00,2025-06-30T00:00:00,330145.1,58333.94,427769.38,JULY QUARTERLY,202507159762951405
WV-02,R,2026,H4WV02205,C00828947,2025-01-01T00:00:00,2025-03-31T00:00:00,107776.61,74781.22,155958.22,APRIL QUARTERLY,202504149755327562
NC-10,R,2026,H2NC13243,C00802298,2026-04-01T00:00:00,2026-06-30T00:00:00,107844.5,96849.69,451274.87,JULY QUARTERLY,202607159875342037
NC-10,R,2026,H2NC13243,C00802298,2026-02-12T00:00:00,2026-03-31T00:00:00,150177.66,68516.32,440280.06,APRIL QUARTERLY,202606029870359739
NC-10,R,2026,H2NC13243,C00802298,2026-02-12T00:00:00,2026-03-31T00:00:00,150177.66,68516.32,440280.06,APRIL QUARTERLY,202604159862266302
NC-10,R,2026,H2NC13243,C00802298,2026-01-01T00:00:00,2026-02-11T00:00:00,79406.01,64819.76,358618.72,PRE-PRIMARY,202606029870359395
NC-10,R,2026,H2NC13243,C00802298,2026-01-01T00:00:00,2026-02-11T00:00:00,79406.01,64819.76,358618.72,PRE-PRIMARY,202602199834785456
NC-10,R,2026,H2NC13243,C00802298,2025-10-01T00:00:00,2025-12-31T00:00:00,197149.02,112678.55,344032.47,YEAR-END,202601319795579690
NC-10,R,2026,H2NC13243,C00802298,2025-07-01T00:00:00,2025-09-30T00:00:00,160139.87,118099.24,259562.0,OCTOBER QUARTERLY,202510159791122663
NC-10,R,2026,H2NC13243,C00802298,2025-04-01T00:00:00,2025-06-30T00:00:00,241101.39,150505.95,217521.37,JULY QUARTERLY,202507159763260591
NC-10,R,2026,H2NC13243,C00802298,2025-01-01T00:00:00,2025-03-31T00:00:00,146002.4,71917.82,126925.93,APRIL QUARTERLY,202504159755543996
AL-05,R,2026,H2AL05102,C00774281,2026-04-30T00:00:00,2026-06-30T00:00:00,125570.65,40958.49,1424334.38,JULY QUARTERLY,202607159875083676
AL-05,R,2026,H2AL05102,C00774281,2026-04-01T00:00:00,2026-04-29T00:00:00,119192.79,61474.54,1339722.22,PRE-PRIMARY,202607159875083128
AL-05,R,2026,H2AL05102,C00774281,2026-04-01T00:00:00,2026-04-29T00:00:00,119192.79,61474.54,1339722.22,PRE-PRIMARY,202605079866847770
AL-05,R,2026,H2AL05102,C00774281,2026-01-01T00:00:00,2026-03-31T00:00:00,388880.69,176719.59,1282003.97,APRIL QUARTERLY,202604159857241500
AL-05,R,2026,H2AL05102,C00774281,2025-10-01T00:00:00,2025-12-31T00:00:00,107501.68,127684.96,1069842.87,YEAR-END,202601309794555889
AL-05,R,2026,H2AL05102,C00774281,2025-07-01T00:00:00,2025-09-30T00:00:00,166902.99,90648.39,1090026.15,OCTOBER QUARTERLY,202510149790776904
AL-05,R,2026,H2AL05102,C00774281,2025-04-01T00:00:00,2025-06-30T00:00:00,226396.18,102661.08,1013771.55,JULY QUARTERLY,202507149762781648
AL-05,R,2026,H2AL05102,C00774281,2025-01-01T00:00:00,2025-03-31T00:00:00,343374.43,82315.4,890036.45,APRIL QUARTERLY,202504169756103950
AL-05,R,2026,H2AL05102,C00774281,2025-01-01T00:00:00,2025-03-31T00:00:00,343374.43,81315.4,891036.45,APRIL QUARTERLY,202504159755382079
HI-02,D,2026,H2HI02581,C00813758,2026-04-01T00:00:00,2026-06-30T00:00:00,145896.63,133038.92,604526.3,JULY QUARTERLY,202607159890682042
HI-02,D,2026,H2HI02581,C00813758,2026-01-01T00:00:00,2026-03-31T00:00:00,193245.56,103837.57,591668.59,APRIL QUARTERLY,202604159862556491
HI-02,D,2026,H2HI02581,C00813758,2025-10-01T00:00:00,2025-12-31T00:00:00,180368.49,71934.84,502260.6,YEAR-END,202601309795279908
HI-02,D,2026,H2HI02581,C00813758,2025-07-01T00:00:00,2025-09-30T00:00:00,52939.6,61388.68,393826.95,OCTOBER QUARTERLY,202510159791452418
HI-02,D,2026,H2HI02581,C00813758,2025-04-01T00:00:00,2025-06-30T00:00:00,137893.53,70281.21,402276.03,JULY QUARTERLY,202507159763441906
HI-02,D,2026,H2HI02581,C00813758,2025-01-01T00:00:00,2025-03-31T00:00:00,91612.8,240389.8,334663.71,APRIL QUARTERLY,202504159755632650
FL-14,D,2026,H6FL11126,C00410761,2026-04-01T00:00:00,2026-06-30T00:00:00,1078804.78,293627.05,1501762.06,JULY QUARTERLY,202607159875896237
FL-14,D,2026,H6FL11126,C00410761,2026-01-01T00:00:00,2026-03-31T00:00:00,213269.58,80349.0,716584.33,APRIL QUARTERLY,202604159857794547
FL-14,D,2026,H6FL11126,C00410761,2025-10-01T00:00:00,2025-12-31T00:00:00,171929.14,56465.95,583663.75,YEAR-END,202602029825898612
FL-14,D,2026,H6FL11126,C00410761,2025-07-01T00:00:00,2025-09-30T00:00:00,142506.75,72420.33,468200.56,OCTOBER QUARTERLY,202510159790911372
FL-14,D,2026,H6FL11126,C00410761,2025-04-01T00:00:00,2025-06-30T00:00:00,181595.39,66117.14,398114.14,JULY QUARTERLY,202507149762785298
FL-14,D,2026,H6FL11126,C00410761,2025-01-01T00:00:00,2025-03-31T00:00:00,166711.32,110805.3,282635.89,APRIL QUARTERLY,202504159756025459
VA-10,D,2026,H4VA10279,C00856963,2026-07-01T00:00:00,2026-07-15T00:00:00,17219.28,43671.44,582811.94,PRE-PRIMARY,202607239894439756
VA-10,D,2026,H4VA10279,C00856963,2026-04-01T00:00:00,2026-06-30T00:00:00,161347.44,158649.3,609264.1,JULY QUARTERLY,202607159875915110
VA-10,D,2026,H4VA10279,C00856963,2026-01-01T00:00:00,2026-03-31T00:00:00,249283.92,105151.12,606565.96,APRIL QUARTERLY,202604159857680908
VA-10,D,2026,H4VA10279,C00856963,2025-10-01T00:00:00,2025-12-31T00:00:00,271388.03,106831.36,462433.16,YEAR-END,202601319795470838
VA-10,D,2026,H4VA10279,C00856963,2025-07-01T00:00:00,2025-09-30T00:00:00,191704.88,97074.35,297876.49,OCTOBER QUARTERLY,202510159791277921
VA-10,D,2026,H4VA10279,C00856963,2025-04-01T00:00:00,2025-06-30T00:00:00,159938.94,89959.2,203245.96,JULY QUARTERLY,202507159763279205
VA-10,D,2026,H4VA10279,C00856963,2025-01-01T00:00:00,2025-03-31T00:00:00,119563.25,77130.47,133266.22,APRIL QUARTERLY,202504159755952967
TX-14,R,2026,H2TX14149,C00502229,2026-04-01T00:00:00,2026-06-30T00:00:00,148478.75,94376.39,921878.46,JULY QUARTERLY,202607149875011227
TX-14,R,2026,H2TX14149,C00502229,2026-02-12T00:00:00,2026-03-31T00:00:00,120215.75,205059.79,867776.1,APRIL QUARTERLY,202605129866923748
TX-14,R,2026,H2TX14149,C00502229,2026-02-12T00:00:00,2026-03-31T00:00:00,120215.75,205059.79,867776.1,APRIL QUARTERLY,202604159857350187
TX-14,R,2026,H2TX14149,C00502229,2026-01-01T00:00:00,2026-02-11T00:00:00,27617.94,38605.36,952620.14,PRE-PRIMARY,202602179834333088
TX-14,R,2026,H2TX14149,C00502229,2025-10-01T00:00:00,2025-12-31T00:00:00,117720.2,93574.45,963607.56,YEAR-END,202601309795080669
TX-14,R,2026,H2TX14149,C00502229,2025-07-01T00:00:00,2025-09-30T00:00:00,137561.95,64478.47,939461.81,OCTOBER QUARTERLY,202510159790811483
TX-14,R,2026,H2TX14149,C00502229,2025-04-01T00:00:00,2025-06-30T00:00:00,297688.14,85471.29,866378.33,JULY QUARTERLY,202507159762901363
TX-14,R,2026,H2TX14149,C00502229,2025-01-01T00:00:00,2025-03-31T00:00:00,123278.16,89688.89,654161.48,APRIL QUARTERLY,202505299761728263
TX-14,R,2026,H2TX14149,C00502229,2025-01-01T00:00:00,2025-03-31T00:00:00,123278.16,89688.89,654161.48,APRIL QUARTERLY,202504239756381806
TX-14,R,2026,H2TX14149,C00502229,2025-01-01T00:00:00,2025-03-31T00:00:00,123278.16,89688.89,654161.48,APRIL QUARTERLY,202504159755531408
GA-23,R,2026,H6GA23012,C00896787,2026-04-01T00:00:00,2026-06-30T00:00:00,77207.28,141289.12,111952.57,JULY QUARTERLY,202607159875970447
GA-23,R,2026,H6GA23012,C00896787,2026-01-01T00:00:00,2026-03-31T00:00:00,85428.69,117403.16,176034.41,APRIL QUARTERLY,202604159862880307
GA-23,R,2026,H6GA23012,C00896787,2025-10-01T00:00:00,2025-12-31T00:00:00,50999.81,70594.18,208008.88,YEAR-END,202601309795269017
GA-23,R,2026,H6GA23012,C00896787,2025-07-01T00:00:00,2025-09-30T00:00:00,6017.35,24548.16,227603.25,OCTOBER QUARTERLY,202510159791128020
GA-23,R,2026,H6GA23012,C00896787,2025-04-01T00:00:00,2025-06-30T00:00:00,281223.66,284366.25,246134.06,JULY QUARTERLY,202507159763102022
GA-23,R,2026,H6GA23012,C00896787,2025-01-01T00:00:00,2025-03-31T00:00:00,277569.0,28292.35,249276.65,APRIL QUARTERLY,202506239762532140
GA-23,R,2026,H6GA23012,C00896787,2025-01-01T00:00:00,2025-03-31T00:00:00,277116.48,27856.8,249259.68,APRIL QUARTERLY,202504089755066791
IN-08,R,2026,H4IN08249,C00867218,2026-04-16T00:00:00,2026-06-30T00:00:00,228182.94,86614.06,713500.43,JULY QUARTERLY,202607159875737878
IN-08,R,2026,H4IN08249,C00867218,2026-04-01T00:00:00,2026-04-15T00:00:00,24538.91,98050.44,571931.55,PRE-PRIMARY,202604239866689761
IN-08,R,2026,H4IN08249,C00867218,2026-01-01T00:00:00,2026-03-31T00:00:00,217253.2,115819.84,645443.08,APRIL QUARTERLY,202604159862448216
IN-08,R,2026,H4IN08249,C00867218,2025-10-01T00:00:00,2025-12-31T00:00:00,137505.88,140471.8,544009.72,YEAR-END,202601319795663735
IN-08,R,2026,H4IN08249,C00867218,2025-07-01T00:00:00,2025-09-30T00:00:00,184051.17,64377.55,546975.64,OCTOBER QUARTERLY,202510159790890227
IN-08,R,2026,H4IN08249,C00867218,2025-04-01T00:00:00,2025-06-30T00:00:00,209800.25,85292.76,427302.02,JULY QUARTERLY,202507159763217208
IN-08,R,2026,H4IN08249,C00867218,2025-01-01T00:00:00,2025-03-31T00:00:00,170033.83,74345.17,302794.53,APRIL QUARTERLY,202504159755655809
MA-08,D,2026,H2MA09072,C00366948,2026-04-01T00:00:00,2026-06-30T00:00:00,275036.72,217473.11,1241118.45,JULY QUARTERLY,202607159875359371
MA-08,D,2026,H2MA09072,C00366948,2026-01-01T00:00:00,2026-03-31T00:00:00,160472.34,88919.06,1183554.84,APRIL QUARTERLY,202604159857616302
MA-08,D,2026,H2MA09072,C00366948,2025-10-01T00:00:00,2025-12-31T00:00:00,106967.84,51592.12,1112001.56,YEAR-END,202601309795193587
MA-08,D,2026,H2MA09072,C00366948,2025-07-01T00:00:00,2025-09-30T00:00:00,60617.43,64835.39,1056625.84,OCTOBER QUARTERLY,202510159790853240
MA-08,D,2026,H2MA09072,C00366948,2025-04-01T00:00:00,2025-06-30T00:00:00,167439.35,167039.14,1060843.8,JULY QUARTERLY,202507159762854430
MA-08,D,2026,H2MA09072,C00366948,2025-01-01T00:00:00,2025-03-31T00:00:00,46810.55,75090.82,1060443.59,APRIL QUARTERLY,202504149755304031
AL-02,D,2026,H4AL02170,C00856237,2026-04-30T00:00:00,2026-06-30T00:00:00,468372.07,138140.78,655662.08,JULY QUARTERLY,202607159890662550
AL-02,D,2026,H4AL02170,C00856237,2026-04-01T00:00:00,2026-04-29T00:00:00,33780.0,29407.49,320930.79,PRE-PRIMARY,202605079866893261
AL-02,D,2026,H4AL02170,C00856237,2026-01-01T00:00:00,2026-03-31T00:00:00,145443.8,90995.0,321058.28,APRIL QUARTERLY,202605079866893135
AL-02,D,2026,H4AL02170,C00856237,2026-01-01T00:00:00,2026-03-31T00:00:00,144443.8,90995.0,315558.28,APRIL QUARTERLY,202604159862446228
AL-02,D,2026,H4AL02170,C00856237,2026-01-01T00:00:00,2026-03-31T00:00:00,145443.8,90995.0,316558.28,APRIL QUARTERLY,202604219866629813
AL-02,D,2026,H4AL02170,C00856237,2025-10-01T00:00:00,2025-12-31T00:00:00,119465.44,103547.87,266609.48,YEAR-END,202605079866892974
AL-02,D,2026,H4AL02170,C00856237,2025-10-01T00:00:00,2025-12-31T00:00:00,119465.44,103547.87,262109.48,YEAR-END,202601319795654372
AL-02,D,2026,H4AL02170,C00856237,2025-07-01T00:00:00,2025-09-30T00:00:00,196525.31,136397.12,246191.91,OCTOBER QUARTERLY,202510169791628042
AL-02,D,2026,H4AL02170,C00856237,2025-07-01T00:00:00,2025-09-30T00:00:00,199025.31,134397.12,250691.91,OCTOBER QUARTERLY,202605079866891388
AL-02,D,2026,H4AL02170,C00856237,2025-07-01T00:00:00,2025-09-30T00:00:00,196525.31,137397.12,245191.91,OCTOBER QUARTERLY,202510159790994587
AL-02,D,2026,H4AL02170,C00856237,2025-07-01T00:00:00,2025-09-30T00:00:00,199025.31,136397.12,248691.91,OCTOBER QUARTERLY,202602139834321987
AL-02,D,2026,H4AL02170,C00856237,2025-04-01T00:00:00,2025-06-30T00:00:00,133501.22,117468.26,186063.72,JULY QUARTERLY,202507159763339148
AL-02,D,2026,H4AL02170,C00856237,2025-01-01T00:00:00,2025-03-31T00:00:00,196333.23,49411.34,170030.76,APRIL QUARTERLY,202504159755645627
VA-03,D,2026,H6VA01117,C00256925,2026-07-01T00:00:00,2026-07-15T00:00:00,28535.34,5949.95,191843.08,PRE-PRIMARY,202607229894419066
VA-03,D,2026,H6VA01117,C00256925,2026-04-01T00:00:00,2026-06-30T00:00:00,244339.86,233187.02,169257.69,JULY QUARTERLY,202607159890715584
VA-03,D,2026,H6VA01117,C00256925,2026-01-01T00:00:00,2026-03-31T00:00:00,124362.47,61899.79,158104.85,APRIL QUARTERLY,202604159863060622
VA-03,D,2026,H6VA01117,C00256925,2025-10-01T00:00:00,2025-12-31T00:00:00,57699.68,72871.45,95642.17,YEAR-END,202601319808408005
VA-03,D,2026,H6VA01117,C00256925,2025-07-01T00:00:00,2025-09-30T00:00:00,68428.0,98626.89,110813.94,OCTOBER QUARTERLY,202510159791600317
VA-03,D,2026,H6VA01117,C00256925,2025-04-01T00:00:00,2025-06-30T00:00:00,126045.0,71575.35,141012.83,JULY QUARTERLY,202507159763521973
VA-03,D,2026,H6VA01117,C00256925,2025-04-01T00:00:00,2025-06-30T00:00:00,126045.0,71575.35,141012.83,JULY QUARTERLY,202508139789466686
VA-03,D,2026,H6VA01117,C00256925,2025-01-01T00:00:00,2025-03-31T00:00:00,38789.91,115110.02,86543.18,APRIL QUARTERLY,202506239762532258
VA-03,D,2026,H6VA01117,C00256925,2025-01-01T00:00:00,2025-03-31T00:00:00,38789.91,115110.02,86543.18,APRIL QUARTERLY,202504159756070255
NJ-11,R,2026,H6NJ11211,C00921809,2026-05-14T00:00:00,2026-06-30T00:00:00,33479.46,33793.04,5036.38,JULY QUARTERLY,202607149875037678
NJ-11,R,2026,H6NJ11211,C00921809,2026-05-07T00:00:00,2026-05-13T00:00:00,0.0,0.0,5349.96,PRE-PRIMARY,202605219870209802
NJ-11,R,2026,H6NJ11211,C00921809,2026-04-01T00:00:00,2026-05-06T00:00:00,99403.45,146510.91,5349.96,POST-SPECIAL,202605159866976324
NJ-11,R,2026,H6NJ11211,C00921809,2026-03-28T00:00:00,2026-03-31T00:00:00,0.0,56780.0,52457.42,APRIL QUARTERLY,202604169863146648
NJ-11,R,2026,H6NJ11211,C00921809,2026-01-17T00:00:00,2026-03-27T00:00:00,264014.91,316657.39,109237.42,PRE-SPECIAL,202604219866629562
NJ-11,R,2026,H6NJ11211,C00921809,2026-01-17T00:00:00,2026-03-27T00:00:00,264014.91,316657.39,109237.42,PRE-SPECIAL,202604049856980108
NJ-11,R,2026,H6NJ11211,C00921809,2025-10-01T00:00:00,2026-01-16T00:00:00,260813.18,98933.28,161879.9,PRE-SPECIAL,202601249794156808
NJ-11,R,2026,H6NJ11211,C00921809,2025-10-01T00:00:00,2026-01-16T00:00:00,260813.18,98933.28,161879.9,PRE-SPECIAL,202604219866629362
CA-15,D,2026,H2CA14162,C00795005,2026-05-14T00:00:00,2026-06-30T00:00:00,101325.0,82807.03,220935.09,JULY QUARTERLY,202607159875939788
CA-15,D,2026,H2CA14162,C00795005,2026-04-01T00:00:00,2026-05-13T00:00:00,41894.0,95641.69,203542.12,PRE-PRIMARY,202605219870252725
CA-15,D,2026,H2CA14162,C00795005,2026-04-01T00:00:00,2026-05-13T00:00:00,41894.0,95641.69,203567.12,PRE-PRIMARY,202606189870783582
CA-15,D,2026,H2CA14162,C00795005,2026-01-01T00:00:00,2026-03-31T00:00:00,133613.0,104950.15,257289.81,APRIL QUARTERLY,202605269870282165
CA-15,D,2026,H2CA14162,C00795005,2026-01-01T00:00:00,2026-03-31T00:00:00,133613.0,104950.15,257289.81,APRIL QUARTERLY,202604159862564991
CA-15,D,2026,H2CA14162,C00795005,2026-01-01T00:00:00,2026-03-31T00:00:00,133613.0,104950.15,257314.81,APRIL QUARTERLY,202606189870783192
CA-15,D,2026,H2CA14162,C00795005,2025-10-01T00:00:00,2025-12-31T00:00:00,105648.14,77184.7,228626.96,YEAR-END,202604019856931843
CA-15,D,2026,H2CA14162,C00795005,2025-10-01T00:00:00,2025-12-31T00:00:00,105648.14,77184.7,228626.96,YEAR-END,202605269870282468
CA-15,D,2026,H2CA14162,C00795005,2025-10-01T00:00:00,2025-12-31T00:00:00,106148.14,77184.7,229126.96,YEAR-END,202601319808357559
CA-15,D,2026,H2CA14162,C00795005,2025-10-01T00:00:00,2025-12-31T00:00:00,105648.14,77159.7,228651.96,YEAR-END,202606189870782930
CA-15,D,2026,H2CA14162,C00795005,2025-10-01T00:00:00,2025-12-31T00:00:00,106148.14,77184.7,229126.96,YEAR-END,202603319856922394
CA-15,D,2026,H2CA14162,C00795005,2025-07-01T00:00:00,2025-09-30T00:00:00,131264.01,63716.32,200163.52,OCTOBER QUARTERLY,202512109793387762
CA-15,D,2026,H2CA14162,C00795005,2025-07-01T00:00:00,2025-09-30T00:00:00,131264.01,63716.32,200163.52,OCTOBER QUARTERLY,202601319808351133
CA-15,D,2026,H2CA14162,C00795005,2025-07-01T00:00:00,2025-09-30T00:00:00,131264.01,63716.32,200163.52,OCTOBER QUARTERLY,202511049792570962
CA-15,D,2026,H2CA14162,C00795005,2025-07-01T00:00:00,2025-09-30T00:00:00,131264.01,63716.32,200163.52,OCTOBER QUARTERLY,202510159791368617
CA-15,D,2026,H2CA14162,C00795005,2025-04-01T00:00:00,2025-06-30T00:00:00,152046.0,159520.43,132615.83,JULY QUARTERLY,202512109793387431
CA-15,D,2026,H2CA14162,C00795005,2025-04-01T00:00:00,2025-06-30T00:00:00,152046.0,159520.43,117615.83,JULY QUARTERLY,202507159763503137
CA-15,D,2026,H2CA14162,C00795005,2025-04-01T00:00:00,2025-06-30T00:00:00,152046.0,159520.43,132615.83,JULY QUARTERLY,202510319792077668
CA-15,D,2026,H2CA14162,C00795005,2025-04-01T00:00:00,2025-06-30T00:00:00,152046.0,159520.43,132615.83,JULY QUARTERLY,202601319808350588
CA-15,D,2026,H2CA14162,C00795005,2025-04-01T00:00:00,2025-06-30T00:00:00,152046.0,159520.43,132615.83,JULY QUARTERLY,202510069790705154
CA-15,D,2026,H2CA14162,C00795005,2025-01-01T00:00:00,2025-03-31T00:00:00,156221.73,67912.71,125080.26,APRIL QUARTERLY,202504159755624331
CA-15,D,2026,H2CA14162,C00795005,2025-01-01T00:00:00,2025-03-31T00:00:00,156221.73,67912.71,125080.26,APRIL QUARTERLY,202505079760063736
CA-15,D,2026,H2CA14162,C00795005,2025-01-01T00:00:00,2025-03-31T00:00:00,156221.73,67902.71,140090.26,APRIL QUARTERLY,202601319808317660
CA-15,D,2026,H2CA14162,C00795005,2025-01-01T00:00:00,2025-03-31T00:00:00,156221.73,67902.71,125090.26,APRIL QUARTERLY,202505149761191067
CA-15,D,2026,H2CA14162,C00795005,2025-01-01T00:00:00,2025-03-31T00:00:00,156221.73,67902.71,140090.26,APRIL QUARTERLY,202510069790704900
CA-26,D,2026,H2CA00120,C00513077,2026-04-01T00:00:00,2026-06-30T00:00:00,11134.62,91545.56,888203.03,JULY QUARTERLY,202607159875749741
CA-26,D,2026,H2CA00120,C00513077,2026-01-01T00:00:00,2026-03-31T00:00:00,-3268.18,155460.52,968613.97,APRIL QUARTERLY,202604109857078426
CA-26,D,2026,H2CA00120,C00513077,2025-10-01T00:00:00,2025-12-31T00:00:00,110255.23,121217.17,1127342.67,YEAR-END,202601239794142129
CA-26,D,2026,H2CA00120,C00513077,2025-07-01T00:00:00,2025-09-30T00:00:00,193715.63,107045.09,1138304.61,OCTOBER QUARTERLY,202510159791308467
CA-26,D,2026,H2CA00120,C00513077,2025-04-01T00:00:00,2025-06-30T00:00:00,125632.35,102286.0,1051634.07,JULY QUARTERLY,202507159762873466
CA-26,D,2026,H2CA00120,C00513077,2025-01-01T00:00:00,2025-03-31T00:00:00,155735.42,69804.83,1028287.72,APRIL QUARTERLY,202504159755371561
OR-02,R,2026,H0OR02127,C00725465,2026-04-30T00:00:00,2026-06-30T00:00:00,208189.64,177515.96,1420774.69,JULY QUARTERLY,202607159875570290
OR-02,R,2026,H0OR02127,C00725465,2026-04-01T00:00:00,2026-04-29T00:00:00,38552.0,48925.65,1390101.01,PRE-PRIMARY,202605079866887807
OR-02,R,2026,H0OR02127,C00725465,2026-01-01T00:00:00,2026-03-31T00:00:00,144887.0,52131.67,1400474.66,APRIL QUARTERLY,202604159857761555
OR-02,R,2026,H0OR02127,C00725465,2025-10-01T00:00:00,2025-12-31T00:00:00,94343.86,46265.91,1307719.33,YEAR-END,202601309795011062
OR-02,R,2026,H0OR02127,C00725465,2025-07-01T00:00:00,2025-09-30T00:00:00,183816.55,100229.8,1259641.38,OCTOBER QUARTERLY,202510149790799556
OR-02,R,2026,H0OR02127,C00725465,2025-04-01T00:00:00,2025-06-30T00:00:00,240942.55,104582.73,1176054.63,JULY QUARTERLY,202507159762919377
OR-02,R,2026,H0OR02127,C00725465,2025-01-01T00:00:00,2025-03-31T00:00:00,100681.69,117331.68,1039694.81,APRIL QUARTERLY,202504159755366805
TX-28,R,2026,H6TX28124,C00929174,2026-04-01T00:00:00,2026-06-30T00:00:00,462660.24,271148.55,765165.63,JULY QUARTERLY,202607159875783545
TX-28,R,2026,H6TX28124,C00929174,2026-02-12T00:00:00,2026-03-31T00:00:00,509426.62,4304.21,573653.94,APRIL QUARTERLY,202604159862575285
TX-28,R,2026,H6TX28124,C00929174,2026-02-12T00:00:00,2026-03-31T00:00:00,509426.62,4304.21,573653.94,APRIL QUARTERLY,202607159875772489
TX-28,R,2026,H6TX28124,C00929174,2026-01-01T00:00:00,2026-02-11T00:00:00,91002.28,139385.77,68531.53,PRE-PRIMARY,202602199834796750
TX-28,R,2026,H6TX28124,C00929174,2025-06-05T00:00:00,2025-12-31T00:00:00,212082.46,95167.44,116915.02,YEAR-END,202605119866915440
TX-28,R,2026,H6TX28124,C00929174,2025-06-05T00:00:00,2025-12-31T00:00:00,212082.46,95167.44,116915.02,YEAR-END,202601319808362481
MO-03,R,2026,H4MO03221,C00870238,2026-07-01T00:00:00,2026-07-15T00:00:00,10157.91,23782.99,471458.89,PRE-PRIMARY,202607239894434239
MO-03,R,2026,H4MO03221,C00870238,2026-04-01T00:00:00,2026-06-30T00:00:00,283416.51,165756.72,485083.97,JULY QUARTERLY,202607159875217831
MO-03,R,2026,H4MO03221,C00870238,2026-01-01T00:00:00,2026-03-31T00:00:00,141562.78,148388.59,367424.18,APRIL QUARTERLY,202604159857299564
MO-03,R,2026,H4MO03221,C00870238,2025-10-01T00:00:00,2025-12-31T00:00:00,166636.01,35684.67,374249.99,YEAR-END,202601309795199230
MO-03,R,2026,H4MO03221,C00870238,2025-07-01T00:00:00,2025-09-30T00:00:00,117419.99,29460.86,243298.65,OCTOBER QUARTERLY,202510159790879622
MO-03,R,2026,H4MO03221,C00870238,2025-04-01T00:00:00,2025-06-30T00:00:00,143570.64,97821.94,155339.52,JULY QUARTERLY,202507159762927873
MO-03,R,2026,H4MO03221,C00870238,2025-01-01T00:00:00,2025-03-31T00:00:00,87585.99,128439.31,109590.82,APRIL QUARTERLY,202504159755377920
VA-05,D,2026,H6VA05217,C00929968,2026-07-01T00:00:00,2026-07-15T00:00:00,44689.4,70339.28,1511291.47,PRE-PRIMARY,202607239894458229
VA-05,D,2026,H6VA05217,C00929968,2026-04-01T00:00:00,2026-06-30T00:00:00,693680.3,276376.04,1536941.35,JULY QUARTERLY,202607159875708578
VA-05,D,2026,H6VA05217,C00929968,2026-01-01T00:00:00,2026-03-31T00:00:00,689206.84,246185.82,1119637.09,APRIL QUARTERLY,202604159857336060
VA-05,D,2026,H6VA05217,C00929968,2025-12-04T00:00:00,2025-12-31T00:00:00,712825.09,36209.02,676616.07,YEAR-END,202601319808824696
TX-03,D,2026,H2TX03274,C00786996,2025-04-01T00:00:00,2025-05-11T00:00:00,618180.41,622448.17,0.0,TERMINATION REPORT,202505199761400786
TX-03,D,2026,H2TX03274,C00786996,2025-01-01T00:00:00,2025-03-31T00:00:00,1100.0,1518.7,4267.76,APRIL QUARTERLY,202504059755051417
MI-08,R,2026,H6MI08296,C00911800,2026-07-01T00:00:00,2026-07-15T00:00:00,40047.62,72234.0,104500.77,PRE-PRIMARY,202607239894442740
MI-08,R,2026,H6MI08296,C00911800,2026-04-01T00:00:00,2026-06-30T00:00:00,272576.03,201351.66,136687.15,JULY QUARTERLY,202607159885302431
MI-08,R,2026,H6MI08296,C00911800,2026-01-01T00:00:00,2026-03-31T00:00:00,164640.98,164365.96,65462.78,APRIL QUARTERLY,202604159862296197
MI-08,R,2026,H6MI08296,C00911800,2025-10-01T00:00:00,2025-12-31T00:00:00,127327.0,172462.52,65187.76,YEAR-END,202601309795018469
MI-08,R,2026,H6MI08296,C00911800,2025-07-01T00:00:00,2025-09-30T00:00:00,122750.98,12427.7,110323.28,OCTOBER QUARTERLY,202510159791124349
MD-01,D,2026,H6MD01320,C00902957,2026-06-04T00:00:00,2026-06-30T00:00:00,77156.29,36074.88,72575.48,JULY QUARTERLY,202607159875897221
MD-01,D,2026,H6MD01320,C00902957,2026-04-01T00:00:00,2026-06-03T00:00:00,113246.91,200303.0,31494.07,PRE-PRIMARY,202607159875750161
MD-01,D,2026,H6MD01320,C00902957,2026-04-01T00:00:00,2026-06-03T00:00:00,113146.91,200303.0,31394.07,PRE-PRIMARY,202606119870616419
MD-01,D,2026,H6MD01320,C00902957,2026-01-01T00:00:00,2026-03-31T00:00:00,193765.74,158415.86,118550.16,APRIL QUARTERLY,202604159862919166
MD-01,D,2026,H6MD01320,C00902957,2026-01-01T00:00:00,2026-03-31T00:00:00,193765.74,158415.86,118550.16,APRIL QUARTERLY,202605199867017715
MD-01,D,2026,H6MD01320,C00902957,2026-01-01T00:00:00,2026-03-31T00:00:00,193765.74,158415.86,118550.16,APRIL QUARTERLY,202606269874270262
MD-01,D,2026,H6MD01320,C00902957,2025-10-01T00:00:00,2025-12-31T00:00:00,99396.95,103997.89,83200.28,YEAR-END,202601319808876360
MD-01,D,2026,H6MD01320,C00902957,2025-07-01T00:00:00,2025-09-30T00:00:00,109633.4,78580.69,87801.22,OCTOBER QUARTERLY,202601149793970054
MD-01,D,2026,H6MD01320,C00902957,2025-07-01T00:00:00,2025-09-30T00:00:00,109633.4,78580.69,87801.22,OCTOBER QUARTERLY,202510159791458898
MD-01,D,2026,H6MD01320,C00902957,2025-04-21T00:00:00,2025-06-30T00:00:00,101970.69,45222.18,56748.51,JULY QUARTERLY,202507159763383836
TN-04,D,2026,H6TN05371,C00911248,2026-07-01T00:00:00,2026-07-17T00:00:00,27120.05,61964.5,122257.73,PRE-PRIMARY,202607259894464819
TN-04,D,2026,H6TN05371,C00911248,2026-04-01T00:00:00,2026-06-30T00:00:00,180923.68,174106.65,157102.18,JULY QUARTERLY,202607159890563429
TN-04,D,2026,H6TN05371,C00911248,2026-01-01T00:00:00,2026-03-31T00:00:00,272586.7,285975.08,150285.15,APRIL QUARTERLY,202604159862544004
TN-04,D,2026,H6TN05371,C00911248,2025-10-01T00:00:00,2025-12-31T00:00:00,100338.68,52298.59,163673.53,YEAR-END,202601319808538226
TN-04,D,2026,H6TN05371,C00911248,2025-07-01T00:00:00,2025-09-30T00:00:00,160764.09,45130.65,115633.44,OCTOBER QUARTERLY,202510159791307288
TN-05,R,2026,H2TN05446,C00811844,2026-07-01T00:00:00,2026-07-17T00:00:00,22654.41,32241.15,57648.62,PRE-PRIMARY,202607249894461034
TN-05,R,2026,H2TN05446,C00811844,2026-04-01T00:00:00,2026-06-30T00:00:00,142943.07,160768.65,67235.36,JULY QUARTERLY,202607159875264641
TN-05,R,2026,H2TN05446,C00811844,2026-01-01T00:00:00,2026-03-31T00:00:00,138529.96,115549.24,85060.94,APRIL QUARTERLY,202604159857800997
TN-05,R,2026,H2TN05446,C00811844,2025-10-01T00:00:00,2025-12-31T00:00:00,151414.91,147250.74,62080.22,YEAR-END,202601309794927723
TN-05,R,2026,H2TN05446,C00811844,2025-07-01T00:00:00,2025-09-30T00:00:00,64852.09,66342.23,57916.05,OCTOBER QUARTERLY,202510159791094602
TN-05,R,2026,H2TN05446,C00811844,2025-04-01T00:00:00,2025-06-30T00:00:00,53187.28,54225.37,59406.19,JULY QUARTERLY,202507159763369296
TN-05,R,2026,H2TN05446,C00811844,2025-01-01T00:00:00,2025-03-31T00:00:00,39553.01,41029.37,60444.28,APRIL QUARTERLY,202504159755396898
TN-05,R,2026,H2TN05446,C00811844,2025-01-01T00:00:00,2025-03-31T00:00:00,39553.01,41029.37,60444.28,APRIL QUARTERLY,202505039758926203
CA-46,D,2026,H6CA46116,C00578302,2026-05-14T00:00:00,2026-06-30T00:00:00,154079.75,15419.54,2479554.24,JULY QUARTERLY,202607149875030850
CA-46,D,2026,H6CA46116,C00578302,2026-04-01T00:00:00,2026-05-13T00:00:00,61183.02,118129.69,2338965.47,PRE-PRIMARY,202605209870136463
CA-46,D,2026,H6CA46116,C00578302,2026-04-01T00:00:00,2026-05-13T00:00:00,62193.02,116966.21,2340894.03,PRE-PRIMARY,202607149875029277
CA-46,D,2026,H6CA46116,C00578302,2026-01-01T00:00:00,2026-03-31T00:00:00,125261.19,71129.92,2395912.14,APRIL QUARTERLY,202604109857085701
CA-46,D,2026,H6CA46116,C00578302,2026-01-01T00:00:00,2026-03-31T00:00:00,125006.19,71119.84,2395667.22,APRIL QUARTERLY,202607149875018544
CA-46,D,2026,H6CA46116,C00578302,2025-10-01T00:00:00,2025-12-31T00:00:00,185291.33,147236.78,2341780.87,YEAR-END,202601239794153980
CA-46,D,2026,H6CA46116,C00578302,2025-07-01T00:00:00,2025-09-30T00:00:00,280132.26,152398.59,2303726.32,OCTOBER QUARTERLY,202602199834773044
CA-46,D,2026,H6CA46116,C00578302,2025-07-01T00:00:00,2025-09-30T00:00:00,280132.26,152398.59,2303726.32,OCTOBER QUARTERLY,202510119790745001
CA-46,D,2026,H6CA46116,C00578302,2025-04-01T00:00:00,2025-06-30T00:00:00,231614.13,50531.28,2175992.65,JULY QUARTERLY,202510089790719471
CA-46,D,2026,H6CA46116,C00578302,2025-04-01T00:00:00,2025-06-30T00:00:00,231354.13,50543.8,2175720.13,JULY QUARTERLY,202507159762873327
CA-46,D,2026,H6CA46116,C00578302,2025-01-01T00:00:00,2025-03-31T00:00:00,187787.05,60239.88,1994909.8,APRIL QUARTERLY,202504159755359109
CA-10,D,2026,H0CA10073,C00554709,2026-05-14T00:00:00,2026-06-30T00:00:00,52166.0,93574.69,586497.44,JULY QUARTERLY,202607159875197913
CA-10,D,2026,H0CA10073,C00554709,2026-04-01T00:00:00,2026-05-13T00:00:00,24267.0,52548.05,627906.13,PRE-PRIMARY,202605219870208433
CA-10,D,2026,H0CA10073,C00554709,2026-01-01T00:00:00,2026-03-31T00:00:00,84656.17,154039.55,656187.18,APRIL QUARTERLY,202604159857481255
CA-10,D,2026,H0CA10073,C00554709,2025-10-01T00:00:00,2025-12-31T00:00:00,107860.0,72178.59,725570.56,YEAR-END,202601309794587778
CA-10,D,2026,H0CA10073,C00554709,2025-07-01T00:00:00,2025-09-30T00:00:00,122286.0,102947.39,689889.15,OCTOBER QUARTERLY,202510159790994094
CA-10,D,2026,H0CA10073,C00554709,2025-04-01T00:00:00,2025-06-30T00:00:00,66157.6,69259.52,670550.54,JULY QUARTERLY,202510159790976630
CA-10,D,2026,H0CA10073,C00554709,2025-04-01T00:00:00,2025-06-30T00:00:00,66082.3,69184.22,670550.54,JULY QUARTERLY,202507159762990063
CA-10,D,2026,H0CA10073,C00554709,2025-01-01T00:00:00,2025-03-31T00:00:00,109865.17,65200.03,673652.46,APRIL QUARTERLY,202504159755398936
NC-08,R,2026,H4NC08066,C00850404,2026-04-01T00:00:00,2026-06-30T00:00:00,269748.65,151434.83,517852.73,JULY QUARTERLY,202607149874945339
NC-08,R,2026,H4NC08066,C00850404,2026-02-12T00:00:00,2026-03-31T00:00:00,229058.0,149505.97,399538.91,APRIL QUARTERLY,202604149857148880
NC-08,R,2026,H4NC08066,C00850404,2026-02-12T00:00:00,2026-03-31T00:00:00,229058.0,149505.97,399538.91,APRIL QUARTERLY,202606269874269876
NC-08,R,2026,H4NC08066,C00850404,2026-01-01T00:00:00,2026-02-11T00:00:00,90626.48,101280.55,319986.88,PRE-PRIMARY,202603129837940179
NC-08,R,2026,H4NC08066,C00850404,2026-01-01T00:00:00,2026-02-11T00:00:00,90626.48,101280.55,319986.88,PRE-PRIMARY,202602189834344862
NC-08,R,2026,H4NC08066,C00850404,2025-10-01T00:00:00,2025-12-31T00:00:00,137092.71,82953.07,330640.95,YEAR-END,202603129837940120
NC-08,R,2026,H4NC08066,C00850404,2025-10-01T00:00:00,2025-12-31T00:00:00,137092.71,82953.07,330640.95,YEAR-END,202601249794155780
NC-08,R,2026,H4NC08066,C00850404,2025-07-01T00:00:00,2025-09-30T00:00:00,96492.12,18672.24,276501.31,OCTOBER QUARTERLY,202510159790803139
NC-08,R,2026,H4NC08066,C00850404,2025-04-01T00:00:00,2025-06-30T00:00:00,103801.53,59312.02,198681.43,JULY QUARTERLY,202507149762830323
NC-08,R,2026,H4NC08066,C00850404,2025-01-01T00:00:00,2025-03-31T00:00:00,92314.94,45655.74,154191.92,APRIL QUARTERLY,202504119755209813
CA-21,D,2026,H4CA20082,C00391029,2026-05-14T00:00:00,2026-06-30T00:00:00,176131.66,56495.39,937778.5,JULY QUARTERLY,202607159875238166
CA-21,D,2026,H4CA20082,C00391029,2026-04-01T00:00:00,2026-05-13T00:00:00,51965.48,87656.81,818142.23,PRE-PRIMARY,202605219870243248
CA-21,D,2026,H4CA20082,C00391029,2026-01-01T00:00:00,2026-03-31T00:00:00,286281.9,120210.91,853833.56,APRIL QUARTERLY,202604159863062463
CA-21,D,2026,H4CA20082,C00391029,2025-10-01T00:00:00,2025-12-31T00:00:00,241119.92,99262.43,687762.57,YEAR-END,202606059870433850
CA-21,D,2026,H4CA20082,C00391029,2025-10-01T00:00:00,2025-12-31T00:00:00,241119.92,99262.43,687762.57,YEAR-END,202601309795251673
CA-21,D,2026,H4CA20082,C00391029,2025-07-01T00:00:00,2025-09-30T00:00:00,212021.04,66852.19,545905.08,OCTOBER QUARTERLY,202510159791514680
CA-21,D,2026,H4CA20082,C00391029,2025-04-01T00:00:00,2025-06-30T00:00:00,256440.9,74094.63,400736.23,JULY QUARTERLY,202507099762745127
CA-21,D,2026,H4CA20082,C00391029,2025-01-01T00:00:00,2025-03-31T00:00:00,113669.44,104161.58,218389.96,APRIL QUARTERLY,202504059755051341
TX-35,D,2026,H6TX35095,C00922799,2026-05-07T00:00:00,2026-06-30T00:00:00,603392.56,341571.21,323108.19,JULY QUARTERLY,202607159890152677
TX-35,D,2026,H6TX35095,C00922799,2026-04-01T00:00:00,2026-05-06T00:00:00,80873.9,61690.3,61286.84,PRE-RUN-OFF,202605149866965012
TX-35,D,2026,H6TX35095,C00922799,2026-02-12T00:00:00,2026-03-31T00:00:00,88143.22,65293.32,42103.24,APRIL QUARTERLY,202604159857601084
TX-35,D,2026,H6TX35095,C00922799,2026-01-01T00:00:00,2026-02-11T00:00:00,58516.62,120955.51,19253.34,PRE-PRIMARY,202602199834758229
TX-35,D,2026,H6TX35095,C00922799,2025-10-09T00:00:00,2025-12-31T00:00:00,100773.08,19080.85,81692.23,YEAR-END,202601309794874901
NY-16,D,2026,H4NY16087,C00859041,2026-06-04T00:00:00,2026-06-30T00:00:00,24667.81,18125.68,100662.37,JULY QUARTERLY,202607159885311450
NY-16,D,2026,H4NY16087,C00859041,2026-04-01T00:00:00,2026-06-03T00:00:00,42428.14,89103.75,86920.24,PRE-PRIMARY,202606119870632201
NY-16,D,2026,H4NY16087,C00859041,2026-04-01T00:00:00,2026-06-03T00:00:00,49628.14,89103.75,94120.24,PRE-PRIMARY,202606189870752595
NY-16,D,2026,H4NY16087,C00859041,2026-01-01T00:00:00,2026-03-31T00:00:00,158785.06,115957.93,133595.85,APRIL QUARTERLY,202604229866667696
NY-16,D,2026,H4NY16087,C00859041,2026-01-01T00:00:00,2026-03-31T00:00:00,157402.06,115903.14,132267.64,APRIL QUARTERLY,202604159863060379
NY-16,D,2026,H4NY16087,C00859041,2025-10-01T00:00:00,2025-12-31T00:00:00,59285.15,59318.23,90768.72,YEAR-END,202601309794611953
NY-16,D,2026,H4NY16087,C00859041,2025-07-01T00:00:00,2025-09-30T00:00:00,54190.83,91440.43,90801.8,OCTOBER QUARTERLY,202510159791462137
NY-16,D,2026,H4NY16087,C00859041,2025-04-01T00:00:00,2025-06-30T00:00:00,94954.48,110944.31,128051.4,JULY QUARTERLY,202507159763099797
NY-16,D,2026,H4NY16087,C00859041,2025-01-01T00:00:00,2025-03-31T00:00:00,72455.91,121068.67,144041.23,APRIL QUARTERLY,202504159756050016
SC-05,R,2026,H8SC05158,C00633610,2026-04-01T00:00:00,2026-06-30T00:00:00,17850.0,17825.53,90314.59,JULY QUARTERLY,202607159876009638
SC-05,R,2026,H8SC05158,C00633610,2026-01-01T00:00:00,2026-03-31T00:00:00,55.5,67499.38,90290.12,APRIL QUARTERLY,202604159862879297
SC-05,R,2026,H8SC05158,C00633610,2025-10-01T00:00:00,2025-12-31T00:00:00,8.68,34686.81,157734.0,YEAR-END,202601309794606829
SC-05,R,2026,H8SC05158,C00633610,2025-07-01T00:00:00,2025-09-30T00:00:00,39980.7,326655.02,192412.13,OCTOBER QUARTERLY,202510159790861270
SC-05,R,2026,H8SC05158,C00633610,2025-04-01T00:00:00,2025-06-30T00:00:00,25217.5,15509.23,479086.45,JULY QUARTERLY,202507089762736522
SC-05,R,2026,H8SC05158,C00633610,2025-01-01T00:00:00,2025-03-31T00:00:00,18002.0,143234.5,469378.18,APRIL QUARTERLY,202504159755381930
NV-04,R,2026,H6NV04111,C00901827,2026-05-21T00:00:00,2026-06-30T00:00:00,133295.65,138388.16,285220.91,JULY QUARTERLY,202607159875139883
NV-04,R,2026,H6NV04111,C00901827,2026-04-01T00:00:00,2026-05-20T00:00:00,128670.33,211814.71,290313.42,PRE-PRIMARY,202605299870344900
NV-04,R,2026,H6NV04111,C00901827,2026-01-01T00:00:00,2026-03-31T00:00:00,306087.9,138817.05,373457.8,APRIL QUARTERLY,202604159857579932
NV-04,R,2026,H6NV04111,C00901827,2025-10-01T00:00:00,2025-12-31T00:00:00,83374.82,61693.81,206186.95,YEAR-END,202601319825684321
NV-04,R,2026,H6NV04111,C00901827,2025-07-01T00:00:00,2025-09-30T00:00:00,55118.76,44809.85,184505.94,OCTOBER QUARTERLY,202510159790906043
NV-04,R,2026,H6NV04111,C00901827,2025-07-01T00:00:00,2025-09-30T00:00:00,55118.76,44809.85,184505.94,OCTOBER QUARTERLY,202601019793870590
NV-04,R,2026,H6NV04111,C00901827,2025-04-01T00:00:00,2025-06-30T00:00:00,178140.0,3942.97,174197.03,JULY QUARTERLY,202507159763382374
ID-01,R,2026,H8ID01124,C00648295,2026-04-30T00:00:00,2026-06-30T00:00:00,84871.12,99246.19,244699.71,JULY QUARTERLY,202607159875042362
ID-01,R,2026,H8ID01124,C00648295,2026-04-01T00:00:00,2026-04-29T00:00:00,33691.11,58318.93,259074.78,PRE-PRIMARY,202605079866846775
ID-01,R,2026,H8ID01124,C00648295,2026-01-01T00:00:00,2026-03-31T00:00:00,174539.9,111805.27,283702.6,APRIL QUARTERLY,202604159862546169
ID-01,R,2026,H8ID01124,C00648295,2025-10-01T00:00:00,2025-12-31T00:00:00,53093.38,56255.5,220967.97,YEAR-END,202601309795077324
ID-01,R,2026,H8ID01124,C00648295,2025-07-01T00:00:00,2025-09-30T00:00:00,135732.65,90274.22,224130.09,OCTOBER QUARTERLY,202510159791269916
ID-01,R,2026,H8ID01124,C00648295,2025-04-01T00:00:00,2025-06-30T00:00:00,59988.73,60953.82,176121.66,JULY QUARTERLY,202507159763202114
ID-01,R,2026,H8ID01124,C00648295,2025-04-01T00:00:00,2025-06-30T00:00:00,62538.73,60953.82,178671.66,JULY QUARTERLY,202510079790713309
ID-01,R,2026,H8ID01124,C00648295,2025-01-01T00:00:00,2025-03-31T00:00:00,118148.56,121070.53,177086.75,APRIL QUARTERLY,202504159755358643
MD-02,D,2026,H4MD02232,C00867747,2026-06-04T00:00:00,2026-06-30T00:00:00,78168.21,76622.84,614275.48,JULY QUARTERLY,202607159875280472
MD-02,D,2026,H4MD02232,C00867747,2026-04-01T00:00:00,2026-06-03T00:00:00,145336.87,113138.52,612730.11,PRE-PRIMARY,202606119870619080
MD-02,D,2026,H4MD02232,C00867747,2026-01-01T00:00:00,2026-03-31T00:00:00,169663.42,99557.72,576531.76,APRIL QUARTERLY,202604159857434540
MD-02,D,2026,H4MD02232,C00867747,2026-01-01T00:00:00,2026-03-31T00:00:00,169663.42,95557.72,580531.76,APRIL QUARTERLY,202606049870428240
MD-02,D,2026,H4MD02232,C00867747,2025-10-01T00:00:00,2025-12-31T00:00:00,160873.27,72737.31,506426.06,YEAR-END,202601319795565286
MD-02,D,2026,H4MD02232,C00867747,2025-07-01T00:00:00,2025-09-30T00:00:00,158730.25,94026.1,418290.1,OCTOBER QUARTERLY,202510159791023456
MD-02,D,2026,H4MD02232,C00867747,2025-04-01T00:00:00,2025-06-30T00:00:00,178755.67,88119.65,353585.95,JULY QUARTERLY,202507159763096330
MD-02,D,2026,H4MD02232,C00867747,2025-01-01T00:00:00,2025-03-31T00:00:00,148861.81,52503.56,262949.93,APRIL QUARTERLY,202504159755482166
WI-08,R,2026,H4WI08119,C00875518,2026-04-01T00:00:00,2026-06-30T00:00:00,213340.89,139801.12,500918.92,JULY QUARTERLY,202607159875769230
WI-08,R,2026,H4WI08119,C00875518,2026-01-01T00:00:00,2026-03-31T00:00:00,155958.27,81765.59,427379.15,APRIL QUARTERLY,202604239866688026
WI-08,R,2026,H4WI08119,C00875518,2026-01-01T00:00:00,2026-03-31T00:00:00,155958.27,81765.59,427379.15,APRIL QUARTERLY,202604159862418408
WI-08,R,2026,H4WI08119,C00875518,2025-10-01T00:00:00,2025-12-31T00:00:00,196384.33,145895.67,353186.47,YEAR-END,202601319795367018
WI-08,R,2026,H4WI08119,C00875518,2025-07-01T00:00:00,2025-09-30T00:00:00,177375.7,115140.73,302697.81,OCTOBER QUARTERLY,202510159791307355
WI-08,R,2026,H4WI08119,C00875518,2025-04-01T00:00:00,2025-06-30T00:00:00,140131.86,67638.98,240462.84,JULY QUARTERLY,202507159763323381
WI-08,R,2026,H4WI08119,C00875518,2025-01-01T00:00:00,2025-03-31T00:00:00,161689.98,38950.52,167969.96,APRIL QUARTERLY,202504159755657480
WI-06,R,2026,H4WI06048,C00561597,2026-04-01T00:00:00,2026-06-30T00:00:00,230695.8,127383.61,803602.5,JULY QUARTERLY,202607159875267450
WI-06,R,2026,H4WI06048,C00561597,2026-01-01T00:00:00,2026-03-31T00:00:00,130637.63,75229.2,700290.31,APRIL QUARTERLY,202604159857292884
WI-06,R,2026,H4WI06048,C00561597,2025-10-01T00:00:00,2025-12-31T00:00:00,145014.57,83763.57,644881.88,YEAR-END,202601309794568468
WI-06,R,2026,H4WI06048,C00561597,2025-07-01T00:00:00,2025-09-30T00:00:00,173632.42,92530.41,583630.88,OCTOBER QUARTERLY,202510159790861401
WI-06,R,2026,H4WI06048,C00561597,2025-04-01T00:00:00,2025-06-30T00:00:00,140024.11,95135.66,502528.87,JULY QUARTERLY,202507159762970808
WI-06,R,2026,H4WI06048,C00561597,2025-01-01T00:00:00,2025-03-31T00:00:00,45236.22,110085.51,457640.42,APRIL QUARTERLY,202504169756102228
WI-06,R,2026,H4WI06048,C00561597,2025-01-01T00:00:00,2025-03-31T00:00:00,45236.22,110085.51,457640.42,APRIL QUARTERLY,202504159755360583
IN-01,R,2026,H6IN01231,C00924100,2026-04-16T00:00:00,2026-06-30T00:00:00,735656.28,111879.06,1800688.9,JULY QUARTERLY,202607159875978564
IN-01,R,2026,H6IN01231,C00924100,2026-04-01T00:00:00,2026-04-15T00:00:00,18591.01,258905.6,1176911.68,PRE-PRIMARY,202604239866689595
IN-01,R,2026,H6IN01231,C00924100,2026-01-01T00:00:00,2026-03-31T00:00:00,67247.22,117870.4,1417226.27,APRIL QUARTERLY,202604159862581092
IN-01,R,2026,H6IN01231,C00924100,2025-10-01T00:00:00,2025-12-31T00:00:00,1554761.44,86911.99,1467849.45,YEAR-END,202604239866689101
IN-01,R,2026,H6IN01231,C00924100,2025-10-01T00:00:00,2025-12-31T00:00:00,1554761.44,86911.99,1467849.45,YEAR-END,202601159794006710
NH-02,R,2026,H2NH02260,C00800458,2026-04-01T00:00:00,2026-06-30T00:00:00,239052.02,148761.79,664219.61,JULY QUARTERLY,202607149874990181
NH-02,R,2026,H2NH02260,C00800458,2026-01-01T00:00:00,2026-03-31T00:00:00,214017.95,147463.92,573929.38,APRIL QUARTERLY,202605139866953187
NH-02,R,2026,H2NH02260,C00800458,2026-01-01T00:00:00,2026-03-31T00:00:00,214017.95,147433.92,573959.38,APRIL QUARTERLY,202604129857125286
NH-02,R,2026,H2NH02260,C00800458,2026-01-01T00:00:00,2026-03-31T00:00:00,214017.95,147463.92,573929.38,APRIL QUARTERLY,202607099874834227
NH-02,R,2026,H2NH02260,C00800458,2025-10-01T00:00:00,2025-12-31T00:00:00,232562.13,143846.72,507375.35,YEAR-END,202601169794015072
NH-02,R,2026,H2NH02260,C00800458,2025-10-01T00:00:00,2025-12-31T00:00:00,232562.13,143846.72,507375.35,YEAR-END,202605139866952829
NH-02,R,2026,H2NH02260,C00800458,2025-07-01T00:00:00,2025-09-30T00:00:00,169737.78,69182.17,418659.94,OCTOBER QUARTERLY,202601169794014834
NH-02,R,2026,H2NH02260,C00800458,2025-07-01T00:00:00,2025-09-30T00:00:00,169737.78,63791.11,424051.0,OCTOBER QUARTERLY,202510159791116797
NH-02,R,2026,H2NH02260,C00800458,2025-07-01T00:00:00,2025-09-30T00:00:00,169737.78,69182.17,418659.94,OCTOBER QUARTERLY,202605139866952579
NH-02,R,2026,H2NH02260,C00800458,2025-04-01T00:00:00,2025-06-30T00:00:00,249124.06,61850.63,318104.33,JULY QUARTERLY,202510159791113687
NH-02,R,2026,H2NH02260,C00800458,2025-04-01T00:00:00,2025-06-30T00:00:00,249124.06,61850.63,318104.33,JULY QUARTERLY,202605139866952431
NH-02,R,2026,H2NH02260,C00800458,2025-04-01T00:00:00,2025-06-30T00:00:00,249104.58,61850.63,318084.85,JULY QUARTERLY,202507159763544570
NH-02,R,2026,H2NH02260,C00800458,2025-01-01T00:00:00,2025-03-31T00:00:00,4041.13,2689.83,130830.9,APRIL QUARTERLY,202510159791112858
NH-02,R,2026,H2NH02260,C00800458,2025-01-01T00:00:00,2025-03-31T00:00:00,4041.13,2689.83,130830.9,APRIL QUARTERLY,202504109755201983
TX-22,R,2026,H0TX22302,C00730150,2026-04-01T00:00:00,2026-06-30T00:00:00,3552.5,38008.63,151711.02,JULY QUARTERLY,202607119874885544
TX-22,R,2026,H0TX22302,C00730150,2026-01-01T00:00:00,2026-03-31T00:00:00,190.57,43828.8,186167.15,APRIL QUARTERLY,202604119857113437
TX-22,R,2026,H0TX22302,C00730150,2025-10-01T00:00:00,2025-12-31T00:00:00,128872.65,181675.51,229805.38,YEAR-END,202601309795141726
TX-22,R,2026,H0TX22302,C00730150,2025-10-01T00:00:00,2025-12-31T00:00:00,128872.65,181675.51,229805.38,YEAR-END,202602129834316297
TX-22,R,2026,H0TX22302,C00730150,2025-07-01T00:00:00,2025-09-30T00:00:00,108128.79,72351.08,282608.24,OCTOBER QUARTERLY,202602129834316055
TX-22,R,2026,H0TX22302,C00730150,2025-07-01T00:00:00,2025-09-30T00:00:00,108128.79,72351.08,282608.24,OCTOBER QUARTERLY,202510159790874280
TX-22,R,2026,H0TX22302,C00730150,2025-04-01T00:00:00,2025-06-30T00:00:00,123451.25,99264.23,246830.53,JULY QUARTERLY,202507159762870022
TX-22,R,2026,H0TX22302,C00730150,2025-04-01T00:00:00,2025-06-30T00:00:00,123451.25,99264.23,246830.53,JULY QUARTERLY,202509039789836097
TX-22,R,2026,H0TX22302,C00730150,2025-04-01T00:00:00,2025-06-30T00:00:00,123451.25,99264.23,246830.53,JULY QUARTERLY,202602129834315831
TX-22,R,2026,H0TX22302,C00730150,2025-01-01T00:00:00,2025-03-31T00:00:00,65310.5,131745.69,222643.51,APRIL QUARTERLY,202504149755331104
FL-08,D,2026,H6FL06399,C00918474,2026-04-01T00:00:00,2026-06-30T00:00:00,132271.42,250938.24,132764.86,JULY QUARTERLY,202607159875666990
FL-08,D,2026,H6FL06399,C00918474,2026-01-01T00:00:00,2026-03-31T00:00:00,211809.72,66234.17,251431.68,APRIL QUARTERLY,202604159862261073
FL-08,D,2026,H6FL06399,C00918474,2025-10-01T00:00:00,2025-12-31T00:00:00,181429.08,241300.0,105856.13,YEAR-END,202601319808565610
FL-08,D,2026,H6FL06399,C00918474,2025-07-01T00:00:00,2025-09-30T00:00:00,172028.66,6301.61,165727.05,OCTOBER QUARTERLY,202510149790789519
NC-11,R,2026,H2NC14050,C00796433,2026-04-01T00:00:00,2026-06-30T00:00:00,155146.33,156619.86,485744.08,JULY QUARTERLY,202607149875037745
NC-11,R,2026,H2NC14050,C00796433,2026-02-12T00:00:00,2026-03-31T00:00:00,146109.34,143178.61,487217.61,APRIL QUARTERLY,202604139857129563
NC-11,R,2026,H2NC14050,C00796433,2026-01-01T00:00:00,2026-02-11T00:00:00,55159.1,31283.32,484286.88,PRE-PRIMARY,202604149857157410
NC-11,R,2026,H2NC14050,C00796433,2026-01-01T00:00:00,2026-02-11T00:00:00,55159.1,31283.32,484286.88,PRE-PRIMARY,202602169834323529
NC-11,R,2026,H2NC14050,C00796433,2025-10-01T00:00:00,2025-12-31T00:00:00,350406.98,95509.44,460411.1,YEAR-END,202601289794260813
NC-11,R,2026,H2NC14050,C00796433,2025-10-01T00:00:00,2025-12-31T00:00:00,350406.98,95509.44,460411.1,YEAR-END,202603099837910442
NC-11,R,2026,H2NC14050,C00796433,2025-07-01T00:00:00,2025-09-30T00:00:00,98608.0,56378.73,205513.56,OCTOBER QUARTERLY,202510119790743908
NC-11,R,2026,H2NC14050,C00796433,2025-04-01T00:00:00,2025-06-30T00:00:00,91498.66,42275.48,163284.29,JULY QUARTERLY,202507099762741166
NC-11,R,2026,H2NC14050,C00796433,2025-01-01T00:00:00,2025-03-31T00:00:00,43056.42,37759.35,114061.11,APRIL QUARTERLY,202504079755062659
CA-08,D,2026,H0CA10149,C00462697,2026-05-14T00:00:00,2026-06-30T00:00:00,47939.22,118148.9,1196018.11,JULY QUARTERLY,202607159875640780
CA-08,D,2026,H0CA10149,C00462697,2026-04-01T00:00:00,2026-05-13T00:00:00,26621.5,21264.98,1266227.79,PRE-PRIMARY,202605209867451321
CA-08,D,2026,H0CA10149,C00462697,2026-01-01T00:00:00,2026-03-31T00:00:00,113196.72,63387.24,1260871.27,APRIL QUARTERLY,202604159857322964
CA-08,D,2026,H0CA10149,C00462697,2025-10-01T00:00:00,2025-12-31T00:00:00,83252.52,82985.51,1211061.79,YEAR-END,202601309794609682
CA-08,D,2026,H0CA10149,C00462697,2025-07-01T00:00:00,2025-09-30T00:00:00,68602.69,56029.95,1210794.78,OCTOBER QUARTERLY,202510159790865103
CA-08,D,2026,H0CA10149,C00462697,2025-04-01T00:00:00,2025-06-30T00:00:00,116840.0,91181.3,1198222.04,JULY QUARTERLY,202507159762878270
CA-08,D,2026,H0CA10149,C00462697,2025-01-01T00:00:00,2025-03-31T00:00:00,32682.0,124836.39,1172563.34,APRIL QUARTERLY,202504119755217007
CA-29,D,2026,H4CA29141,C00857417,2026-05-14T00:00:00,2026-06-30T00:00:00,79199.68,65579.05,377476.23,JULY QUARTERLY,202607159880451443
CA-29,D,2026,H4CA29141,C00857417,2026-04-01T00:00:00,2026-05-13T00:00:00,37746.13,108258.64,363855.6,PRE-PRIMARY,202605209867450388
CA-29,D,2026,H4CA29141,C00857417,2026-01-01T00:00:00,2026-03-31T00:00:00,112070.33,54105.17,434368.11,APRIL QUARTERLY,202604159862422466
CA-29,D,2026,H4CA29141,C00857417,2025-10-01T00:00:00,2025-12-31T00:00:00,132273.33,106811.21,376402.95,YEAR-END,202601309794883467
CA-29,D,2026,H4CA29141,C00857417,2025-07-01T00:00:00,2025-09-30T00:00:00,117747.6,44610.01,350940.83,OCTOBER QUARTERLY,202510159791273413
CA-29,D,2026,H4CA29141,C00857417,2025-04-01T00:00:00,2025-06-30T00:00:00,150289.01,68838.03,277803.24,JULY QUARTERLY,202507159762966647
CA-29,D,2026,H4CA29141,C00857417,2025-01-01T00:00:00,2025-03-31T00:00:00,41351.93,109262.9,196352.26,APRIL QUARTERLY,202504149755302263
TX-17,R,2026,H2TX03126,C00303305,2026-04-01T00:00:00,2026-06-30T00:00:00,148810.93,102910.01,933956.23,JULY QUARTERLY,202607159875242578
TX-17,R,2026,H2TX03126,C00303305,2026-02-12T00:00:00,2026-03-31T00:00:00,84581.59,46820.68,888055.31,APRIL QUARTERLY,202604159862434367
TX-17,R,2026,H2TX03126,C00303305,2026-01-01T00:00:00,2026-02-11T00:00:00,160472.8,85115.62,850294.4,PRE-PRIMARY,202602169834323384
TX-17,R,2026,H2TX03126,C00303305,2025-10-01T00:00:00,2025-12-31T00:00:00,200966.83,102392.16,774937.22,YEAR-END,202601319808509106
TX-17,R,2026,H2TX03126,C00303305,2025-07-01T00:00:00,2025-09-30T00:00:00,201840.79,71642.4,676362.55,OCTOBER QUARTERLY,202510159791460945
TX-17,R,2026,H2TX03126,C00303305,2025-04-01T00:00:00,2025-06-30T00:00:00,128087.36,80189.68,546164.16,JULY QUARTERLY,202507159763442058
TX-17,R,2026,H2TX03126,C00303305,2025-01-01T00:00:00,2025-03-31T00:00:00,125476.38,68145.56,498266.48,APRIL QUARTERLY,202504159756025287
KS-02,R,2026,H4KS02164,C00877373,2026-07-01T00:00:00,2026-07-15T00:00:00,53086.58,129711.31,939168.02,PRE-PRIMARY,202607239894444105
KS-02,R,2026,H4KS02164,C00877373,2026-04-01T00:00:00,2026-06-30T00:00:00,415406.3,87416.73,1015792.75,JULY QUARTERLY,202607159890609082
KS-02,R,2026,H4KS02164,C00877373,2026-01-01T00:00:00,2026-03-31T00:00:00,166324.68,76461.52,687803.18,APRIL QUARTERLY,202604159863055468
KS-02,R,2026,H4KS02164,C00877373,2025-10-01T00:00:00,2025-12-31T00:00:00,221701.3,75698.79,597940.02,YEAR-END,202601319795657311
KS-02,R,2026,H4KS02164,C00877373,2025-07-01T00:00:00,2025-09-30T00:00:00,271454.48,85637.39,451937.51,OCTOBER QUARTERLY,202510159791535316
KS-02,R,2026,H4KS02164,C00877373,2025-04-01T00:00:00,2025-06-30T00:00:00,151894.39,56378.92,266120.42,JULY QUARTERLY,202507159763540689
KS-02,R,2026,H4KS02164,C00877373,2025-01-01T00:00:00,2025-03-31T00:00:00,177737.26,45633.45,170604.95,APRIL QUARTERLY,202504159756049859
FL-24,D,2026,H0FL17118,C00935460,2026-04-01T00:00:00,2026-06-30T00:00:00,255836.0,369753.55,75826.37,JULY QUARTERLY,202607159890819759
FL-24,D,2026,H0FL17118,C00935460,2026-01-01T00:00:00,2026-03-31T00:00:00,300000.0,184530.57,115469.43,APRIL QUARTERLY,202604159863121805
FL-24,D,2026,H0FL17118,C00935460,2026-01-01T00:00:00,2026-03-31T00:00:00,375836.0,186092.08,189743.92,APRIL QUARTERLY,202607159890819330
FL-13,D,2026,H6FL13239,C00922591,2026-01-01T00:00:00,2026-03-31T00:00:00,431285.92,488664.82,16185.02,APRIL QUARTERLY,202605269870278945
FL-13,D,2026,H6FL13239,C00922591,2026-01-01T00:00:00,2026-03-31T00:00:00,454843.06,488664.82,44355.55,APRIL QUARTERLY,202604039856978940
FL-13,D,2026,H6FL13239,C00922591,2025-10-01T00:00:00,2025-12-31T00:00:00,138202.7,60025.39,78177.31,YEAR-END,202602179834334001
FL-13,D,2026,H6FL13239,C00922591,2025-10-01T00:00:00,2025-12-31T00:00:00,144097.56,60025.39,84072.17,YEAR-END,202601149793994671
FL-13,D,2026,H6FL13239,C00922591,2025-10-01T00:00:00,2025-12-31T00:00:00,138202.7,64638.78,73563.92,YEAR-END,202605189866993368
LA-03,R,2026,H6LA03148,C00617662,2026-07-01T00:00:00,2026-07-18T00:00:00,6655.0,14473.33,595414.67,PRE-PRIMARY,202607269894468080
LA-03,R,2026,H6LA03148,C00617662,2026-04-01T00:00:00,2026-06-30T00:00:00,147792.03,80061.1,603233.0,JULY QUARTERLY,202607159875988820
LA-03,R,2026,H6LA03148,C00617662,2026-01-01T00:00:00,2026-03-31T00:00:00,142340.86,93972.3,535502.07,APRIL QUARTERLY,202604159857582529
LA-03,R,2026,H6LA03148,C00617662,2025-10-01T00:00:00,2025-12-31T00:00:00,47807.27,56281.53,487133.51,YEAR-END,202601309795127782
LA-03,R,2026,H6LA03148,C00617662,2025-07-01T00:00:00,2025-09-30T00:00:00,138301.33,148900.7,495607.77,OCTOBER QUARTERLY,202510159790811786
LA-03,R,2026,H6LA03148,C00617662,2025-04-01T00:00:00,2025-06-30T00:00:00,130551.09,68147.32,506207.14,JULY QUARTERLY,202507159762847680
LA-03,R,2026,H6LA03148,C00617662,2025-01-01T00:00:00,2025-03-31T00:00:00,209393.67,90158.34,443803.37,APRIL QUARTERLY,202504159755358859
TX-03,R,2026,H2TX00064,C00791293,2026-04-01T00:00:00,2026-06-30T00:00:00,141082.57,59199.86,212694.22,JULY QUARTERLY,202607119874884670
TX-03,R,2026,H2TX00064,C00791293,2026-02-12T00:00:00,2026-03-31T00:00:00,98387.03,222656.59,130811.51,APRIL QUARTERLY,202604089857028093
TX-03,R,2026,H2TX00064,C00791293,2026-01-01T00:00:00,2026-02-11T00:00:00,44706.29,83655.36,255081.07,PRE-PRIMARY,202603319856923476
TX-03,R,2026,H2TX00064,C00791293,2026-01-01T00:00:00,2026-02-11T00:00:00,44706.29,83655.06,255081.37,PRE-PRIMARY,202602179834334548
TX-03,R,2026,H2TX00064,C00791293,2025-10-01T00:00:00,2025-12-31T00:00:00,111878.83,82384.57,294030.14,YEAR-END,202602149834322785
TX-03,R,2026,H2TX00064,C00791293,2025-10-01T00:00:00,2025-12-31T00:00:00,111878.83,82384.57,294030.14,YEAR-END,202601289794266695
TX-03,R,2026,H2TX00064,C00791293,2025-07-01T00:00:00,2025-09-30T00:00:00,130642.97,33789.26,264535.88,OCTOBER QUARTERLY,202601289794264645
TX-03,R,2026,H2TX00064,C00791293,2025-07-01T00:00:00,2025-09-30T00:00:00,130657.97,33847.76,264492.38,OCTOBER QUARTERLY,202510099790724221
TX-03,R,2026,H2TX00064,C00791293,2025-07-01T00:00:00,2025-09-30T00:00:00,130642.97,33789.26,264535.88,OCTOBER QUARTERLY,202602149834322702
TX-03,R,2026,H2TX00064,C00791293,2025-07-01T00:00:00,2025-09-30T00:00:00,130642.97,33789.26,264535.88,OCTOBER QUARTERLY,202512319793867927
TX-03,R,2026,H2TX00064,C00791293,2025-07-01T00:00:00,2025-09-30T00:00:00,130642.97,33789.26,264535.88,OCTOBER QUARTERLY,202510239791999515
TX-03,R,2026,H2TX00064,C00791293,2025-04-01T00:00:00,2025-06-30T00:00:00,65704.35,16986.26,167682.17,JULY QUARTERLY,202507109762753452
TX-03,R,2026,H2TX00064,C00791293,2025-04-01T00:00:00,2025-06-30T00:00:00,65704.35,16986.26,167682.17,JULY QUARTERLY,202602149834322653
TX-03,R,2026,H2TX00064,C00791293,2025-01-01T00:00:00,2025-03-31T00:00:00,53100.73,43477.54,118964.08,APRIL QUARTERLY,202504109755202205
RI-02,D,2026,H2RI02184,C00802504,2026-04-01T00:00:00,2026-06-30T00:00:00,214291.45,118705.77,1588340.1,JULY QUARTERLY,202607159875202245
RI-02,D,2026,H2RI02184,C00802504,2026-01-01T00:00:00,2026-03-31T00:00:00,246940.8,106877.08,1492754.42,APRIL QUARTERLY,202604159857321639
RI-02,D,2026,H2RI02184,C00802504,2025-10-01T00:00:00,2025-12-31T00:00:00,222882.06,82436.17,1352690.7,YEAR-END,202601319795528414
RI-02,D,2026,H2RI02184,C00802504,2025-07-01T00:00:00,2025-09-30T00:00:00,219150.36,67491.95,1212244.81,OCTOBER QUARTERLY,202510159791021554
RI-02,D,2026,H2RI02184,C00802504,2025-04-01T00:00:00,2025-06-30T00:00:00,146038.28,86373.14,1060586.4,JULY QUARTERLY,202507159763126101
RI-02,D,2026,H2RI02184,C00802504,2025-01-01T00:00:00,2025-03-31T00:00:00,200468.58,76512.55,1000921.26,APRIL QUARTERLY,202504159755517724
GA-05,D,2026,H0GA05301,C00752584,2026-04-30T00:00:00,2026-06-30T00:00:00,121607.25,94005.69,76091.81,JULY QUARTERLY,202607159890715826
GA-05,D,2026,H0GA05301,C00752584,2026-04-01T00:00:00,2026-04-29T00:00:00,22674.0,22021.61,48490.25,PRE-PRIMARY,202605079866892933
GA-05,D,2026,H0GA05301,C00752584,2026-01-01T00:00:00,2026-03-31T00:00:00,80693.61,84385.35,47837.86,APRIL QUARTERLY,202604159862912798
GA-05,D,2026,H0GA05301,C00752584,2025-10-01T00:00:00,2025-12-31T00:00:00,62278.26,91912.62,51529.6,YEAR-END,202601319808400875
GA-05,D,2026,H0GA05301,C00752584,2025-07-01T00:00:00,2025-09-30T00:00:00,116091.66,97372.95,81163.96,OCTOBER QUARTERLY,202510159791550136
GA-05,D,2026,H0GA05301,C00752584,2025-04-01T00:00:00,2025-06-30T00:00:00,122514.4,79530.98,62445.25,JULY QUARTERLY,202507159763486126
GA-05,D,2026,H0GA05301,C00752584,2025-01-01T00:00:00,2025-03-31T00:00:00,73855.62,67635.44,19461.83,APRIL QUARTERLY,202504119755217718
KS-01,R,2026,H0KS01123,C00460659,2026-07-01T00:00:00,2026-07-15T00:00:00,21025.95,28866.73,2713324.22,PRE-PRIMARY,202607239894420829
KS-01,R,2026,H0KS01123,C00460659,2026-04-01T00:00:00,2026-06-30T00:00:00,247084.3,84749.38,2721165.0,JULY QUARTERLY,202607159875083176
KS-01,R,2026,H0KS01123,C00460659,2026-01-01T00:00:00,2026-03-31T00:00:00,324849.59,97696.35,2558830.08,APRIL QUARTERLY,202604159857287664
KS-01,R,2026,H0KS01123,C00460659,2025-10-01T00:00:00,2025-12-31T00:00:00,184664.98,92881.36,2331676.84,YEAR-END,202601319795379638
KS-01,R,2026,H0KS01123,C00460659,2025-07-01T00:00:00,2025-09-30T00:00:00,279636.65,65230.55,2239893.22,OCTOBER QUARTERLY,202510159790876186
KS-01,R,2026,H0KS01123,C00460659,2025-04-01T00:00:00,2025-06-30T00:00:00,275689.43,64594.09,2025487.12,JULY QUARTERLY,202507159762870128
KS-01,R,2026,H0KS01123,C00460659,2025-01-01T00:00:00,2025-03-31T00:00:00,155514.09,94819.15,1814391.78,APRIL QUARTERLY,202504159755378495
MA-09,D,2026,H0MA10082,C00479063,2026-04-01T00:00:00,2026-06-30T00:00:00,68593.13,76355.83,510082.13,JULY QUARTERLY,202607159885300944
MA-09,D,2026,H0MA10082,C00479063,2026-01-01T00:00:00,2026-03-31T00:00:00,40181.16,91911.23,517844.83,APRIL QUARTERLY,202604159857794455
MA-09,D,2026,H0MA10082,C00479063,2025-10-01T00:00:00,2025-12-31T00:00:00,47734.45,68568.79,569574.9,YEAR-END,202601319808845582
MA-09,D,2026,H0MA10082,C00479063,2025-07-01T00:00:00,2025-09-30T00:00:00,74149.99,116401.13,590409.24,OCTOBER QUARTERLY,202510159791524585
MA-09,D,2026,H0MA10082,C00479063,2025-04-01T00:00:00,2025-06-30T00:00:00,80348.0,101234.66,632660.38,JULY QUARTERLY,202507159763463529
MA-09,D,2026,H0MA10082,C00479063,2025-01-01T00:00:00,2025-03-31T00:00:00,60282.95,72603.41,653547.04,APRIL QUARTERLY,202504159756058395
OH-08,R,2026,H6OH08315,C00600718,2026-04-16T00:00:00,2026-06-30T00:00:00,155825.65,74942.63,529909.58,JULY QUARTERLY,202607149874968649
OH-08,R,2026,H6OH08315,C00600718,2026-04-01T00:00:00,2026-04-15T00:00:00,3780.91,18773.03,449026.56,PRE-PRIMARY,202604239866684147
OH-08,R,2026,H6OH08315,C00600718,2026-01-01T00:00:00,2026-03-31T00:00:00,85406.68,109806.4,464018.68,APRIL QUARTERLY,202604129857121522
OH-08,R,2026,H6OH08315,C00600718,2025-10-01T00:00:00,2025-12-31T00:00:00,108850.19,52799.46,488418.4,YEAR-END,202601299794408641
OH-08,R,2026,H6OH08315,C00600718,2025-10-01T00:00:00,2025-12-31T00:00:00,108850.19,52799.46,488418.4,YEAR-END,202603199853637415
OH-08,R,2026,H6OH08315,C00600718,2025-07-01T00:00:00,2025-09-30T00:00:00,73671.92,56797.21,432367.67,OCTOBER QUARTERLY,202510159790848961
OH-08,R,2026,H6OH08315,C00600718,2025-04-01T00:00:00,2025-06-30T00:00:00,176372.48,95426.76,415492.96,JULY QUARTERLY,202507159762866178
OH-08,R,2026,H6OH08315,C00600718,2025-04-01T00:00:00,2025-06-30T00:00:00,176372.48,95426.76,415492.96,JULY QUARTERLY,202508069789389946
OH-08,R,2026,H6OH08315,C00600718,2025-01-01T00:00:00,2025-03-31T00:00:00,57445.58,117599.45,334547.24,APRIL QUARTERLY,202504149755328910
OH-08,R,2026,H6OH08315,C00600718,2025-01-01T00:00:00,2025-03-31T00:00:00,57445.58,117599.45,334547.24,APRIL QUARTERLY,202508069789389893
MD-04,D,2026,H2MD04232,C00792283,2026-06-04T00:00:00,2026-06-30T00:00:00,45361.0,33550.34,459226.49,JULY QUARTERLY,202607159875138682
MD-04,D,2026,H2MD04232,C00792283,2026-04-01T00:00:00,2026-06-03T00:00:00,66347.95,71912.77,447415.83,PRE-PRIMARY,202606119870604277
MD-04,D,2026,H2MD04232,C00792283,2026-01-01T00:00:00,2026-03-31T00:00:00,157611.9,130796.71,452980.65,APRIL QUARTERLY,202606119870603960
MD-04,D,2026,H2MD04232,C00792283,2026-01-01T00:00:00,2026-03-31T00:00:00,157611.9,130796.71,452980.65,APRIL QUARTERLY,202604159857294489
MD-04,D,2026,H2MD04232,C00792283,2025-10-01T00:00:00,2025-12-31T00:00:00,135064.52,52299.6,426165.46,YEAR-END,202601319795533496
MD-04,D,2026,H2MD04232,C00792283,2025-07-01T00:00:00,2025-09-30T00:00:00,114452.49,67042.59,343400.54,OCTOBER QUARTERLY,202510159790864896
MD-04,D,2026,H2MD04232,C00792283,2025-04-01T00:00:00,2025-06-30T00:00:00,118625.58,64159.52,295990.64,JULY QUARTERLY,202507159763129494
MD-04,D,2026,H2MD04232,C00792283,2025-01-01T00:00:00,2025-03-31T00:00:00,36943.06,100806.8,241524.58,APRIL QUARTERLY,202504159755415272
KS-02,D,2026,H6KS02276,C00917088,2026-07-01T00:00:00,2026-07-15T00:00:00,31302.63,28535.58,244286.0,PRE-PRIMARY,202607239894438787
KS-02,D,2026,H6KS02276,C00917088,2026-04-01T00:00:00,2026-06-30T00:00:00,209850.81,153294.81,241518.95,JULY QUARTERLY,202607159890077696
KS-02,D,2026,H6KS02276,C00917088,2026-01-01T00:00:00,2026-03-31T00:00:00,217991.24,162086.55,184962.95,APRIL QUARTERLY,202604159857307169
KS-02,D,2026,H6KS02276,C00917088,2025-10-01T00:00:00,2025-12-31T00:00:00,159264.56,136155.39,129058.26,YEAR-END,202601319795298242
KS-02,D,2026,H6KS02276,C00917088,2025-08-18T00:00:00,2025-09-30T00:00:00,140414.0,34464.91,105949.09,OCTOBER QUARTERLY,202510159791045312
CT-02,D,2026,H2CT02112,C00410233,2026-04-22T00:00:00,2026-06-30T00:00:00,171323.37,88477.12,603233.57,JULY QUARTERLY,202607159875890721
CT-02,D,2026,H2CT02112,C00410233,2026-04-01T00:00:00,2026-04-21T00:00:00,10130.29,28863.68,520387.32,PRE-CONVENTION,202604299866723069
CT-02,D,2026,H2CT02112,C00410233,2026-01-01T00:00:00,2026-03-31T00:00:00,90924.16,73217.9,539120.71,APRIL QUARTERLY,202604159862851644
CT-02,D,2026,H2CT02112,C00410233,2025-10-01T00:00:00,2025-12-31T00:00:00,153985.76,74942.04,521414.45,YEAR-END,202601309794801812
CT-02,D,2026,H2CT02112,C00410233,2025-07-01T00:00:00,2025-09-30T00:00:00,171499.57,77275.62,442370.73,OCTOBER QUARTERLY,202510159790986997
CT-02,D,2026,H2CT02112,C00410233,2025-04-01T00:00:00,2025-06-30T00:00:00,72646.97,78476.2,348146.78,JULY QUARTERLY,202507159762928619
CT-02,D,2026,H2CT02112,C00410233,2025-01-01T00:00:00,2025-03-31T00:00:00,89914.27,87049.76,353976.01,APRIL QUARTERLY,202504159755378554
TX-20,D,2026,H2TX35011,C00497933,2026-04-01T00:00:00,2026-06-30T00:00:00,117378.79,133364.54,154379.66,JULY QUARTERLY,202607159890095937
TX-20,D,2026,H2TX35011,C00497933,2026-02-12T00:00:00,2026-03-31T00:00:00,111126.33,22661.67,170365.41,APRIL QUARTERLY,202604159862903677
TX-20,D,2026,H2TX35011,C00497933,2026-01-01T00:00:00,2026-02-11T00:00:00,13464.0,47275.87,81900.75,PRE-PRIMARY,202602199834783481
TX-20,D,2026,H2TX35011,C00497933,2025-10-01T00:00:00,2025-12-31T00:00:00,23168.0,84582.73,115712.62,YEAR-END,202601319795650291
TX-20,D,2026,H2TX35011,C00497933,2025-07-01T00:00:00,2025-09-30T00:00:00,78112.63,69022.25,177127.35,OCTOBER QUARTERLY,202510159791359636
TX-20,D,2026,H2TX35011,C00497933,2025-04-01T00:00:00,2025-06-30T00:00:00,104708.05,83499.41,168036.97,JULY QUARTERLY,202507159763436590
TX-20,D,2026,H2TX35011,C00497933,2025-01-01T00:00:00,2025-03-31T00:00:00,66818.22,58647.41,146828.33,APRIL QUARTERLY,202504159755804953
CA-52,D,2026,H2CA50026,C00497321,2026-05-14T00:00:00,2026-06-30T00:00:00,96246.68,28757.95,163675.89,JULY QUARTERLY,202607159875296230
CA-52,D,2026,H2CA50026,C00497321,2026-04-01T00:00:00,2026-05-13T00:00:00,47814.05,18714.86,96187.16,PRE-PRIMARY,202605209870074050
CA-52,D,2026,H2CA50026,C00497321,2026-01-01T00:00:00,2026-03-31T00:00:00,89736.71,56054.16,67087.97,APRIL QUARTERLY,202604139857132928
CA-52,D,2026,H2CA50026,C00497321,2025-10-01T00:00:00,2025-12-31T00:00:00,30748.62,215647.0,33405.42,YEAR-END,202601259794159771
CA-52,D,2026,H2CA50026,C00497321,2025-07-01T00:00:00,2025-09-30T00:00:00,61753.07,42600.03,218303.8,OCTOBER QUARTERLY,202510099790720363
CA-52,D,2026,H2CA50026,C00497321,2025-04-01T00:00:00,2025-06-30T00:00:00,74964.4,68525.86,199150.76,JULY QUARTERLY,202507149762781776
CA-52,D,2026,H2CA50026,C00497321,2025-01-01T00:00:00,2025-03-31T00:00:00,167256.14,65384.56,192712.22,APRIL QUARTERLY,202504149755348881
NC-12,D,2026,H4NC12100,C00546358,2026-04-01T00:00:00,2026-06-30T00:00:00,32675.34,44809.53,456593.63,JULY QUARTERLY,202607109874858183
NC-12,D,2026,H4NC12100,C00546358,2026-02-12T00:00:00,2026-03-31T00:00:00,70034.0,27376.04,468727.82,APRIL QUARTERLY,202604139857136256
NC-12,D,2026,H4NC12100,C00546358,2026-01-01T00:00:00,2026-02-11T00:00:00,50899.0,56184.91,426069.86,PRE-PRIMARY,202602189834339531
NC-12,D,2026,H4NC12100,C00546358,2025-10-01T00:00:00,2025-12-31T00:00:00,82812.37,94459.22,431355.77,YEAR-END,202601309794679330
NC-12,D,2026,H4NC12100,C00546358,2025-07-01T00:00:00,2025-09-30T00:00:00,79275.0,50155.9,443002.62,OCTOBER QUARTERLY,202510109790739928
NC-12,D,2026,H4NC12100,C00546358,2025-04-01T00:00:00,2025-06-30T00:00:00,36360.0,32918.85,413883.52,JULY QUARTERLY,202507149762830406
NC-12,D,2026,H4NC12100,C00546358,2025-04-01T00:00:00,2025-06-30T00:00:00,36360.0,32918.85,413883.52,JULY QUARTERLY,202508299789809310
NC-12,D,2026,H4NC12100,C00546358,2025-01-01T00:00:00,2025-03-31T00:00:00,18450.72,181417.72,410442.37,APRIL QUARTERLY,202508299789809268
NC-12,D,2026,H4NC12100,C00546358,2025-01-01T00:00:00,2025-03-31T00:00:00,18450.72,181417.72,410442.37,APRIL QUARTERLY,202504149755327807
CA-31,D,2026,H8CA39174,C00850420,2026-05-14T00:00:00,2026-06-30T00:00:00,139385.66,59531.45,259803.37,JULY QUARTERLY,202607159875908307
CA-31,D,2026,H8CA39174,C00850420,2026-04-01T00:00:00,2026-05-13T00:00:00,73989.13,44940.13,179949.16,PRE-PRIMARY,202605219870234363
CA-31,D,2026,H8CA39174,C00850420,2026-01-01T00:00:00,2026-03-31T00:00:00,132731.66,93491.9,150900.16,APRIL QUARTERLY,202604159857822365
CA-31,D,2026,H8CA39174,C00850420,2025-10-01T00:00:00,2025-12-31T00:00:00,98572.23,82200.09,111660.4,YEAR-END,202601309794853626
CA-31,D,2026,H8CA39174,C00850420,2025-07-01T00:00:00,2025-09-30T00:00:00,118361.45,78714.27,95288.26,OCTOBER QUARTERLY,202510159791027594
CA-31,D,2026,H8CA39174,C00850420,2025-04-01T00:00:00,2025-06-30T00:00:00,78077.09,72921.61,55641.08,JULY QUARTERLY,202507159763152214
CA-31,D,2026,H8CA39174,C00850420,2025-01-01T00:00:00,2025-03-31T00:00:00,64145.91,53736.14,50485.6,APRIL QUARTERLY,202504149755303373
IN-04,R,2026,H8IN04199,C00662940,2026-04-16T00:00:00,2026-06-30T00:00:00,74808.31,166637.47,91560.58,JULY QUARTERLY,202607159890824647
IN-04,R,2026,H8IN04199,C00662940,2026-04-01T00:00:00,2026-04-15T00:00:00,10992.36,6955.04,183389.74,PRE-PRIMARY,202604239866695048
IN-04,R,2026,H8IN04199,C00662940,2026-01-01T00:00:00,2026-03-31T00:00:00,77946.1,39271.23,179352.42,APRIL QUARTERLY,202604159863081160
IN-04,R,2026,H8IN04199,C00662940,2025-10-01T00:00:00,2025-12-31T00:00:00,55555.15,96909.94,140677.55,YEAR-END,202601319825672846
IN-04,R,2026,H8IN04199,C00662940,2025-07-01T00:00:00,2025-09-30T00:00:00,70654.86,28337.86,182032.34,OCTOBER QUARTERLY,202510159791451428
IN-04,R,2026,H8IN04199,C00662940,2025-04-01T00:00:00,2025-06-30T00:00:00,45633.15,58383.96,139715.34,JULY QUARTERLY,202507159763418872
IN-04,R,2026,H8IN04199,C00662940,2025-01-01T00:00:00,2025-03-31T00:00:00,22702.58,84846.16,152466.15,APRIL QUARTERLY,202504159756072696
AL-05,D,2026,H6AL05244,C00902809,2026-05-28T00:00:00,2026-06-30T00:00:00,162010.61,135629.04,169719.84,JULY QUARTERLY,202607159875571578
AL-05,D,2026,H6AL05244,C00902809,2026-04-30T00:00:00,2026-05-27T00:00:00,15778.92,85293.96,143338.27,PRE-RUN-OFF,202606049870371565
AL-05,D,2026,H6AL05244,C00902809,2026-04-01T00:00:00,2026-04-29T00:00:00,15535.95,36921.19,212853.31,PRE-PRIMARY,202605079866863191
AL-05,D,2026,H6AL05244,C00902809,2026-01-01T00:00:00,2026-03-31T00:00:00,102268.22,72583.27,234238.55,APRIL QUARTERLY,202604159862876527
AL-05,D,2026,H6AL05244,C00902809,2025-10-01T00:00:00,2025-12-31T00:00:00,113965.09,84654.83,204553.6,YEAR-END,202601319795492675
AL-05,D,2026,H6AL05244,C00902809,2025-10-01T00:00:00,2025-12-31T00:00:00,113965.09,84654.83,204553.6,YEAR-END,202603259856855787
AL-05,D,2026,H6AL05244,C00902809,2025-10-01T00:00:00,2025-12-31T00:00:00,113965.09,84654.83,204553.6,YEAR-END,202602059825921966
AL-05,D,2026,H6AL05244,C00902809,2025-07-01T00:00:00,2025-09-30T00:00:00,116038.24,46986.28,175243.34,OCTOBER QUARTERLY,202510159790918161
AL-05,D,2026,H6AL05244,C00902809,2025-04-01T00:00:00,2025-06-30T00:00:00,120915.0,14723.62,106191.38,JULY QUARTERLY,202507159763102548
NY-01,D,2026,H6NY01159,C00914770,2026-06-04T00:00:00,2026-06-30T00:00:00,130515.14,40038.27,172217.32,JULY QUARTERLY,202607159880542519
NY-01,D,2026,H6NY01159,C00914770,2026-04-01T00:00:00,2026-06-03T00:00:00,93200.14,83850.42,81740.45,PRE-PRIMARY,202607159880541518
NY-01,D,2026,H6NY01159,C00914770,2026-04-01T00:00:00,2026-06-03T00:00:00,91983.0,82633.28,81740.45,PRE-PRIMARY,202606119870618264
NY-01,D,2026,H6NY01159,C00914770,2026-01-01T00:00:00,2026-03-31T00:00:00,117546.5,92939.73,72390.73,APRIL QUARTERLY,202604159857788293
NY-01,D,2026,H6NY01159,C00914770,2025-10-01T00:00:00,2025-12-31T00:00:00,83503.79,170670.42,47783.96,YEAR-END,202601319808815975
NY-01,D,2026,H6NY01159,C00914770,2025-08-05T00:00:00,2025-09-30T00:00:00,222832.62,87882.03,134950.59,OCTOBER QUARTERLY,202510159790996962
NJ-04,R,2026,H8NJ04014,C00096412,2026-05-14T00:00:00,2026-06-30T00:00:00,65968.65,24275.98,488316.16,JULY QUARTERLY,202607159890563089
NJ-04,R,2026,H8NJ04014,C00096412,2026-04-01T00:00:00,2026-05-13T00:00:00,42122.32,51494.75,446623.49,PRE-PRIMARY,202605219870255517
NJ-04,R,2026,H8NJ04014,C00096412,2026-01-01T00:00:00,2026-03-31T00:00:00,125018.74,81447.12,455995.92,APRIL QUARTERLY,202604159863042796
NJ-04,R,2026,H8NJ04014,C00096412,2025-10-01T00:00:00,2025-12-31T00:00:00,89351.75,79757.56,412424.3,YEAR-END,202601319825644083
NJ-04,R,2026,H8NJ04014,C00096412,2025-10-01T00:00:00,2025-12-31T00:00:00,89351.75,79757.56,412424.3,YEAR-END,202604109857057277
NJ-04,R,2026,H8NJ04014,C00096412,2025-07-01T00:00:00,2025-09-30T00:00:00,100144.96,97900.46,402830.11,OCTOBER QUARTERLY,202510159791569918
NJ-04,R,2026,H8NJ04014,C00096412,2025-04-01T00:00:00,2025-06-30T00:00:00,109207.57,72951.09,400585.61,JULY QUARTERLY,202510029790662872
NJ-04,R,2026,H8NJ04014,C00096412,2025-04-01T00:00:00,2025-06-30T00:00:00,109207.57,72951.09,400585.61,JULY QUARTERLY,202507159763542977
NJ-04,R,2026,H8NJ04014,C00096412,2025-01-01T00:00:00,2025-03-31T00:00:00,60202.2,59938.24,364329.13,APRIL QUARTERLY,202504159756065695
VT-00,D,2026,H2VT01076,C00797175,2026-04-01T00:00:00,2026-06-30T00:00:00,172497.05,90531.23,598647.5,JULY QUARTERLY,202607159880522343
VT-00,D,2026,H2VT01076,C00797175,2026-01-01T00:00:00,2026-03-31T00:00:00,168406.51,62859.76,516681.68,APRIL QUARTERLY,202604159862561492
VT-00,D,2026,H2VT01076,C00797175,2025-10-01T00:00:00,2025-12-31T00:00:00,105212.8,56141.73,411134.93,YEAR-END,202601319795535182
VT-00,D,2026,H2VT01076,C00797175,2025-07-01T00:00:00,2025-09-30T00:00:00,131496.82,94610.36,362063.86,OCTOBER QUARTERLY,202510159791207370
VT-00,D,2026,H2VT01076,C00797175,2025-04-01T00:00:00,2025-06-30T00:00:00,186689.7,103968.04,325177.4,JULY QUARTERLY,202507159763379655
VT-00,D,2026,H2VT01076,C00797175,2025-01-01T00:00:00,2025-03-31T00:00:00,146761.4,50067.15,242455.74,APRIL QUARTERLY,202507159762968291
VT-00,D,2026,H2VT01076,C00797175,2025-01-01T00:00:00,2025-03-31T00:00:00,146761.4,50067.15,242455.74,APRIL QUARTERLY,202504159756030192
TX-09,D,2026,H6TX09207,C00908897,2026-04-01T00:00:00,2026-06-30T00:00:00,0.0,32537.71,2903.14,JULY QUARTERLY,202607029874735731
TX-09,D,2026,H6TX09207,C00908897,2026-02-12T00:00:00,2026-03-31T00:00:00,49375.95,50621.62,35440.85,APRIL QUARTERLY,202604149857220340
TX-09,D,2026,H6TX09207,C00908897,2026-01-01T00:00:00,2026-02-11T00:00:00,59515.0,51312.62,44888.9,PRE-PRIMARY,202602199834771955
TX-09,D,2026,H6TX09207,C00908897,2025-10-01T00:00:00,2025-12-31T00:00:00,88433.09,204123.46,36686.52,YEAR-END,202601309795268572
TX-09,D,2026,H6TX09207,C00908897,2025-10-01T00:00:00,2025-12-31T00:00:00,88433.09,204123.46,36686.52,YEAR-END,202604139857141888
TX-09,D,2026,H6TX09207,C00908897,2025-10-01T00:00:00,2025-12-31T00:00:00,88433.09,204123.46,36686.52,YEAR-END,202604139857140481
TX-09,D,2026,H6TX09207,C00908897,2025-07-01T00:00:00,2025-09-30T00:00:00,271843.46,205068.92,152376.89,OCTOBER QUARTERLY,202510159791406308
TX-09,D,2026,H6TX09207,C00908897,2025-07-01T00:00:00,2025-09-30T00:00:00,266843.46,0.0,352445.81,OCTOBER QUARTERLY,202604139857145883
TX-09,D,2026,H6TX09207,C00908897,2025-04-01T00:00:00,2025-06-30T00:00:00,201255.09,115652.74,85602.35,JULY QUARTERLY,202507159763447341
CA-49,R,2026,H6CA49151,C00913715,2026-05-14T00:00:00,2026-06-30T00:00:00,31877.05,121074.96,1382.93,JULY QUARTERLY,202607119874881759
CA-49,R,2026,H6CA49151,C00913715,2026-04-01T00:00:00,2026-05-13T00:00:00,60092.12,75516.55,90580.84,PRE-PRIMARY,202607119874881680
CA-49,R,2026,H6CA49151,C00913715,2026-04-01T00:00:00,2026-05-13T00:00:00,60092.12,75516.55,90580.84,PRE-PRIMARY,202605219870230993
CA-49,R,2026,H6CA49151,C00913715,2026-01-01T00:00:00,2026-03-31T00:00:00,95649.34,95473.17,106005.27,APRIL QUARTERLY,202605119866917940
CA-49,R,2026,H6CA49151,C00913715,2026-01-01T00:00:00,2026-03-31T00:00:00,95675.16,95473.17,106031.09,APRIL QUARTERLY,202604159857435152
CA-49,R,2026,H6CA49151,C00913715,2025-10-01T00:00:00,2025-12-31T00:00:00,117608.71,131613.19,105829.1,YEAR-END,202601309794638086
CA-49,R,2026,H6CA49151,C00913715,2025-07-28T00:00:00,2025-09-30T00:00:00,146145.92,26312.34,119833.58,OCTOBER QUARTERLY,202601019793870629
CA-49,R,2026,H6CA49151,C00913715,2025-07-28T00:00:00,2025-09-30T00:00:00,146145.92,26312.34,119833.58,OCTOBER QUARTERLY,202510159790902585
FL-28,R,2026,H0FL26036,C00735985,2026-04-01T00:00:00,2026-06-30T00:00:00,152772.04,97826.74,699516.7,JULY QUARTERLY,202607159875354667
FL-28,R,2026,H0FL26036,C00735985,2026-01-01T00:00:00,2026-03-31T00:00:00,112730.95,55412.94,644571.4,APRIL QUARTERLY,202604249866698271
FL-28,R,2026,H0FL26036,C00735985,2026-01-01T00:00:00,2026-03-31T00:00:00,112730.95,55412.94,644571.4,APRIL QUARTERLY,202604159857309481
FL-28,R,2026,H0FL26036,C00735985,2025-10-01T00:00:00,2025-12-31T00:00:00,47397.4,72031.28,587253.39,YEAR-END,202601309794591890
FL-28,R,2026,H0FL26036,C00735985,2025-07-01T00:00:00,2025-09-30T00:00:00,48691.66,62133.8,611887.27,OCTOBER QUARTERLY,202510159791154158
FL-28,R,2026,H0FL26036,C00735985,2025-04-01T00:00:00,2025-06-30T00:00:00,140025.37,102629.76,625329.41,JULY QUARTERLY,202507159762927751
FL-28,R,2026,H0FL26036,C00735985,2025-01-01T00:00:00,2025-03-31T00:00:00,65864.76,53958.93,587933.8,APRIL QUARTERLY,202504159755377997
FL-12,D,2026,H6FL15192,C00913277,2026-04-01T00:00:00,2026-06-30T00:00:00,151729.25,176446.51,241808.59,JULY QUARTERLY,202607159880601528
FL-12,D,2026,H6FL15192,C00913277,2026-01-01T00:00:00,2026-03-31T00:00:00,194282.71,103890.88,266525.85,APRIL QUARTERLY,202604159862311961
FL-12,D,2026,H6FL15192,C00913277,2025-10-01T00:00:00,2025-12-31T00:00:00,129855.63,107790.49,176134.02,YEAR-END,202601309795265599
FL-12,D,2026,H6FL15192,C00913277,2025-07-01T00:00:00,2025-09-30T00:00:00,207921.9,53853.02,154068.88,OCTOBER QUARTERLY,202510159791278526
FL-07,D,2026,H6FL07215,C00926949,2026-04-01T00:00:00,2026-06-30T00:00:00,509224.25,210252.64,763408.92,JULY QUARTERLY,202607159890712331
FL-07,D,2026,H6FL07215,C00926949,2026-01-01T00:00:00,2026-03-31T00:00:00,348580.86,183871.76,464437.31,APRIL QUARTERLY,202604159862999335
FL-07,D,2026,H6FL07215,C00926949,2025-10-01T00:00:00,2025-12-31T00:00:00,343650.35,43922.14,299728.21,YEAR-END,202601319808487268
MO-05,R,2026,H6MO05312,C00940593,2026-07-01T00:00:00,2026-07-15T00:00:00,6983.66,235530.01,718630.82,PRE-PRIMARY,202607239894434644
MO-05,R,2026,H6MO05312,C00940593,2026-04-01T00:00:00,2026-06-30T00:00:00,103782.46,198886.3,947177.17,JULY QUARTERLY,202607159875381813
MO-05,R,2026,H6MO05312,C00940593,2026-01-01T00:00:00,2026-03-31T00:00:00,1044144.19,1863.18,1042281.01,APRIL QUARTERLY,202604159857268697
LA-06,D,2026,H4LA06211,C00868513,2026-04-01T00:00:00,2026-06-30T00:00:00,382790.4,195723.49,436704.72,JULY QUARTERLY,202607159876008415
LA-06,D,2026,H4LA06211,C00868513,2026-01-01T00:00:00,2026-03-31T00:00:00,65979.32,17257.12,242422.19,APRIL QUARTERLY,202604159862524491
LA-06,D,2026,H4LA06211,C00868513,2026-01-01T00:00:00,2026-03-31T00:00:00,65979.32,17257.12,249637.81,APRIL QUARTERLY,202605199867428642
LA-06,D,2026,H4LA06211,C00868513,2025-10-01T00:00:00,2025-12-31T00:00:00,144852.82,35470.37,200915.61,YEAR-END,202605199867008431
LA-06,D,2026,H4LA06211,C00868513,2025-10-01T00:00:00,2025-12-31T00:00:00,144852.82,42685.99,193699.99,YEAR-END,202601309795280913
LA-06,D,2026,H4LA06211,C00868513,2025-07-01T00:00:00,2025-09-30T00:00:00,43293.17,10062.25,91533.16,OCTOBER QUARTERLY,202605019866783758
LA-06,D,2026,H4LA06211,C00868513,2025-07-01T00:00:00,2025-09-30T00:00:00,43293.17,10062.25,91533.16,OCTOBER QUARTERLY,202510159791521257
LA-06,D,2026,H4LA06211,C00868513,2025-04-01T00:00:00,2025-06-30T00:00:00,45918.04,14019.24,58302.24,JULY QUARTERLY,202507159763463113
LA-06,D,2026,H4LA06211,C00868513,2025-01-01T00:00:00,2025-03-31T00:00:00,149991.24,161027.66,26403.44,APRIL QUARTERLY,202504159755640572
WI-01,D,2026,H6WI01283,C00915637,2026-04-01T00:00:00,2026-06-30T00:00:00,227250.63,147168.84,220682.31,JULY QUARTERLY,202607159875937760
WI-01,D,2026,H6WI01283,C00915637,2026-01-01T00:00:00,2026-03-31T00:00:00,209414.47,158979.58,140600.52,APRIL QUARTERLY,202604159862446499
WI-01,D,2026,H6WI01283,C00915637,2025-10-01T00:00:00,2025-12-31T00:00:00,108677.76,87370.97,90165.63,YEAR-END,202601319808440815
WI-01,D,2026,H6WI01283,C00915637,2025-10-01T00:00:00,2025-12-31T00:00:00,108677.76,87370.97,90165.63,YEAR-END,202604099857052369
WI-01,D,2026,H6WI01283,C00915637,2025-07-01T00:00:00,2025-09-30T00:00:00,108579.49,39720.65,68858.84,OCTOBER QUARTERLY,202604099857052238
WI-01,D,2026,H6WI01283,C00915637,2025-07-01T00:00:00,2025-09-30T00:00:00,108579.49,39720.65,68858.84,OCTOBER QUARTERLY,202510159791329231
OK-05,D,2026,H6OK05293,C00911982,2026-05-28T00:00:00,2026-06-30T00:00:00,43978.33,30242.82,17333.94,JULY QUARTERLY,202607159875373741
OK-05,D,2026,H6OK05293,C00911982,2026-04-01T00:00:00,2026-05-27T00:00:00,54523.18,56628.64,3598.43,PRE-PRIMARY,202606039870361840
OK-05,D,2026,H6OK05293,C00911982,2026-01-01T00:00:00,2026-03-31T00:00:00,97033.68,95302.7,5703.89,APRIL QUARTERLY,202604159862405208
OK-05,D,2026,H6OK05293,C00911982,2025-10-01T00:00:00,2025-12-31T00:00:00,81316.67,101584.62,3972.91,YEAR-END,202601309795018364
OK-05,D,2026,H6OK05293,C00911982,2025-07-01T00:00:00,2025-09-30T00:00:00,172569.55,148328.69,24240.86,OCTOBER QUARTERLY,202510159790860344
MN-02,R,2026,H6MN02255,C00905315,2026-04-01T00:00:00,2026-06-30T00:00:00,11820.86,39494.68,-151.17,JULY QUARTERLY,202607119874878834
MN-02,R,2026,H6MN02255,C00905315,2026-01-01T00:00:00,2026-03-31T00:00:00,87677.31,70499.25,27522.65,APRIL QUARTERLY,202604129857121314
MN-02,R,2026,H6MN02255,C00905315,2025-10-01T00:00:00,2025-12-31T00:00:00,92889.69,135383.84,10344.59,YEAR-END,202601309794858054
MN-02,R,2026,H6MN02255,C00905315,2025-07-01T00:00:00,2025-09-30T00:00:00,134778.21,156124.68,52838.74,OCTOBER QUARTERLY,202510159790912449
MN-02,R,2026,H6MN02255,C00905315,2025-04-01T00:00:00,2025-06-30T00:00:00,100273.73,26088.52,74185.21,JULY QUARTERLY,202507159763126071
FL-04,D,2026,H6FL04220,C00920124,2026-04-01T00:00:00,2026-06-30T00:00:00,207457.32,142220.83,291690.96,JULY QUARTERLY,202607159880447343
FL-04,D,2026,H6FL04220,C00920124,2026-01-01T00:00:00,2026-03-31T00:00:00,148448.37,106105.04,226454.47,APRIL QUARTERLY,202604159857292119
FL-04,D,2026,H6FL04220,C00920124,2025-10-01T00:00:00,2025-12-31T00:00:00,111799.21,168094.22,184111.14,YEAR-END,202604149857181848
FL-04,D,2026,H6FL04220,C00920124,2025-10-01T00:00:00,2025-12-31T00:00:00,111799.21,168074.22,184131.14,YEAR-END,202604149857181435
FL-04,D,2026,H6FL04220,C00920124,2025-10-01T00:00:00,2025-12-31T00:00:00,111799.21,169232.73,182972.63,YEAR-END,202601309795281784
FL-04,D,2026,H6FL04220,C00920124,2025-07-01T00:00:00,2025-09-30T00:00:00,251447.0,10501.2,240945.8,OCTOBER QUARTERLY,202510139790776164
FL-04,D,2026,H6FL04220,C00920124,2025-07-01T00:00:00,2025-09-30T00:00:00,251447.0,11040.85,240406.15,OCTOBER QUARTERLY,202601299794402864
IL-01,D,2026,H2IL01349,C00802603,2026-04-01T00:00:00,2026-06-30T00:00:00,66324.25,108543.48,47162.51,JULY QUARTERLY,202607159875668946
IL-01,D,2026,H2IL01349,C00802603,2026-02-26T00:00:00,2026-03-31T00:00:00,40800.4,46436.38,89381.74,APRIL QUARTERLY,202604159857672511
IL-01,D,2026,H2IL01349,C00802603,2026-01-01T00:00:00,2026-02-25T00:00:00,64002.07,45651.72,95017.72,PRE-PRIMARY,202603059837894275
IL-01,D,2026,H2IL01349,C00802603,2025-10-01T00:00:00,2025-12-31T00:00:00,115212.5,57367.46,76667.37,YEAR-END,202601319808400219
IL-01,D,2026,H2IL01349,C00802603,2025-07-01T00:00:00,2025-09-30T00:00:00,48897.79,46005.23,18822.33,OCTOBER QUARTERLY,202510159791182742
IL-01,D,2026,H2IL01349,C00802603,2025-04-01T00:00:00,2025-06-30T00:00:00,33884.17,48934.88,15929.77,JULY QUARTERLY,202507159763316005
IL-01,D,2026,H2IL01349,C00802603,2025-01-01T00:00:00,2025-03-31T00:00:00,49228.46,71936.07,30980.48,APRIL QUARTERLY,202506049761862031
IL-01,D,2026,H2IL01349,C00802603,2025-01-01T00:00:00,2025-03-31T00:00:00,49228.46,71936.07,30980.48,APRIL QUARTERLY,202504159756058264
ME-01,D,2026,H8ME01120,C00433391,2026-05-21T00:00:00,2026-06-30T00:00:00,41448.21,63775.18,423112.34,JULY QUARTERLY,202607149875029303
ME-01,D,2026,H8ME01120,C00433391,2026-04-01T00:00:00,2026-05-20T00:00:00,51493.65,29770.42,445439.31,PRE-PRIMARY,202605289870302033
ME-01,D,2026,H8ME01120,C00433391,2026-01-01T00:00:00,2026-03-31T00:00:00,71603.84,94713.93,423716.08,APRIL QUARTERLY,202604149857218676
ME-01,D,2026,H8ME01120,C00433391,2025-10-01T00:00:00,2025-12-31T00:00:00,57087.14,68731.33,446826.17,YEAR-END,202601289794252027
ME-01,D,2026,H8ME01120,C00433391,2025-07-01T00:00:00,2025-09-30T00:00:00,59473.32,35727.29,458470.36,OCTOBER QUARTERLY,202510149790797867
ME-01,D,2026,H8ME01120,C00433391,2025-04-01T00:00:00,2025-06-30T00:00:00,92337.52,36278.19,434724.33,JULY QUARTERLY,202507159762898505
ME-01,D,2026,H8ME01120,C00433391,2025-01-01T00:00:00,2025-03-31T00:00:00,56190.4,93203.63,378665.0,APRIL QUARTERLY,202504149755274007
TN-04,R,2026,H0TN04195,C00464073,2026-07-01T00:00:00,2026-07-17T00:00:00,12030.0,41500.61,495126.13,PRE-PRIMARY,202607259894464792
TN-04,R,2026,H0TN04195,C00464073,2026-04-01T00:00:00,2026-06-30T00:00:00,143894.75,49212.04,524596.74,JULY QUARTERLY,202607159890680246
TN-04,R,2026,H0TN04195,C00464073,2026-01-01T00:00:00,2026-03-31T00:00:00,67325.0,152448.66,429914.03,APRIL QUARTERLY,202604159862878786
TN-04,R,2026,H0TN04195,C00464073,2025-10-01T00:00:00,2025-12-31T00:00:00,93774.2,38909.04,515037.69,YEAR-END,202601319808613409
TN-04,R,2026,H0TN04195,C00464073,2025-07-01T00:00:00,2025-09-30T00:00:00,94063.98,46509.43,460172.53,OCTOBER QUARTERLY,202510159791473536
TN-04,R,2026,H0TN04195,C00464073,2025-04-01T00:00:00,2025-06-30T00:00:00,62655.0,46331.6,412617.98,JULY QUARTERLY,202507159763467685
TN-04,R,2026,H0TN04195,C00464073,2025-01-01T00:00:00,2025-03-31T00:00:00,49100.0,32823.78,382294.58,APRIL QUARTERLY,202504159755804680
TN-04,R,2026,H0TN04195,C00464073,2025-01-01T00:00:00,2025-03-31T00:00:00,63100.0,32823.78,396294.58,APRIL QUARTERLY,202504159756073511
FL-21,D,2026,H6FL21034,C00900225,2026-04-01T00:00:00,2026-06-30T00:00:00,558719.23,383398.64,199582.71,JULY QUARTERLY,202607089874805302
FL-21,D,2026,H6FL21034,C00900225,2026-01-01T00:00:00,2026-03-31T00:00:00,8530.51,1840.7,21558.94,APRIL QUARTERLY,202604159863110490
FL-21,D,2026,H6FL21034,C00900225,2025-10-01T00:00:00,2025-12-31T00:00:00,6339.5,1282.25,14869.13,YEAR-END,202601319825868643
FL-21,D,2026,H6FL21034,C00900225,2025-07-01T00:00:00,2025-09-30T00:00:00,8445.35,13773.33,9811.88,OCTOBER QUARTERLY,202510159791602732
FL-21,D,2026,H6FL21034,C00900225,2025-04-01T00:00:00,2025-06-30T00:00:00,9187.0,6455.14,2731.86,JULY QUARTERLY,202507289764307207
MD-07,D,2026,H6MD07020,C00726372,2026-06-04T00:00:00,2026-06-30T00:00:00,49894.0,103252.27,702809.57,JULY QUARTERLY,202607159875073493
MD-07,D,2026,H6MD07020,C00726372,2026-04-01T00:00:00,2026-06-03T00:00:00,60843.13,97748.28,756167.84,PRE-PRIMARY,202606119870569709
MD-07,D,2026,H6MD07020,C00726372,2026-01-01T00:00:00,2026-03-31T00:00:00,85153.26,40065.64,793072.99,APRIL QUARTERLY,202604159857336011
MD-07,D,2026,H6MD07020,C00726372,2025-10-01T00:00:00,2025-12-31T00:00:00,87781.64,45532.64,747985.37,YEAR-END,202601309794720682
MD-07,D,2026,H6MD07020,C00726372,2025-07-01T00:00:00,2025-09-30T00:00:00,64660.0,25922.11,705736.37,OCTOBER QUARTERLY,202510159790814032
MD-07,D,2026,H6MD07020,C00726372,2025-04-01T00:00:00,2025-06-30T00:00:00,49311.0,36215.15,666998.48,JULY QUARTERLY,202507159762870091
MD-07,D,2026,H6MD07020,C00726372,2025-01-01T00:00:00,2025-03-31T00:00:00,17531.0,57553.83,653902.63,APRIL QUARTERLY,202504159755665487
MD-06,R,2026,H6MD06287,C00910968,2026-06-04T00:00:00,2026-06-30T00:00:00,12461.83,14813.71,400.86,JULY QUARTERLY,202607159875341971
MD-06,R,2026,H6MD06287,C00910968,2026-04-01T00:00:00,2026-06-03T00:00:00,81179.13,78643.63,2752.74,PRE-PRIMARY,202606119870608868
MD-06,R,2026,H6MD06287,C00910968,2026-01-01T00:00:00,2026-03-31T00:00:00,88613.66,88504.44,217.24,APRIL QUARTERLY,202604159862382896
MD-06,R,2026,H6MD06287,C00910968,2026-01-01T00:00:00,2026-03-31T00:00:00,88613.66,88504.44,217.24,APRIL QUARTERLY,202606109870561754
MD-06,R,2026,H6MD06287,C00910968,2025-10-01T00:00:00,2025-12-31T00:00:00,86544.51,95852.33,108.02,YEAR-END,202601309795233432
MD-06,R,2026,H6MD06287,C00910968,2025-07-01T00:00:00,2025-09-30T00:00:00,135134.57,125718.73,9415.84,OCTOBER QUARTERLY,202512229793852650
MD-06,R,2026,H6MD06287,C00910968,2025-07-01T00:00:00,2025-09-30T00:00:00,135134.57,125718.73,9415.84,OCTOBER QUARTERLY,202510159791099270
MS-01,D,2026,H6MS01313,C00922039,2026-04-01T00:00:00,2026-06-30T00:00:00,179358.62,95132.1,149644.9,JULY QUARTERLY,202607159890711810
MS-01,D,2026,H6MS01313,C00922039,2026-02-19T00:00:00,2026-03-31T00:00:00,67293.9,67166.09,65418.38,APRIL QUARTERLY,202604159857676088
MS-01,D,2026,H6MS01313,C00922039,2026-01-01T00:00:00,2026-02-18T00:00:00,41127.28,126994.9,65290.57,PRE-PRIMARY,202602269837862339
MS-01,D,2026,H6MS01313,C00922039,2025-10-01T00:00:00,2025-12-31T00:00:00,263463.62,112305.43,151158.19,YEAR-END,202601319795297573
FL-05,R,2026,H6FL04105,C00615294,2026-04-01T00:00:00,2026-06-30T00:00:00,167973.59,99409.88,475360.13,JULY QUARTERLY,202607149875011556
FL-05,R,2026,H6FL04105,C00615294,2026-01-01T00:00:00,2026-03-31T00:00:00,178362.0,83349.21,406796.42,APRIL QUARTERLY,202604159862267087
FL-05,R,2026,H6FL04105,C00615294,2025-10-01T00:00:00,2025-12-31T00:00:00,35032.59,60418.87,311783.63,YEAR-END,202601309795196341
FL-05,R,2026,H6FL04105,C00615294,2025-07-01T00:00:00,2025-09-30T00:00:00,83327.99,45036.06,337169.91,OCTOBER QUARTERLY,202510099790724177
FL-05,R,2026,H6FL04105,C00615294,2025-04-01T00:00:00,2025-06-30T00:00:00,98751.0,69013.93,298877.98,JULY QUARTERLY,202507159763260999
FL-05,R,2026,H6FL04105,C00615294,2025-01-01T00:00:00,2025-03-31T00:00:00,132759.44,41288.18,269140.91,APRIL QUARTERLY,202504119755212375
NJ-09,R,2026,H6NJ09264,C00911339,2026-05-14T00:00:00,2026-06-30T00:00:00,48375.26,42362.56,39623.87,JULY QUARTERLY,202607159875908117
NJ-09,R,2026,H6NJ09264,C00911339,2026-04-01T00:00:00,2026-05-13T00:00:00,29883.27,25436.28,33611.17,PRE-PRIMARY,202605219870258327
NJ-09,R,2026,H6NJ09264,C00911339,2026-01-01T00:00:00,2026-03-31T00:00:00,79826.42,92282.85,29164.18,APRIL QUARTERLY,202604159862878370
NJ-09,R,2026,H6NJ09264,C00911339,2025-10-01T00:00:00,2025-12-31T00:00:00,102275.74,143213.45,41620.61,YEAR-END,202601319808614840
NJ-09,R,2026,H6NJ09264,C00911339,2025-07-01T00:00:00,2025-09-30T00:00:00,155509.16,72950.84,82558.32,OCTOBER QUARTERLY,202510159791596430
GA-04,D,2026,H6GA04129,C00418293,2026-04-30T00:00:00,2026-06-30T00:00:00,64591.6,40539.58,117905.6,JULY QUARTERLY,202607159875237486
GA-04,D,2026,H6GA04129,C00418293,2026-04-01T00:00:00,2026-04-29T00:00:00,40881.0,17996.92,93853.58,PRE-PRIMARY,202605079866889560
GA-04,D,2026,H6GA04129,C00418293,2026-01-01T00:00:00,2026-03-31T00:00:00,65721.1,57099.54,70969.5,APRIL QUARTERLY,202604159857307698
GA-04,D,2026,H6GA04129,C00418293,2025-10-01T00:00:00,2025-12-31T00:00:00,31605.2,63173.6,62347.94,YEAR-END,202601309795197011
GA-04,D,2026,H6GA04129,C00418293,2025-07-01T00:00:00,2025-09-30T00:00:00,32091.63,64759.4,93916.34,OCTOBER QUARTERLY,202510159791124808
GA-04,D,2026,H6GA04129,C00418293,2025-04-01T00:00:00,2025-06-30T00:00:00,104450.58,85089.91,126584.11,JULY QUARTERLY,202507159763102393
GA-04,D,2026,H6GA04129,C00418293,2025-04-01T00:00:00,2025-06-30T00:00:00,104450.58,85089.91,126584.11,JULY QUARTERLY,202509159790061262
GA-04,D,2026,H6GA04129,C00418293,2025-01-01T00:00:00,2025-03-31T00:00:00,62973.73,67426.29,107223.44,APRIL QUARTERLY,202504159755419723
AK-00,D,2026,H6AK01084,C00923714,2026-04-01T00:00:00,2026-06-30T00:00:00,285776.88,163385.93,470681.03,JULY QUARTERLY,202607159890151822
AK-00,D,2026,H6AK01084,C00923714,2026-01-01T00:00:00,2026-03-31T00:00:00,270616.02,142890.98,348290.08,APRIL QUARTERLY,202604159857721989
AK-00,D,2026,H6AK01084,C00923714,2025-10-01T00:00:00,2025-12-31T00:00:00,309040.4,88475.36,220565.04,YEAR-END,202601319795711122
SC-03,R,2026,H4SC01313,C00866426,2026-05-21T00:00:00,2026-06-30T00:00:00,86905.75,42659.5,218741.08,JULY QUARTERLY,202607159875069508
SC-03,R,2026,H4SC01313,C00866426,2026-04-01T00:00:00,2026-05-20T00:00:00,17884.05,54440.23,174494.83,PRE-PRIMARY,202605289870302427
SC-03,R,2026,H4SC01313,C00866426,2026-01-01T00:00:00,2026-03-31T00:00:00,64727.43,36992.59,211653.55,APRIL QUARTERLY,202604159857293771
SC-03,R,2026,H4SC01313,C00866426,2026-01-01T00:00:00,2026-03-31T00:00:00,64727.43,37595.13,211051.01,APRIL QUARTERLY,202604219866634627
SC-03,R,2026,H4SC01313,C00866426,2025-10-01T00:00:00,2025-12-31T00:00:00,55472.33,60497.63,183918.71,YEAR-END,202601299794358123
SC-03,R,2026,H4SC01313,C00866426,2025-07-01T00:00:00,2025-09-30T00:00:00,127173.61,78341.67,188944.01,OCTOBER QUARTERLY,202510159790897620
SC-03,R,2026,H4SC01313,C00866426,2025-04-01T00:00:00,2025-06-30T00:00:00,99412.1,69923.19,140112.07,JULY QUARTERLY,202507159762881788
SC-03,R,2026,H4SC01313,C00866426,2025-01-01T00:00:00,2025-03-31T00:00:00,53757.83,47219.93,110623.16,APRIL QUARTERLY,202504159755366531
FL-02,D,2026,H6FL02281,C00903195,2026-04-01T00:00:00,2026-06-30T00:00:00,115579.96,122719.84,55928.28,JULY QUARTERLY,202607189890890871
FL-02,D,2026,H6FL02281,C00903195,2026-04-01T00:00:00,2026-06-30T00:00:00,105979.96,113119.84,55928.28,JULY QUARTERLY,202607149874998690
FL-02,D,2026,H6FL02281,C00903195,2026-01-01T00:00:00,2026-03-31T00:00:00,120385.9,95850.19,63248.76,APRIL QUARTERLY,202604149857234533
FL-02,D,2026,H6FL02281,C00903195,2025-10-01T00:00:00,2025-12-31T00:00:00,84211.22,67318.28,38713.05,YEAR-END,202601309794885057
FL-02,D,2026,H6FL02281,C00903195,2025-10-01T00:00:00,2025-12-31T00:00:00,84211.22,67318.28,38713.05,YEAR-END,202604199863197081
FL-02,D,2026,H6FL02281,C00903195,2025-07-01T00:00:00,2025-09-30T00:00:00,59057.76,83318.27,21820.11,OCTOBER QUARTERLY,202601249794157114
FL-02,D,2026,H6FL02281,C00903195,2025-07-01T00:00:00,2025-09-30T00:00:00,59057.76,83318.27,21820.11,OCTOBER QUARTERLY,202601249794157267
FL-02,D,2026,H6FL02281,C00903195,2025-07-01T00:00:00,2025-09-30T00:00:00,58385.25,83318.27,21147.6,OCTOBER QUARTERLY,202510159791564742
FL-02,D,2026,H6FL02281,C00903195,2025-04-01T00:00:00,2025-06-30T00:00:00,61626.08,15545.46,46080.62,JULY QUARTERLY,202507079762730158
FL-02,D,2026,H6FL02281,C00903195,2025-04-01T00:00:00,2025-06-30T00:00:00,61626.08,15545.46,46080.62,JULY QUARTERLY,202601249794157073
FL-02,D,2026,H6FL02281,C00903195,2025-04-01T00:00:00,2025-06-30T00:00:00,61626.08,15545.46,46080.62,JULY QUARTERLY,202601249794157226
FL-02,D,2026,H6FL02281,C00903195,2025-04-01T00:00:00,2025-06-30T00:00:00,61626.08,15545.46,46080.62,JULY QUARTERLY,202510079790713780
FL-02,D,2026,H6FL02281,C00903195,2025-04-01T00:00:00,2025-06-30T00:00:00,61626.08,15545.46,46080.62,JULY QUARTERLY,202604199863197040
IL-04,D,2026,H8IL04134,C00661777,2026-04-01T00:00:00,2026-06-30T00:00:00,653.79,18250.05,28263.33,JULY QUARTERLY,202607159890621776
IL-04,D,2026,H8IL04134,C00661777,2026-02-26T00:00:00,2026-03-31T00:00:00,1782.26,7149.43,45859.59,APRIL QUARTERLY,202604159862587670
IL-04,D,2026,H8IL04134,C00661777,2026-01-01T00:00:00,2026-02-25T00:00:00,777.73,9920.24,51226.76,PRE-PRIMARY,202603059837895798
IL-04,D,2026,H8IL04134,C00661777,2025-10-01T00:00:00,2025-12-31T00:00:00,57411.91,133943.46,60369.27,YEAR-END,202601319795636429
IL-04,D,2026,H8IL04134,C00661777,2025-07-01T00:00:00,2025-09-30T00:00:00,89731.01,95475.0,136900.82,OCTOBER QUARTERLY,202510159790802718
IL-04,D,2026,H8IL04134,C00661777,2025-04-01T00:00:00,2025-06-30T00:00:00,167108.78,67485.7,142644.81,JULY QUARTERLY,202507159763427092
IL-04,D,2026,H8IL04134,C00661777,2025-01-01T00:00:00,2025-03-31T00:00:00,58493.83,51307.63,43021.73,APRIL QUARTERLY,202504159755995674
TX-04,R,2026,H8TX04154,C00892794,2026-02-12T00:00:00,2026-03-31T00:00:00,3850.77,9343.01,-21794.97,APRIL QUARTERLY,202605229870272478
TX-04,R,2026,H8TX04154,C00892794,2026-01-01T00:00:00,2026-02-11T00:00:00,4717.84,30838.07,-16302.73,PRE-PRIMARY,202602199834817809
TX-04,R,2026,H8TX04154,C00892794,2025-10-01T00:00:00,2025-12-31T00:00:00,99273.68,119133.82,9817.5,YEAR-END,202601319825864276
TX-04,R,2026,H8TX04154,C00892794,2025-07-01T00:00:00,2025-09-30T00:00:00,149493.77,157075.99,29677.64,OCTOBER QUARTERLY,202512039793374799
TX-04,R,2026,H8TX04154,C00892794,2025-04-01T00:00:00,2025-06-30T00:00:00,46452.29,41320.23,37259.86,JULY QUARTERLY,202507159763463130
TX-04,R,2026,H8TX04154,C00892794,2025-01-01T00:00:00,2025-03-31T00:00:00,53626.37,21498.57,32127.8,APRIL QUARTERLY,202504159755364778
TX-04,R,2026,H8TX04154,C00892794,2025-01-01T00:00:00,2025-03-31T00:00:00,53626.37,21498.57,32127.8,APRIL QUARTERLY,202508119789455572
TX-30,R,2026,H4TX30109,C00892794,2026-02-12T00:00:00,2026-03-31T00:00:00,3850.77,9343.01,-21794.97,APRIL QUARTERLY,202605229870272478
TX-30,R,2026,H4TX30109,C00892794,2026-01-01T00:00:00,2026-02-11T00:00:00,4717.84,30838.07,-16302.73,PRE-PRIMARY,202602199834817809
TX-30,R,2026,H4TX30109,C00892794,2025-10-01T00:00:00,2025-12-31T00:00:00,99273.68,119133.82,9817.5,YEAR-END,202601319825864276
TX-30,R,2026,H4TX30109,C00892794,2025-07-01T00:00:00,2025-09-30T00:00:00,149493.77,157075.99,29677.64,OCTOBER QUARTERLY,202512039793374799
TX-30,R,2026,H4TX30109,C00892794,2025-04-01T00:00:00,2025-06-30T00:00:00,46452.29,41320.23,37259.86,JULY QUARTERLY,202507159763463130
TX-30,R,2026,H4TX30109,C00892794,2025-01-01T00:00:00,2025-03-31T00:00:00,53626.37,21498.57,32127.8,APRIL QUARTERLY,202504159755364778
TX-30,R,2026,H4TX30109,C00892794,2025-01-01T00:00:00,2025-03-31T00:00:00,53626.37,21498.57,32127.8,APRIL QUARTERLY,202508119789455572
NY-02,D,2026,H6NY02140,C00911958,2026-06-04T00:00:00,2026-06-30T00:00:00,33951.48,27187.71,89408.48,JULY QUARTERLY,202607159880572355
NY-02,D,2026,H6NY02140,C00911958,2026-04-01T00:00:00,2026-06-03T00:00:00,53029.12,45281.01,82644.71,PRE-PRIMARY,202606119870568490
NY-02,D,2026,H6NY02140,C00911958,2026-01-01T00:00:00,2026-03-31T00:00:00,92098.76,151240.92,74896.6,APRIL QUARTERLY,202606119870565679
NY-02,D,2026,H6NY02140,C00911958,2026-01-01T00:00:00,2026-03-31T00:00:00,92098.76,151240.92,74896.6,APRIL QUARTERLY,202604159862390311
NY-02,D,2026,H6NY02140,C00911958,2025-10-01T00:00:00,2025-12-31T00:00:00,63820.78,101579.79,134038.76,YEAR-END,202601319808612197
NY-02,D,2026,H6NY02140,C00911958,2025-07-15T00:00:00,2025-09-30T00:00:00,218948.0,47150.23,171797.77,OCTOBER QUARTERLY,202511139792600784
NY-02,D,2026,H6NY02140,C00911958,2025-07-15T00:00:00,2025-09-30T00:00:00,218948.0,47150.23,171797.77,OCTOBER QUARTERLY,202510159791480563
MS-03,R,2026,H8MS03125,C00665752,2026-04-01T00:00:00,2026-06-30T00:00:00,59979.79,39394.29,962515.1,JULY QUARTERLY,202607159880599743
MS-03,R,2026,H8MS03125,C00665752,2026-02-19T00:00:00,2026-03-31T00:00:00,137934.08,11653.57,941929.6,APRIL QUARTERLY,202604159862297356
MS-03,R,2026,H8MS03125,C00665752,2026-01-01T00:00:00,2026-02-18T00:00:00,26593.61,27912.61,815649.09,PRE-PRIMARY,202602269837864211
MS-03,R,2026,H8MS03125,C00665752,2025-10-01T00:00:00,2025-12-31T00:00:00,90544.48,96889.05,816968.09,YEAR-END,202601319795492563
MS-03,R,2026,H8MS03125,C00665752,2025-07-01T00:00:00,2025-09-30T00:00:00,377946.36,54116.97,823312.66,OCTOBER QUARTERLY,202510159791483675
MS-03,R,2026,H8MS03125,C00665752,2025-04-01T00:00:00,2025-06-30T00:00:00,68694.39,111810.12,499483.27,JULY QUARTERLY,202507159763418517
MS-03,R,2026,H8MS03125,C00665752,2025-01-01T00:00:00,2025-03-31T00:00:00,61068.14,29814.58,542599.0,APRIL QUARTERLY,202504159756050130
AZ-09,R,2026,H0AZ01259,C00461806,2026-04-01T00:00:00,2026-07-01T00:00:00,222286.42,92178.56,303213.7,PRE-PRIMARY,202607099874842305
AZ-09,R,2026,H0AZ01259,C00461806,2026-01-01T00:00:00,2026-03-31T00:00:00,77150.72,59639.78,173105.84,APRIL QUARTERLY,202604159863093755
AZ-09,R,2026,H0AZ01259,C00461806,2026-01-01T00:00:00,2026-03-31T00:00:00,77150.72,59639.78,173105.84,APRIL QUARTERLY,202604199863195863
AZ-09,R,2026,H0AZ01259,C00461806,2025-10-01T00:00:00,2025-12-31T00:00:00,51089.37,38064.91,155594.9,YEAR-END,202601309795280455
AZ-09,R,2026,H0AZ01259,C00461806,2025-07-01T00:00:00,2025-09-30T00:00:00,74282.86,44447.12,142570.44,OCTOBER QUARTERLY,202510159791118407
AZ-09,R,2026,H0AZ01259,C00461806,2025-04-01T00:00:00,2025-06-30T00:00:00,104963.59,73706.53,112734.7,JULY QUARTERLY,202507159763473202
AZ-09,R,2026,H0AZ01259,C00461806,2025-01-01T00:00:00,2025-03-31T00:00:00,50269.54,60388.88,81477.64,APRIL QUARTERLY,202504159756051391
CA-21,R,2026,H6CA21234,C00911198,2026-05-14T00:00:00,2026-06-30T00:00:00,17150.96,24325.7,64753.29,JULY QUARTERLY,202607159890077245
CA-21,R,2026,H6CA21234,C00911198,2026-04-01T00:00:00,2026-05-13T00:00:00,27638.87,41809.26,71928.03,PRE-PRIMARY,202605219870231062
CA-21,R,2026,H6CA21234,C00911198,2026-01-01T00:00:00,2026-03-31T00:00:00,93734.84,155863.11,86098.42,APRIL QUARTERLY,202604159857279878
CA-21,R,2026,H6CA21234,C00911198,2025-10-01T00:00:00,2025-12-31T00:00:00,133103.95,133266.35,148226.69,YEAR-END,202601319808511708
CA-21,R,2026,H6CA21234,C00911198,2025-07-09T00:00:00,2025-09-30T00:00:00,158748.56,10359.47,148389.09,OCTOBER QUARTERLY,202601199794033182
CA-21,R,2026,H6CA21234,C00911198,2025-07-09T00:00:00,2025-09-30T00:00:00,158748.56,10359.47,148389.09,OCTOBER QUARTERLY,202510159791304963
FL-18,R,2026,H0FL15104,C00742247,2026-04-01T00:00:00,2026-06-30T00:00:00,192770.74,66558.38,945704.17,JULY QUARTERLY,202607159890621949
FL-18,R,2026,H0FL15104,C00742247,2026-01-01T00:00:00,2026-03-31T00:00:00,266069.03,61889.52,819491.81,APRIL QUARTERLY,202604159862977712
FL-18,R,2026,H0FL15104,C00742247,2026-01-01T00:00:00,2026-03-31T00:00:00,266069.03,61889.52,819491.81,APRIL QUARTERLY,202605269870283444
FL-18,R,2026,H0FL15104,C00742247,2025-10-01T00:00:00,2025-12-31T00:00:00,59061.53,47769.26,615312.3,YEAR-END,202601319808617040
FL-18,R,2026,H0FL15104,C00742247,2025-07-01T00:00:00,2025-09-30T00:00:00,81221.64,63391.72,604020.03,OCTOBER QUARTERLY,202510159791392811
FL-18,R,2026,H0FL15104,C00742247,2025-04-01T00:00:00,2025-06-30T00:00:00,96203.19,101953.21,586190.11,JULY QUARTERLY,202509109789981780
FL-18,R,2026,H0FL15104,C00742247,2025-04-01T00:00:00,2025-06-30T00:00:00,96203.19,101953.21,586190.11,JULY QUARTERLY,202507159763503039
FL-18,R,2026,H0FL15104,C00742247,2025-01-01T00:00:00,2025-03-31T00:00:00,132427.85,22383.2,591940.13,APRIL QUARTERLY,202504159755798184
NV-01,D,2026,H8NV03036,C00499467,2026-05-21T00:00:00,2026-06-30T00:00:00,284355.07,43794.47,1337524.79,JULY QUARTERLY,202607159875741902
NV-01,D,2026,H8NV03036,C00499467,2026-04-01T00:00:00,2026-05-20T00:00:00,98369.39,61047.46,1096964.19,PRE-PRIMARY,202605289870312538
NV-01,D,2026,H8NV03036,C00499467,2026-01-01T00:00:00,2026-03-31T00:00:00,303649.49,84823.81,1059642.26,APRIL QUARTERLY,202604159862390832
NV-01,D,2026,H8NV03036,C00499467,2025-10-01T00:00:00,2025-12-31T00:00:00,298778.37,67569.58,840816.58,YEAR-END,202601319795297811
NV-01,D,2026,H8NV03036,C00499467,2025-10-01T00:00:00,2025-12-31T00:00:00,298778.37,67569.58,840816.58,YEAR-END,202604099857046533
NV-01,D,2026,H8NV03036,C00499467,2025-07-01T00:00:00,2025-09-30T00:00:00,172052.92,46373.58,609607.79,OCTOBER QUARTERLY,202510159791021798
NV-01,D,2026,H8NV03036,C00499467,2025-04-01T00:00:00,2025-06-30T00:00:00,219988.11,20981.49,483928.45,JULY QUARTERLY,202507159762899951
NV-01,D,2026,H8NV03036,C00499467,2025-01-01T00:00:00,2025-03-31T00:00:00,160164.75,30606.48,284921.83,APRIL QUARTERLY,202504159755366741
CA-26,R,2026,H6CA26241,C00900613,2026-05-14T00:00:00,2026-06-30T00:00:00,56524.84,46103.73,33680.61,JULY QUARTERLY,202607159875530542
CA-26,R,2026,H6CA26241,C00900613,2026-04-01T00:00:00,2026-05-13T00:00:00,86183.08,90574.29,23259.5,PRE-PRIMARY,202605219870210496
CA-26,R,2026,H6CA26241,C00900613,2026-01-01T00:00:00,2026-03-31T00:00:00,22014.0,56183.28,27650.71,APRIL QUARTERLY,202604159862437200
CA-26,R,2026,H6CA26241,C00900613,2025-10-01T00:00:00,2025-12-31T00:00:00,39063.02,46766.18,61819.99,YEAR-END,202602029825903753
CA-26,R,2026,H6CA26241,C00900613,2025-10-01T00:00:00,2025-12-31T00:00:00,39063.02,46766.18,61819.99,YEAR-END,202604089857027676
CA-26,R,2026,H6CA26241,C00900613,2025-07-01T00:00:00,2025-09-30T00:00:00,67477.0,89898.56,69523.15,OCTOBER QUARTERLY,202510159791116761
CA-26,R,2026,H6CA26241,C00900613,2025-07-01T00:00:00,2025-09-30T00:00:00,67477.0,89898.56,69523.15,OCTOBER QUARTERLY,202601219794113080
CA-26,R,2026,H6CA26241,C00900613,2025-01-01T00:00:00,2025-06-30T00:00:00,105816.0,13871.29,91944.71,JULY QUARTERLY,202507159763065592
TN-02,D,2026,H6TN02170,C00920520,2026-07-01T00:00:00,2026-07-17T00:00:00,34147.14,48830.73,56230.11,PRE-PRIMARY,202607259894465983
TN-02,D,2026,H6TN02170,C00920520,2026-04-01T00:00:00,2026-06-30T00:00:00,172505.29,132559.74,70913.7,JULY QUARTERLY,202607159875202811
TN-02,D,2026,H6TN02170,C00920520,2026-01-01T00:00:00,2026-03-31T00:00:00,109634.9,95281.61,30968.15,APRIL QUARTERLY,202604159857615773
TN-02,D,2026,H6TN02170,C00920520,2025-10-01T00:00:00,2025-12-31T00:00:00,50220.0,63061.12,16614.86,YEAR-END,202601319808400351
TN-02,D,2026,H6TN02170,C00920520,2025-07-01T00:00:00,2025-09-30T00:00:00,31076.45,1620.47,29455.98,OCTOBER QUARTERLY,202510159791022879
OR-05,R,2026,H2OR05209,C00784520,2026-04-01T00:00:00,2026-06-30T00:00:00,0.0,0.0,26428.09,JULY QUARTERLY,202607159875072499
OR-05,R,2026,H2OR05209,C00784520,2026-01-01T00:00:00,2026-03-31T00:00:00,0.0,0.0,26428.09,APRIL QUARTERLY,202604159857240551
OR-05,R,2026,H2OR05209,C00784520,2025-10-01T00:00:00,2025-12-31T00:00:00,0.0,0.0,26428.09,YEAR-END,202601309794557544
OR-05,R,2026,H2OR05209,C00784520,2025-07-01T00:00:00,2025-09-30T00:00:00,0.0,0.0,26428.09,OCTOBER QUARTERLY,202510159791197242
OR-05,R,2026,H2OR05209,C00784520,2025-04-01T00:00:00,2025-06-30T00:00:00,-4.93,14423.97,26428.09,JULY QUARTERLY,202509189790116234
OR-05,R,2026,H2OR05209,C00784520,2025-04-01T00:00:00,2025-06-30T00:00:00,-4.93,14423.97,26428.09,JULY QUARTERLY,202507159763068336
OR-05,R,2026,H2OR05209,C00784520,2025-01-01T00:00:00,2025-03-31T00:00:00,9018.27,321495.22,40856.99,APRIL QUARTERLY,202504159755659482
WA-05,D,2026,H4WA05168,C00849794,2026-07-01T00:00:00,2026-07-15T00:00:00,8742.02,102173.77,74462.79,PRE-PRIMARY,202607239894459263
WA-05,D,2026,H4WA05168,C00849794,2026-04-01T00:00:00,2026-06-30T00:00:00,86760.92,68110.74,167894.54,JULY QUARTERLY,202607159890806635
WA-05,D,2026,H4WA05168,C00849794,2026-01-01T00:00:00,2026-03-31T00:00:00,78682.84,67605.79,149244.36,APRIL QUARTERLY,202604159862543500
WA-05,D,2026,H4WA05168,C00849794,2025-10-01T00:00:00,2025-12-31T00:00:00,50765.0,46253.41,138167.31,YEAR-END,202601099793937647
WA-05,D,2026,H4WA05168,C00849794,2025-10-01T00:00:00,2025-12-31T00:00:00,50765.0,46253.41,138167.31,YEAR-END,202604159862390450
WA-05,D,2026,H4WA05168,C00849794,2025-07-01T00:00:00,2025-09-30T00:00:00,82242.23,22077.97,133655.72,OCTOBER QUARTERLY,202604159862322705
WA-05,D,2026,H4WA05168,C00849794,2025-07-01T00:00:00,2025-09-30T00:00:00,81271.52,21107.26,133655.72,OCTOBER QUARTERLY,202510159791539805
WA-05,D,2026,H4WA05168,C00849794,2025-04-01T00:00:00,2025-06-30T00:00:00,68385.75,12484.15,73491.46,JULY QUARTERLY,202507159763462801
WA-05,D,2026,H4WA05168,C00849794,2025-01-01T00:00:00,2025-03-31T00:00:00,20638.0,16189.73,17589.86,APRIL QUARTERLY,202504149755350537
PR-00,D,2026,H4PR01010,C00831487,2026-04-01T00:00:00,2026-06-30T00:00:00,287543.0,65595.03,541801.83,JULY QUARTERLY,202607159876004954
PR-00,D,2026,H4PR01010,C00831487,2026-01-01T00:00:00,2026-03-31T00:00:00,151983.14,25883.34,319853.86,APRIL QUARTERLY,202604159863093864
PR-00,D,2026,H4PR01010,C00831487,2025-10-01T00:00:00,2025-12-31T00:00:00,90950.07,35623.24,193754.06,YEAR-END,202605039866788648
PR-00,D,2026,H4PR01010,C00831487,2025-10-01T00:00:00,2025-12-31T00:00:00,90950.07,35623.24,193754.06,YEAR-END,202601319808611277
PR-00,D,2026,H4PR01010,C00831487,2025-07-01T00:00:00,2025-09-30T00:00:00,83276.0,114359.82,138427.23,OCTOBER QUARTERLY,202510159791604233
PR-00,D,2026,H4PR01010,C00831487,2025-07-01T00:00:00,2025-09-30T00:00:00,83276.0,114359.82,138427.23,OCTOBER QUARTERLY,202603049837887617
PR-00,D,2026,H4PR01010,C00831487,2025-04-01T00:00:00,2025-06-30T00:00:00,219594.0,70334.62,169511.05,JULY QUARTERLY,202507159763517330
PR-00,D,2026,H4PR01010,C00831487,2025-04-01T00:00:00,2025-06-30T00:00:00,219594.0,70334.62,169511.05,JULY QUARTERLY,202601129793947499
PR-00,D,2026,H4PR01010,C00831487,2025-01-01T00:00:00,2025-03-31T00:00:00,28226.97,19941.53,20251.67,APRIL QUARTERLY,202504159756070307
MN-06,D,2026,H6MN06215,C00909531,2026-04-01T00:00:00,2026-06-30T00:00:00,159168.34,180196.5,75437.37,JULY QUARTERLY,202607159875459144
MN-06,D,2026,H6MN06215,C00909531,2026-01-01T00:00:00,2026-03-31T00:00:00,108366.87,91781.86,96465.53,APRIL QUARTERLY,202604159862440221
MN-06,D,2026,H6MN06215,C00909531,2025-10-01T00:00:00,2025-12-31T00:00:00,66022.66,43031.6,79880.52,YEAR-END,202603179853395725
MN-06,D,2026,H6MN06215,C00909531,2025-10-01T00:00:00,2025-12-31T00:00:00,66022.66,43011.6,79880.52,YEAR-END,202601309795289011
MN-06,D,2026,H6MN06215,C00909531,2025-07-01T00:00:00,2025-09-30T00:00:00,64623.45,7733.99,56889.46,OCTOBER QUARTERLY,202603099837920964
MN-06,D,2026,H6MN06215,C00909531,2025-07-01T00:00:00,2025-09-30T00:00:00,64619.45,7749.99,56869.46,OCTOBER QUARTERLY,202511169792610905
TX-07,R,2026,H6TX07169,C00931360,2026-04-01T00:00:00,2026-04-28T00:00:00,925.01,925.01,0.0,TERMINATION REPORT,202604289866712371
TX-07,R,2026,H6TX07169,C00931360,2026-02-12T00:00:00,2026-03-31T00:00:00,132137.87,158139.12,0.0,APRIL QUARTERLY,202604059856982827
TX-07,R,2026,H6TX07169,C00931360,2026-01-01T00:00:00,2026-02-11T00:00:00,182034.98,156033.73,26001.25,PRE-PRIMARY,202602199834763637
TX-07,R,2026,H6TX07169,C00931360,2025-10-01T00:00:00,2025-12-31T00:00:00,0.0,0.0,0.0,YEAR-END,202601239794147782
TX-23,D,2026,H6TX23273,C00926121,2026-04-01T00:00:00,2026-06-30T00:00:00,260106.63,229753.83,176111.25,JULY QUARTERLY,202607159875745469
TX-23,D,2026,H6TX23273,C00926121,2026-04-01T00:00:00,2026-06-30T00:00:00,260106.63,231304.07,171372.78,JULY QUARTERLY,202607209894260789
TX-23,D,2026,H6TX23273,C00926121,2026-02-12T00:00:00,2026-03-31T00:00:00,193599.59,56058.95,145758.45,APRIL QUARTERLY,202604159862325021
TX-23,D,2026,H6TX23273,C00926121,2026-02-12T00:00:00,2026-03-31T00:00:00,189700.99,56494.16,142570.22,APRIL QUARTERLY,202607199890896409
TX-23,D,2026,H6TX23273,C00926121,2026-01-01T00:00:00,2026-02-11T00:00:00,14413.47,15289.71,8470.59,PRE-PRIMARY,202602169834323669
TX-23,D,2026,H6TX23273,C00926121,2026-01-01T00:00:00,2026-02-11T00:00:00,12167.91,12055.35,9363.39,PRE-PRIMARY,202607189890891167
TX-23,D,2026,H6TX23273,C00926121,2025-11-01T00:00:00,2025-12-31T00:00:00,30427.92,21081.09,9346.83,YEAR-END,202601299794440606
TX-23,D,2026,H6TX23273,C00926121,2025-11-01T00:00:00,2025-12-31T00:00:00,22939.5,13688.67,9250.83,YEAR-END,202607189890891087
PA-09,D,2026,H6PA09127,C00921379,2026-04-30T00:00:00,2026-06-30T00:00:00,200386.23,83944.16,386882.94,JULY QUARTERLY,202607159890621416
PA-09,D,2026,H6PA09127,C00921379,2026-04-01T00:00:00,2026-04-29T00:00:00,41484.0,53089.88,270440.87,PRE-PRIMARY,202605079866844457
PA-09,D,2026,H6PA09127,C00921379,2026-01-01T00:00:00,2026-03-31T00:00:00,202581.91,127421.96,282046.75,APRIL QUARTERLY,202605079866844193
PA-09,D,2026,H6PA09127,C00921379,2026-01-01T00:00:00,2026-03-31T00:00:00,202581.91,127421.96,282046.75,APRIL QUARTERLY,202604159863099161
PA-09,D,2026,H6PA09127,C00921379,2026-01-01T00:00:00,2026-03-31T00:00:00,202581.91,127421.96,282046.75,APRIL QUARTERLY,202606169870695240
PA-09,D,2026,H6PA09127,C00921379,2025-10-01T00:00:00,2025-12-31T00:00:00,253412.51,46525.71,206886.8,YEAR-END,202601319795566896
PA-09,D,2026,H6PA09127,C00921379,2025-07-01T00:00:00,2025-09-30T00:00:00,0.0,0.0,0.0,OCTOBER QUARTERLY,202510159791596256
NC-05,D,2026,H4NC05294,C00841874,2026-04-01T00:00:00,2026-06-30T00:00:00,146076.58,57888.51,99814.7,JULY QUARTERLY,202607159875559591
NC-05,D,2026,H4NC05294,C00841874,2026-02-12T00:00:00,2026-03-31T00:00:00,32869.7,34305.03,11626.63,APRIL QUARTERLY,202604159857642365
NC-05,D,2026,H4NC05294,C00841874,2026-01-01T00:00:00,2026-02-11T00:00:00,21235.18,20839.03,13061.96,PRE-PRIMARY,202602199834790847
NC-05,D,2026,H4NC05294,C00841874,2025-10-01T00:00:00,2025-12-31T00:00:00,50260.25,44659.54,12665.81,YEAR-END,202601309794867773
NC-05,D,2026,H4NC05294,C00841874,2025-07-01T00:00:00,2025-09-30T00:00:00,54785.74,62998.0,7065.1,OCTOBER QUARTERLY,202510159791046174
NC-05,D,2026,H4NC05294,C00841874,2025-04-01T00:00:00,2025-06-30T00:00:00,89467.32,75446.05,15277.36,JULY QUARTERLY,202507159763200502
NC-05,D,2026,H4NC05294,C00841874,2025-01-01T00:00:00,2025-03-31T00:00:00,0.08,6140.0,1256.09,APRIL QUARTERLY,202504159755365715
NE-01,D,2026,H6NE01143,C00925750,2026-04-23T00:00:00,2026-06-30T00:00:00,238053.56,139610.13,290610.69,JULY QUARTERLY,202607159875329520
NE-01,D,2026,H6NE01143,C00925750,2026-04-01T00:00:00,2026-04-22T00:00:00,27005.11,44177.36,192167.26,PRE-PRIMARY,202604309866743977
NE-01,D,2026,H6NE01143,C00925750,2026-01-01T00:00:00,2026-03-31T00:00:00,169905.0,85756.47,209339.51,APRIL QUARTERLY,202604159863089207
NE-01,D,2026,H6NE01143,C00925750,2026-01-01T00:00:00,2026-03-31T00:00:00,169905.0,85756.47,209339.51,APRIL QUARTERLY,202604309866743794
NE-01,D,2026,H6NE01143,C00925750,2025-10-01T00:00:00,2025-12-31T00:00:00,157269.42,32078.44,125190.98,YEAR-END,202601319825749812
MI-01,D,2026,H4MI01155,C00837054,2026-07-01T00:00:00,2026-07-15T00:00:00,20917.33,61355.75,530724.58,PRE-PRIMARY,202607239894424357
MI-01,D,2026,H4MI01155,C00837054,2026-04-01T00:00:00,2026-06-30T00:00:00,442895.95,127755.34,571163.0,JULY QUARTERLY,202607159875531359
MI-01,D,2026,H4MI01155,C00837054,2026-01-01T00:00:00,2026-03-31T00:00:00,175933.36,36256.31,256022.39,APRIL QUARTERLY,202604119857102370
MI-01,D,2026,H4MI01155,C00837054,2025-10-01T00:00:00,2025-12-31T00:00:00,82239.5,37308.92,116345.34,YEAR-END,202601249794156236
MI-01,D,2026,H4MI01155,C00837054,2025-10-01T00:00:00,2025-12-31T00:00:00,82239.5,37308.92,116345.34,YEAR-END,202602249837847756
MI-01,D,2026,H4MI01155,C00837054,2025-07-01T00:00:00,2025-09-30T00:00:00,102354.46,35565.22,71414.76,OCTOBER QUARTERLY,202512299793860984
MI-01,D,2026,H4MI01155,C00837054,2025-07-01T00:00:00,2025-09-30T00:00:00,102354.46,35565.22,71414.76,OCTOBER QUARTERLY,202510159790832572
MI-01,D,2026,H4MI01155,C00837054,2025-04-01T00:00:00,2025-06-30T00:00:00,0.0,1031.66,4625.52,JULY QUARTERLY,202507119762757919
MI-01,D,2026,H4MI01155,C00837054,2025-01-01T00:00:00,2025-03-31T00:00:00,0.0,1983.52,5657.18,APRIL QUARTERLY,202504149755304402
OH-07,D,2026,H6OH07143,C00912576,2026-04-16T00:00:00,2026-06-30T00:00:00,30551.36,58282.36,-76245.87,JULY QUARTERLY,202607149875011052
OH-07,D,2026,H6OH07143,C00912576,2026-04-01T00:00:00,2026-04-15T00:00:00,18918.14,49422.79,-48514.87,PRE-PRIMARY,202604229866677970
OH-07,D,2026,H6OH07143,C00912576,2026-01-01T00:00:00,2026-03-31T00:00:00,151612.21,141931.78,43624.87,APRIL QUARTERLY,202604179863156078
OH-07,D,2026,H6OH07143,C00912576,2026-01-01T00:00:00,2026-03-31T00:00:00,121984.31,141934.45,-22330.65,APRIL QUARTERLY,202604149857177085
OH-07,D,2026,H6OH07143,C00912576,2025-10-01T00:00:00,2025-12-31T00:00:00,81668.35,20818.56,70596.18,YEAR-END,202601149793987411
OH-07,D,2026,H6OH07143,C00912576,2025-10-01T00:00:00,2025-12-31T00:00:00,37689.18,23036.9,33944.44,YEAR-END,202604179863155510
OH-07,D,2026,H6OH07143,C00912576,2025-07-01T00:00:00,2025-09-30T00:00:00,42500.77,23208.61,19292.16,OCTOBER QUARTERLY,202604179863154726
OH-07,D,2026,H6OH07143,C00912576,2025-07-01T00:00:00,2025-09-30T00:00:00,32955.0,23208.61,9746.39,OCTOBER QUARTERLY,202510149790788460
IL-06,R,2026,H2IL06090,C00844308,2026-04-01T00:00:00,2026-06-30T00:00:00,38647.22,47153.76,22661.13,JULY QUARTERLY,202607159875671041
IL-06,R,2026,H2IL06090,C00844308,2026-02-26T00:00:00,2026-03-31T00:00:00,21167.69,26212.06,31167.67,APRIL QUARTERLY,202604159862315537
IL-06,R,2026,H2IL06090,C00844308,2026-01-01T00:00:00,2026-02-25T00:00:00,52192.86,56359.92,36212.04,PRE-PRIMARY,202603059837892604
IL-06,R,2026,H2IL06090,C00844308,2025-10-01T00:00:00,2025-12-31T00:00:00,83098.01,74326.08,40379.1,YEAR-END,202601309795026437
IL-06,R,2026,H2IL06090,C00844308,2025-07-01T00:00:00,2025-09-30T00:00:00,84914.7,67575.88,31607.17,OCTOBER QUARTERLY,202510159790832753
IL-06,R,2026,H2IL06090,C00844308,2025-04-01T00:00:00,2025-06-30T00:00:00,27098.68,22594.36,14268.35,JULY QUARTERLY,202507149762829811
IL-06,R,2026,H2IL06090,C00844308,2025-01-01T00:00:00,2025-03-31T00:00:00,5918.56,1356.35,9764.03,APRIL QUARTERLY,202504149755304368
VA-07,R,2026,H6VA07197,C00909820,2026-04-01T00:00:00,2026-06-30T00:00:00,3942.94,95480.05,102338.16,JULY QUARTERLY,202607159875699187
VA-07,R,2026,H6VA07197,C00909820,2026-01-01T00:00:00,2026-03-31T00:00:00,35301.7,63943.59,193875.27,APRIL QUARTERLY,202604159857271706
VA-07,R,2026,H6VA07197,C00909820,2025-10-01T00:00:00,2025-12-31T00:00:00,50197.1,74842.83,222517.16,YEAR-END,202601319795328574
VA-07,R,2026,H6VA07197,C00909820,2025-06-18T00:00:00,2025-09-30T00:00:00,303012.31,55849.42,247162.89,OCTOBER QUARTERLY,202510159791302550
OR-04,R,2026,H6OR04260,C00921544,2026-04-30T00:00:00,2026-06-30T00:00:00,191767.57,51037.2,387694.53,JULY QUARTERLY,202607159875818235
OR-04,R,2026,H6OR04260,C00921544,2026-04-01T00:00:00,2026-04-29T00:00:00,18428.72,92560.07,246964.16,PRE-PRIMARY,202605089866912193
OR-04,R,2026,H6OR04260,C00921544,2026-01-01T00:00:00,2026-03-31T00:00:00,158416.97,113287.37,321095.51,APRIL QUARTERLY,202604159862510651
OR-04,R,2026,H6OR04260,C00921544,2025-10-01T00:00:00,2025-12-31T00:00:00,308957.43,32991.52,275965.91,YEAR-END,202601319808487165
IL-11,R,2026,H6IL11166,C00906594,2026-04-01T00:00:00,2026-06-30T00:00:00,125177.37,111488.17,22764.58,JULY QUARTERLY,202607159875640939
IL-11,R,2026,H6IL11166,C00906594,2026-02-26T00:00:00,2026-03-31T00:00:00,19950.7,25504.12,9075.38,APRIL QUARTERLY,202604159862385963
IL-11,R,2026,H6IL11166,C00906594,2026-01-01T00:00:00,2026-02-25T00:00:00,75457.38,66925.81,14628.8,PRE-PRIMARY,202603059837893384
IL-11,R,2026,H6IL11166,C00906594,2025-10-01T00:00:00,2025-12-31T00:00:00,48369.82,54961.73,6097.23,YEAR-END,202601309794964519
IL-11,R,2026,H6IL11166,C00906594,2025-06-01T00:00:00,2025-09-30T00:00:00,42483.65,29794.51,12689.14,OCTOBER QUARTERLY,202512049793375494
IL-11,R,2026,H6IL11166,C00906594,2025-06-01T00:00:00,2025-09-30T00:00:00,42483.65,29794.51,12689.14,OCTOBER QUARTERLY,202510159791317343
MS-02,R,2026,H6MS02238,C00931014,2026-04-01T00:00:00,2026-06-30T00:00:00,1.0,0.0,-15.58,JULY QUARTERLY,202607079874800481
MS-02,R,2026,H6MS02238,C00931014,2026-02-26T00:00:00,2026-03-31T00:00:00,0.0,42500.0,-26502.18,APRIL QUARTERLY,202604159857788467
MS-02,R,2026,H6MS02238,C00931014,2026-02-26T00:00:00,2026-03-31T00:00:00,80400.0,84088.66,-16.58,APRIL QUARTERLY,202605189866992433
MS-02,R,2026,H6MS02238,C00931014,2026-01-01T00:00:00,2026-02-25T00:00:00,142188.36,154680.94,3672.08,PRE-PRIMARY,202605189866992216
MS-02,R,2026,H6MS02238,C00931014,2026-01-01T00:00:00,2026-02-25T00:00:00,150000.0,0.0,165997.82,PRE-PRIMARY,202603039837887094
MS-02,R,2026,H6MS02238,C00931014,2025-10-01T00:00:00,2025-12-31T00:00:00,55676.81,39678.99,15997.82,YEAR-END,202601299794391792
MS-02,R,2026,H6MS02238,C00931014,2025-10-01T00:00:00,2025-12-31T00:00:00,57728.08,41563.42,16164.66,YEAR-END,202605189866992200
IL-13,R,2026,H6IL13154,C00898288,2026-04-01T00:00:00,2026-06-30T00:00:00,48982.57,86044.87,-10524.58,JULY QUARTERLY,202607049874765397
IL-13,R,2026,H6IL13154,C00898288,2026-02-26T00:00:00,2026-03-31T00:00:00,15581.51,37613.64,26537.72,APRIL QUARTERLY,202604139857130045
IL-13,R,2026,H6IL13154,C00898288,2026-01-01T00:00:00,2026-02-25T00:00:00,42288.31,26630.65,49311.56,PRE-PRIMARY,202603049837888892
IL-13,R,2026,H6IL13154,C00898288,2026-01-01T00:00:00,2026-02-25T00:00:00,42004.31,27088.36,48569.85,PRE-PRIMARY,202604079857020669
IL-13,R,2026,H6IL13154,C00898288,2026-01-01T00:00:00,2026-02-25T00:00:00,42288.31,27121.92,48820.29,PRE-PRIMARY,202604079857016410
IL-13,R,2026,H6IL13154,C00898288,2025-10-01T00:00:00,2025-12-31T00:00:00,47438.78,52651.93,33800.34,YEAR-END,202601059793906359
IL-13,R,2026,H6IL13154,C00898288,2025-10-01T00:00:00,2025-12-31T00:00:00,47438.78,52651.93,33653.9,YEAR-END,202601309794792520
IL-13,R,2026,H6IL13154,C00898288,2025-10-01T00:00:00,2025-12-31T00:00:00,47438.78,52651.93,33653.9,YEAR-END,202602039825908785
IL-13,R,2026,H6IL13154,C00898288,2025-10-01T00:00:00,2025-12-31T00:00:00,47438.78,52651.93,33653.9,YEAR-END,202601149793969898
IL-13,R,2026,H6IL13154,C00898288,2025-07-01T00:00:00,2025-09-30T00:00:00,44018.3,50694.28,38867.05,OCTOBER QUARTERLY,202601069793907612
IL-13,R,2026,H6IL13154,C00898288,2025-07-01T00:00:00,2025-09-30T00:00:00,44018.3,50694.28,38867.05,OCTOBER QUARTERLY,202601149793969848
IL-13,R,2026,H6IL13154,C00898288,2025-07-01T00:00:00,2025-09-30T00:00:00,44018.3,50547.84,39013.49,OCTOBER QUARTERLY,202510079790712183
IL-13,R,2026,H6IL13154,C00898288,2025-04-01T00:00:00,2025-06-30T00:00:00,37487.56,4819.24,45543.03,JULY QUARTERLY,202507139762772832
IL-13,R,2026,H6IL13154,C00898288,2025-04-01T00:00:00,2025-06-30T00:00:00,37487.56,4819.24,45543.03,JULY QUARTERLY,202508299789832556
IL-13,R,2026,H6IL13154,C00898288,2025-01-01T00:00:00,2025-03-31T00:00:00,32602.05,18518.88,14083.17,APRIL QUARTERLY,202504039755044323
IL-13,R,2026,H6IL13154,C00898288,2025-01-01T00:00:00,2025-03-31T00:00:00,32602.05,15686.03,16916.02,APRIL QUARTERLY,202504039755039045
IL-13,R,2026,H6IL13154,C00898288,2025-01-01T00:00:00,2025-03-31T00:00:00,32352.05,19477.34,12874.71,APRIL QUARTERLY,202504159755414993
NC-03,D,2026,H6NC03211,C00931147,2026-02-12T00:00:00,2026-03-31T00:00:00,44455.0,162790.84,0.0,TERMINATION REPORT,202603319856924849
NC-03,D,2026,H6NC03211,C00931147,2026-01-01T00:00:00,2026-02-11T00:00:00,108049.76,103702.57,118335.84,PRE-PRIMARY,202602199834792191
NC-03,D,2026,H6NC03211,C00931147,2026-01-01T00:00:00,2026-02-11T00:00:00,108049.76,103702.57,118335.84,PRE-PRIMARY,202603319856924732
NC-03,D,2026,H6NC03211,C00931147,2025-12-01T00:00:00,2025-12-31T00:00:00,118104.99,4237.7,113867.29,YEAR-END,202601319808826246
NC-03,D,2026,H6NC03211,C00931147,2025-12-01T00:00:00,2025-12-31T00:00:00,118225.99,4237.34,113988.65,YEAR-END,202602199834791941
NC-03,D,2026,H6NC03211,C00931147,2025-12-01T00:00:00,2025-12-31T00:00:00,121225.99,7237.34,113988.65,YEAR-END,202603319856924651
IL-17,R,2026,H6IL17247,C00893446,2026-04-01T00:00:00,2026-06-30T00:00:00,112440.64,69751.95,56689.48,JULY QUARTERLY,202607159875146942
IL-17,R,2026,H6IL17247,C00893446,2026-02-26T00:00:00,2026-03-31T00:00:00,17897.76,45104.71,14000.79,APRIL QUARTERLY,202604159857663497
IL-17,R,2026,H6IL17247,C00893446,2026-02-26T00:00:00,2026-03-31T00:00:00,19186.81,46393.76,14000.79,APRIL QUARTERLY,202604209863253766
IL-17,R,2026,H6IL17247,C00893446,2026-01-01T00:00:00,2026-02-25T00:00:00,30142.48,41164.67,41207.74,PRE-PRIMARY,202603059837893341
IL-17,R,2026,H6IL17247,C00893446,2026-01-01T00:00:00,2026-02-25T00:00:00,30142.48,41164.67,41207.74,PRE-PRIMARY,202603179853395483
IL-17,R,2026,H6IL17247,C00893446,2025-10-01T00:00:00,2025-12-31T00:00:00,23102.14,24647.19,52229.93,YEAR-END,202601309794800497
IL-17,R,2026,H6IL17247,C00893446,2025-07-01T00:00:00,2025-09-30T00:00:00,42747.74,23196.46,53774.98,OCTOBER QUARTERLY,202510159791189620
IL-17,R,2026,H6IL17247,C00893446,2025-04-01T00:00:00,2025-06-30T00:00:00,44045.74,45476.64,34223.7,JULY QUARTERLY,202509109789978411
IL-17,R,2026,H6IL17247,C00893446,2025-04-01T00:00:00,2025-06-30T00:00:00,44045.74,45476.64,34223.7,JULY QUARTERLY,202507159763202754
IL-17,R,2026,H6IL17247,C00893446,2025-04-01T00:00:00,2025-06-30T00:00:00,44045.74,45476.64,34223.7,JULY QUARTERLY,202508229789794904
IL-17,R,2026,H6IL17247,C00893446,2025-01-01T00:00:00,2025-03-31T00:00:00,37165.97,21833.36,35654.6,APRIL QUARTERLY,202504159755531522
CA-05,D,2026,H6CA05377,C00905133,2026-05-14T00:00:00,2026-06-30T00:00:00,89570.67,47632.38,89451.51,JULY QUARTERLY,202607159875148245
CA-05,D,2026,H6CA05377,C00905133,2026-04-01T00:00:00,2026-05-13T00:00:00,62645.26,74538.77,47513.22,PRE-PRIMARY,202605219870211903
CA-05,D,2026,H6CA05377,C00905133,2026-01-01T00:00:00,2026-03-31T00:00:00,99839.66,57790.31,59406.73,APRIL QUARTERLY,202604159862581633
CA-05,D,2026,H6CA05377,C00905133,2025-10-01T00:00:00,2025-12-31T00:00:00,61781.44,57388.35,17357.38,YEAR-END,202601309794757127
CA-05,D,2026,H6CA05377,C00905133,2025-07-01T00:00:00,2025-09-30T00:00:00,24858.93,25609.37,12964.29,OCTOBER QUARTERLY,202510159791046259
CA-05,D,2026,H6CA05377,C00905133,2025-04-01T00:00:00,2025-06-30T00:00:00,23039.26,9324.53,13714.73,JULY QUARTERLY,202507159763272369
TX-10,D,2026,H6TX31102,C00910695,2026-04-01T00:00:00,2026-06-30T00:00:00,119965.25,83684.87,92140.35,JULY QUARTERLY,202607159875531092
TX-10,D,2026,H6TX31102,C00910695,2026-02-13T00:00:00,2026-03-31T00:00:00,64804.63,19928.98,55859.97,APRIL QUARTERLY,202604159863042109
TX-10,D,2026,H6TX31102,C00910695,2026-02-13T00:00:00,2026-03-31T00:00:00,64804.63,19928.98,55859.97,APRIL QUARTERLY,202607119874868906
TX-10,D,2026,H6TX31102,C00910695,2026-01-01T00:00:00,2026-02-11T00:00:00,23410.34,30870.01,10984.32,PRE-PRIMARY,202602199834802613
TX-10,D,2026,H6TX31102,C00910695,2025-10-01T00:00:00,2025-12-31T00:00:00,55559.18,59545.21,18443.99,YEAR-END,202601309795205222
TX-10,D,2026,H6TX31102,C00910695,2025-07-01T00:00:00,2025-09-30T00:00:00,100219.57,77789.55,22430.02,OCTOBER QUARTERLY,202604209866596108
TX-10,D,2026,H6TX31102,C00910695,2025-07-01T00:00:00,2025-09-30T00:00:00,100219.57,77789.55,22430.02,OCTOBER QUARTERLY,202510149790789402
VA-11,R,2026,H6VA11215,C00908301,2025-08-21T00:00:00,2025-09-30T00:00:00,39686.65,100623.82,0.0,TERMINATION REPORT,202510029790664520
VA-11,R,2026,H6VA11215,C00908301,2025-07-01T00:00:00,2025-08-20T00:00:00,200623.69,157493.11,60937.17,PRE-SPECIAL,202510029790664382
VA-11,R,2026,H6VA11215,C00908301,2025-07-01T00:00:00,2025-08-20T00:00:00,196723.69,157148.43,57361.85,PRE-SPECIAL,202508289789806543
VA-11,R,2026,H6VA11215,C00908301,2025-04-01T00:00:00,2025-06-30T00:00:00,27746.55,9959.96,17786.59,JULY QUARTERLY,202507149762780982
VA-11,R,2026,H6VA11215,C00908301,2025-04-01T00:00:00,2025-06-30T00:00:00,27766.55,9959.96,17806.59,JULY QUARTERLY,202510029790663455
NC-08,D,2026,H6NC08194,C00910661,2026-04-01T00:00:00,2026-06-30T00:00:00,80.28,16503.75,49312.62,JULY QUARTERLY,202607159875280906
NC-08,D,2026,H6NC08194,C00910661,2026-02-12T00:00:00,2026-03-31T00:00:00,9000.0,28918.05,65736.09,APRIL QUARTERLY,202604139857129353
NC-08,D,2026,H6NC08194,C00910661,2026-01-01T00:00:00,2026-02-11T00:00:00,25234.4,70754.93,85654.14,PRE-PRIMARY,202602179834338027
NC-08,D,2026,H6NC08194,C00910661,2025-10-01T00:00:00,2025-12-31T00:00:00,134222.82,111352.23,131174.67,YEAR-END,202601289794295859
NC-08,D,2026,H6NC08194,C00910661,2025-07-01T00:00:00,2025-09-30T00:00:00,145561.7,37257.62,108304.08,OCTOBER QUARTERLY,202510139790753782
LA-04,D,2026,H6LA04195,C00924985,2026-07-01T00:00:00,2026-07-18T00:00:00,19591.0,21243.88,10175.48,PRE-PRIMARY,202607269894475282
LA-04,D,2026,H6LA04195,C00924985,2026-04-01T00:00:00,2026-06-30T00:00:00,107096.34,114285.64,11828.36,JULY QUARTERLY,202607269894475126
LA-04,D,2026,H6LA04195,C00924985,2026-04-01T00:00:00,2026-06-30T00:00:00,97575.0,113845.59,8265.09,JULY QUARTERLY,202607169890830054
LA-04,D,2026,H6LA04195,C00924985,2026-01-01T00:00:00,2026-03-31T00:00:00,90024.24,84305.47,19017.66,APRIL QUARTERLY,202607269894474914
LA-04,D,2026,H6LA04195,C00924985,2026-01-01T00:00:00,2026-03-31T00:00:00,87424.24,73976.55,24535.68,APRIL QUARTERLY,202604159863087032
LA-04,D,2026,H6LA04195,C00924985,2025-10-01T00:00:00,2025-12-31T00:00:00,49785.09,38697.1,11087.99,YEAR-END,202601309795214271
LA-04,D,2026,H6LA04195,C00924985,2025-10-01T00:00:00,2025-12-31T00:00:00,52060.09,38697.1,13362.99,YEAR-END,202607249894463869
CA-47,R,2026,H6CA47064,C00897132,2026-05-14T00:00:00,2026-06-30T00:00:00,96100.0,100367.91,0.0,TERMINATION REPORT,202607159875530762
CA-47,R,2026,H6CA47064,C00897132,2026-04-01T00:00:00,2026-05-13T00:00:00,3725.0,8244.07,4267.91,PRE-PRIMARY,202605219870210622
CA-47,R,2026,H6CA47064,C00897132,2026-01-01T00:00:00,2026-03-31T00:00:00,41726.0,34696.2,8786.98,APRIL QUARTERLY,202604159862438295
CA-47,R,2026,H6CA47064,C00897132,2025-10-01T00:00:00,2025-12-31T00:00:00,40011.04,60189.91,1757.18,YEAR-END,202604099857047714
CA-47,R,2026,H6CA47064,C00897132,2025-10-01T00:00:00,2025-12-31T00:00:00,40011.04,60189.91,1757.18,YEAR-END,202602029825903810
CA-47,R,2026,H6CA47064,C00897132,2025-07-01T00:00:00,2025-09-30T00:00:00,54535.26,36414.72,21936.05,OCTOBER QUARTERLY,202510169791628210
CA-47,R,2026,H6CA47064,C00897132,2025-07-01T00:00:00,2025-09-30T00:00:00,54535.26,36414.72,21936.05,OCTOBER QUARTERLY,202510159791112050
CA-47,R,2026,H6CA47064,C00897132,2025-07-01T00:00:00,2025-09-30T00:00:00,54535.26,36414.72,21936.05,OCTOBER QUARTERLY,202602189834342768
CA-47,R,2026,H6CA47064,C00897132,2025-04-01T00:00:00,2025-06-30T00:00:00,10145.52,8352.33,3815.51,JULY QUARTERLY,202507159763065823
CA-47,R,2026,H6CA47064,C00897132,2025-01-01T00:00:00,2025-03-31T00:00:00,7500.0,4643.61,2856.39,APRIL QUARTERLY,202504119755216997
IN-02,D,2026,H6IN02189,C00916619,2026-04-16T00:00:00,2026-06-30T00:00:00,75710.5,109195.34,104496.39,JULY QUARTERLY,202607159890688261
IN-02,D,2026,H6IN02189,C00916619,2026-04-01T00:00:00,2026-04-15T00:00:00,4515.0,9489.95,137981.23,PRE-PRIMARY,202604239866688604
IN-02,D,2026,H6IN02189,C00916619,2026-01-01T00:00:00,2026-03-31T00:00:00,188800.0,51768.28,142956.18,APRIL QUARTERLY,202604159863061884
IN-02,D,2026,H6IN02189,C00916619,2025-10-01T00:00:00,2025-12-31T00:00:00,36068.92,60869.88,5924.46,YEAR-END,202601309795266906
IN-02,D,2026,H6IN02189,C00916619,2025-07-01T00:00:00,2025-09-30T00:00:00,50495.0,19769.58,30725.42,OCTOBER QUARTERLY,202510159791388985
CA-03,R,2026,H6CA03174,C00939330,2026-05-14T00:00:00,2026-06-30T00:00:00,31079.0,65421.35,15999.67,JULY QUARTERLY,202607169890831957
CA-03,R,2026,H6CA03174,C00939330,2026-04-01T00:00:00,2026-05-13T00:00:00,156330.01,150343.7,50342.02,PRE-PRIMARY,202605219870232216
CA-03,R,2026,H6CA03174,C00939330,2026-01-01T00:00:00,2026-03-31T00:00:00,70730.0,26374.29,44355.71,APRIL QUARTERLY,202604159862880291
AZ-04,R,2026,H6AZ04227,C00900027,2026-04-01T00:00:00,2026-07-01T00:00:00,11526.78,16990.97,1171.86,PRE-PRIMARY,202607099874816819
AZ-04,R,2026,H6AZ04227,C00900027,2026-01-01T00:00:00,2026-03-31T00:00:00,102516.02,99724.81,6636.05,APRIL QUARTERLY,202604159862879789
AZ-04,R,2026,H6AZ04227,C00900027,2025-10-01T00:00:00,2025-12-31T00:00:00,81973.69,82073.92,3844.84,YEAR-END,202601309795275032
AZ-04,R,2026,H6AZ04227,C00900027,2025-07-01T00:00:00,2025-09-30T00:00:00,10319.0,14175.32,3945.07,OCTOBER QUARTERLY,202510159790852683
AZ-04,R,2026,H6AZ04227,C00900027,2025-04-01T00:00:00,2025-06-30T00:00:00,33846.01,26292.03,7801.39,JULY QUARTERLY,202507159762870291
AZ-04,R,2026,H6AZ04227,C00900027,2025-03-18T00:00:00,2025-03-31T00:00:00,668.03,420.62,247.41,APRIL QUARTERLY,202504159755517892
OH-10,D,2026,H6OH10121,C00934240,2026-04-16T00:00:00,2026-06-30T00:00:00,216165.3,125393.81,125159.62,JULY QUARTERLY,202607159875746733
OH-10,D,2026,H6OH10121,C00934240,2026-04-01T00:00:00,2026-04-15T00:00:00,30892.86,28424.97,34388.13,PRE-PRIMARY,202607159875741076
OH-10,D,2026,H6OH10121,C00934240,2026-04-01T00:00:00,2026-04-15T00:00:00,30892.86,28424.97,34388.13,PRE-PRIMARY,202604239866688459
OH-10,D,2026,H6OH10121,C00934240,2026-01-01T00:00:00,2026-03-31T00:00:00,115579.35,83659.11,31920.24,APRIL QUARTERLY,202604159862882903
OH-10,D,2026,H6OH10121,C00934240,2026-01-01T00:00:00,2026-03-31T00:00:00,115607.37,83687.13,31920.24,APRIL QUARTERLY,202607159875739971
LA-06,R,2026,H4LA06153,C00558486,2026-04-01T00:00:00,2026-06-30T00:00:00,30390.88,33925.0,3623783.96,JULY QUARTERLY,202607159875266806
LA-06,R,2026,H4LA06153,C00558486,2026-01-01T00:00:00,2026-03-31T00:00:00,29803.13,19145.98,3627318.08,APRIL QUARTERLY,202604159862946601
LA-06,R,2026,H4LA06153,C00558486,2025-10-01T00:00:00,2025-12-31T00:00:00,33296.61,-6146.61,3616660.93,YEAR-END,202601309795155311
LA-06,R,2026,H4LA06153,C00558486,2025-07-01T00:00:00,2025-09-30T00:00:00,34723.87,89396.32,3577217.71,OCTOBER QUARTERLY,202510159791183026
LA-06,R,2026,H4LA06153,C00558486,2025-04-01T00:00:00,2025-06-30T00:00:00,34523.1,20300.05,3631890.16,JULY QUARTERLY,202510159791182732
LA-06,R,2026,H4LA06153,C00558486,2025-04-01T00:00:00,2025-06-30T00:00:00,34523.1,20300.05,3631890.16,JULY QUARTERLY,202507159763325198
LA-06,R,2026,H4LA06153,C00558486,2025-01-01T00:00:00,2025-03-31T00:00:00,33038.14,78489.06,3617667.11,APRIL QUARTERLY,202504159755656045
SC-07,D,2026,H6SC07034,C00899492,2026-05-21T00:00:00,2026-06-30T00:00:00,62310.92,26614.72,62378.25,JULY QUARTERLY,202607139874899216
SC-07,D,2026,H6SC07034,C00899492,2026-04-01T00:00:00,2026-05-20T00:00:00,23312.32,50979.39,26682.05,PRE-PRIMARY,202605279870290963
SC-07,D,2026,H6SC07034,C00899492,2026-01-01T00:00:00,2026-03-31T00:00:00,114248.11,66709.89,54349.12,APRIL QUARTERLY,202605099866913286
SC-07,D,2026,H6SC07034,C00899492,2026-01-01T00:00:00,2026-03-31T00:00:00,114248.11,66725.57,54333.44,APRIL QUARTERLY,202604159857802088
SC-07,D,2026,H6SC07034,C00899492,2025-10-01T00:00:00,2025-12-31T00:00:00,27343.55,36495.74,6810.9,YEAR-END,202601299794415111
SC-07,D,2026,H6SC07034,C00899492,2025-10-01T00:00:00,2025-12-31T00:00:00,27343.55,36495.74,6810.9,YEAR-END,202605099866913495
SC-07,D,2026,H6SC07034,C00899492,2025-07-01T00:00:00,2025-09-30T00:00:00,29935.26,29022.56,15056.09,OCTOBER QUARTERLY,202510149790794336
SC-07,D,2026,H6SC07034,C00899492,2025-07-01T00:00:00,2025-09-30T00:00:00,30932.96,29113.26,15963.09,OCTOBER QUARTERLY,202605099866913617
SC-07,D,2026,H6SC07034,C00899492,2025-04-01T00:00:00,2025-06-30T00:00:00,24583.56,18256.62,14143.39,JULY QUARTERLY,202507149762829681
SC-07,D,2026,H6SC07034,C00899492,2025-01-01T00:00:00,2025-03-31T00:00:00,14532.11,6715.66,7816.45,APRIL QUARTERLY,202504159755397291
CA-42,R,2026,H0CA48172,C00700187,2026-05-14T00:00:00,2026-06-30T00:00:00,9168.0,27234.0,5508.52,JULY QUARTERLY,202607159890731925
CA-42,R,2026,H0CA48172,C00700187,2026-04-01T00:00:00,2026-05-13T00:00:00,60822.0,94950.09,23574.52,PRE-PRIMARY,202605219870267074
CA-42,R,2026,H0CA48172,C00700187,2026-01-01T00:00:00,2026-03-31T00:00:00,77541.26,61167.16,57702.61,APRIL QUARTERLY,202605119866917850
CA-42,R,2026,H0CA48172,C00700187,2026-01-01T00:00:00,2026-03-31T00:00:00,77541.26,61167.16,57702.61,APRIL QUARTERLY,202604159857782703
CA-42,R,2026,H0CA48172,C00700187,2025-10-01T00:00:00,2025-12-31T00:00:00,69610.0,37451.37,41328.51,YEAR-END,202605119866917623
CA-42,R,2026,H0CA48172,C00700187,2025-10-01T00:00:00,2025-12-31T00:00:00,69610.0,37451.37,41328.51,YEAR-END,202601319825792298
CA-42,R,2026,H0CA48172,C00700187,2025-07-01T00:00:00,2025-09-30T00:00:00,10086.5,6643.86,9169.88,OCTOBER QUARTERLY,202510159791554036
CA-42,R,2026,H0CA48172,C00700187,2025-07-01T00:00:00,2025-09-30T00:00:00,10086.5,6643.86,9169.88,OCTOBER QUARTERLY,202605119866917519
CA-42,R,2026,H0CA48172,C00700187,2025-04-01T00:00:00,2025-06-30T00:00:00,1615.0,2031.44,5727.24,JULY QUARTERLY,202507159763527634
CA-42,R,2026,H0CA48172,C00700187,2025-04-01T00:00:00,2025-06-30T00:00:00,1615.0,2031.44,5727.24,JULY QUARTERLY,202605119866917287
CA-42,R,2026,H0CA48172,C00700187,2025-01-01T00:00:00,2025-03-31T00:00:00,2528.0,2161.18,6143.68,APRIL QUARTERLY,202507159762966508
CA-42,R,2026,H0CA48172,C00700187,2025-01-01T00:00:00,2025-03-31T00:00:00,2528.0,2161.18,6143.68,APRIL QUARTERLY,202605119866917182
CA-42,R,2026,H0CA48172,C00700187,2025-01-01T00:00:00,2025-03-31T00:00:00,2528.0,2161.18,6143.68,APRIL QUARTERLY,202504159756071888
FL-28,D,2026,H6FL28047,C00945816,2026-04-01T00:00:00,2026-06-30T00:00:00,239667.55,231252.33,8415.22,JULY QUARTERLY,202607159890680364
TX-36,D,2026,H6TX36028,C00927806,2026-04-01T00:00:00,2026-06-30T00:00:00,0.0,29928.39,0.0,TERMINATION REPORT,202607069874766816
TX-36,D,2026,H6TX36028,C00927806,2026-02-12T00:00:00,2026-03-31T00:00:00,7985.0,182404.78,29928.39,APRIL QUARTERLY,202604159862422077
TX-36,D,2026,H6TX36028,C00927806,2026-01-01T00:00:00,2026-02-11T00:00:00,11045.0,18179.58,204348.17,PRE-PRIMARY,202602199834796669
TX-36,D,2026,H6TX36028,C00927806,2025-10-01T00:00:00,2025-12-31T00:00:00,211955.0,472.25,211482.75,YEAR-END,202601319808485361
NC-07,D,2026,H6NC07196,C00909804,2026-04-01T00:00:00,2026-06-30T00:00:00,88498.3,76877.94,65016.74,JULY QUARTERLY,202607159890154594
NC-07,D,2026,H6NC07196,C00909804,2026-02-12T00:00:00,2026-03-31T00:00:00,64849.63,28536.22,53396.38,APRIL QUARTERLY,202604159862543360
NC-07,D,2026,H6NC07196,C00909804,2026-01-01T00:00:00,2026-02-11T00:00:00,19922.92,23524.1,17082.97,PRE-PRIMARY,202602169834325022
NC-07,D,2026,H6NC07196,C00909804,2025-10-01T00:00:00,2025-12-31T00:00:00,36192.13,55116.45,20684.15,YEAR-END,202601309794680181
NC-07,D,2026,H6NC07196,C00909804,2025-07-01T00:00:00,2025-09-30T00:00:00,84355.2,44746.73,39608.47,OCTOBER QUARTERLY,202510159791599299
WI-07,D,2026,H6WI07207,C00920868,2026-04-01T00:00:00,2026-06-30T00:00:00,117501.62,109037.97,165679.6,JULY QUARTERLY,202607159890807269
WI-07,D,2026,H6WI07207,C00920868,2026-01-01T00:00:00,2026-03-31T00:00:00,111900.8,70461.93,157215.95,APRIL QUARTERLY,202604159863121666
WI-07,D,2026,H6WI07207,C00920868,2026-01-01T00:00:00,2026-03-31T00:00:00,111900.8,70461.93,157215.95,APRIL QUARTERLY,202606299874278791
WI-07,D,2026,H6WI07207,C00920868,2025-10-01T00:00:00,2025-12-31T00:00:00,163157.47,47580.39,115777.08,YEAR-END,202601309794956958
WI-07,D,2026,H6WI07207,C00920868,2025-09-24T00:00:00,2025-09-30T00:00:00,200.0,0.0,200.0,OCTOBER QUARTERLY,202510159791589397
VA-10,R,2026,H6VA10233,C00934067,2026-04-01T00:00:00,2026-06-30T00:00:00,46850.83,73217.39,2831.64,JULY QUARTERLY,202607159890640760
VA-10,R,2026,H6VA10233,C00934067,2026-01-01T00:00:00,2026-03-31T00:00:00,176204.93,147006.73,29198.2,APRIL QUARTERLY,202604159862884588
AZ-07,R,2026,H4AZ07134,C00856773,2026-04-01T00:00:00,2026-07-01T00:00:00,830.0,10501.79,11399.21,PRE-PRIMARY,202607069874768051
AZ-07,R,2026,H4AZ07134,C00856773,2026-01-01T00:00:00,2026-03-31T00:00:00,220.0,9330.45,21071.0,APRIL QUARTERLY,202604149857153284
AZ-07,R,2026,H4AZ07134,C00856773,2025-10-14T00:00:00,2025-12-31T00:00:00,25.0,5322.78,30181.45,YEAR-END,202601309794729545
AZ-07,R,2026,H4AZ07134,C00856773,2025-09-04T00:00:00,2025-10-13T00:00:00,15126.9,39425.41,35479.23,POST-SPECIAL,202511199792664141
AZ-07,R,2026,H4AZ07134,C00856773,2025-07-01T00:00:00,2025-09-03T00:00:00,28219.31,66470.5,59777.74,PRE-SPECIAL,202509099789892162
AZ-07,R,2026,H4AZ07134,C00856773,2025-06-26T00:00:00,2025-06-30T00:00:00,375.0,1782.13,98028.93,JULY QUARTERLY,202507039762565586
AZ-07,R,2026,H4AZ07134,C00856773,2025-04-01T00:00:00,2025-06-25T00:00:00,24287.99,57022.91,99436.06,PRE-SPECIAL,202507039762565545
AZ-07,R,2026,H4AZ07134,C00856773,2025-01-01T00:00:00,2025-03-31T00:00:00,155309.23,23705.79,132195.58,APRIL QUARTERLY,202504159755350988
AZ-07,R,2026,H4AZ07134,C00856773,2025-01-01T00:00:00,2025-03-31T00:00:00,155283.2,23704.36,132170.98,APRIL QUARTERLY,202507039762565486
GA-10,D,2026,H4GA10113,C00852939,2026-04-30T00:00:00,2026-06-30T00:00:00,10838.71,13874.1,22956.16,JULY QUARTERLY,202607169890837596
GA-10,D,2026,H4GA10113,C00852939,2026-04-01T00:00:00,2026-04-29T00:00:00,16073.81,46277.03,25241.55,PRE-PRIMARY,202605079866846578
GA-10,D,2026,H4GA10113,C00852939,2026-01-01T00:00:00,2026-03-31T00:00:00,82811.66,47884.38,55444.77,APRIL QUARTERLY,202604159857261314
GA-10,D,2026,H4GA10113,C00852939,2025-10-01T00:00:00,2025-12-31T00:00:00,21858.16,41123.27,20517.49,YEAR-END,202603309856874537
GA-10,D,2026,H4GA10113,C00852939,2025-10-01T00:00:00,2025-12-31T00:00:00,21858.16,42123.17,9119.93,YEAR-END,202601159794006100
GA-10,D,2026,H4GA10113,C00852939,2025-07-01T00:00:00,2025-09-30T00:00:00,43282.78,46948.78,29384.94,OCTOBER QUARTERLY,202510169791624532
GA-10,D,2026,H4GA10113,C00852939,2025-07-01T00:00:00,2025-09-30T00:00:00,43282.78,48446.0,39782.6,OCTOBER QUARTERLY,202603309856874399
GA-10,D,2026,H4GA10113,C00852939,2025-04-01T00:00:00,2025-06-30T00:00:00,43759.38,9319.7,44945.82,JULY QUARTERLY,202603309856874306
GA-10,D,2026,H4GA10113,C00852939,2025-04-01T00:00:00,2025-06-30T00:00:00,43759.38,9094.7,59875.79,JULY QUARTERLY,202507159762990761
GA-10,D,2026,H4GA10113,C00852939,2025-01-01T00:00:00,2025-03-31T00:00:00,1766.0,4063.04,10506.14,APRIL QUARTERLY,202603309856874282
GA-10,D,2026,H4GA10113,C00852939,2025-01-01T00:00:00,2025-03-31T00:00:00,1766.0,3379.74,25211.11,APRIL QUARTERLY,202504149755325676
TX-31,D,2026,H4TX31081,C00863621,2026-04-01T00:00:00,2026-06-30T00:00:00,0.0,85.39,0.0,JULY QUARTERLY,202607169890831060
TX-31,D,2026,H4TX31081,C00863621,2026-02-12T00:00:00,2026-03-31T00:00:00,35662.0,38484.51,85.39,APRIL QUARTERLY,202604159862582904
TX-31,D,2026,H4TX31081,C00863621,2026-01-01T00:00:00,2026-02-11T00:00:00,82282.0,95683.5,2907.9,PRE-PRIMARY,202602199834791133
TX-31,D,2026,H4TX31081,C00863621,2025-10-01T00:00:00,2025-12-31T00:00:00,53980.0,52670.6,16309.4,YEAR-END,202601319808856749
TX-31,D,2026,H4TX31081,C00863621,2025-07-01T00:00:00,2025-09-30T00:00:00,19296.76,4296.76,15000.0,OCTOBER QUARTERLY,202510159791562256
TX-31,D,2026,H4TX31081,C00863621,2025-04-01T00:00:00,2025-06-30T00:00:00,6778.57,0.0,0.0,JULY QUARTERLY,202507159762952547
TX-31,D,2026,H4TX31081,C00863621,2025-01-01T00:00:00,2025-03-31T00:00:00,5980.0,16409.08,-6778.57,APRIL QUARTERLY,202504159756071576
MO-04,D,2026,H6MO05247,C00910745,2026-07-01T00:00:00,2026-07-15T00:00:00,13917.6,17191.55,44968.99,PRE-PRIMARY,202607219894392339
MO-04,D,2026,H6MO05247,C00910745,2026-04-01T00:00:00,2026-06-30T00:00:00,68239.13,47326.62,48242.94,JULY QUARTERLY,202607159875278936
MO-04,D,2026,H6MO05247,C00910745,2026-01-01T00:00:00,2026-03-31T00:00:00,62708.5,53946.4,27330.43,APRIL QUARTERLY,202604159857745982
MO-04,D,2026,H6MO05247,C00910745,2025-10-01T00:00:00,2025-12-31T00:00:00,54582.34,57088.09,18568.33,YEAR-END,202601269794179465
MO-04,D,2026,H6MO05247,C00910745,2025-01-01T00:00:00,2025-09-30T00:00:00,50670.42,29596.34,21074.08,OCTOBER QUARTERLY,202510159790974392
NY-23,D,2026,H6NY23559,C00910125,2026-06-04T00:00:00,2026-06-30T00:00:00,27049.05,31087.83,17795.38,JULY QUARTERLY,202607159875946204
NY-23,D,2026,H6NY23559,C00910125,2026-04-01T00:00:00,2026-06-03T00:00:00,59489.0,92238.43,21834.16,PRE-PRIMARY,202606119870569558
NY-23,D,2026,H6NY23559,C00910125,2026-01-01T00:00:00,2026-03-31T00:00:00,68691.31,64512.45,54583.59,APRIL QUARTERLY,202604159863073552
NY-23,D,2026,H6NY23559,C00910125,2025-10-01T00:00:00,2025-12-31T00:00:00,63135.0,12730.27,50404.73,YEAR-END,202601279794210148
NY-23,D,2026,H6NY23559,C00910125,2025-07-01T00:00:00,2025-09-30T00:00:00,8810.0,2665.64,6144.36,OCTOBER QUARTERLY,202606239874233041
NY-23,D,2026,H6NY23559,C00910125,2025-07-01T00:00:00,2025-09-30T00:00:00,46681.84,6965.41,77276.91,OCTOBER QUARTERLY,202510159791564696
FL-06,D,2026,H6FL06340,C00913434,2026-04-01T00:00:00,2026-06-30T00:00:00,152272.45,122003.52,86281.98,JULY QUARTERLY,202607159875084067
FL-06,D,2026,H6FL06340,C00913434,2026-01-01T00:00:00,2026-03-31T00:00:00,129996.47,75118.76,56013.05,APRIL QUARTERLY,202604149857149111
FL-06,D,2026,H6FL06340,C00913434,2025-07-01T00:00:00,2025-12-31T00:00:00,2728.0,1592.66,1135.34,YEAR-END,202601169794028648
NM-03,R,2026,H6NM03083,C00914010,2026-05-14T00:00:00,2026-06-30T00:00:00,7128.21,33453.05,242569.39,JULY QUARTERLY,202607159875123272
NM-03,R,2026,H6NM03083,C00914010,2026-04-01T00:00:00,2026-05-13T00:00:00,25675.0,34570.36,268894.23,PRE-PRIMARY,202605219870208039
NM-03,R,2026,H6NM03083,C00914010,2026-01-01T00:00:00,2026-03-31T00:00:00,40075.0,30798.83,277789.59,APRIL QUARTERLY,202604159857758573
NM-03,R,2026,H6NM03083,C00914010,2025-10-01T00:00:00,2025-12-31T00:00:00,120679.88,77843.36,268513.42,YEAR-END,202601309794725681
NM-03,R,2026,H6NM03083,C00914010,2025-07-01T00:00:00,2025-09-30T00:00:00,247065.0,21388.1,225676.9,OCTOBER QUARTERLY,202510159790810116
PA-06,R,2026,H6PA06156,C00910059,2026-04-30T00:00:00,2026-06-30T00:00:00,78551.9,47670.38,213448.9,JULY QUARTERLY,202607159885300427
PA-06,R,2026,H6PA06156,C00910059,2026-04-01T00:00:00,2026-04-29T00:00:00,9535.11,3187.65,182567.38,PRE-PRIMARY,202605079866868285
PA-06,R,2026,H6PA06156,C00910059,2026-01-01T00:00:00,2026-03-31T00:00:00,73926.32,62058.95,176219.92,APRIL QUARTERLY,202604159862439963
PA-06,R,2026,H6PA06156,C00910059,2025-10-01T00:00:00,2025-12-31T00:00:00,62586.45,39814.48,164352.55,YEAR-END,202601319795527149
PA-06,R,2026,H6PA06156,C00910059,2025-07-01T00:00:00,2025-09-30T00:00:00,186670.72,45090.14,141580.58,OCTOBER QUARTERLY,202510159791107426
TX-24,D,2026,H6TX24198,C00907345,2026-04-01T00:00:00,2026-06-30T00:00:00,4495.19,9305.03,0.0,TERMINATION REPORT,202607109874862348
TX-24,D,2026,H6TX24198,C00907345,2026-02-12T00:00:00,2026-03-31T00:00:00,302.4,49736.27,4809.84,APRIL QUARTERLY,202604159863098991
TX-24,D,2026,H6TX24198,C00907345,2026-01-01T00:00:00,2026-02-11T00:00:00,3154.0,38161.64,54243.71,PRE-PRIMARY,202604159863093821
TX-24,D,2026,H6TX24198,C00907345,2026-01-01T00:00:00,2026-02-11T00:00:00,3154.0,45598.79,45065.31,PRE-PRIMARY,202602199834780626
TX-24,D,2026,H6TX24198,C00907345,2025-10-01T00:00:00,2025-12-31T00:00:00,73728.14,67317.85,89251.35,YEAR-END,202604159863093721
TX-24,D,2026,H6TX24198,C00907345,2025-10-01T00:00:00,2025-12-31T00:00:00,75863.52,68964.8,87510.1,YEAR-END,202601319795291710
TX-24,D,2026,H6TX24198,C00907345,2025-07-01T00:00:00,2025-09-30T00:00:00,103827.11,31389.43,80611.38,OCTOBER QUARTERLY,202510169791605266
TX-24,D,2026,H6TX24198,C00907345,2025-07-01T00:00:00,2025-09-30T00:00:00,103077.11,28409.75,82841.06,OCTOBER QUARTERLY,202603169853391858
TX-24,D,2026,H6TX24198,C00907345,2025-04-01T00:00:00,2025-06-30T00:00:00,11148.52,2974.82,8173.7,JULY QUARTERLY,202603169853391843
TX-24,D,2026,H6TX24198,C00907345,2025-04-01T00:00:00,2025-06-30T00:00:00,12474.69,4300.98,8173.71,JULY QUARTERLY,202507169763553776
MN-07,D,2026,H6MN07312,C00899344,2026-04-01T00:00:00,2026-06-30T00:00:00,95643.83,77239.94,114068.49,JULY QUARTERLY,202607109874856330
MN-07,D,2026,H6MN07312,C00899344,2026-01-01T00:00:00,2026-03-31T00:00:00,51893.6,43517.18,95664.6,APRIL QUARTERLY,202604149857158444
MN-07,D,2026,H6MN07312,C00899344,2025-10-01T00:00:00,2025-12-31T00:00:00,46421.24,18891.61,87288.18,YEAR-END,202601309794556530
MN-07,D,2026,H6MN07312,C00899344,2025-07-01T00:00:00,2025-09-30T00:00:00,61594.62,33354.3,59758.55,OCTOBER QUARTERLY,202510159791566359
MN-07,D,2026,H6MN07312,C00899344,2025-04-01T00:00:00,2025-06-30T00:00:00,34239.68,16129.27,31518.23,JULY QUARTERLY,202510159791564376
MN-07,D,2026,H6MN07312,C00899344,2025-04-01T00:00:00,2025-06-30T00:00:00,31815.58,12893.17,32330.23,JULY QUARTERLY,202507159763547147
MN-07,D,2026,H6MN07312,C00899344,2025-01-01T00:00:00,2025-03-31T00:00:00,17192.54,3784.72,13407.82,APRIL QUARTERLY,202504149755302316
MN-07,D,2026,H6MN07312,C00899344,2025-01-01T00:00:00,2025-03-31T00:00:00,18157.14,4749.32,13407.82,APRIL QUARTERLY,202510159791563062
MI-03,R,2026,H6MI03198,C00941823,2026-07-01T00:00:00,2026-07-15T00:00:00,75186.1,13581.38,361354.91,PRE-PRIMARY,202607239894419185
MI-03,R,2026,H6MI03198,C00941823,2026-04-01T00:00:00,2026-06-30T00:00:00,233828.95,157781.22,299750.19,JULY QUARTERLY,202607159875546096
MI-03,R,2026,H6MI03198,C00941823,2026-01-01T00:00:00,2026-03-31T00:00:00,242681.68,18979.22,223702.46,APRIL QUARTERLY,202604159857426567
NC-06,D,2026,H6NC06164,C00907576,2026-04-01T00:00:00,2026-06-30T00:00:00,42012.11,31273.9,13897.53,JULY QUARTERLY,202607159875376081
NC-06,D,2026,H6NC06164,C00907576,2026-02-12T00:00:00,2026-03-31T00:00:00,10875.36,16646.17,3159.32,APRIL QUARTERLY,202604159862337898
NC-06,D,2026,H6NC06164,C00907576,2026-01-01T00:00:00,2026-02-11T00:00:00,15978.5,14938.12,8930.13,PRE-PRIMARY,202602199834822221
NC-06,D,2026,H6NC06164,C00907576,2025-10-01T00:00:00,2025-12-31T00:00:00,26567.78,38842.43,7889.75,YEAR-END,202601299794455105
NC-06,D,2026,H6NC06164,C00907576,2025-07-01T00:00:00,2025-09-30T00:00:00,104447.63,84283.23,20164.4,OCTOBER QUARTERLY,202510219791977670
IL-16,D,2026,H6IL16108,C00900399,2026-04-01T00:00:00,2026-06-30T00:00:00,178857.31,108271.2,230140.92,JULY QUARTERLY,202607159880603784
IL-16,D,2026,H6IL16108,C00900399,2026-02-26T00:00:00,2026-03-31T00:00:00,118555.62,23755.63,159554.81,APRIL QUARTERLY,202604159862586291
IL-16,D,2026,H6IL16108,C00900399,2026-01-01T00:00:00,2026-02-25T00:00:00,43621.62,16479.38,64754.82,PRE-PRIMARY,202603059837894925
IL-16,D,2026,H6IL16108,C00900399,2025-10-01T00:00:00,2025-12-31T00:00:00,31247.21,10818.5,37612.58,YEAR-END,202601289794251614
IL-16,D,2026,H6IL16108,C00900399,2025-07-01T00:00:00,2025-09-30T00:00:00,13347.56,8286.55,17183.87,OCTOBER QUARTERLY,202510139790775897
IL-16,D,2026,H6IL16108,C00900399,2025-03-18T00:00:00,2025-06-30T00:00:00,30119.08,17973.29,12145.79,JULY QUARTERLY,202507149762780875
IL-16,D,2026,H6IL16108,C00900399,2025-03-18T00:00:00,2025-06-30T00:00:00,30119.08,17996.22,12122.86,JULY QUARTERLY,202508089789446247
NY-24,D,2026,H6NY24219,C00912550,2026-06-04T00:00:00,2026-06-30T00:00:00,25170.0,15881.35,12850.3,JULY QUARTERLY,202607159875117916
NY-24,D,2026,H6NY24219,C00912550,2026-04-01T00:00:00,2026-06-03T00:00:00,43619.4,44457.4,3561.65,PRE-PRIMARY,202606119870607881
NY-24,D,2026,H6NY24219,C00912550,2026-01-01T00:00:00,2026-03-31T00:00:00,31434.71,34356.92,4399.65,APRIL QUARTERLY,202604159857350089
NY-24,D,2026,H6NY24219,C00912550,2025-10-01T00:00:00,2025-12-31T00:00:00,43166.91,53156.26,7321.86,YEAR-END,202601309795075730
NY-24,D,2026,H6NY24219,C00912550,2025-07-01T00:00:00,2025-09-30T00:00:00,49696.79,32385.58,17311.21,OCTOBER QUARTERLY,202510159790813568
CA-27,R,2026,H6CA27306,C00909887,2026-05-14T00:00:00,2026-06-30T00:00:00,32539.44,22642.54,201877.04,JULY QUARTERLY,202607159875136487
CA-27,R,2026,H6CA27306,C00909887,2026-04-01T00:00:00,2026-05-13T00:00:00,3001.0,42003.39,191980.14,PRE-PRIMARY,202605219870211021
CA-27,R,2026,H6CA27306,C00909887,2026-01-01T00:00:00,2026-03-31T00:00:00,121144.0,30568.53,230982.53,APRIL QUARTERLY,202604159857481581
CA-27,R,2026,H6CA27306,C00909887,2025-10-01T00:00:00,2025-12-31T00:00:00,14485.0,58795.7,140407.06,YEAR-END,202601309795018830
CA-27,R,2026,H6CA27306,C00909887,2025-01-01T00:00:00,2025-09-30T00:00:00,208270.44,23552.68,184717.76,OCTOBER QUARTERLY,202510159791088211
ID-01,D,2026,H2ID01192,C00808022,2026-04-30T00:00:00,2026-06-30T00:00:00,35291.18,37550.18,14616.3,JULY QUARTERLY,202607149875039093
ID-01,D,2026,H2ID01192,C00808022,2026-04-01T00:00:00,2026-04-29T00:00:00,14615.09,16695.28,16875.3,PRE-PRIMARY,202606109870551706
ID-01,D,2026,H2ID01192,C00808022,2026-04-01T00:00:00,2026-04-29T00:00:00,14615.09,16695.28,16625.3,PRE-PRIMARY,202605069866842855
ID-01,D,2026,H2ID01192,C00808022,2026-01-01T00:00:00,2026-03-31T00:00:00,42820.27,31926.66,18705.49,APRIL QUARTERLY,202604159857288845
ID-01,D,2026,H2ID01192,C00808022,2026-01-01T00:00:00,2026-03-31T00:00:00,42820.27,31926.66,18955.49,APRIL QUARTERLY,202606109870551591
ID-01,D,2026,H2ID01192,C00808022,2025-10-01T00:00:00,2025-12-31T00:00:00,38523.09,36511.2,8061.88,YEAR-END,202606109870551494
ID-01,D,2026,H2ID01192,C00808022,2025-10-01T00:00:00,2025-12-31T00:00:00,38523.09,33432.8,11140.28,YEAR-END,202606109870551373
ID-01,D,2026,H2ID01192,C00808022,2025-10-01T00:00:00,2025-12-31T00:00:00,38523.09,36511.2,7811.88,YEAR-END,202601319795711440
ID-01,D,2026,H2ID01192,C00808022,2025-07-01T00:00:00,2025-09-30T00:00:00,21816.0,25165.85,6049.99,OCTOBER QUARTERLY,202606109870551321
ID-01,D,2026,H2ID01192,C00808022,2025-07-01T00:00:00,2025-09-30T00:00:00,21816.0,25165.85,5799.99,OCTOBER QUARTERLY,202510159791474342
ID-01,D,2026,H2ID01192,C00808022,2025-04-01T00:00:00,2025-06-30T00:00:00,25355.0,17348.87,9399.84,JULY QUARTERLY,202606109870551280
ID-01,D,2026,H2ID01192,C00808022,2025-04-01T00:00:00,2025-06-30T00:00:00,25105.0,17348.87,9149.84,JULY QUARTERLY,202507149762814593
ID-01,D,2026,H2ID01192,C00808022,2025-01-01T00:00:00,2025-03-31T00:00:00,2603.0,6600.61,1393.71,APRIL QUARTERLY,202504099755195025
ID-01,D,2026,H2ID01192,C00808022,2025-01-01T00:00:00,2025-03-31T00:00:00,2603.0,6600.61,1393.71,APRIL QUARTERLY,202606109870551260
IN-09,D,2026,H4IN09163,C00857714,2026-04-01T00:00:00,2026-04-15T00:00:00,3090.0,8221.23,16811.7,PRE-PRIMARY,202604239866694878
IN-09,D,2026,H4IN09163,C00857714,2026-01-01T00:00:00,2026-03-31T00:00:00,65411.15,48182.72,21118.93,APRIL QUARTERLY,202604219866641122
IN-09,D,2026,H4IN09163,C00857714,2026-01-01T00:00:00,2026-03-31T00:00:00,65725.15,48182.72,21432.93,APRIL QUARTERLY,202604239866694676
IN-09,D,2026,H4IN09163,C00857714,2025-10-01T00:00:00,2025-12-31T00:00:00,32980.0,44175.03,3890.5,YEAR-END,202604219866641013
IN-09,D,2026,H4IN09163,C00857714,2025-10-01T00:00:00,2025-12-31T00:00:00,46551.0,44304.78,2246.22,YEAR-END,202602069825933211
IN-09,D,2026,H4IN09163,C00857714,2025-10-01T00:00:00,2025-12-31T00:00:00,42786.45,53981.48,3890.5,YEAR-END,202604219866641067
IN-09,D,2026,H4IN09163,C00857714,2025-07-01T00:00:00,2025-09-30T00:00:00,29548.0,31979.37,15085.53,OCTOBER QUARTERLY,202510159791596322
IN-09,D,2026,H4IN09163,C00857714,2025-04-01T00:00:00,2025-06-30T00:00:00,12905.0,16500.17,17516.9,JULY QUARTERLY,202507159763450060
IN-09,D,2026,H4IN09163,C00857714,2025-01-01T00:00:00,2025-03-31T00:00:00,17515.0,12276.62,21112.07,APRIL QUARTERLY,202504159756049837
WV-01,D,2026,H6WV01137,C00909168,2026-04-23T00:00:00,2026-06-30T00:00:00,6426.56,13515.13,378.24,JULY QUARTERLY,202607279894479165
WV-01,D,2026,H6WV01137,C00909168,2026-04-01T00:00:00,2026-04-22T00:00:00,9463.0,8237.57,7466.81,PRE-PRIMARY,202604309866743726
WV-01,D,2026,H6WV01137,C00909168,2026-01-01T00:00:00,2026-03-31T00:00:00,47295.77,45323.0,6241.38,APRIL QUARTERLY,202604159857306643
WV-01,D,2026,H6WV01137,C00909168,2025-10-01T00:00:00,2025-12-31T00:00:00,34966.83,60362.39,4268.61,YEAR-END,202601319795548971
WV-01,D,2026,H6WV01137,C00909168,2025-07-01T00:00:00,2025-09-30T00:00:00,73167.4,43503.23,29664.17,OCTOBER QUARTERLY,202510159790877638
PA-11,D,2026,H6PA11099,C00910943,2026-04-30T00:00:00,2026-06-30T00:00:00,60872.3,28866.15,47150.48,JULY QUARTERLY,202607159875756474
PA-11,D,2026,H6PA11099,C00910943,2026-04-01T00:00:00,2026-04-29T00:00:00,14914.94,25036.04,15144.33,PRE-PRIMARY,202605079866889155
PA-11,D,2026,H6PA11099,C00910943,2026-01-01T00:00:00,2026-03-31T00:00:00,49823.03,39863.17,25265.43,APRIL QUARTERLY,202604159857334488
PA-11,D,2026,H6PA11099,C00910943,2025-10-01T00:00:00,2025-12-31T00:00:00,54377.27,56501.09,15305.57,YEAR-END,202601319795515201
PA-11,D,2026,H6PA11099,C00910943,2025-07-01T00:00:00,2025-09-30T00:00:00,34242.0,16812.61,17429.39,OCTOBER QUARTERLY,202510159791023582
PA-14,D,2026,H6PA14200,C00913376,2026-04-30T00:00:00,2026-06-30T00:00:00,71713.57,79089.48,34707.47,JULY QUARTERLY,202607119874881529
PA-14,D,2026,H6PA14200,C00913376,2026-04-01T00:00:00,2026-04-29T00:00:00,14525.94,19977.18,42083.38,PRE-PRIMARY,202605039866789151
PA-14,D,2026,H6PA14200,C00913376,2026-01-01T00:00:00,2026-03-31T00:00:00,70983.86,54327.42,47534.62,APRIL QUARTERLY,202605039866789039
PA-14,D,2026,H6PA14200,C00913376,2026-01-01T00:00:00,2026-03-31T00:00:00,70483.86,54327.42,46625.98,APRIL QUARTERLY,202604129857124571
PA-14,D,2026,H6PA14200,C00913376,2025-10-01T00:00:00,2025-12-31T00:00:00,37238.75,12608.47,30469.54,YEAR-END,202601229794121612
PA-14,D,2026,H6PA14200,C00913376,2025-10-01T00:00:00,2025-12-31T00:00:00,37647.21,12608.29,30878.18,YEAR-END,202605039866789010
PA-14,D,2026,H6PA14200,C00913376,2025-07-01T00:00:00,2025-09-30T00:00:00,6550.0,710.74,5839.26,OCTOBER QUARTERLY,202510109790740078
KS-04,D,2026,H6KS04272,C00941658,2026-07-01T00:00:00,2026-07-15T00:00:00,18365.2,49453.55,72896.43,PRE-PRIMARY,202607239894424311
KS-04,D,2026,H6KS04272,C00941658,2026-04-01T00:00:00,2026-06-30T00:00:00,77158.55,93584.89,103984.78,JULY QUARTERLY,202607159875272418
KS-04,D,2026,H6KS04272,C00941658,2026-03-03T00:00:00,2026-03-31T00:00:00,138931.17,18520.05,120411.12,APRIL QUARTERLY,202604159857578916
MN-08,D,2026,H6MN08179,C00933382,2026-04-01T00:00:00,2026-06-30T00:00:00,225302.27,126768.57,117406.24,JULY QUARTERLY,202607159875598982
MN-08,D,2026,H6MN08179,C00933382,2026-01-01T00:00:00,2026-03-31T00:00:00,52226.0,33353.46,18872.54,APRIL QUARTERLY,202604159862422343
MN-08,D,2026,H6MN08179,C00933382,2026-01-01T00:00:00,2026-03-31T00:00:00,52226.0,33353.46,18872.54,APRIL QUARTERLY,202604209866625318
CA-24,R,2026,H6CA24345,C00898882,2026-05-14T00:00:00,2026-06-30T00:00:00,20891.99,24060.81,47128.11,JULY QUARTERLY,202607159875197023
CA-24,R,2026,H6CA24345,C00898882,2026-04-01T00:00:00,2026-05-13T00:00:00,17959.0,23762.09,50296.93,PRE-PRIMARY,202605219870230500
CA-24,R,2026,H6CA24345,C00898882,2026-01-01T00:00:00,2026-03-31T00:00:00,78749.9,59104.76,56100.02,APRIL QUARTERLY,202604159857338168
CA-24,R,2026,H6CA24345,C00898882,2025-10-01T00:00:00,2025-12-31T00:00:00,32920.0,19166.94,36454.88,YEAR-END,202601289794265746
CA-24,R,2026,H6CA24345,C00898882,2025-07-01T00:00:00,2025-09-30T00:00:00,23344.0,13896.58,22701.82,OCTOBER QUARTERLY,202601129793946011
CA-24,R,2026,H6CA24345,C00898882,2025-07-01T00:00:00,2025-09-30T00:00:00,23344.0,13896.58,22701.82,OCTOBER QUARTERLY,202510029790664160
CA-24,R,2026,H6CA24345,C00898882,2025-04-01T00:00:00,2025-06-30T00:00:00,18090.44,15849.48,13254.4,JULY QUARTERLY,202601129793945964
CA-24,R,2026,H6CA24345,C00898882,2025-04-01T00:00:00,2025-06-30T00:00:00,18090.44,15849.48,13254.4,JULY QUARTERLY,202507069762728400
CA-24,R,2026,H6CA24345,C00898882,2025-01-01T00:00:00,2025-03-31T00:00:00,11308.96,295.52,11013.44,APRIL QUARTERLY,202504029755022027
GA-01,D,2026,H6GA01158,C00914465,2026-05-28T00:00:00,2026-06-30T00:00:00,27063.51,38379.29,7388.62,JULY QUARTERLY,202607159875058598
GA-01,D,2026,H6GA01158,C00914465,2026-04-30T00:00:00,2026-05-27T00:00:00,44653.0,39872.68,18243.4,PRE-RUN-OFF,202606019870348728
GA-01,D,2026,H6GA01158,C00914465,2026-04-30T00:00:00,2026-05-27T00:00:00,44653.0,39872.68,18704.4,PRE-RUN-OFF,202607159875052495
GA-01,D,2026,H6GA01158,C00914465,2026-04-01T00:00:00,2026-04-29T00:00:00,24446.39,18487.13,13463.08,PRE-PRIMARY,202605049866793447
GA-01,D,2026,H6GA01158,C00914465,2026-01-01T00:00:00,2026-03-31T00:00:00,36647.96,31348.07,7503.82,APRIL QUARTERLY,202604159857271217
GA-01,D,2026,H6GA01158,C00914465,2025-10-01T00:00:00,2025-12-31T00:00:00,8583.0,141073.16,-120751.82,YEAR-END,202603269856856925
GA-01,D,2026,H6GA01158,C00914465,2025-10-01T00:00:00,2025-12-31T00:00:00,11538.0,21072.41,2203.93,YEAR-END,202603319856921532
GA-01,D,2026,H6GA01158,C00914465,2025-07-01T00:00:00,2025-09-30T00:00:00,18151.0,6412.66,11738.34,OCTOBER QUARTERLY,202603269856856611
SD-00,D,2026,H6SD01141,C00918961,2026-05-14T00:00:00,2026-06-30T00:00:00,48540.65,40143.41,110977.81,JULY QUARTERLY,202607159875894249
SD-00,D,2026,H6SD01141,C00918961,2026-04-01T00:00:00,2026-05-13T00:00:00,29906.76,25995.51,102580.57,PRE-PRIMARY,202605219870210958
SD-00,D,2026,H6SD01141,C00918961,2026-01-01T00:00:00,2026-03-31T00:00:00,90039.11,46908.86,98669.32,APRIL QUARTERLY,202604159862523490
SD-00,D,2026,H6SD01141,C00918961,2025-10-01T00:00:00,2025-12-31T00:00:00,70106.0,35104.18,55539.07,YEAR-END,202601309794861947
SD-00,D,2026,H6SD01141,C00918961,2025-08-26T00:00:00,2025-09-30T00:00:00,23171.0,2633.75,20537.25,OCTOBER QUARTERLY,202510159791094133
MA-06,R,2026,H6MA06202,C00937755,2026-04-01T00:00:00,2026-06-30T00:00:00,142216.49,95872.38,250855.98,JULY QUARTERLY,202607159875692501
MA-06,R,2026,H6MA06202,C00937755,2026-02-04T00:00:00,2026-03-31T00:00:00,257951.75,53439.88,204511.87,APRIL QUARTERLY,202604159862337924
WA-04,D,2026,H6WA04190,C00916585,2026-07-01T00:00:00,2026-07-15T00:00:00,10910.73,27678.44,34309.34,PRE-PRIMARY,202607239894446024
WA-04,D,2026,H6WA04190,C00916585,2026-04-01T00:00:00,2026-06-30T00:00:00,98198.38,92510.76,51014.05,JULY QUARTERLY,202607169890829708
WA-04,D,2026,H6WA04190,C00916585,2026-01-01T00:00:00,2026-03-31T00:00:00,55671.1,21912.13,45389.43,APRIL QUARTERLY,202607209894386427
WA-04,D,2026,H6WA04190,C00916585,2026-01-01T00:00:00,2026-03-31T00:00:00,67366.1,21912.13,57084.43,APRIL QUARTERLY,202606119870563995
WA-04,D,2026,H6WA04190,C00916585,2026-01-01T00:00:00,2026-03-31T00:00:00,50412.32,18173.43,42062.79,APRIL QUARTERLY,202604159857407872
WA-04,D,2026,H6WA04190,C00916585,2025-10-01T00:00:00,2025-12-31T00:00:00,8696.54,3600.74,9823.9,YEAR-END,202601309794729506
WA-04,D,2026,H6WA04190,C00916585,2025-10-01T00:00:00,2025-12-31T00:00:00,8950.67,741.76,11630.46,YEAR-END,202606109870563986
WA-04,D,2026,H6WA04190,C00916585,2025-07-01T00:00:00,2025-09-30T00:00:00,1402.27,1640.27,3421.55,OCTOBER QUARTERLY,202606119870606792
WA-04,D,2026,H6WA04190,C00916585,2025-04-14T00:00:00,2025-09-30T00:00:00,4645.19,-82.91,4728.1,OCTOBER QUARTERLY,202510149790794074
WA-04,D,2026,H6WA04190,C00916585,2025-04-01T00:00:00,2025-06-30T00:00:00,3887.0,227.45,3659.55,JULY QUARTERLY,202606119870606821
TX-21,D,2026,H4TX21108,C00929703,2026-04-01T00:00:00,2026-06-30T00:00:00,89114.25,37984.72,104069.01,JULY QUARTERLY,202607159890088575
TX-21,D,2026,H4TX21108,C00929703,2026-02-12T00:00:00,2026-03-31T00:00:00,53222.34,78212.03,51859.64,APRIL QUARTERLY,202604159863082550
TX-21,D,2026,H4TX21108,C00929703,2026-02-12T00:00:00,2026-03-31T00:00:00,53520.24,77272.32,52939.48,APRIL QUARTERLY,202605189866992710
TX-21,D,2026,H4TX21108,C00929703,2026-01-01T00:00:00,2026-02-11T00:00:00,52549.72,19803.8,76849.33,PRE-PRIMARY,202602199834821937
TX-21,D,2026,H4TX21108,C00929703,2026-01-01T00:00:00,2026-02-11T00:00:00,53764.72,20293.8,76691.56,PRE-PRIMARY,202605189866992644
TX-21,D,2026,H4TX21108,C00929703,2025-10-01T00:00:00,2025-12-31T00:00:00,45676.39,1572.98,44103.41,YEAR-END,202601319795615480
TX-21,D,2026,H4TX21108,C00929703,2025-10-01T00:00:00,2025-12-31T00:00:00,44865.85,1645.21,43220.64,YEAR-END,202605189866992598
GA-02,R,2026,H6GA01182,C00917450,2026-04-30T00:00:00,2026-06-30T00:00:00,45263.02,46504.12,1767.8,JULY QUARTERLY,202607119874881348
GA-02,R,2026,H6GA01182,C00917450,2026-04-01T00:00:00,2026-04-29T00:00:00,0.0,3555.0,3008.9,PRE-PRIMARY,202605069866842099
GA-02,R,2026,H6GA01182,C00917450,2026-01-01T00:00:00,2026-03-31T00:00:00,13153.9,14602.66,6563.9,APRIL QUARTERLY,202604049856981152
GA-02,R,2026,H6GA01182,C00917450,2025-10-01T00:00:00,2025-12-31T00:00:00,31151.38,55930.22,8012.66,YEAR-END,202601199794067674
GA-02,R,2026,H6GA01182,C00917450,2025-07-01T00:00:00,2025-09-30T00:00:00,53146.5,20355.0,32791.5,OCTOBER QUARTERLY,202510159790864261
GA-09,D,2026,H6GA09268,C00904003,2026-04-30T00:00:00,2026-06-30T00:00:00,7458.0,31299.64,14433.1,JULY QUARTERLY,202607089874801135
GA-09,D,2026,H6GA09268,C00904003,2026-04-01T00:00:00,2026-04-29T00:00:00,18313.54,30521.89,38274.74,PRE-PRIMARY,202605059866805927
GA-09,D,2026,H6GA09268,C00904003,2026-01-01T00:00:00,2026-03-31T00:00:00,54682.33,57585.01,50483.09,APRIL QUARTERLY,202604089857022447
GA-09,D,2026,H6GA09268,C00904003,2025-10-01T00:00:00,2025-12-31T00:00:00,27757.95,14624.07,53385.77,YEAR-END,202601219794096428
GA-09,D,2026,H6GA09268,C00904003,2025-07-01T00:00:00,2025-09-30T00:00:00,35800.0,4334.06,40251.89,OCTOBER QUARTERLY,202510109790741559
GA-09,D,2026,H6GA09268,C00904003,2025-04-01T00:00:00,2025-06-30T00:00:00,10915.0,2629.13,8285.87,JULY QUARTERLY,202507149762782358
GA-09,D,2026,H6GA09268,C00904003,2025-04-01T00:00:00,2025-06-30T00:00:00,11040.0,2635.98,8404.02,JULY QUARTERLY,202510089790717921
GA-09,D,2026,H6GA09268,C00904003,2025-04-01T00:00:00,2025-06-30T00:00:00,11040.0,2254.05,8785.95,JULY QUARTERLY,202510109790741531
WA-08,R,2026,H6WA08159,C00924209,2026-07-01T00:00:00,2026-07-15T00:00:00,12144.0,21765.23,28193.69,PRE-PRIMARY,202607239894459198
WA-08,R,2026,H6WA08159,C00924209,2026-04-01T00:00:00,2026-06-30T00:00:00,51638.94,97021.1,37814.92,JULY QUARTERLY,202607159890624663
WA-08,R,2026,H6WA08159,C00924209,2026-01-01T00:00:00,2026-03-31T00:00:00,70990.05,12924.37,83197.08,APRIL QUARTERLY,202604159862875859
WA-08,R,2026,H6WA08159,C00924209,2025-10-01T00:00:00,2025-12-31T00:00:00,31961.0,6829.6,25131.4,YEAR-END,202602029825903654
WA-08,R,2026,H6WA08159,C00924209,2025-10-01T00:00:00,2025-12-31T00:00:00,31961.0,6829.6,25131.4,YEAR-END,202603059837892998
TX-38,D,2026,H6TX38024,C00912162,2026-04-01T00:00:00,2026-06-30T00:00:00,1093.75,2808.46,10.81,JULY QUARTERLY,202607159890689781
TX-38,D,2026,H6TX38024,C00912162,2026-02-12T00:00:00,2026-03-31T00:00:00,7610.29,35827.2,1725.52,APRIL QUARTERLY,202604159863041481
TX-38,D,2026,H6TX38024,C00912162,2026-01-01T00:00:00,2026-02-11T00:00:00,27442.01,45490.54,29942.43,PRE-PRIMARY,202602199834763768
TX-38,D,2026,H6TX38024,C00912162,2025-10-01T00:00:00,2025-12-31T00:00:00,27773.09,34425.93,47990.96,YEAR-END,202601309795265332
TX-38,D,2026,H6TX38024,C00912162,2025-10-01T00:00:00,2025-12-31T00:00:00,27773.09,34425.93,47990.96,YEAR-END,202603269856858076
TX-38,D,2026,H6TX38024,C00912162,2025-07-01T00:00:00,2025-09-30T00:00:00,73174.0,18530.2,54643.8,OCTOBER QUARTERLY,202603269856858002
TX-38,D,2026,H6TX38024,C00912162,2025-07-01T00:00:00,2025-09-30T00:00:00,73174.0,18530.2,54643.8,OCTOBER QUARTERLY,202510159791446662
NY-04,R,2026,H6NY04195,C00937169,2026-06-04T00:00:00,2026-06-30T00:00:00,7181.23,9351.95,1035.68,TERMINATION REPORT,202607159875892525
NY-04,R,2026,H6NY04195,C00937169,2026-04-01T00:00:00,2026-06-03T00:00:00,42318.13,43678.55,3206.4,PRE-PRIMARY,202606119870643415
NY-04,R,2026,H6NY04195,C00937169,2026-01-01T00:00:00,2026-03-31T00:00:00,87763.82,83197.0,4566.82,APRIL QUARTERLY,202604159857644693
FL-05,D,2026,H6FL05250,C00923540,2026-04-01T00:00:00,2026-06-30T00:00:00,87176.98,69062.56,112827.26,JULY QUARTERLY,202607159890666434
FL-05,D,2026,H6FL05250,C00923540,2026-01-01T00:00:00,2026-03-31T00:00:00,72083.71,47309.41,94712.84,APRIL QUARTERLY,202607159880446215
FL-05,D,2026,H6FL05250,C00923540,2026-01-01T00:00:00,2026-03-31T00:00:00,71921.95,46805.42,95055.07,APRIL QUARTERLY,202604159863113734
FL-05,D,2026,H6FL05250,C00923540,2025-10-01T00:00:00,2025-12-31T00:00:00,89025.13,19086.59,69938.54,YEAR-END,202601309795175598
CT-05,R,2026,H6CT05231,C00935692,2026-04-26T00:00:00,2026-06-30T00:00:00,81675.91,55345.93,144756.88,JULY QUARTERLY,202607159875301095
CT-05,R,2026,H6CT05231,C00935692,2026-04-26T00:00:00,2026-06-30T00:00:00,104379.44,55345.93,167460.41,JULY QUARTERLY,202607209894384202
CT-05,R,2026,H6CT05231,C00935692,2026-04-01T00:00:00,2026-04-25T00:00:00,33884.36,54560.57,118426.9,PRE-CONVENTION,202607119874872438
CT-05,R,2026,H6CT05231,C00935692,2026-04-01T00:00:00,2026-04-25T00:00:00,33884.36,54560.57,118426.9,PRE-CONVENTION,202605039866788864
CT-05,R,2026,H6CT05231,C00935692,2026-01-01T00:00:00,2026-03-31T00:00:00,163323.04,24219.93,139103.11,APRIL QUARTERLY,202604159857261443
CT-05,R,2026,H6CT05231,C00935692,2026-01-01T00:00:00,2026-03-31T00:00:00,163323.04,24219.93,139103.11,APRIL QUARTERLY,202607119874872334
MS-03,D,2026,H6MS03228,C00907386,2026-04-01T00:00:00,2026-06-30T00:00:00,54401.06,47398.84,23208.46,JULY QUARTERLY,202607159875940438
MS-03,D,2026,H6MS03228,C00907386,2026-02-19T00:00:00,2026-03-31T00:00:00,22113.7,16055.8,16391.01,APRIL QUARTERLY,202604159862883643
MS-03,D,2026,H6MS03228,C00907386,2026-02-19T00:00:00,2026-03-31T00:00:00,22113.7,16240.57,16206.24,APRIL QUARTERLY,202604229866668136
MS-03,D,2026,H6MS03228,C00907386,2026-01-01T00:00:00,2026-02-18T00:00:00,22732.86,33213.61,10321.42,PRE-PRIMARY,202602269837863542
MS-03,D,2026,H6MS03228,C00907386,2026-01-01T00:00:00,2026-02-18T00:00:00,22832.86,33301.92,10333.11,PRE-PRIMARY,202604159862418242
MS-03,D,2026,H6MS03228,C00907386,2025-10-01T00:00:00,2025-12-31T00:00:00,50068.57,34986.45,20802.17,YEAR-END,202601319795595234
MS-03,D,2026,H6MS03228,C00907386,2025-07-01T00:00:00,2025-09-30T00:00:00,5983.34,263.09,5563.1,OCTOBER QUARTERLY,202601279794215884
MS-03,D,2026,H6MS03228,C00907386,2025-07-01T00:00:00,2025-09-30T00:00:00,5983.34,263.09,5720.25,OCTOBER QUARTERLY,202510139790749398
LA-01,D,2026,H6LA01258,C00913863,2026-07-01T00:00:00,2026-07-18T00:00:00,16592.0,20931.53,11884.22,PRE-PRIMARY,202607269894468119
LA-01,D,2026,H6LA01258,C00913863,2026-04-01T00:00:00,2026-06-30T00:00:00,53318.59,60802.29,16223.75,JULY QUARTERLY,202607149875038005
LA-01,D,2026,H6LA01258,C00913863,2026-04-01T00:00:00,2026-06-30T00:00:00,53318.59,60802.29,16223.75,JULY QUARTERLY,202607149875034204
LA-01,D,2026,H6LA01258,C00913863,2026-01-01T00:00:00,2026-03-31T00:00:00,38307.88,31223.91,23707.45,APRIL QUARTERLY,202604149857233799
LA-01,D,2026,H6LA01258,C00913863,2025-10-01T00:00:00,2025-12-31T00:00:00,26235.06,16963.65,16623.48,YEAR-END,202601269794195684
LA-01,D,2026,H6LA01258,C00913863,2025-07-01T00:00:00,2025-09-30T00:00:00,8223.26,871.19,7352.07,OCTOBER QUARTERLY,202510159790802925
NY-11,D,2026,H6NY11273,C00942599,2026-06-04T00:00:00,2026-06-30T00:00:00,0.0,3368.93,0.0,TERMINATION REPORT,202607099874815908
NY-11,D,2026,H6NY11273,C00942599,2026-04-01T00:00:00,2026-06-03T00:00:00,45236.01,106108.36,3368.93,PRE-PRIMARY,202606109870563932
NY-11,D,2026,H6NY11273,C00942599,2026-01-01T00:00:00,2026-03-31T00:00:00,85320.73,21079.45,64241.28,APRIL QUARTERLY,202604159862524530
IN-03,D,2026,H6IN03294,C00907816,2026-04-16T00:00:00,2026-06-30T00:00:00,44091.53,45724.52,6039.31,JULY QUARTERLY,202607109874852255
IN-03,D,2026,H6IN03294,C00907816,2026-04-01T00:00:00,2026-04-15T00:00:00,5368.42,7335.64,7672.3,PRE-PRIMARY,202604209863257290
IN-03,D,2026,H6IN03294,C00907816,2026-01-01T00:00:00,2026-03-31T00:00:00,30192.59,33607.51,9639.52,APRIL QUARTERLY,202604159857429033
IN-03,D,2026,H6IN03294,C00907816,2025-10-01T00:00:00,2025-12-31T00:00:00,31466.0,32209.35,13054.44,YEAR-END,202601309794804813
IN-03,D,2026,H6IN03294,C00907816,2025-07-01T00:00:00,2025-09-30T00:00:00,18776.0,9199.66,14671.79,OCTOBER QUARTERLY,202510089790718080
IN-03,D,2026,H6IN03294,C00907816,2025-07-01T00:00:00,2025-09-30T00:00:00,17927.0,9199.66,13797.79,OCTOBER QUARTERLY,202601289794258818
IN-03,D,2026,H6IN03294,C00907816,2025-04-01T00:00:00,2025-06-30T00:00:00,7319.76,2224.31,5095.45,JULY QUARTERLY,202510089790717955
IN-03,D,2026,H6IN03294,C00907816,2025-04-01T00:00:00,2025-06-30T00:00:00,7294.76,2224.31,5070.45,JULY QUARTERLY,202601289794258363
GU-00,R,2026,H2GU01031,C00809343,2026-07-01T00:00:00,2026-07-12T00:00:00,1000.0,22107.22,26270.81,PRE-PRIMARY,202607199890894433
GU-00,R,2026,H2GU01031,C00809343,2026-04-01T00:00:00,2026-06-30T00:00:00,59298.92,59422.2,47378.03,JULY QUARTERLY,202607129874891540
GU-00,R,2026,H2GU01031,C00809343,2026-01-01T00:00:00,2026-03-31T00:00:00,42860.32,26882.13,47501.31,APRIL QUARTERLY,202604159857288748
GU-00,R,2026,H2GU01031,C00809343,2025-10-01T00:00:00,2025-12-31T00:00:00,6300.0,9796.34,31523.12,YEAR-END,202601269794163341
GU-00,R,2026,H2GU01031,C00809343,2025-07-01T00:00:00,2025-09-30T00:00:00,39698.55,5891.46,35019.46,OCTOBER QUARTERLY,202607199890894375
GU-00,R,2026,H2GU01031,C00809343,2025-07-01T00:00:00,2025-09-30T00:00:00,39698.55,5891.46,35019.46,OCTOBER QUARTERLY,202510159790813518
GU-00,R,2026,H2GU01031,C00809343,2025-04-01T00:00:00,2025-06-30T00:00:00,1000.0,4812.0,1212.37,JULY QUARTERLY,202507139762772575
GU-00,R,2026,H2GU01031,C00809343,2025-01-01T00:00:00,2025-03-31T00:00:00,1000.0,0.0,5024.37,APRIL QUARTERLY,202504119755208339
TX-27,D,2026,H4TX27089,C00859603,2026-04-01T00:00:00,2026-06-30T00:00:00,16565.53,11424.06,11310.52,JULY QUARTERLY,202607169890828287
TX-27,D,2026,H4TX27089,C00859603,2026-02-12T00:00:00,2026-03-31T00:00:00,9973.54,13902.88,6169.05,APRIL QUARTERLY,202606309874279274
TX-27,D,2026,H4TX27089,C00859603,2026-02-12T00:00:00,2026-03-31T00:00:00,9973.54,13783.44,8234.42,APRIL QUARTERLY,202604159863077137
TX-27,D,2026,H4TX27089,C00859603,2026-01-01T00:00:00,2026-02-11T00:00:00,22379.13,25775.97,10098.39,PRE-PRIMARY,202606309874279237
TX-27,D,2026,H4TX27089,C00859603,2026-01-01T00:00:00,2026-02-11T00:00:00,22379.13,25394.51,12044.32,PRE-PRIMARY,202602199834802644
TX-27,D,2026,H4TX27089,C00859603,2025-10-01T00:00:00,2025-12-31T00:00:00,47614.51,51954.8,15059.7,YEAR-END,202601319808614159
TX-27,D,2026,H4TX27089,C00859603,2025-10-01T00:00:00,2025-12-31T00:00:00,48019.51,52444.76,13495.23,YEAR-END,202606309874279172
TX-27,D,2026,H4TX27089,C00859603,2025-07-01T00:00:00,2025-09-30T00:00:00,38623.48,21417.9,19399.99,OCTOBER QUARTERLY,202510149790799457
TX-27,D,2026,H4TX27089,C00859603,2025-07-01T00:00:00,2025-09-30T00:00:00,38623.48,22893.46,17920.48,OCTOBER QUARTERLY,202606309874279120
TX-27,D,2026,H4TX27089,C00859603,2025-04-01T00:00:00,2025-06-30T00:00:00,4226.89,1501.94,2190.46,JULY QUARTERLY,202606309874279092
TX-27,D,2026,H4TX27089,C00859603,2025-04-01T00:00:00,2025-06-30T00:00:00,4226.89,1501.94,2194.41,JULY QUARTERLY,202507159763102710
TX-27,D,2026,H4TX27089,C00859603,2025-01-01T00:00:00,2025-03-31T00:00:00,0.0,717.87,-530.54,APRIL QUARTERLY,202504169756099412
TX-27,D,2026,H4TX27089,C00859603,2025-01-01T00:00:00,2025-03-31T00:00:00,0.0,721.82,-534.49,APRIL QUARTERLY,202606309874279073
AZ-05,D,2026,H6AZ05216,C00910240,2026-04-01T00:00:00,2026-07-01T00:00:00,10187.51,17640.69,6932.96,PRE-PRIMARY,202607069874771496
AZ-05,D,2026,H6AZ05216,C00910240,2026-01-01T00:00:00,2026-03-31T00:00:00,33224.47,27651.43,14386.14,APRIL QUARTERLY,202604149857200262
AZ-05,D,2026,H6AZ05216,C00910240,2025-10-01T00:00:00,2025-12-31T00:00:00,31451.52,64313.87,8813.1,YEAR-END,202601149794002384
AZ-05,D,2026,H6AZ05216,C00910240,2025-07-01T00:00:00,2025-09-30T00:00:00,59988.79,18313.34,41675.45,OCTOBER QUARTERLY,202510119790745824
TN-08,D,2026,H6TN08359,C00945840,2026-07-01T00:00:00,2026-07-17T00:00:00,73525.0,52115.62,42292.36,PRE-PRIMARY,202607229894415333
TN-08,D,2026,H6TN08359,C00945840,2026-03-25T00:00:00,2026-06-30T00:00:00,95625.0,74942.02,20682.98,JULY QUARTERLY,202607109874862714
TN-08,D,2026,H6TN08359,C00945840,2026-03-25T00:00:00,2026-06-30T00:00:00,95825.0,74942.02,20882.98,JULY QUARTERLY,202607159890731980
WI-08,D,2026,H6WI08197,C00914309,2026-07-01T00:00:00,2026-07-22T00:00:00,3971.0,12733.27,10090.61,PRE-PRIMARY,202607249894461337
WI-08,D,2026,H6WI08197,C00914309,2026-04-01T00:00:00,2026-06-30T00:00:00,41238.0,40304.53,18852.88,JULY QUARTERLY,202607029874737499
WI-08,D,2026,H6WI08197,C00914309,2026-01-01T00:00:00,2026-03-31T00:00:00,44563.0,47870.87,17919.41,APRIL QUARTERLY,202604079857018929
WI-08,D,2026,H6WI08197,C00914309,2025-10-01T00:00:00,2025-12-31T00:00:00,35008.0,20930.65,21227.28,YEAR-END,202601219794110080
WI-08,D,2026,H6WI08197,C00914309,2025-07-01T00:00:00,2025-09-30T00:00:00,11975.0,4825.07,7149.93,OCTOBER QUARTERLY,202601219794109279
MA-09,R,2026,H6MA09206,C00910836,2026-04-01T00:00:00,2026-06-30T00:00:00,20313.0,36276.08,38852.6,JULY QUARTERLY,202607159875095513
MA-09,R,2026,H6MA09206,C00910836,2026-01-01T00:00:00,2026-03-31T00:00:00,11769.82,22378.36,54815.68,APRIL QUARTERLY,202604149857221793
MA-09,R,2026,H6MA09206,C00910836,2025-10-01T00:00:00,2025-12-31T00:00:00,12582.75,37560.91,65424.22,YEAR-END,202601309795196237
MA-09,R,2026,H6MA09206,C00910836,2025-07-01T00:00:00,2025-09-30T00:00:00,118828.25,28425.87,90402.38,OCTOBER QUARTERLY,202510159791122547
MA-09,R,2026,H6MA09206,C00910836,2025-07-01T00:00:00,2025-09-30T00:00:00,118828.25,28425.87,90402.38,OCTOBER QUARTERLY,202601289794292046
FL-01,D,2026,H4FL01197,C00941161,2026-04-01T00:00:00,2026-06-30T00:00:00,101004.8,111613.21,13189.52,JULY QUARTERLY,202607159875897390
FL-01,D,2026,H4FL01197,C00941161,2026-02-28T00:00:00,2026-03-31T00:00:00,36746.33,12948.4,23797.93,APRIL QUARTERLY,202604159862446795
CA-20,D,2026,H6CA20236,C00921866,2026-04-01T00:00:00,2026-06-30T00:00:00,17037.2,101736.74,0.0,TERMINATION REPORT,202607109874859769
CA-20,D,2026,H6CA20236,C00921866,2026-01-01T00:00:00,2026-03-31T00:00:00,3028.0,12119.33,84699.54,APRIL QUARTERLY,202604159862573693
CA-20,D,2026,H6CA20236,C00921866,2025-10-01T00:00:00,2025-12-31T00:00:00,104400.0,10609.13,93790.87,YEAR-END,202601309795153555
FL-23,R,2026,H2FL21132,C00791541,2026-04-01T00:00:00,2026-06-30T00:00:00,17627.9,39406.72,35747.89,JULY QUARTERLY,202607159875329719
FL-23,R,2026,H2FL21132,C00791541,2026-01-01T00:00:00,2026-03-31T00:00:00,37477.34,26020.35,57526.71,APRIL QUARTERLY,202604159862525749
FL-23,R,2026,H2FL21132,C00791541,2025-10-01T00:00:00,2025-12-31T00:00:00,21252.15,25238.92,46069.72,YEAR-END,202601319795595365
FL-23,R,2026,H2FL21132,C00791541,2025-07-01T00:00:00,2025-09-30T00:00:00,15507.58,15039.17,50056.49,OCTOBER QUARTERLY,202510159791093821
FL-23,R,2026,H2FL21132,C00791541,2025-04-01T00:00:00,2025-06-30T00:00:00,56639.73,9867.75,49588.08,JULY QUARTERLY,202507159762848533
FL-23,R,2026,H2FL21132,C00791541,2025-01-01T00:00:00,2025-03-31T00:00:00,7539.04,8331.08,2816.1,APRIL QUARTERLY,202504159755665503
UT-01,R,2026,H6UT01244,C00940411,2026-04-06T00:00:00,2026-06-30T00:00:00,34198.89,38306.54,9568.15,JULY QUARTERLY,202607139874931844
UT-01,R,2026,H6UT01244,C00940411,2026-01-01T00:00:00,2026-04-05T00:00:00,98334.0,84658.2,13675.8,PRE-CONVENTION,202604139857134360
ND-00,D,2026,H6ND01049,C00935494,2026-05-21T00:00:00,2026-06-30T00:00:00,63198.97,40208.88,67391.27,JULY QUARTERLY,202607159875888460
ND-00,D,2026,H6ND01049,C00935494,2026-04-01T00:00:00,2026-05-20T00:00:00,52288.97,41162.62,44401.18,PRE-PRIMARY,202605289870323213
ND-00,D,2026,H6ND01049,C00935494,2026-01-19T00:00:00,2026-03-31T00:00:00,74575.61,41300.78,33274.83,APRIL QUARTERLY,202604159862442935
TX-26,D,2026,H4TX26172,C00857821,2026-04-01T00:00:00,2026-06-30T00:00:00,311.0,452.65,3426.61,JULY QUARTERLY,202607089874802174
TX-26,D,2026,H4TX26172,C00857821,2026-02-12T00:00:00,2026-03-31T00:00:00,7361.61,11438.02,3568.26,APRIL QUARTERLY,202604049856980846
TX-26,D,2026,H4TX26172,C00857821,2026-01-01T00:00:00,2026-02-11T00:00:00,18408.59,17455.68,7644.67,PRE-PRIMARY,202602169834325603
TX-26,D,2026,H4TX26172,C00857821,2025-10-01T00:00:00,2025-12-31T00:00:00,36619.12,45521.23,6691.76,YEAR-END,202601239794142343
TX-26,D,2026,H4TX26172,C00857821,2025-07-01T00:00:00,2025-09-30T00:00:00,44024.26,40658.9,15593.87,OCTOBER QUARTERLY,202510079790707292
TX-26,D,2026,H4TX26172,C00857821,2025-04-01T00:00:00,2025-06-30T00:00:00,11538.05,5476.22,12228.51,JULY QUARTERLY,202507029762564733
TX-26,D,2026,H4TX26172,C00857821,2025-01-01T00:00:00,2025-03-31T00:00:00,4183.0,1509.01,6166.68,APRIL QUARTERLY,202504129755256661
NJ-05,R,2026,H4NJ05150,C00858472,2026-04-01T00:00:00,2026-05-01T00:00:00,0.0,714.69,0.0,TERMINATION REPORT,202605019866785538
NJ-05,R,2026,H4NJ05150,C00858472,2026-01-01T00:00:00,2026-03-31T00:00:00,0.0,9.99,714.69,APRIL QUARTERLY,202604159857236128
NJ-05,R,2026,H4NJ05150,C00858472,2025-10-01T00:00:00,2025-12-31T00:00:00,75.0,3.27,724.68,YEAR-END,202601309795275480
NJ-05,R,2026,H4NJ05150,C00858472,2025-07-01T00:00:00,2025-09-30T00:00:00,2288.89,97472.81,652.95,OCTOBER QUARTERLY,202510099790736364
NJ-05,R,2026,H4NJ05150,C00858472,2025-04-01T00:00:00,2025-06-30T00:00:00,115631.52,20484.62,95836.87,JULY QUARTERLY,202507159762856889
NJ-05,R,2026,H4NJ05150,C00858472,2025-01-01T00:00:00,2025-03-31T00:00:00,0.0,1224.75,689.97,APRIL QUARTERLY,202504159755516012
TX-37,R,2026,H6TX35038,C00906149,2026-05-07T00:00:00,2026-06-30T00:00:00,5447.53,5877.28,769.92,JULY QUARTERLY,202607069874767210
TX-37,R,2026,H6TX35038,C00906149,2026-04-01T00:00:00,2026-05-06T00:00:00,2952.11,1753.29,1199.67,PRE-RUN-OFF,202605119866916025
TX-37,R,2026,H6TX35038,C00906149,2026-02-12T00:00:00,2026-03-31T00:00:00,10792.84,15248.78,0.85,APRIL QUARTERLY,202604069856985377
TX-37,R,2026,H6TX35038,C00906149,2026-01-01T00:00:00,2026-02-11T00:00:00,26981.4,29909.94,4456.79,PRE-PRIMARY,202602179834331180
TX-37,R,2026,H6TX35038,C00906149,2025-10-01T00:00:00,2025-12-31T00:00:00,41847.09,36136.87,7385.33,YEAR-END,202601279794208316
TX-37,R,2026,H6TX35038,C00906149,2025-07-01T00:00:00,2025-09-30T00:00:00,27359.95,26379.36,1675.11,OCTOBER QUARTERLY,202510099790720093
TX-37,R,2026,H6TX35038,C00906149,2025-04-01T00:00:00,2025-06-30T00:00:00,2508.71,1814.19,694.52,JULY QUARTERLY,202507139762773828
IN-08,D,2026,H6IN08293,C00914556,2026-04-16T00:00:00,2026-06-30T00:00:00,85689.13,43880.27,179307.61,JULY QUARTERLY,202607139874936166
IN-08,D,2026,H6IN08293,C00914556,2026-04-01T00:00:00,2026-04-15T00:00:00,22764.88,9867.29,137498.75,PRE-PRIMARY,202604229866681775
IN-08,D,2026,H6IN08293,C00914556,2026-01-01T00:00:00,2026-03-31T00:00:00,66245.75,24515.87,124601.16,APRIL QUARTERLY,202604149857148400
IN-08,D,2026,H6IN08293,C00914556,2025-10-01T00:00:00,2025-12-31T00:00:00,44270.82,17768.0,82871.28,YEAR-END,202601189794031874
IN-08,D,2026,H6IN08293,C00914556,2025-07-01T00:00:00,2025-09-30T00:00:00,75531.46,19163.0,56368.46,OCTOBER QUARTERLY,202510119790744477
NY-29,D,2026,H6NY36015,C00025379,2025-07-01T00:00:00,2025-09-30T00:00:00,288.06,112820.87,0.0,TERMINATION REPORT,202510159791541818
NY-29,D,2026,H6NY36015,C00025379,2025-04-01T00:00:00,2025-06-30T00:00:00,258.81,282.65,112532.81,JULY QUARTERLY,202507159763547046
NY-29,D,2026,H6NY36015,C00025379,2025-01-01T00:00:00,2025-03-31T00:00:00,277.66,1900.0,112556.65,APRIL QUARTERLY,202504159756057175
AR-03,D,2026,H6AR03128,C00908400,2026-04-01T00:00:00,2026-06-30T00:00:00,32210.93,30891.71,5950.56,JULY QUARTERLY,202607159875074199
AR-03,D,2026,H6AR03128,C00908400,2026-02-12T00:00:00,2026-03-31T00:00:00,23347.67,21296.2,4631.34,APRIL QUARTERLY,202604159863082498
AR-03,D,2026,H6AR03128,C00908400,2026-02-12T00:00:00,2026-03-31T00:00:00,23347.67,21296.2,4631.34,APRIL QUARTERLY,202607159875072292
AR-03,D,2026,H6AR03128,C00908400,2026-02-12T00:00:00,2026-03-31T00:00:00,23347.67,21296.2,4631.34,APRIL QUARTERLY,202604159863080186
AR-03,D,2026,H6AR03128,C00908400,2026-01-01T00:00:00,2026-02-11T00:00:00,10350.18,10958.29,2579.87,PRE-PRIMARY,202602199834758401
AR-03,D,2026,H6AR03128,C00908400,2025-10-01T00:00:00,2025-12-31T00:00:00,17155.18,38860.0,3187.98,YEAR-END,202601299794412037
AR-03,D,2026,H6AR03128,C00908400,2025-07-01T00:00:00,2025-09-30T00:00:00,27812.39,12340.48,24892.8,OCTOBER QUARTERLY,202510169791605986
AR-03,D,2026,H6AR03128,C00908400,2025-04-01T00:00:00,2025-06-30T00:00:00,9650.0,229.11,9420.89,JULY QUARTERLY,202507159763191553
FL-26,D,2026,H6FL26058,C00938530,2026-04-01T00:00:00,2026-06-30T00:00:00,199281.93,85016.54,190257.1,JULY QUARTERLY,202607149874967917
FL-26,D,2026,H6FL26058,C00938530,2026-01-01T00:00:00,2026-03-31T00:00:00,105198.13,29206.42,75991.71,APRIL QUARTERLY,202604149857185832
IL-14,R,2026,H8IL16153,C00657361,2026-04-01T00:00:00,2026-06-30T00:00:00,41560.73,23276.16,31897.84,JULY QUARTERLY,202607159875295609
IL-14,R,2026,H8IL16153,C00657361,2026-02-26T00:00:00,2026-03-31T00:00:00,14454.0,34760.98,13613.27,APRIL QUARTERLY,202604039856947556
IL-14,R,2026,H8IL16153,C00657361,2026-01-01T00:00:00,2026-02-25T00:00:00,19936.72,14857.43,33920.25,PRE-PRIMARY,202603049837887837
IL-14,R,2026,H8IL16153,C00657361,2025-10-01T00:00:00,2025-12-31T00:00:00,9965.1,12923.06,28840.96,YEAR-END,202601289794264465
IL-14,R,2026,H8IL16153,C00657361,2025-07-01T00:00:00,2025-09-30T00:00:00,27698.76,15577.4,31798.92,OCTOBER QUARTERLY,202510109790740867
IL-14,R,2026,H8IL16153,C00657361,2025-04-01T00:00:00,2025-06-30T00:00:00,21724.25,7547.9,19677.56,JULY QUARTERLY,202507099762741329
IL-14,R,2026,H8IL16153,C00657361,2025-01-01T00:00:00,2025-03-31T00:00:00,5508.0,4050.63,5501.21,APRIL QUARTERLY,202504119755209932
CA-04,R,2026,H4CA06156,C00845040,2026-05-14T00:00:00,2026-06-30T00:00:00,2165.79,658.74,4242.43,JULY QUARTERLY,202607119874881486
CA-04,R,2026,H4CA06156,C00845040,2026-04-01T00:00:00,2026-05-13T00:00:00,4064.94,6052.21,2735.38,PRE-PRIMARY,202605219870225091
CA-04,R,2026,H4CA06156,C00845040,2026-01-01T00:00:00,2026-03-31T00:00:00,18450.4,29429.21,4722.65,APRIL QUARTERLY,202604159857481106
CA-04,R,2026,H4CA06156,C00845040,2025-10-01T00:00:00,2025-12-31T00:00:00,47473.8,37687.17,15701.46,YEAR-END,202601319825684596
CA-04,R,2026,H4CA06156,C00845040,2025-07-01T00:00:00,2025-09-30T00:00:00,23071.62,23339.8,5914.83,OCTOBER QUARTERLY,202510159790874157
CA-04,R,2026,H4CA06156,C00845040,2025-04-01T00:00:00,2025-06-30T00:00:00,19634.78,13832.44,6183.01,JULY QUARTERLY,202507149762827221
CA-04,R,2026,H4CA06156,C00845040,2025-01-01T00:00:00,2025-03-31T00:00:00,0.0,159.16,380.67,APRIL QUARTERLY,202504159755371650
GA-07,D,2026,H6GA07221,C00942185,2026-05-28T00:00:00,2026-06-30T00:00:00,22088.0,36441.0,277056.8,JULY QUARTERLY,202607149875039893
GA-07,D,2026,H6GA07221,C00942185,2026-05-01T00:00:00,2026-05-27T00:00:00,19444.0,41778.21,291409.8,PRE-RUN-OFF,202606049870430903
GA-07,D,2026,H6GA07221,C00942185,2026-04-01T00:00:00,2026-04-29T00:00:00,13636.0,30945.78,319114.01,PRE-PRIMARY,202605079866846551
GA-07,D,2026,H6GA07221,C00942185,2026-03-02T00:00:00,2026-03-31T00:00:00,337663.32,1239.53,336423.79,APRIL QUARTERLY,202604119857119019
LA-05,D,2026,H6LA05291,C00940163,2026-07-01T00:00:00,2026-07-18T00:00:00,6488.83,4625.73,-19055.55,PRE-PRIMARY,202607239894460606
LA-05,D,2026,H6LA05291,C00940163,2026-04-01T00:00:00,2026-06-30T00:00:00,39337.27,64061.78,-20918.65,JULY QUARTERLY,202607169890830415
LA-05,D,2026,H6LA05291,C00940163,2026-01-01T00:00:00,2026-03-31T00:00:00,44173.54,40387.57,3815.97,APRIL QUARTERLY,202604159862585928
LA-05,D,2026,H6LA05291,C00940163,2026-01-01T00:00:00,2026-03-31T00:00:00,43466.54,40387.57,3108.97,APRIL QUARTERLY,202604129857128623
HI-02,R,2026,H6HI02426,C00923854,2026-07-01T00:00:00,2026-07-19T00:00:00,225.0,2845.59,16100.8,PRE-PRIMARY,202607279894479584
HI-02,R,2026,H6HI02426,C00923854,2026-04-01T00:00:00,2026-06-30T00:00:00,32301.6,36601.31,18721.39,JULY QUARTERLY,202607159875946315
HI-02,R,2026,H6HI02426,C00923854,2026-01-01T00:00:00,2026-03-31T00:00:00,13510.0,37168.09,23021.1,APRIL QUARTERLY,202604149857168100
HI-02,R,2026,H6HI02426,C00923854,2025-10-01T00:00:00,2025-12-31T00:00:00,76577.97,29898.78,46679.19,YEAR-END,202601289794259724
OK-01,D,2026,H6OK01201,C00895714,2026-05-28T00:00:00,2026-06-30T00:00:00,17753.75,21634.78,36578.59,JULY QUARTERLY,202607149874949566
OK-01,D,2026,H6OK01201,C00895714,2026-04-01T00:00:00,2026-05-27T00:00:00,24676.64,20159.1,40459.62,PRE-PRIMARY,202606029870359126
OK-01,D,2026,H6OK01201,C00895714,2026-01-01T00:00:00,2026-03-31T00:00:00,32172.39,37593.01,35942.08,APRIL QUARTERLY,202604149857182051
OK-01,D,2026,H6OK01201,C00895714,2025-10-01T00:00:00,2025-12-31T00:00:00,19540.0,14918.21,41364.63,YEAR-END,202601299794369893
OK-01,D,2026,H6OK01201,C00895714,2025-10-01T00:00:00,2025-12-31T00:00:00,19540.0,14920.14,41362.7,YEAR-END,202603109837934280
OK-01,D,2026,H6OK01201,C00895714,2025-10-01T00:00:00,2025-12-31T00:00:00,19540.0,14920.14,41362.7,YEAR-END,202602239837841509
OK-01,D,2026,H6OK01201,C00895714,2025-07-01T00:00:00,2025-09-30T00:00:00,15701.0,4776.02,36742.84,OCTOBER QUARTERLY,202602239837841575
OK-01,D,2026,H6OK01201,C00895714,2025-07-01T00:00:00,2025-09-30T00:00:00,15701.0,4776.02,36742.84,OCTOBER QUARTERLY,202510159790859771
OK-01,D,2026,H6OK01201,C00895714,2025-07-01T00:00:00,2025-09-30T00:00:00,15701.0,4776.02,36742.84,OCTOBER QUARTERLY,202603109837934257
OK-01,D,2026,H6OK01201,C00895714,2025-04-01T00:00:00,2025-06-30T00:00:00,22547.03,3819.86,25817.86,JULY QUARTERLY,202603109837934235
OK-01,D,2026,H6OK01201,C00895714,2025-04-01T00:00:00,2025-06-30T00:00:00,22547.03,3819.86,25817.86,JULY QUARTERLY,202510069790701519
OK-01,D,2026,H6OK01201,C00895714,2025-04-01T00:00:00,2025-06-30T00:00:00,22377.03,3649.86,25817.86,JULY QUARTERLY,202507149762783064
OK-01,D,2026,H6OK01201,C00895714,2025-01-01T00:00:00,2025-03-31T00:00:00,9580.75,2490.06,7090.69,APRIL QUARTERLY,202504119755216350
TX-32,D,2026,H4TX06216,C00835504,2025-01-01T00:00:00,2025-03-29T00:00:00,58931.05,104350.0,0.0,TERMINATION REPORT,202503299754824945
KY-01,D,2026,H6KY01169,C00904243,2026-04-30T00:00:00,2026-06-30T00:00:00,39007.9,30213.54,20181.79,JULY QUARTERLY,202607139874897275
KY-01,D,2026,H6KY01169,C00904243,2026-04-01T00:00:00,2026-04-29T00:00:00,8545.49,13978.36,11387.43,PRE-PRIMARY,202605079866890762
KY-01,D,2026,H6KY01169,C00904243,2026-01-01T00:00:00,2026-03-31T00:00:00,42712.75,34573.93,16820.3,APRIL QUARTERLY,202604149857188008
KY-01,D,2026,H6KY01169,C00904243,2025-10-01T00:00:00,2025-12-31T00:00:00,16012.45,8613.61,8722.64,YEAR-END,202601319825882024
KY-01,D,2026,H6KY01169,C00904243,2025-07-01T00:00:00,2025-09-30T00:00:00,8696.5,10405.86,1323.8,OCTOBER QUARTERLY,202510159791601862
KY-01,D,2026,H6KY01169,C00904243,2025-04-01T00:00:00,2025-06-30T00:00:00,3779.85,746.69,3033.16,JULY QUARTERLY,202510159791308641
KY-01,D,2026,H6KY01169,C00904243,2025-04-01T00:00:00,2025-06-30T00:00:00,3779.85,740.69,3039.16,JULY QUARTERLY,202507119762768484
OK-02,D,2026,H4OK02089,C00410829,2026-04-01T00:00:00,2026-06-30T00:00:00,4732.79,24758.5,366977.04,JULY QUARTERLY,202607149874971082
OK-02,D,2026,H4OK02089,C00410829,2026-01-01T00:00:00,2026-03-31T00:00:00,59758.53,5151.56,387002.75,APRIL QUARTERLY,202604159857268937
OK-02,D,2026,H4OK02089,C00410829,2025-10-01T00:00:00,2025-12-31T00:00:00,4618.94,9051.09,332395.78,YEAR-END,202601209794084903
OK-02,D,2026,H4OK02089,C00410829,2025-07-01T00:00:00,2025-09-30T00:00:00,4632.1,14157.18,336827.93,OCTOBER QUARTERLY,202510099790720288
OK-02,D,2026,H4OK02089,C00410829,2025-04-01T00:00:00,2025-06-30T00:00:00,4611.29,38864.28,346353.01,JULY QUARTERLY,202507159762902014
OK-02,D,2026,H4OK02089,C00410829,2025-01-01T00:00:00,2025-03-31T00:00:00,25745.11,5000.0,380606.0,APRIL QUARTERLY,202504109755202339
WA-09,R,2026,H4WA09061,C00566232,2026-07-01T00:00:00,2026-07-15T00:00:00,20100.0,20075.45,5020.66,PRE-PRIMARY,202607229894403936
WA-09,R,2026,H4WA09061,C00566232,2026-04-01T00:00:00,2026-06-30T00:00:00,79141.88,74688.74,4996.11,JULY QUARTERLY,202607159875357069
WA-09,R,2026,H4WA09061,C00566232,2026-04-01T00:00:00,2026-06-30T00:00:00,79141.88,74551.17,5133.68,JULY QUARTERLY,202607159875319723
WA-09,R,2026,H4WA09061,C00566232,2026-01-01T00:00:00,2026-03-31T00:00:00,0.0,0.0,-2516.33,APRIL QUARTERLY,202604109857072333
WA-09,R,2026,H4WA09061,C00566232,2026-01-01T00:00:00,2026-03-31T00:00:00,0.0,0.0,542.97,APRIL QUARTERLY,202606269874269610
WA-09,R,2026,H4WA09061,C00566232,2025-10-01T00:00:00,2025-12-31T00:00:00,0.0,0.0,-2516.33,YEAR-END,202602039825905753
WA-09,R,2026,H4WA09061,C00566232,2025-10-01T00:00:00,2025-12-31T00:00:00,0.0,0.0,542.97,YEAR-END,202606269874269363
WA-09,R,2026,H4WA09061,C00566232,2025-07-01T00:00:00,2025-09-30T00:00:00,0.0,0.0,-2516.33,OCTOBER QUARTERLY,202511199792700756
WA-09,R,2026,H4WA09061,C00566232,2025-07-01T00:00:00,2025-09-30T00:00:00,0.0,0.0,542.97,OCTOBER QUARTERLY,202606269874269359
WA-09,R,2026,H4WA09061,C00566232,2025-04-01T00:00:00,2025-06-30T00:00:00,0.0,0.0,-2516.33,JULY QUARTERLY,202507149762780490
WA-09,R,2026,H4WA09061,C00566232,2025-04-01T00:00:00,2025-06-30T00:00:00,0.0,0.0,542.97,JULY QUARTERLY,202606269874268931
WA-09,R,2026,H4WA09061,C00566232,2025-01-01T00:00:00,2025-03-31T00:00:00,0.0,0.0,542.97,APRIL QUARTERLY,202606269874268927
WA-09,R,2026,H4WA09061,C00566232,2025-01-01T00:00:00,2025-03-31T00:00:00,0.0,0.0,-2516.33,APRIL QUARTERLY,202504169756093595
IL-12,D,2026,H8IL21021,C00238444,2026-04-01T00:00:00,2026-06-30T00:00:00,1208.32,16260.0,56269.08,JULY QUARTERLY,202607129874889767
IL-12,D,2026,H8IL21021,C00238444,2026-01-01T00:00:00,2026-03-31T00:00:00,637.57,13214.37,71320.76,APRIL QUARTERLY,202604129857124970
IL-12,D,2026,H8IL21021,C00238444,2026-01-01T00:00:00,2026-03-31T00:00:00,637.57,13214.37,71320.76,APRIL QUARTERLY,202604169863125358
IL-12,D,2026,H8IL21021,C00238444,2025-10-01T00:00:00,2025-12-31T00:00:00,2435.62,18971.0,83897.56,YEAR-END,202601289794267701
IL-12,D,2026,H8IL21021,C00238444,2025-07-01T00:00:00,2025-09-30T00:00:00,1267.84,13535.0,100432.94,OCTOBER QUARTERLY,202510149790780078
IL-12,D,2026,H8IL21021,C00238444,2025-04-01T00:00:00,2025-06-30T00:00:00,8.3,16833.0,112700.1,JULY QUARTERLY,202507149762804585
IL-12,D,2026,H8IL21021,C00238444,2025-01-01T00:00:00,2025-03-31T00:00:00,3749.53,12275.25,129524.8,APRIL QUARTERLY,202504099755146270
KY-05,D,2026,H6KY05152,C00907055,2026-05-01T00:00:00,2026-06-30T00:00:00,66673.71,58946.03,91274.5,JULY QUARTERLY,202607149874980948
KY-05,D,2026,H6KY05152,C00907055,2026-04-01T00:00:00,2026-04-29T00:00:00,8069.62,1841.69,83521.82,PRE-PRIMARY,202605119866914358
KY-05,D,2026,H6KY05152,C00907055,2026-01-01T00:00:00,2026-03-31T00:00:00,27938.36,4075.11,77293.89,APRIL QUARTERLY,202604139857135978
KY-05,D,2026,H6KY05152,C00907055,2025-10-01T00:00:00,2025-12-31T00:00:00,18597.0,6317.97,53430.64,YEAR-END,202601309794642842
KY-05,D,2026,H6KY05152,C00907055,2025-07-01T00:00:00,2025-09-30T00:00:00,49932.0,9393.9,41151.61,OCTOBER QUARTERLY,202510149790777320
KY-05,D,2026,H6KY05152,C00907055,2025-04-01T00:00:00,2025-06-30T00:00:00,11045.0,10431.49,613.51,JULY QUARTERLY,202507149762818168
WV-02,D,2026,H6WV02150,C00927723,2026-04-23T00:00:00,2026-06-30T00:00:00,57981.26,37375.29,43669.4,JULY QUARTERLY,202607149874949134
WV-02,D,2026,H6WV02150,C00927723,2026-04-01T00:00:00,2026-04-22T00:00:00,7194.0,31714.11,23063.43,PRE-PRIMARY,202604269866700886
WV-02,D,2026,H6WV02150,C00927723,2026-01-01T00:00:00,2026-03-31T00:00:00,54612.0,21010.36,47583.54,APRIL QUARTERLY,202604059856983183
WV-02,D,2026,H6WV02150,C00927723,2025-10-01T00:00:00,2025-12-31T00:00:00,14457.63,475.73,13981.9,YEAR-END,202601289794284488
TN-01,D,2026,H6TN01537,C00934778,2026-07-01T00:00:00,2026-07-17T00:00:00,9538.5,17893.95,14106.2,PRE-PRIMARY,202607259894463984
TN-01,D,2026,H6TN01537,C00934778,2026-04-01T00:00:00,2026-06-30T00:00:00,42677.03,44059.11,22461.65,JULY QUARTERLY,202607159875756368
TN-01,D,2026,H6TN01537,C00934778,2026-01-01T00:00:00,2026-03-31T00:00:00,49767.98,25924.25,23843.73,APRIL QUARTERLY,202607159875756245
TN-01,D,2026,H6TN01537,C00934778,2026-01-01T00:00:00,2026-03-31T00:00:00,53772.55,26239.9,27532.65,APRIL QUARTERLY,202604159857615996
TX-13,D,2026,H6TX13159,C00914200,2026-04-01T00:00:00,2026-06-30T00:00:00,46787.38,42790.62,8080.67,JULY QUARTERLY,202607149875017862
TX-13,D,2026,H6TX13159,C00914200,2026-04-01T00:00:00,2026-06-30T00:00:00,47420.38,42847.93,8656.36,JULY QUARTERLY,202607149875041205
TX-13,D,2026,H6TX13159,C00914200,2026-04-01T00:00:00,2026-06-30T00:00:00,49711.12,42916.92,10918.11,JULY QUARTERLY,202607209894385204
TX-13,D,2026,H6TX13159,C00914200,2026-02-12T00:00:00,2026-03-31T00:00:00,18787.36,20795.62,4083.91,APRIL QUARTERLY,202607149875040250
TX-13,D,2026,H6TX13159,C00914200,2026-02-12T00:00:00,2026-03-31T00:00:00,18787.36,20780.03,4099.5,APRIL QUARTERLY,202604199863195128
TX-13,D,2026,H6TX13159,C00914200,2026-02-12T00:00:00,2026-03-31T00:00:00,18737.36,20665.9,4163.63,APRIL QUARTERLY,202604029856935472
TX-13,D,2026,H6TX13159,C00914200,2026-02-12T00:00:00,2026-03-31T00:00:00,18787.36,20776.42,4103.11,APRIL QUARTERLY,202604139857131747
TX-13,D,2026,H6TX13159,C00914200,2026-02-12T00:00:00,2026-03-31T00:00:00,18827.36,20793.64,4123.91,APRIL QUARTERLY,202607209894385151
TX-13,D,2026,H6TX13159,C00914200,2026-01-01T00:00:00,2026-02-11T00:00:00,11659.78,9695.45,6090.19,PRE-PRIMARY,202607209894385119
TX-13,D,2026,H6TX13159,C00914200,2026-01-01T00:00:00,2026-02-11T00:00:00,11659.78,9700.39,6092.17,PRE-PRIMARY,202602199834760991
TX-13,D,2026,H6TX13159,C00914200,2026-01-01T00:00:00,2026-02-11T00:00:00,11659.78,9700.39,6092.17,PRE-PRIMARY,202602199834783985
TX-13,D,2026,H6TX13159,C00914200,2026-01-01T00:00:00,2026-02-11T00:00:00,11659.78,9700.39,6092.17,PRE-PRIMARY,202603139837959302
TX-13,D,2026,H6TX13159,C00914200,2025-10-01T00:00:00,2025-12-31T00:00:00,10609.73,8287.04,4132.78,YEAR-END,202606299874277131
TX-13,D,2026,H6TX13159,C00914200,2025-10-01T00:00:00,2025-12-31T00:00:00,10609.73,8293.96,4125.86,YEAR-END,202607209894385095
TX-13,D,2026,H6TX13159,C00914200,2025-10-01T00:00:00,2025-12-31T00:00:00,10121.59,7798.9,4132.78,YEAR-END,202601019793897535
TX-13,D,2026,H6TX13159,C00914200,2025-10-01T00:00:00,2025-12-31T00:00:00,10609.73,8287.04,4132.78,YEAR-END,202602199834783390
TX-13,D,2026,H6TX13159,C00914200,2025-10-01T00:00:00,2025-12-31T00:00:00,10361.59,8038.9,4132.78,YEAR-END,202602199834759984
TX-13,D,2026,H6TX13159,C00914200,2025-10-01T00:00:00,2025-12-31T00:00:00,10121.59,7798.9,4132.78,YEAR-END,202601019793897663
TX-13,D,2026,H6TX13159,C00914200,2025-07-01T00:00:00,2025-09-30T00:00:00,7384.51,5639.28,1845.23,OCTOBER QUARTERLY,202510029790664298
TX-13,D,2026,H6TX13159,C00914200,2025-07-01T00:00:00,2025-09-30T00:00:00,7547.21,5837.12,1810.09,OCTOBER QUARTERLY,202602189834343599
TX-13,D,2026,H6TX13159,C00914200,2025-07-01T00:00:00,2025-09-30T00:00:00,7547.21,5837.12,1810.09,OCTOBER QUARTERLY,202512019793348311
TX-13,D,2026,H6TX13159,C00914200,2025-07-01T00:00:00,2025-09-30T00:00:00,7547.21,5801.98,1845.23,OCTOBER QUARTERLY,202510029790664362
TX-13,D,2026,H6TX13159,C00914200,2025-07-01T00:00:00,2025-09-30T00:00:00,7547.21,5837.12,1810.09,OCTOBER QUARTERLY,202606299874277109
TX-13,D,2026,H6TX13159,C00914200,2025-07-01T00:00:00,2025-09-30T00:00:00,7547.21,5837.12,1810.09,OCTOBER QUARTERLY,202607209894385059
IA-04,D,2026,H6IA04217,C00917369,2026-05-14T00:00:00,2026-06-30T00:00:00,37364.26,24913.9,48912.41,JULY QUARTERLY,202607089874806830
IA-04,D,2026,H6IA04217,C00917369,2026-05-14T00:00:00,2026-06-30T00:00:00,37364.26,24064.15,49762.16,JULY QUARTERLY,202607099874815561
IA-04,D,2026,H6IA04217,C00917369,2026-04-01T00:00:00,2026-05-13T00:00:00,8625.5,15711.45,36462.05,PRE-PRIMARY,202605209867471459
IA-04,D,2026,H6IA04217,C00917369,2026-01-01T00:00:00,2026-03-31T00:00:00,34873.71,21044.28,43548.0,APRIL QUARTERLY,202605209867467593
IA-04,D,2026,H6IA04217,C00917369,2026-01-01T00:00:00,2026-03-31T00:00:00,34873.71,20544.28,44048.0,APRIL QUARTERLY,202604109857094341
IA-04,D,2026,H6IA04217,C00917369,2026-01-01T00:00:00,2026-03-31T00:00:00,34873.71,20544.28,44048.0,APRIL QUARTERLY,202604169863130194
IA-04,D,2026,H6IA04217,C00917369,2025-10-01T00:00:00,2025-12-31T00:00:00,18164.0,18575.91,29718.57,YEAR-END,202601289794282426
IA-04,D,2026,H6IA04217,C00917369,2025-07-01T00:00:00,2025-09-30T00:00:00,36194.04,6648.14,29545.9,OCTOBER QUARTERLY,202510149790790587
IA-04,D,2026,H6IA04217,C00917369,2025-07-01T00:00:00,2025-09-30T00:00:00,36694.04,6563.56,30130.48,OCTOBER QUARTERLY,202511159792610727
MT-00,D,2026,H8MT01232,C00701748,2026-04-01T00:00:00,2026-06-30T00:00:00,9.91,3521.99,77236.63,JULY QUARTERLY,202607159875066252
MT-00,D,2026,H8MT01232,C00701748,2026-01-01T00:00:00,2026-03-31T00:00:00,1830.34,5303.78,80748.71,APRIL QUARTERLY,202604159857349232
MT-00,D,2026,H8MT01232,C00701748,2025-10-01T00:00:00,2025-12-31T00:00:00,65.02,6675.97,86672.15,YEAR-END,202601319795485387
MT-00,D,2026,H8MT01232,C00701748,2025-10-01T00:00:00,2025-12-31T00:00:00,65.02,9125.97,84222.15,YEAR-END,202602199834758687
MT-00,D,2026,H8MT01232,C00701748,2025-07-01T00:00:00,2025-09-30T00:00:00,16.46,65086.69,93283.1,OCTOBER QUARTERLY,202510159791094671
MT-00,D,2026,H8MT01232,C00701748,2025-04-01T00:00:00,2025-06-30T00:00:00,39.97,2808.0,158353.33,JULY QUARTERLY,202510159791094592
MT-00,D,2026,H8MT01232,C00701748,2025-04-01T00:00:00,2025-06-30T00:00:00,39.97,2808.0,158353.33,JULY QUARTERLY,202507159762907653
MT-00,D,2026,H8MT01232,C00701748,2025-01-01T00:00:00,2025-03-31T00:00:00,39.86,0.0,161121.36,APRIL QUARTERLY,202504109755202322
CT-02,R,2026,H6CT02196,C00914481,2026-04-26T00:00:00,2026-06-30T00:00:00,16035.0,19696.5,199950.7,JULY QUARTERLY,202607029874757112
CT-02,R,2026,H6CT02196,C00914481,2026-04-01T00:00:00,2026-04-25T00:00:00,203435.0,6377.93,203612.2,PRE-CONVENTION,202604299866729333
CT-02,R,2026,H6CT02196,C00914481,2026-01-01T00:00:00,2026-03-31T00:00:00,16242.0,19205.52,6555.13,APRIL QUARTERLY,202604049856979555
CT-02,R,2026,H6CT02196,C00914481,2025-10-01T00:00:00,2025-12-31T00:00:00,20990.0,29359.2,9518.65,YEAR-END,202601039793902418
CT-02,R,2026,H6CT02196,C00914481,2025-07-01T00:00:00,2025-09-30T00:00:00,27295.0,9407.15,17887.85,OCTOBER QUARTERLY,202510059790676943
IL-15,D,2026,H6IL15100,C00909010,2026-04-01T00:00:00,2026-06-30T00:00:00,0.0,249.91,3362.96,JULY QUARTERLY,202607059874766010
IL-15,D,2026,H6IL15100,C00909010,2026-02-26T00:00:00,2026-03-31T00:00:00,8612.79,8874.77,3612.87,APRIL QUARTERLY,202605249870275722
IL-15,D,2026,H6IL15100,C00909010,2026-02-26T00:00:00,2026-03-31T00:00:00,8612.79,8874.77,3612.87,APRIL QUARTERLY,202604019856930202
IL-15,D,2026,H6IL15100,C00909010,2026-01-01T00:00:00,2026-02-25T00:00:00,23355.87,24238.03,3874.85,PRE-PRIMARY,202603049837887589
IL-15,D,2026,H6IL15100,C00909010,2026-01-01T00:00:00,2026-02-25T00:00:00,23355.87,24238.03,3874.85,PRE-PRIMARY,202606029870359281
IL-15,D,2026,H6IL15100,C00909010,2025-10-01T00:00:00,2025-12-31T00:00:00,19156.18,18449.59,4757.01,YEAR-END,202601139793949716
IL-15,D,2026,H6IL15100,C00909010,2025-06-01T00:00:00,2025-09-30T00:00:00,35591.58,31541.16,4050.42,OCTOBER QUARTERLY,202510239791992570
KY-04,D,2026,H6KY04189,C00925917,2026-04-30T00:00:00,2026-06-30T00:00:00,25626.82,27289.62,11145.22,JULY QUARTERLY,202607159890128559
KY-04,D,2026,H6KY04189,C00925917,2026-04-01T00:00:00,2026-04-29T00:00:00,27091.0,19295.83,12808.02,PRE-PRIMARY,202605079866868169
KY-04,D,2026,H6KY04189,C00925917,2026-01-01T00:00:00,2026-03-31T00:00:00,20916.0,27629.01,5012.85,APRIL QUARTERLY,202606169870695127
KY-04,D,2026,H6KY04189,C00925917,2026-01-01T00:00:00,2026-03-31T00:00:00,20916.0,27629.01,5012.85,APRIL QUARTERLY,202604159857579081
KY-04,D,2026,H6KY04189,C00925917,2025-10-01T00:00:00,2025-12-31T00:00:00,21078.69,9352.83,11725.86,YEAR-END,202601309794631080
KY-04,D,2026,H6KY04189,C00925917,2025-10-01T00:00:00,2025-12-31T00:00:00,20830.0,9104.14,11725.86,YEAR-END,202606169870695113
NC-14,D,2026,H6NC14036,C00914549,2026-04-01T00:00:00,2026-06-30T00:00:00,0.0,4256.89,-4548.27,JULY QUARTERLY,202607169890853284
NC-14,D,2026,H6NC14036,C00914549,2026-02-12T00:00:00,2026-03-31T00:00:00,5285.0,9954.27,-291.38,APRIL QUARTERLY,202604239866682265
NC-14,D,2026,H6NC14036,C00914549,2026-01-01T00:00:00,2026-02-11T00:00:00,14186.37,38791.21,4377.89,PRE-PRIMARY,202604019856929951
NC-14,D,2026,H6NC14036,C00914549,2026-01-01T00:00:00,2026-02-11T00:00:00,14186.37,38791.21,4377.89,PRE-PRIMARY,202602209834822422
NC-14,D,2026,H6NC14036,C00914549,2025-10-01T00:00:00,2025-12-31T00:00:00,56317.4,27838.11,28982.73,YEAR-END,202604019856929909
NC-14,D,2026,H6NC14036,C00914549,2025-10-01T00:00:00,2025-12-31T00:00:00,56317.4,27838.11,28982.73,YEAR-END,202601319825868680
NC-14,D,2026,H6NC14036,C00914549,2025-07-01T00:00:00,2025-09-30T00:00:00,2355.0,1851.56,503.44,OCTOBER QUARTERLY,202601319825868727
NC-14,D,2026,H6NC14036,C00914549,2025-07-01T00:00:00,2025-09-30T00:00:00,2355.0,1851.56,503.44,OCTOBER QUARTERLY,202604019856929892
KS-01,D,2026,H6KS01195,C00919860,2026-07-01T00:00:00,2026-07-15T00:00:00,8579.54,0.0,31456.63,PRE-PRIMARY,202607239894446364
KS-01,D,2026,H6KS01195,C00919860,2026-04-01T00:00:00,2026-06-30T00:00:00,64665.24,49568.82,22877.09,JULY QUARTERLY,202607159875597171
KS-01,D,2026,H6KS01195,C00919860,2026-01-01T00:00:00,2026-03-31T00:00:00,16048.5,15724.02,7780.67,APRIL QUARTERLY,202604169863150629
KS-01,D,2026,H6KS01195,C00919860,2025-10-01T00:00:00,2025-12-31T00:00:00,11794.29,16697.03,7456.19,YEAR-END,202601319795515173
KS-01,D,2026,H6KS01195,C00919860,2025-07-01T00:00:00,2025-09-30T00:00:00,12905.0,546.07,12358.93,OCTOBER QUARTERLY,202510159791026996
PA-17,R,2026,H6PA17203,C00939272,2026-04-30T00:00:00,2026-06-30T00:00:00,63002.07,69976.01,35848.65,JULY QUARTERLY,202607159875879563
PA-17,R,2026,H6PA17203,C00939272,2026-04-01T00:00:00,2026-04-29T00:00:00,46596.48,11646.65,42822.59,PRE-PRIMARY,202605079866887613
PA-17,R,2026,H6PA17203,C00939272,2026-01-01T00:00:00,2026-03-31T00:00:00,7931.66,58.9,7872.76,APRIL QUARTERLY,202604159862582965
GA-03,D,2026,H6GA03204,C00945519,2026-04-30T00:00:00,2026-06-30T00:00:00,675.0,36399.78,22984.41,JULY QUARTERLY,202607129874888845
GA-03,D,2026,H6GA03204,C00945519,2026-04-01T00:00:00,2026-04-29T00:00:00,88760.0,30278.71,58709.19,PRE-PRIMARY,202607129874888830
GA-03,D,2026,H6GA03204,C00945519,2026-04-01T00:00:00,2026-04-29T00:00:00,89060.0,54051.06,35236.84,PRE-PRIMARY,202605089866898734
GA-03,D,2026,H6GA03204,C00945519,2026-01-01T00:00:00,2026-03-31T00:00:00,15000.0,14772.1,227.9,APRIL QUARTERLY,202605089866898723
GA-03,D,2026,H6GA03204,C00945519,2026-01-01T00:00:00,2026-03-31T00:00:00,14000.0,14772.1,-772.1,APRIL QUARTERLY,202605089866898561
GA-03,D,2026,H6GA03204,C00945519,2026-01-01T00:00:00,2026-03-31T00:00:00,15000.0,14772.1,227.9,APRIL QUARTERLY,202607129874888819
NY-22,R,2026,H6NY22213,C00942011,2026-06-04T00:00:00,2026-06-30T00:00:00,25815.5,33534.12,186587.28,JULY QUARTERLY,202607159875597050
NY-22,R,2026,H6NY22213,C00942011,2026-04-01T00:00:00,2026-06-03T00:00:00,38861.94,42017.79,194305.9,PRE-PRIMARY,202606119870614523
NY-22,R,2026,H6NY22213,C00942011,2026-01-01T00:00:00,2026-03-31T00:00:00,202661.17,5199.42,197461.75,APRIL QUARTERLY,202604159862523168
TX-25,D,2026,H6TX25211,C00904920,2026-04-01T00:00:00,2026-05-31T00:00:00,300.36,17731.45,0.0,TERMINATION REPORT,202606119870604842
TX-25,D,2026,H6TX25211,C00904920,2026-02-12T00:00:00,2026-03-31T00:00:00,7981.62,22675.78,17431.09,APRIL QUARTERLY,202604159857235502
TX-25,D,2026,H6TX25211,C00904920,2026-01-01T00:00:00,2026-02-11T00:00:00,5797.83,10060.48,32125.25,PRE-PRIMARY,202602199834815961
TX-25,D,2026,H6TX25211,C00904920,2025-10-01T00:00:00,2025-12-31T00:00:00,11661.24,19118.41,36387.9,YEAR-END,202601289794286880
TX-25,D,2026,H6TX25211,C00904920,2025-07-01T00:00:00,2025-09-30T00:00:00,24472.0,4170.3,43845.07,OCTOBER QUARTERLY,202601289794286857
TX-25,D,2026,H6TX25211,C00904920,2025-07-01T00:00:00,2025-09-30T00:00:00,24652.0,4172.68,44022.69,OCTOBER QUARTERLY,202510159791599433
TX-25,D,2026,H6TX25211,C00904920,2025-04-01T00:00:00,2025-06-30T00:00:00,28841.89,5298.52,23543.37,JULY QUARTERLY,202507159763379543
NJ-03,R,2026,H6NJ03184,C00932319,2026-05-14T00:00:00,2026-06-30T00:00:00,8675.0,11690.19,807.29,JULY QUARTERLY,202607159875694308
NJ-03,R,2026,H6NJ03184,C00932319,2026-04-01T00:00:00,2026-05-13T00:00:00,15855.0,34864.03,3822.48,PRE-PRIMARY,202605219870208245
NJ-03,R,2026,H6NJ03184,C00932319,2026-01-01T00:00:00,2026-03-31T00:00:00,54660.0,31828.49,22831.51,APRIL QUARTERLY,202604159857236101
NJ-03,R,2026,H6NJ03184,C00932319,2025-12-30T00:00:00,2025-12-31T00:00:00,0.0,0.0,0.0,YEAR-END,202601309795275512
CA-46,R,2026,H4CA46137,C00847699,2026-05-14T00:00:00,2026-06-30T00:00:00,8000.0,3635.02,6237.67,JULY QUARTERLY,202607159875530838
CA-46,R,2026,H4CA46137,C00847699,2026-04-01T00:00:00,2026-05-13T00:00:00,5770.0,7976.03,1872.36,PRE-PRIMARY,202605219870210900
CA-46,R,2026,H4CA46137,C00847699,2026-01-01T00:00:00,2026-03-31T00:00:00,11558.0,36752.96,4078.39,APRIL QUARTERLY,202604159862439170
CA-46,R,2026,H4CA46137,C00847699,2025-10-01T00:00:00,2025-12-31T00:00:00,23915.0,11757.7,29273.35,YEAR-END,202602029825903921
CA-46,R,2026,H4CA46137,C00847699,2025-07-01T00:00:00,2025-09-30T00:00:00,14449.0,4127.45,17116.05,OCTOBER QUARTERLY,202510159791111714
CA-46,R,2026,H4CA46137,C00847699,2025-04-01T00:00:00,2025-06-30T00:00:00,8775.0,3962.61,6794.5,JULY QUARTERLY,202507159763067787
CA-46,R,2026,H4CA46137,C00847699,2025-01-01T00:00:00,2025-03-31T00:00:00,8258.51,9156.4,1982.09,APRIL QUARTERLY,202504119755217517
NJ-12,R,2026,H2NJ06210,C00796649,2026-05-14T00:00:00,2026-06-30T00:00:00,11931.59,14005.17,3083.83,JULY QUARTERLY,202607149874946540
NJ-12,R,2026,H2NJ06210,C00796649,2026-04-01T00:00:00,2026-05-13T00:00:00,12753.25,12412.41,5157.41,PRE-PRIMARY,202607129874889191
NJ-12,R,2026,H2NJ06210,C00796649,2026-04-01T00:00:00,2026-05-13T00:00:00,12777.95,12412.41,5182.11,PRE-PRIMARY,202605219870205939
NJ-12,R,2026,H2NJ06210,C00796649,2026-01-01T00:00:00,2026-03-31T00:00:00,11933.68,7117.11,4816.57,APRIL QUARTERLY,202604159857262341
NJ-12,R,2026,H2NJ06210,C00796649,2025-10-01T00:00:00,2025-12-31T00:00:00,42806.4,42806.4,0.0,YEAR-END,202603029837886177
NJ-12,R,2026,H2NJ06210,C00796649,2025-10-01T00:00:00,2025-12-31T00:00:00,21225.0,21225.0,0.0,YEAR-END,202601319808287254
FL-20,R,2026,H6FL20069,C00892570,2026-04-01T00:00:00,2026-06-30T00:00:00,26909.19,15856.53,12127.38,JULY QUARTERLY,202607159880541161
FL-20,R,2026,H6FL20069,C00892570,2026-01-01T00:00:00,2026-03-31T00:00:00,10156.26,11273.72,1074.72,APRIL QUARTERLY,202605269870278733
FL-20,R,2026,H6FL20069,C00892570,2026-01-01T00:00:00,2026-03-31T00:00:00,6806.26,11273.72,-2275.28,APRIL QUARTERLY,202604029856933582
FL-20,R,2026,H6FL20069,C00892570,2025-10-01T00:00:00,2025-12-31T00:00:00,16482.5,14019.46,2192.18,YEAR-END,202601059793905734
FL-20,R,2026,H6FL20069,C00892570,2025-10-01T00:00:00,2025-12-31T00:00:00,16482.5,14019.46,2192.18,YEAR-END,202603109837934982
FL-20,R,2026,H6FL20069,C00892570,2025-07-01T00:00:00,2025-09-30T00:00:00,14840.14,18046.34,-270.86,OCTOBER QUARTERLY,202603109837934964
FL-20,R,2026,H6FL20069,C00892570,2025-07-01T00:00:00,2025-09-30T00:00:00,14840.14,18046.34,-270.86,OCTOBER QUARTERLY,202510159791117412
FL-20,R,2026,H6FL20069,C00892570,2025-04-01T00:00:00,2025-06-30T00:00:00,3181.28,4576.28,2935.34,JULY QUARTERLY,202603109837934935
FL-20,R,2026,H6FL20069,C00892570,2025-04-01T00:00:00,2025-06-30T00:00:00,3181.28,4576.28,2935.34,JULY QUARTERLY,202507109762753712
FL-20,R,2026,H6FL20069,C00892570,2025-01-01T00:00:00,2025-03-31T00:00:00,16847.4,12517.06,4330.34,APRIL QUARTERLY,202504159755377340
CA-23,D,2026,H6CA23263,C00902072,2026-01-01T00:00:00,2026-01-29T00:00:00,4360.36,5353.88,0.0,TERMINATION REPORT,202601299794399120
CA-23,D,2026,H6CA23263,C00902072,2025-10-01T00:00:00,2025-12-31T00:00:00,11605.92,18047.99,993.52,YEAR-END,202601299794397776
CA-23,D,2026,H6CA23263,C00902072,2025-07-01T00:00:00,2025-09-30T00:00:00,27565.77,29318.25,7435.59,OCTOBER QUARTERLY,202601299794394641
CA-23,D,2026,H6CA23263,C00902072,2025-07-01T00:00:00,2025-09-30T00:00:00,21522.5,23274.98,7435.59,OCTOBER QUARTERLY,202510149790784717
CA-23,D,2026,H6CA23263,C00902072,2025-04-10T00:00:00,2025-06-30T00:00:00,24802.99,15614.92,9188.07,JULY QUARTERLY,202507159762866363
CA-23,D,2026,H6CA23263,C00902072,2025-04-10T00:00:00,2025-06-30T00:00:00,29142.68,19954.61,9188.07,JULY QUARTERLY,202601299794393669
VA-09,D,2026,H6VA09136,C00926725,2026-07-01T00:00:00,2026-07-15T00:00:00,1697.07,5770.91,13940.61,PRE-PRIMARY,202607239894444045
VA-09,D,2026,H6VA09136,C00926725,2026-04-01T00:00:00,2026-06-30T00:00:00,41935.92,37177.5,18014.45,JULY QUARTERLY,202607159875814869
VA-09,D,2026,H6VA09136,C00926725,2026-01-01T00:00:00,2026-03-31T00:00:00,29927.48,26762.24,13256.03,APRIL QUARTERLY,202604159857242323
VA-09,D,2026,H6VA09136,C00926725,2025-11-14T00:00:00,2025-12-31T00:00:00,11775.0,1684.21,10090.79,YEAR-END,202601309795251570
NY-12,R,2026,H6NY12404,C00937920,2026-06-04T00:00:00,2026-06-30T00:00:00,21505.19,12383.41,83846.68,JULY QUARTERLY,202607159875945419
NY-12,R,2026,H6NY12404,C00937920,2026-04-01T00:00:00,2026-06-03T00:00:00,62727.28,49328.88,74724.9,PRE-PRIMARY,202606119870619191
NY-12,R,2026,H6NY12404,C00937920,2026-01-01T00:00:00,2026-03-31T00:00:00,70912.15,9585.65,61326.5,APRIL QUARTERLY,202604159862438195
WI-06,D,2026,H6WI06191,C00920231,2026-04-01T00:00:00,2026-06-30T00:00:00,74102.89,42979.79,84310.91,JULY QUARTERLY,202607139874937990
WI-06,D,2026,H6WI06191,C00920231,2026-01-01T00:00:00,2026-03-31T00:00:00,48315.21,18494.83,53187.81,APRIL QUARTERLY,202604069856983583
WI-06,D,2026,H6WI06191,C00920231,2025-10-01T00:00:00,2025-12-31T00:00:00,27234.63,9339.85,23367.43,YEAR-END,202601299794415539
WI-06,D,2026,H6WI06191,C00920231,2025-07-01T00:00:00,2025-09-30T00:00:00,5762.33,289.68,5472.65,OCTOBER QUARTERLY,202510089790718499
WI-06,D,2026,H6WI06191,C00920231,2025-07-01T00:00:00,2025-09-30T00:00:00,5762.33,289.68,5472.65,OCTOBER QUARTERLY,202510069790678400
OR-02,D,2026,H6OR02231,C00918516,2026-04-30T00:00:00,2026-06-30T00:00:00,1332.0,6479.42,0.0,TERMINATION REPORT,202607149875018124
OR-02,D,2026,H6OR02231,C00918516,2026-04-01T00:00:00,2026-04-29T00:00:00,11861.28,12475.55,5147.42,PRE-PRIMARY,202607149875017766
OR-02,D,2026,H6OR02231,C00918516,2026-04-01T00:00:00,2026-04-29T00:00:00,12861.28,12475.55,6147.42,PRE-PRIMARY,202605089866913100
OR-02,D,2026,H6OR02231,C00918516,2026-04-01T00:00:00,2026-04-29T00:00:00,12685.0,12299.27,6147.42,PRE-PRIMARY,202605069866843136
OR-02,D,2026,H6OR02231,C00918516,2026-01-01T00:00:00,2026-03-31T00:00:00,25136.42,32865.01,5761.69,APRIL QUARTERLY,202607149875016454
OR-02,D,2026,H6OR02231,C00918516,2026-01-01T00:00:00,2026-03-31T00:00:00,22441.42,30170.01,5761.69,APRIL QUARTERLY,202604159857795272
OR-02,D,2026,H6OR02231,C00918516,2025-10-01T00:00:00,2025-12-31T00:00:00,16611.44,16971.58,13490.28,YEAR-END,202604149857194338
OR-02,D,2026,H6OR02231,C00918516,2025-10-01T00:00:00,2025-12-31T00:00:00,16621.44,16971.58,13500.28,YEAR-END,202601269794191554
OR-02,D,2026,H6OR02231,C00918516,2025-10-01T00:00:00,2025-12-31T00:00:00,16621.44,16971.58,13500.28,YEAR-END,202604079857017440
OR-02,D,2026,H6OR02231,C00918516,2025-07-01T00:00:00,2025-09-30T00:00:00,16065.0,2214.58,13850.42,OCTOBER QUARTERLY,202510149790786723
ME-01,R,2026,H4ME01160,C00860379,2026-05-21T00:00:00,2026-06-30T00:00:00,12437.34,6262.31,20022.75,JULY QUARTERLY,202607159875947414
ME-01,R,2026,H4ME01160,C00860379,2026-04-01T00:00:00,2026-05-20T00:00:00,2123.54,6651.54,13847.72,PRE-PRIMARY,202605289870321370
ME-01,R,2026,H4ME01160,C00860379,2026-01-01T00:00:00,2026-03-31T00:00:00,50067.91,35130.43,18375.72,APRIL QUARTERLY,202604159857239652
ME-01,R,2026,H4ME01160,C00860379,2025-10-01T00:00:00,2025-12-31T00:00:00,11050.77,16384.23,3438.24,YEAR-END,202601139793967490
ME-01,R,2026,H4ME01160,C00860379,2025-07-01T00:00:00,2025-09-30T00:00:00,0.0,1727.97,8771.7,OCTOBER QUARTERLY,202512089793383389
ME-01,R,2026,H4ME01160,C00860379,2025-04-01T00:00:00,2025-06-30T00:00:00,0.26,1980.68,10499.67,JULY QUARTERLY,202512089793383291
ME-01,R,2026,H4ME01160,C00860379,2025-01-01T00:00:00,2025-03-31T00:00:00,0.0,1740.99,12480.09,APRIL QUARTERLY,202504089755144535
KY-02,D,2026,H2KY02125,C00770057,2026-04-30T00:00:00,2026-06-30T00:00:00,7507.62,8328.81,183.93,JULY QUARTERLY,202607139874902076
KY-02,D,2026,H2KY02125,C00770057,2026-04-01T00:00:00,2026-04-29T00:00:00,2011.91,4150.51,271.6,PRE-PRIMARY,202605049866799466
KY-02,D,2026,H2KY02125,C00770057,2026-01-01T00:00:00,2026-03-31T00:00:00,25290.42,27214.33,4687.01,APRIL QUARTERLY,202604059856982257
KY-02,D,2026,H2KY02125,C00770057,2025-10-01T00:00:00,2025-12-31T00:00:00,31634.13,24760.62,8072.64,YEAR-END,202601119793939767
KY-02,D,2026,H2KY02125,C00770057,2025-07-01T00:00:00,2025-09-30T00:00:00,1143.59,866.12,1199.13,OCTOBER QUARTERLY,202510069790706486
KY-02,D,2026,H2KY02125,C00770057,2025-04-01T00:00:00,2025-06-30T00:00:00,1601.79,1195.75,921.66,JULY QUARTERLY,202507069762728152
KY-02,D,2026,H2KY02125,C00770057,2025-01-01T00:00:00,2025-03-31T00:00:00,380.0,250.0,569.1,APRIL QUARTERLY,202504079755055418
SC-05,D,2026,H6SC05228,C00918177,2026-05-21T00:00:00,2026-06-30T00:00:00,23062.03,10503.32,74508.44,JULY QUARTERLY,202607159875650805
SC-05,D,2026,H6SC05228,C00918177,2026-04-01T00:00:00,2026-05-20T00:00:00,36143.92,19845.55,61949.73,PRE-PRIMARY,202605299870344826
SC-05,D,2026,H6SC05228,C00918177,2026-01-01T00:00:00,2026-03-31T00:00:00,40599.4,19625.7,45651.36,APRIL QUARTERLY,202604159863077084
SC-05,D,2026,H6SC05228,C00918177,2025-10-01T00:00:00,2025-12-31T00:00:00,18016.42,13249.1,24677.66,YEAR-END,202601309795190609
SC-05,D,2026,H6SC05228,C00918177,2025-10-01T00:00:00,2025-12-31T00:00:00,18016.42,13249.1,24677.66,YEAR-END,202602019825895313
SC-05,D,2026,H6SC05228,C00918177,2025-07-01T00:00:00,2025-09-30T00:00:00,21895.65,1985.31,19910.34,OCTOBER QUARTERLY,202601289794258510
SC-05,D,2026,H6SC05228,C00918177,2025-07-01T00:00:00,2025-09-30T00:00:00,21895.65,623.52,21272.13,OCTOBER QUARTERLY,202510159791115267
SC-05,D,2026,H6SC05228,C00918177,2025-07-01T00:00:00,2025-09-30T00:00:00,21895.65,1985.31,19910.34,OCTOBER QUARTERLY,202602019825895269
GA-11,D,2026,H6GA11116,C00923573,2026-04-30T00:00:00,2026-06-30T00:00:00,22654.66,23031.26,3578.0,JULY QUARTERLY,202607159890807239
GA-11,D,2026,H6GA11116,C00923573,2026-04-01T00:00:00,2026-04-29T00:00:00,4040.12,8022.23,3954.6,PRE-PRIMARY,202605079866898118
GA-11,D,2026,H6GA11116,C00923573,2026-04-01T00:00:00,2026-04-29T00:00:00,4040.12,8022.23,-1191.06,PRE-PRIMARY,202605079866897722
GA-11,D,2026,H6GA11116,C00923573,2026-01-01T00:00:00,2026-03-31T00:00:00,35732.47,32941.42,7936.71,APRIL QUARTERLY,202605079866898078
GA-11,D,2026,H6GA11116,C00923573,2026-01-01T00:00:00,2026-03-31T00:00:00,35732.47,32941.42,2791.05,APRIL QUARTERLY,202604159862986979
GA-11,D,2026,H6GA11116,C00923573,2025-01-01T00:00:00,2025-12-31T00:00:00,13903.0,0.0,13903.0,YEAR-END,202602029825898798
MI-02,D,2026,H6MI02216,C00908079,2026-07-01T00:00:00,2026-07-15T00:00:00,1083.24,5447.75,21867.55,PRE-PRIMARY,202607229894415197
MI-02,D,2026,H6MI02216,C00908079,2026-04-01T00:00:00,2026-06-30T00:00:00,29821.72,58202.09,729.51,JULY QUARTERLY,202607159875296892
MI-02,D,2026,H6MI02216,C00908079,2026-04-01T00:00:00,2026-06-30T00:00:00,29921.72,31802.37,26232.06,JULY QUARTERLY,202607219894392259
MI-02,D,2026,H6MI02216,C00908079,2026-04-01T00:00:00,2026-06-30T00:00:00,29921.72,31222.97,26811.46,JULY QUARTERLY,202607219894392227
MI-02,D,2026,H6MI02216,C00908079,2026-01-01T00:00:00,2026-03-31T00:00:00,22578.0,14663.28,28112.71,APRIL QUARTERLY,202607219894392212
MI-02,D,2026,H6MI02216,C00908079,2026-01-01T00:00:00,2026-03-31T00:00:00,22578.0,14103.76,29109.88,APRIL QUARTERLY,202607159875292369
MI-02,D,2026,H6MI02216,C00908079,2026-01-01T00:00:00,2026-03-31T00:00:00,22578.0,14103.76,25096.78,APRIL QUARTERLY,202604159863080508
MI-02,D,2026,H6MI02216,C00908079,2025-10-01T00:00:00,2025-12-31T00:00:00,7380.0,3366.9,20635.64,YEAR-END,202601319808873457
MI-02,D,2026,H6MI02216,C00908079,2025-07-01T00:00:00,2025-09-30T00:00:00,17551.0,6552.35,16622.54,OCTOBER QUARTERLY,202510179791630848
MI-02,D,2026,H6MI02216,C00908079,2025-04-01T00:00:00,2025-06-30T00:00:00,6580.0,1006.11,5623.89,JULY QUARTERLY,202507099762742487
MI-02,D,2026,H6MI02216,C00908079,2025-04-01T00:00:00,2025-06-30T00:00:00,6580.0,1007.1,5622.9,JULY QUARTERLY,202607179890862379
MO-08,D,2026,H6MO08191,C00934620,2026-07-01T00:00:00,2026-07-15T00:00:00,1883.61,22211.49,19800.26,PRE-PRIMARY,202607229894418693
MO-08,D,2026,H6MO08191,C00934620,2026-04-01T00:00:00,2026-06-30T00:00:00,44286.21,33170.48,39178.14,JULY QUARTERLY,202607139874939501
MO-08,D,2026,H6MO08191,C00934620,2026-04-01T00:00:00,2026-06-30T00:00:00,45236.21,33170.48,40128.14,JULY QUARTERLY,202607149875040668
MO-08,D,2026,H6MO08191,C00934620,2026-01-01T00:00:00,2026-03-31T00:00:00,35414.0,7351.59,28062.41,APRIL QUARTERLY,202604129857122774
CO-07,R,2026,H6CO07122,C00935726,2026-06-11T00:00:00,2026-06-30T00:00:00,9843.87,9868.44,1325.42,JULY QUARTERLY,202607149874981498
CO-07,R,2026,H6CO07122,C00935726,2026-04-01T00:00:00,2026-06-10T00:00:00,16359.81,20042.34,1349.99,PRE-PRIMARY,202606189870714585
CO-07,R,2026,H6CO07122,C00935726,2026-01-01T00:00:00,2026-03-31T00:00:00,37102.65,32070.13,5032.52,APRIL QUARTERLY,202604139857138407
OK-04,D,2026,H6OK04163,C00918250,2026-05-28T00:00:00,2026-06-30T00:00:00,8144.2,26636.62,11993.17,JULY QUARTERLY,202607159875748557
OK-04,D,2026,H6OK04163,C00918250,2026-04-01T00:00:00,2026-05-27T00:00:00,15501.78,17023.41,30485.59,PRE-PRIMARY,202606039870368076
OK-04,D,2026,H6OK04163,C00918250,2026-04-01T00:00:00,2026-05-27T00:00:00,15501.78,17023.41,30485.59,PRE-PRIMARY,202606039870368265
OK-04,D,2026,H6OK04163,C00918250,2026-01-01T00:00:00,2026-03-31T00:00:00,23545.23,11924.37,32007.22,APRIL QUARTERLY,202604159862439274
OK-04,D,2026,H6OK04163,C00918250,2025-10-01T00:00:00,2025-12-31T00:00:00,12817.0,2873.61,20386.36,YEAR-END,202601299794408369
OK-04,D,2026,H6OK04163,C00918250,2025-07-01T00:00:00,2025-09-30T00:00:00,13524.41,3081.44,10442.97,OCTOBER QUARTERLY,202510149790784489
TN-06,D,2026,H6TN06270,C00909143,2026-07-01T00:00:00,2026-07-17T00:00:00,9288.28,12760.54,25767.71,PRE-PRIMARY,202607259894466281
TN-06,D,2026,H6TN06270,C00909143,2026-04-01T00:00:00,2026-06-30T00:00:00,24986.09,38470.62,29239.97,JULY QUARTERLY,202607249894463679
TN-06,D,2026,H6TN06270,C00909143,2026-04-01T00:00:00,2026-06-30T00:00:00,22079.2,35563.73,29239.97,JULY QUARTERLY,202607159890622040
TN-06,D,2026,H6TN06270,C00909143,2026-04-01T00:00:00,2026-06-30T00:00:00,24916.1,38400.63,29239.97,JULY QUARTERLY,202607179890861968
TN-06,D,2026,H6TN06270,C00909143,2026-01-01T00:00:00,2026-03-31T00:00:00,25369.72,7832.73,42724.5,APRIL QUARTERLY,202604309866780237
TN-06,D,2026,H6TN06270,C00909143,2025-10-01T00:00:00,2025-12-31T00:00:00,27225.0,2037.49,25187.51,YEAR-END,202602049825917034
FL-17,D,2026,H4FL17060,C00924787,2026-04-01T00:00:00,2026-06-30T00:00:00,18337.97,28695.45,29946.52,JULY QUARTERLY,202607139874898731
FL-17,D,2026,H4FL17060,C00924787,2026-01-01T00:00:00,2026-03-31T00:00:00,34176.82,17883.45,40304.0,APRIL QUARTERLY,202606299874277260
FL-17,D,2026,H4FL17060,C00924787,2026-01-01T00:00:00,2026-03-31T00:00:00,34176.82,17883.45,40348.0,APRIL QUARTERLY,202604159857293870
FL-17,D,2026,H4FL17060,C00924787,2025-09-01T00:00:00,2025-12-31T00:00:00,41232.01,17177.38,24054.63,YEAR-END,202601309794559012
FL-17,D,2026,H4FL17060,C00924787,2025-09-01T00:00:00,2025-12-31T00:00:00,38145.0,14094.37,24050.63,YEAR-END,202605269870278784
MP-01,R,2026,H4MP01022,C00873554,2026-04-01T00:00:00,2026-06-30T00:00:00,16187.92,27647.99,12152.66,JULY QUARTERLY,202607159875048171
MP-01,R,2026,H4MP01022,C00873554,2026-01-01T00:00:00,2026-03-31T00:00:00,24034.08,4945.78,23612.73,APRIL QUARTERLY,202604099857033299
MP-01,R,2026,H4MP01022,C00873554,2025-10-01T00:00:00,2025-12-31T00:00:00,7530.66,9300.55,4524.43,YEAR-END,202601289794285824
MP-01,R,2026,H4MP01022,C00873554,2025-07-01T00:00:00,2025-09-30T00:00:00,7253.81,6449.67,6294.32,OCTOBER QUARTERLY,202510159790812228
MP-01,R,2026,H4MP01022,C00873554,2025-04-01T00:00:00,2025-06-30T00:00:00,3025.0,7768.76,5490.18,JULY QUARTERLY,202507149762782007
MP-01,R,2026,H4MP01022,C00873554,2025-01-01T00:00:00,2025-03-31T00:00:00,6090.43,3325.59,10233.94,APRIL QUARTERLY,202504119755207973
NC-10,D,2026,H6NC10174,C00901934,2026-04-01T00:00:00,2026-06-30T00:00:00,46938.68,18959.8,33673.92,JULY QUARTERLY,202607139874897136
NC-10,D,2026,H6NC10174,C00901934,2026-04-01T00:00:00,2026-06-30T00:00:00,46938.68,26459.8,26173.92,JULY QUARTERLY,202607139874942497
NC-10,D,2026,H6NC10174,C00901934,2026-02-12T00:00:00,2026-03-31T00:00:00,7459.36,5594.21,5695.04,APRIL QUARTERLY,202604159857586756
NC-10,D,2026,H6NC10174,C00901934,2026-01-01T00:00:00,2026-02-11T00:00:00,13260.0,9978.01,3829.89,PRE-PRIMARY,202607149874944836
NC-10,D,2026,H6NC10174,C00901934,2026-01-01T00:00:00,2026-02-11T00:00:00,6178.0,4978.01,1747.89,PRE-PRIMARY,202602199834803310
NC-10,D,2026,H6NC10174,C00901934,2025-10-01T00:00:00,2025-12-31T00:00:00,6205.0,7329.94,547.9,YEAR-END,202601139793964861
NC-10,D,2026,H6NC10174,C00901934,2025-07-01T00:00:00,2025-09-30T00:00:00,6160.67,5685.84,1672.84,OCTOBER QUARTERLY,202510219791977305
NC-10,D,2026,H6NC10174,C00901934,2025-07-01T00:00:00,2025-09-30T00:00:00,8160.67,7685.84,1672.84,OCTOBER QUARTERLY,202607149874944652
NC-10,D,2026,H6NC10174,C00901934,2025-04-01T00:00:00,2025-06-30T00:00:00,2000.5,757.49,1243.01,JULY QUARTERLY,202507159763327649
NM-01,R,2026,H6NM01129,C00908509,2026-05-14T00:00:00,2026-06-30T00:00:00,24454.47,17987.86,42740.98,JULY QUARTERLY,202607159890613202
NM-01,R,2026,H6NM01129,C00908509,2026-04-01T00:00:00,2026-05-13T00:00:00,22334.18,15653.54,36274.37,PRE-PRIMARY,202605219870211529
NM-01,R,2026,H6NM01129,C00908509,2026-01-01T00:00:00,2026-03-31T00:00:00,34249.45,8931.07,29593.73,APRIL QUARTERLY,202604159857813941
NM-01,R,2026,H6NM01129,C00908509,2025-10-01T00:00:00,2025-12-31T00:00:00,3819.78,6309.21,4275.35,YEAR-END,202601319808523070
NM-01,R,2026,H6NM01129,C00908509,2025-07-01T00:00:00,2025-09-30T00:00:00,15282.18,8717.4,6764.78,OCTOBER QUARTERLY,202510279792027833
NM-01,R,2026,H6NM01129,C00908509,2025-07-01T00:00:00,2025-09-30T00:00:00,15282.18,8717.4,6764.78,OCTOBER QUARTERLY,202510159791405749
NM-01,R,2026,H6NM01129,C00908509,2025-04-01T00:00:00,2025-06-30T00:00:00,200.0,0.0,200.0,JULY QUARTERLY,202507159763447390
FL-16,D,2026,H6FL16158,C00949073,2026-04-01T00:00:00,2026-06-30T00:00:00,223279.77,56998.77,166281.0,JULY QUARTERLY,202607149874972889
CA-31,R,2026,H2CA39151,C00776930,2026-05-14T00:00:00,2026-06-30T00:00:00,14184.0,8177.44,64913.3,JULY QUARTERLY,202607069874770774
CA-31,R,2026,H2CA39151,C00776930,2026-04-01T00:00:00,2026-05-13T00:00:00,250.0,10788.6,58906.74,PRE-PRIMARY,202605149866963033
CA-31,R,2026,H2CA39151,C00776930,2026-01-01T00:00:00,2026-03-31T00:00:00,58512.33,21593.34,69445.34,APRIL QUARTERLY,202604039856948209
CA-31,R,2026,H2CA39151,C00776930,2025-10-01T00:00:00,2025-12-31T00:00:00,0.0,8205.48,32526.35,YEAR-END,202601059793906289
CA-31,R,2026,H2CA39151,C00776930,2025-07-01T00:00:00,2025-09-30T00:00:00,6625.0,5095.98,40731.83,OCTOBER QUARTERLY,202510049790676597
CA-31,R,2026,H2CA39151,C00776930,2025-04-01T00:00:00,2025-06-30T00:00:00,2000.0,1804.91,39202.81,JULY QUARTERLY,202507099762743604
CA-31,R,2026,H2CA39151,C00776930,2025-01-01T00:00:00,2025-03-31T00:00:00,0.0,1232.85,39007.72,APRIL QUARTERLY,202504029755034535
CA-18,R,2026,H6CA18172,C00920397,2026-05-14T00:00:00,2026-06-30T00:00:00,15309.48,17079.6,3307.35,JULY QUARTERLY,202607109874852149
CA-18,R,2026,H6CA18172,C00920397,2026-04-01T00:00:00,2026-05-13T00:00:00,4709.52,16029.16,5077.47,PRE-PRIMARY,202605199867008110
CA-18,R,2026,H6CA18172,C00920397,2026-01-01T00:00:00,2026-03-31T00:00:00,39358.57,22977.46,16397.11,APRIL QUARTERLY,202604049856980896
CA-18,R,2026,H6CA18172,C00920397,2025-10-01T00:00:00,2025-12-31T00:00:00,702.55,786.55,16.0,YEAR-END,202601279794242672
CA-18,R,2026,H6CA18172,C00920397,2025-07-01T00:00:00,2025-09-30T00:00:00,100.0,0.0,100.0,OCTOBER QUARTERLY,202510139790748213
CA-30,R,2026,H6CA30250,C00937912,2026-05-14T00:00:00,2026-06-30T00:00:00,425.0,10362.51,2616.13,JULY QUARTERLY,202607099874818988
CA-30,R,2026,H6CA30250,C00937912,2026-04-01T00:00:00,2026-05-13T00:00:00,24549.0,20841.76,12553.64,PRE-PRIMARY,202605209867434793
CA-30,R,2026,H6CA30250,C00937912,2026-01-01T00:00:00,2026-03-31T00:00:00,33320.0,24473.6,8846.4,APRIL QUARTERLY,202604149857194386
CA-30,R,2026,H6CA30250,C00937912,2026-01-01T00:00:00,2026-03-31T00:00:00,33320.0,24423.6,8896.4,APRIL QUARTERLY,202604139857141867
CA-30,R,2026,H6CA30250,C00937912,2026-01-01T00:00:00,2026-03-31T00:00:00,33320.0,23223.6,10096.4,APRIL QUARTERLY,202604109857094466
IL-07,R,2026,H2IL08203,C00911453,2026-04-01T00:00:00,2026-06-30T00:00:00,4212.39,11505.9,42.2,JULY QUARTERLY,202607149875041165
IL-07,R,2026,H2IL08203,C00911453,2026-02-26T00:00:00,2026-03-31T00:00:00,6479.55,20176.37,7335.71,APRIL QUARTERLY,202607149875041137
IL-07,R,2026,H2IL08203,C00911453,2026-01-01T00:00:00,2026-02-25T00:00:00,44578.62,23546.09,21032.53,PRE-PRIMARY,202607149875040971
IL-07,R,2026,H2IL08203,C00911453,2025-10-01T00:00:00,2025-12-31T00:00:00,90.0,90.0,0.0,YEAR-END,202607149875040957
IL-07,R,2026,H2IL08203,C00911453,2025-07-10T00:00:00,2025-09-30T00:00:00,90.0,90.0,0.0,OCTOBER QUARTERLY,202607149875040943
MO-06,D,2026,H6MO06260,C00900233,2026-07-01T00:00:00,2026-07-15T00:00:00,3257.03,3359.66,16946.54,PRE-PRIMARY,202607239894440552
MO-06,D,2026,H6MO06260,C00900233,2026-04-01T00:00:00,2026-06-30T00:00:00,22727.12,22507.32,17049.17,JULY QUARTERLY,202607159875694852
MO-06,D,2026,H6MO06260,C00900233,2026-01-01T00:00:00,2026-03-31T00:00:00,20126.08,12048.79,16829.37,APRIL QUARTERLY,202607159875693899
MO-06,D,2026,H6MO06260,C00900233,2026-01-01T00:00:00,2026-03-31T00:00:00,20055.82,11610.14,17776.32,APRIL QUARTERLY,202604159857295510
MO-06,D,2026,H6MO06260,C00900233,2026-01-01T00:00:00,2026-03-31T00:00:00,20055.82,11610.14,17776.32,APRIL QUARTERLY,202604289866710496
MO-06,D,2026,H6MO06260,C00900233,2025-10-01T00:00:00,2025-12-31T00:00:00,4791.67,6286.48,8752.08,YEAR-END,202607159875687890
MO-06,D,2026,H6MO06260,C00900233,2025-10-01T00:00:00,2025-12-31T00:00:00,4791.67,6198.89,9330.64,YEAR-END,202601239794151153
MO-06,D,2026,H6MO06260,C00900233,2025-10-01T00:00:00,2025-12-31T00:00:00,4791.67,6198.89,9330.64,YEAR-END,202604289866710475
MO-06,D,2026,H6MO06260,C00900233,2025-07-01T00:00:00,2025-09-30T00:00:00,13757.04,7528.05,10246.89,OCTOBER QUARTERLY,202607159875683481
MO-06,D,2026,H6MO06260,C00900233,2025-07-01T00:00:00,2025-09-30T00:00:00,13757.04,7207.26,10737.86,OCTOBER QUARTERLY,202604289866710448
MO-06,D,2026,H6MO06260,C00900233,2025-07-01T00:00:00,2025-09-30T00:00:00,13757.04,7207.26,10737.86,OCTOBER QUARTERLY,202510139790774850
MO-06,D,2026,H6MO06260,C00900233,2025-04-01T00:00:00,2025-06-30T00:00:00,5637.61,3139.19,4017.9,JULY QUARTERLY,202607159875674109
MO-06,D,2026,H6MO06260,C00900233,2025-04-01T00:00:00,2025-06-30T00:00:00,5637.61,3024.53,4188.08,JULY QUARTERLY,202510059790678042
MO-06,D,2026,H6MO06260,C00900233,2025-04-01T00:00:00,2025-06-30T00:00:00,5462.61,3024.53,4013.08,JULY QUARTERLY,202507159762845696
MO-06,D,2026,H6MO06260,C00900233,2025-04-01T00:00:00,2025-06-30T00:00:00,5637.61,3024.53,4188.08,JULY QUARTERLY,202604289866710423
MO-06,D,2026,H6MO06260,C00900233,2025-01-01T00:00:00,2025-03-31T00:00:00,1804.64,0.0,1804.64,APRIL QUARTERLY,202504119755216341
MO-06,D,2026,H6MO06260,C00900233,2025-01-01T00:00:00,2025-03-31T00:00:00,1804.64,285.16,1519.48,APRIL QUARTERLY,202607159875669110
MO-06,D,2026,H6MO06260,C00900233,2025-01-01T00:00:00,2025-03-31T00:00:00,1804.64,229.64,1575.0,APRIL QUARTERLY,202507149762837993
TX-22,D,2026,H4TX22197,C00856872,2026-04-01T00:00:00,2026-06-30T00:00:00,12748.48,13083.38,126.68,JULY QUARTERLY,202607209890922794
TX-22,D,2026,H4TX22197,C00856872,2026-02-12T00:00:00,2026-03-31T00:00:00,4442.15,9260.03,116.29,APRIL QUARTERLY,202604159857485430
TX-22,D,2026,H4TX22197,C00856872,2026-01-01T00:00:00,2026-02-11T00:00:00,1965.0,7840.26,3938.28,PRE-PRIMARY,202602199834758637
TX-22,D,2026,H4TX22197,C00856872,2025-10-01T00:00:00,2025-12-31T00:00:00,18665.0,17132.83,8727.32,YEAR-END,202602019825898299
TX-22,D,2026,H4TX22197,C00856872,2025-07-01T00:00:00,2025-09-30T00:00:00,15050.0,5371.86,9678.14,OCTOBER QUARTERLY,202510149790798975
TX-22,D,2026,H4TX22197,C00856872,2025-04-01T00:00:00,2025-06-30T00:00:00,515.0,626.4,9.75,JULY QUARTERLY,202507159763448755
TX-22,D,2026,H4TX22197,C00856872,2025-01-01T00:00:00,2025-03-31T00:00:00,375.0,299.88,75.12,APRIL QUARTERLY,202504169756087027
OR-06,R,2026,H2OR06124,C00809178,2026-04-01T00:00:00,2026-06-30T00:00:00,1090.0,1091.57,10.04,JULY QUARTERLY,202607159875463323
OR-06,R,2026,H2OR06124,C00809178,2026-01-01T00:00:00,2026-03-31T00:00:00,100.0,90.33,11.61,APRIL QUARTERLY,202604159857721625
OR-06,R,2026,H2OR06124,C00809178,2025-10-01T00:00:00,2025-12-31T00:00:00,90.0,90.3,1.94,YEAR-END,202601219794110298
OR-06,R,2026,H2OR06124,C00809178,2025-07-01T00:00:00,2025-09-30T00:00:00,90.0,90.26,2.24,OCTOBER QUARTERLY,202510149790789593
OR-06,R,2026,H2OR06124,C00809178,2025-04-01T00:00:00,2025-06-30T00:00:00,60.0,77.0,2.5,JULY QUARTERLY,202507159763318987
OR-06,R,2026,H2OR06124,C00809178,2025-01-01T00:00:00,2025-03-31T00:00:00,51812.0,51862.32,19.5,APRIL QUARTERLY,202504149755317629
AR-01,D,2026,H6AR01155,C00930800,2026-04-01T00:00:00,2026-06-30T00:00:00,26547.8,23005.89,11957.61,JULY QUARTERLY,202607159875280955
AR-01,D,2026,H6AR01155,C00930800,2026-02-12T00:00:00,2026-03-31T00:00:00,15815.63,13107.73,8415.7,APRIL QUARTERLY,202604159857582368
AR-01,D,2026,H6AR01155,C00930800,2026-01-01T00:00:00,2026-02-11T00:00:00,17595.72,13525.72,5707.8,PRE-PRIMARY,202602199834760077
AR-01,D,2026,H6AR01155,C00930800,2025-10-01T00:00:00,2025-12-31T00:00:00,5190.11,3552.31,1637.8,YEAR-END,202601299794415499
FL-19,D,2026,H6FL19111,C00898411,2026-04-01T00:00:00,2026-06-30T00:00:00,19958.8,17909.35,-682.33,JULY QUARTERLY,202607159875988501
FL-19,D,2026,H6FL19111,C00898411,2026-01-01T00:00:00,2026-03-31T00:00:00,2841.0,7441.98,-2731.78,APRIL QUARTERLY,202604159857812463
FL-19,D,2026,H6FL19111,C00898411,2025-10-01T00:00:00,2025-12-31T00:00:00,8029.0,9154.16,1869.2,YEAR-END,202601319809038165
FL-19,D,2026,H6FL19111,C00898411,2025-07-01T00:00:00,2025-09-30T00:00:00,13280.26,11110.95,2994.36,OCTOBER QUARTERLY,202510159791562883
FL-19,D,2026,H6FL19111,C00898411,2025-04-01T00:00:00,2025-06-30T00:00:00,7746.94,7298.08,825.05,JULY QUARTERLY,202507159763305369
FL-19,D,2026,H6FL19111,C00898411,2025-01-01T00:00:00,2025-03-31T00:00:00,576.19,200.0,376.19,APRIL QUARTERLY,202504159756084275
CA-33,R,2026,H6CA33122,C00936237,2026-04-01T00:00:00,2026-05-13T00:00:00,22722.08,20542.26,2179.82,PRE-PRIMARY,202605289870317188
CA-33,R,2026,H6CA33122,C00936237,2026-01-01T00:00:00,2026-03-31T00:00:00,32154.89,32154.89,0.0,APRIL QUARTERLY,202604169863148545
UT-04,D,2026,H6UT02424,C00904714,2026-04-06T00:00:00,2026-06-30T00:00:00,20695.51,22642.01,1128.9,JULY QUARTERLY,202607149874944746
UT-04,D,2026,H6UT02424,C00904714,2026-04-06T00:00:00,2026-06-30T00:00:00,1480.0,49.52,4505.88,JULY QUARTERLY,202606169870694849
UT-04,D,2026,H6UT02424,C00904714,2026-01-01T00:00:00,2026-04-05T00:00:00,11499.35,9282.99,2975.4,PRE-CONVENTION,202604139857147915
UT-04,D,2026,H6UT02424,C00904714,2026-01-01T00:00:00,2026-04-05T00:00:00,11499.35,9282.99,3075.4,PRE-CONVENTION,202606169870695007
UT-04,D,2026,H6UT02424,C00904714,2025-10-01T00:00:00,2025-12-31T00:00:00,8459.78,8316.94,859.04,YEAR-END,202606159870665273
UT-04,D,2026,H6UT02424,C00904714,2025-10-01T00:00:00,2025-12-31T00:00:00,8459.78,8316.94,759.04,YEAR-END,202601259794163005
UT-04,D,2026,H6UT02424,C00904714,2025-04-19T00:00:00,2025-09-30T00:00:00,12824.15,12207.95,616.2,OCTOBER QUARTERLY,202510139790775947
UT-04,D,2026,H6UT02424,C00904714,2025-04-19T00:00:00,2025-09-30T00:00:00,12924.15,12207.95,716.2,OCTOBER QUARTERLY,202606159870665140
PA-15,D,2026,H6PA15181,C00938100,2026-04-30T00:00:00,2026-06-30T00:00:00,74943.12,33313.71,87342.6,JULY QUARTERLY,202607159880601102
PA-15,D,2026,H6PA15181,C00938100,2026-04-01T00:00:00,2026-04-29T00:00:00,22916.2,4711.41,45713.19,PRE-PRIMARY,202607159880591874
PA-15,D,2026,H6PA15181,C00938100,2026-04-01T00:00:00,2026-04-29T00:00:00,33962.4,2020.96,59149.84,PRE-PRIMARY,202606089870449925
PA-15,D,2026,H6PA15181,C00938100,2026-02-06T00:00:00,2026-03-31T00:00:00,41661.55,14153.15,27508.4,APRIL QUARTERLY,202607159880590387
PA-15,D,2026,H6PA15181,C00938100,2026-02-06T00:00:00,2026-03-31T00:00:00,41320.36,14111.96,27208.4,APRIL QUARTERLY,202604269866700165
CA-19,R,2026,H6CA19154,C00902841,2026-05-14T00:00:00,2026-06-30T00:00:00,7480.0,800.0,24681.59,JULY QUARTERLY,202607089874806943
CA-19,R,2026,H6CA19154,C00902841,2026-04-01T00:00:00,2026-05-13T00:00:00,6315.0,5346.85,18001.59,PRE-PRIMARY,202605199867428901
CA-19,R,2026,H6CA19154,C00902841,2026-01-01T00:00:00,2026-03-31T00:00:00,24044.0,20491.77,17033.44,APRIL QUARTERLY,202604139857134837
CA-19,R,2026,H6CA19154,C00902841,2025-10-01T00:00:00,2025-12-31T00:00:00,1770.0,6231.4,13481.21,YEAR-END,202602049825917331
CA-19,R,2026,H6CA19154,C00902841,2025-07-01T00:00:00,2025-09-30T00:00:00,10500.0,10605.29,17942.61,OCTOBER QUARTERLY,202510149790785239
CA-19,R,2026,H6CA19154,C00902841,2025-04-01T00:00:00,2025-06-30T00:00:00,25965.0,8167.1,17797.9,JULY QUARTERLY,202507139762773767
CA-19,R,2026,H6CA19154,C00902841,2025-04-01T00:00:00,2025-06-30T00:00:00,26215.0,8167.1,18047.9,JULY QUARTERLY,202510149790785012
OH-13,R,2026,H6OH13307,C00933432,2026-04-16T00:00:00,2026-06-30T00:00:00,53393.86,40137.51,77727.37,JULY QUARTERLY,202607159885302368
OH-13,R,2026,H6OH13307,C00933432,2026-04-01T00:00:00,2026-04-15T00:00:00,1751.93,3099.22,64471.02,PRE-PRIMARY,202604239866688015
OH-13,R,2026,H6OH13307,C00933432,2026-01-01T00:00:00,2026-03-31T00:00:00,71963.5,6145.19,65818.31,APRIL QUARTERLY,202604159862985249
AL-06,D,2026,H4AL06189,C00857342,2026-01-01T00:00:00,2026-03-15T00:00:00,47.96,33741.24,2787.46,TERMINATION REPORT,202603129837940729
AL-06,D,2026,H4AL06189,C00857342,2025-10-01T00:00:00,2025-12-31T00:00:00,2208.0,8148.92,36480.74,YEAR-END,202601319795292547
AL-06,D,2026,H4AL06189,C00857342,2025-07-01T00:00:00,2025-09-30T00:00:00,7268.0,291.36,42421.66,OCTOBER QUARTERLY,202510159790861119
AL-06,D,2026,H4AL06189,C00857342,2025-04-01T00:00:00,2025-06-30T00:00:00,2562.5,0.0,35445.02,JULY QUARTERLY,202510159790860339
AL-06,D,2026,H4AL06189,C00857342,2025-01-01T00:00:00,2025-03-31T00:00:00,3812.5,6440.83,32882.52,APRIL QUARTERLY,202510159790860049
MO-03,D,2026,H2MO03167,C00806190,2026-07-01T00:00:00,2026-07-15T00:00:00,1748.0,2947.12,2776.04,PRE-PRIMARY,202607239894446322
MO-03,D,2026,H2MO03167,C00806190,2026-04-01T00:00:00,2026-06-30T00:00:00,19150.93,18869.75,3975.16,JULY QUARTERLY,202607169890838114
MO-03,D,2026,H2MO03167,C00806190,2026-04-01T00:00:00,2026-06-30T00:00:00,19150.93,18869.75,3975.16,JULY QUARTERLY,202607159880603729
MO-03,D,2026,H2MO03167,C00806190,2026-01-01T00:00:00,2026-03-31T00:00:00,6450.0,5531.41,3693.98,APRIL QUARTERLY,202605279870289491
MO-03,D,2026,H2MO03167,C00806190,2026-01-01T00:00:00,2026-03-31T00:00:00,6375.0,5531.41,3618.98,APRIL QUARTERLY,202604159862297582
MO-03,D,2026,H2MO03167,C00806190,2025-10-01T00:00:00,2025-12-31T00:00:00,3987.31,6606.69,2775.39,YEAR-END,202601319795589307
MO-03,D,2026,H2MO03167,C00806190,2025-07-01T00:00:00,2025-09-30T00:00:00,11517.46,6820.46,5394.77,OCTOBER QUARTERLY,202510159791089193
MO-03,D,2026,H2MO03167,C00806190,2025-04-01T00:00:00,2025-06-30T00:00:00,395.0,3355.53,697.77,JULY QUARTERLY,202507099762742361
MO-03,D,2026,H2MO03167,C00806190,2025-01-01T00:00:00,2025-03-31T00:00:00,90.0,859.04,3658.3,APRIL QUARTERLY,202504079755065757
NY-25,R,2026,H4NY25054,C00874925,2024-11-26T00:00:00,2025-01-10T00:00:00,0.0,44048.83,0.0,TERMINATION REPORT,202501109740118209
TX-11,D,2026,H6TX11112,C00929711,2026-04-01T00:00:00,2026-06-30T00:00:00,47080.58,11326.25,46790.25,JULY QUARTERLY,202607169890852604
TX-11,D,2026,H6TX11112,C00929711,2026-04-01T00:00:00,2026-06-30T00:00:00,47080.58,11326.25,46790.25,JULY QUARTERLY,202607149875040819
TX-11,D,2026,H6TX11112,C00929711,2026-02-12T00:00:00,2026-03-31T00:00:00,12459.13,11917.95,11035.92,APRIL QUARTERLY,202604179863155487
TX-11,D,2026,H6TX11112,C00929711,2026-02-12T00:00:00,2026-03-31T00:00:00,12459.13,11488.64,11465.23,APRIL QUARTERLY,202604149857233771
TX-11,D,2026,H6TX11112,C00929711,2026-01-01T00:00:00,2026-02-11T00:00:00,18081.7,13513.22,10494.74,PRE-PRIMARY,202602149834322606
TX-11,D,2026,H6TX11112,C00929711,2025-10-01T00:00:00,2025-12-31T00:00:00,11659.95,5733.69,5926.26,YEAR-END,202601279794243806
TX-11,D,2026,H6TX11112,C00929711,2025-10-01T00:00:00,2025-12-31T00:00:00,11659.95,5382.21,6277.74,YEAR-END,202601199794033077
MI-05,D,2026,H6MI05227,C00922534,2026-07-01T00:00:00,2026-07-15T00:00:00,4039.0,12034.9,13290.11,PRE-PRIMARY,202607229894418763
MI-05,D,2026,H6MI05227,C00922534,2026-04-01T00:00:00,2026-06-30T00:00:00,36948.03,25226.68,21286.01,JULY QUARTERLY,202607139874933407
MI-05,D,2026,H6MI05227,C00922534,2026-01-01T00:00:00,2026-03-31T00:00:00,10044.0,1657.51,9564.66,APRIL QUARTERLY,202604099857048305
MI-05,D,2026,H6MI05227,C00922534,2025-01-01T00:00:00,2025-12-31T00:00:00,4725.0,3547.83,1178.17,YEAR-END,202604089857022663
MI-05,D,2026,H6MI05227,C00922534,2025-01-01T00:00:00,2025-12-31T00:00:00,4726.0,3547.83,2351.54,YEAR-END,202601129793943484
AZ-08,D,2026,H6AZ08269,C00934299,2026-04-01T00:00:00,2026-07-01T00:00:00,21191.0,36838.88,-1506.85,PRE-PRIMARY,202607099874816664
AZ-08,D,2026,H6AZ08269,C00934299,2025-12-01T00:00:00,2026-03-31T00:00:00,18165.0,4023.97,14141.03,APRIL QUARTERLY,202604139857129809
NE-03,D,2026,H6NE03180,C00903401,2026-04-23T00:00:00,2026-06-30T00:00:00,8745.16,9330.67,14833.6,JULY QUARTERLY,202607209894386392
NE-03,D,2026,H6NE03180,C00903401,2026-04-01T00:00:00,2026-04-22T00:00:00,772.91,1019.33,15419.11,PRE-PRIMARY,202604309866781882
NE-03,D,2026,H6NE03180,C00903401,2026-01-01T00:00:00,2026-03-31T00:00:00,4004.3,1127.41,15665.53,APRIL QUARTERLY,202604159862600708
NE-03,D,2026,H6NE03180,C00903401,2025-10-01T00:00:00,2025-12-31T00:00:00,7781.9,3841.2,12788.64,YEAR-END,202601139793967516
NE-03,D,2026,H6NE03180,C00903401,2025-07-01T00:00:00,2025-09-30T00:00:00,5636.3,1302.35,8847.94,OCTOBER QUARTERLY,202512259793857816
NE-03,D,2026,H6NE03180,C00903401,2025-04-01T00:00:00,2025-06-30T00:00:00,28160.92,23646.93,4513.99,JULY QUARTERLY,202507159763444702
AL-01,D,2026,H6AL01094,C00920918,2026-04-30T00:00:00,2026-06-30T00:00:00,17935.48,21082.15,15347.34,JULY QUARTERLY,202607149874968597
AL-01,D,2026,H6AL01094,C00920918,2026-04-01T00:00:00,2026-04-29T00:00:00,13699.16,7365.01,18494.01,PRE-PRIMARY,202607139874927534
AL-01,D,2026,H6AL01094,C00920918,2026-04-01T00:00:00,2026-04-29T00:00:00,13698.82,7365.01,18627.21,PRE-PRIMARY,202605069866843369
AL-01,D,2026,H6AL01094,C00920918,2026-01-01T00:00:00,2026-03-31T00:00:00,11023.37,10414.66,12293.4,APRIL QUARTERLY,202604139857146820
AL-01,D,2026,H6AL01094,C00920918,2026-01-01T00:00:00,2026-03-31T00:00:00,11023.37,10548.2,12159.86,APRIL QUARTERLY,202607139874927499
AL-01,D,2026,H6AL01094,C00920918,2025-10-01T00:00:00,2025-12-31T00:00:00,12665.0,1080.31,11684.69,YEAR-END,202601279794231127
AL-01,D,2026,H6AL01094,C00920918,2025-10-01T00:00:00,2025-12-31T00:00:00,12665.0,1080.31,11684.69,YEAR-END,202607139874927465
AL-01,D,2026,H6AL01094,C00920918,2025-07-01T00:00:00,2025-09-30T00:00:00,100.0,0.0,100.0,OCTOBER QUARTERLY,202510109790741631
PA-13,D,2026,H4PA13298,C00860098,2026-04-30T00:00:00,2026-06-30T00:00:00,18669.4,19044.55,16052.79,JULY QUARTERLY,202607149875007247
PA-13,D,2026,H4PA13298,C00860098,2026-04-01T00:00:00,2026-04-29T00:00:00,2074.09,2014.63,16427.94,PRE-PRIMARY,202605049866789973
PA-13,D,2026,H4PA13298,C00860098,2026-01-01T00:00:00,2026-03-31T00:00:00,19742.44,9014.95,16368.48,APRIL QUARTERLY,202604139857137979
PA-13,D,2026,H4PA13298,C00860098,2025-10-01T00:00:00,2025-12-31T00:00:00,4519.17,5567.81,5640.99,YEAR-END,202601169794028629
PA-13,D,2026,H4PA13298,C00860098,2025-07-01T00:00:00,2025-09-30T00:00:00,6142.07,3041.17,6689.63,OCTOBER QUARTERLY,202510149790777449
PA-13,D,2026,H4PA13298,C00860098,2025-07-01T00:00:00,2025-09-30T00:00:00,6015.29,2894.39,6709.63,OCTOBER QUARTERLY,202510069790678592
PA-13,D,2026,H4PA13298,C00860098,2025-04-01T00:00:00,2025-06-30T00:00:00,3074.94,1168.28,3588.73,JULY QUARTERLY,202507049762727005
PA-13,D,2026,H4PA13298,C00860098,2025-01-01T00:00:00,2025-03-31T00:00:00,1125.0,204.16,2198.21,APRIL QUARTERLY,202504019755004976
PA-13,D,2026,H4PA13298,C00860098,2025-01-01T00:00:00,2025-03-31T00:00:00,1125.0,204.16,1682.07,APRIL QUARTERLY,202504039755036395
MN-04,R,2026,H6MN04301,C00938290,2026-07-01T00:00:00,2026-07-22T00:00:00,24260.0,6872.77,21074.02,PRE-PRIMARY,202607279894478238
MN-04,R,2026,H6MN04301,C00938290,2026-04-01T00:00:00,2026-06-30T00:00:00,22737.45,29566.98,3686.79,JULY QUARTERLY,202607119874881637
MN-04,R,2026,H6MN04301,C00938290,2026-01-01T00:00:00,2026-03-31T00:00:00,13580.0,3063.68,10516.32,APRIL QUARTERLY,202604119857113710
CA-10,R,2026,H0CA19173,C00473272,2026-04-01T00:00:00,2026-06-30T00:00:00,0.0,3928.69,55776.08,JULY QUARTERLY,202607029874738067
CA-10,R,2026,H0CA19173,C00473272,2026-01-01T00:00:00,2026-03-31T00:00:00,0.0,11573.65,59704.77,APRIL QUARTERLY,202604029856935377
CA-10,R,2026,H0CA19173,C00473272,2026-01-01T00:00:00,2026-03-31T00:00:00,0.0,11573.65,59704.77,APRIL QUARTERLY,202604039856978358
CA-10,R,2026,H0CA19173,C00473272,2025-10-01T00:00:00,2025-12-31T00:00:00,0.0,0.0,71278.42,YEAR-END,202601159794002630
CA-10,R,2026,H0CA19173,C00473272,2025-07-01T00:00:00,2025-09-30T00:00:00,0.0,1714.73,71278.42,OCTOBER QUARTERLY,202510079790712654
CA-10,R,2026,H0CA19173,C00473272,2025-04-01T00:00:00,2025-06-30T00:00:00,0.0,3680.0,72993.15,JULY QUARTERLY,202507079762734546
CA-10,R,2026,H0CA19173,C00473272,2025-01-01T00:00:00,2025-03-31T00:00:00,0.0,17820.0,76673.15,APRIL QUARTERLY,202504149755350469
CA-36,R,2026,H2CA00146,C00776948,2026-06-01T00:00:00,2026-06-30T00:00:00,0.0,1865.76,3637.75,JULY QUARTERLY,202607149874944895
CA-36,R,2026,H2CA00146,C00776948,2026-04-01T00:00:00,2026-05-13T00:00:00,376.0,6571.81,-6095.81,PRE-PRIMARY,202605279870289330
CA-36,R,2026,H2CA00146,C00776948,2026-01-01T00:00:00,2026-03-31T00:00:00,8060.0,7161.49,5503.51,APRIL QUARTERLY,202604159857676711
CA-36,R,2026,H2CA00146,C00776948,2025-10-01T00:00:00,2025-12-31T00:00:00,4605.0,4034.12,570.88,YEAR-END,202601299794371763
CA-36,R,2026,H2CA00146,C00776948,2025-07-01T00:00:00,2025-09-30T00:00:00,930.0,3328.87,39.44,OCTOBER QUARTERLY,202510259792024914
CA-36,R,2026,H2CA00146,C00776948,2025-07-01T00:00:00,2025-09-30T00:00:00,0.0,2063.73,374.58,OCTOBER QUARTERLY,202510169791604536
CA-36,R,2026,H2CA00146,C00776948,2025-04-01T00:00:00,2025-06-30T00:00:00,14142.98,11865.82,2438.31,JULY QUARTERLY,202507129762772248
CA-36,R,2026,H2CA00146,C00776948,2025-01-01T00:00:00,2025-03-31T00:00:00,2875.0,3332.1,161.15,APRIL QUARTERLY,202504119755218111
SC-04,D,2026,H6SC04171,C00922120,2026-07-01T00:00:00,2026-09-30T00:00:00,1206.56,0.0,1206.56,OCTOBER QUARTERLY,202607239894419731
SC-04,D,2026,H6SC04171,C00922120,2026-04-01T00:00:00,2026-06-30T00:00:00,14277.06,17351.97,-3074.91,JULY QUARTERLY,202607159890680049
SC-04,D,2026,H6SC04171,C00922120,2026-01-01T00:00:00,2026-03-31T00:00:00,17509.53,20040.45,-2530.92,APRIL QUARTERLY,202604159862449112
SC-04,D,2026,H6SC04171,C00922120,2025-10-01T00:00:00,2025-12-31T00:00:00,0.0,0.0,0.0,YEAR-END,202601269794164212
CA-16,R,2026,H4CA16163,C00855643,2025-04-01T00:00:00,2025-04-15T00:00:00,0.0,0.0,0.0,TERMINATION REPORT,202504159755378618
CA-16,R,2026,H4CA16163,C00855643,2025-01-01T00:00:00,2025-03-31T00:00:00,36684.65,36814.84,0.0,APRIL QUARTERLY,202504159755378030
CA-17,R,2026,H0CA17193,C00721878,2026-05-14T00:00:00,2026-06-30T00:00:00,3920.0,10117.5,890.72,JULY QUARTERLY,202607089874804186
CA-17,R,2026,H0CA17193,C00721878,2026-04-01T00:00:00,2026-05-13T00:00:00,24475.0,19525.48,7088.22,PRE-PRIMARY,202605199867433225
CA-17,R,2026,H0CA17193,C00721878,2026-01-01T00:00:00,2026-03-31T00:00:00,9158.48,7074.78,2138.7,APRIL QUARTERLY,202604139857131207
CA-17,R,2026,H0CA17193,C00721878,2025-10-01T00:00:00,2025-12-31T00:00:00,0.0,45.0,55.0,YEAR-END,202601279794247005
CA-17,R,2026,H0CA17193,C00721878,2025-07-01T00:00:00,2025-09-30T00:00:00,100.0,0.0,100.0,OCTOBER QUARTERLY,202510149790786312
CA-17,R,2026,H0CA17193,C00721878,2025-04-01T00:00:00,2025-06-30T00:00:00,0.0,0.0,0.0,JULY QUARTERLY,202507139762773734
CA-17,R,2026,H0CA17193,C00721878,2025-01-01T00:00:00,2025-03-31T00:00:00,0.0,0.0,0.0,APRIL QUARTERLY,202504159755447682
AS-00,R,2026,H4AS00036,C00393041,2026-04-01T00:00:00,2026-06-30T00:00:00,4500.0,19461.81,4268.64,JULY QUARTERLY,202607129874891577
AS-00,R,2026,H4AS00036,C00393041,2026-01-01T00:00:00,2026-03-31T00:00:00,22000.0,3700.26,19230.45,APRIL QUARTERLY,202605139866949537
AS-00,R,2026,H4AS00036,C00393041,2026-01-01T00:00:00,2026-03-31T00:00:00,21755.56,3455.82,19230.45,APRIL QUARTERLY,202604139857146737
AS-00,R,2026,H4AS00036,C00393041,2025-10-01T00:00:00,2025-12-31T00:00:00,4300.0,3584.97,930.71,YEAR-END,202601259794162420
AS-00,R,2026,H4AS00036,C00393041,2025-07-01T00:00:00,2025-09-30T00:00:00,1316.44,1191.29,215.68,OCTOBER QUARTERLY,202601259794162239
AS-00,R,2026,H4AS00036,C00393041,2025-07-01T00:00:00,2025-09-30T00:00:00,3300.0,0.0,3390.53,OCTOBER QUARTERLY,202510159791463786
AS-00,R,2026,H4AS00036,C00393041,2025-04-01T00:00:00,2025-06-30T00:00:00,3100.0,5755.68,90.53,JULY QUARTERLY,202507119762768793
AS-00,R,2026,H4AS00036,C00393041,2025-01-01T00:00:00,2025-03-31T00:00:00,4000.0,2909.93,2746.21,APRIL QUARTERLY,202504139755273513
FL-15,D,2026,H6FL15168,C00897447,2026-04-01T00:00:00,2026-06-30T00:00:00,13037.0,11679.76,1925.89,JULY QUARTERLY,202607159890689134
FL-15,D,2026,H6FL15168,C00897447,2026-01-01T00:00:00,2026-03-31T00:00:00,4455.54,5910.31,568.65,APRIL QUARTERLY,202604159863041893
FL-15,D,2026,H6FL15168,C00897447,2025-10-01T00:00:00,2025-12-31T00:00:00,5174.74,7185.65,2023.42,YEAR-END,202601319808286668
FL-15,D,2026,H6FL15168,C00897447,2025-07-01T00:00:00,2025-09-30T00:00:00,7061.43,8940.25,4034.33,OCTOBER QUARTERLY,202510159790890182
FL-15,D,2026,H6FL15168,C00897447,2025-04-01T00:00:00,2025-06-30T00:00:00,3608.0,1625.46,5913.15,JULY QUARTERLY,202507159763424885
FL-15,D,2026,H6FL15168,C00897447,2025-01-01T00:00:00,2025-03-31T00:00:00,5159.19,1228.58,3930.61,APRIL QUARTERLY,202504159756049324
IL-01,R,2026,H6IL01191,C00904227,2026-04-01T00:00:00,2026-06-30T00:00:00,31181.24,34976.33,33832.37,JULY QUARTERLY,202607259894463911
IL-01,R,2026,H6IL01191,C00904227,2026-04-01T00:00:00,2026-06-30T00:00:00,26367.24,0.0,63872.81,JULY QUARTERLY,202607169890829300
IL-01,R,2026,H6IL01191,C00904227,2026-02-26T00:00:00,2026-03-31T00:00:00,4864.55,0.0,35122.66,APRIL QUARTERLY,202604159863010928
IL-01,R,2026,H6IL01191,C00904227,2026-01-01T00:00:00,2026-02-25T00:00:00,6540.17,121.89,30258.11,PRE-PRIMARY,202603099837908938
IL-01,R,2026,H6IL01191,C00904227,2025-10-01T00:00:00,2025-12-31T00:00:00,11972.0,40.56,24483.83,YEAR-END,202602019825885660
IL-01,R,2026,H6IL01191,C00904227,2025-10-01T00:00:00,2025-12-31T00:00:00,11972.0,655.56,23839.83,YEAR-END,202603099837908924
IL-01,R,2026,H6IL01191,C00904227,2025-07-01T00:00:00,2025-09-30T00:00:00,8757.9,288.43,12552.39,OCTOBER QUARTERLY,202510139790775769
ID-02,D,2026,H6ID02274,C00940247,2026-05-01T00:00:00,2026-06-30T00:00:00,38143.02,25849.12,71163.08,JULY QUARTERLY,202607159875745992
ID-02,D,2026,H6ID02274,C00940247,2026-04-01T00:00:00,2026-04-29T00:00:00,12762.0,7565.7,58869.18,PRE-PRIMARY,202605059866805882
ID-02,D,2026,H6ID02274,C00940247,2026-01-01T00:00:00,2026-03-31T00:00:00,55987.0,2314.12,53672.88,APRIL QUARTERLY,202605089866899328
ID-02,D,2026,H6ID02274,C00940247,2026-01-01T00:00:00,2026-03-31T00:00:00,55987.0,2314.12,53672.88,APRIL QUARTERLY,202604089857028069
CA-14,R,2026,H6CA14148,C00930214,2026-05-28T00:00:00,2026-06-30T00:00:00,7350.0,8795.47,6284.38,JULY QUARTERLY,202607069874766732
CA-14,R,2026,H6CA14148,C00930214,2026-05-14T00:00:00,2026-05-27T00:00:00,15.0,0.74,7729.85,PRE-SPECIAL,202606079870439225
CA-14,R,2026,H6CA14148,C00930214,2026-04-01T00:00:00,2026-05-13T00:00:00,2175.0,1988.57,7715.59,PRE-PRIMARY,202606079870439215
CA-14,R,2026,H6CA14148,C00930214,2026-01-01T00:00:00,2026-03-31T00:00:00,31483.0,23953.84,7529.16,APRIL QUARTERLY,202604200300525366
CA-14,R,2026,H6CA14148,C00930214,2026-01-01T00:00:00,2026-03-31T00:00:00,31483.0,23953.84,7529.16,APRIL QUARTERLY,202606079870439198
PA-16,D,2026,H4PA16093,C00836627,2025-04-01T00:00:00,2025-07-15T00:00:00,15903.43,18264.05,0.0,TERMINATION REPORT,202507159763443163
PA-16,D,2026,H4PA16093,C00836627,2025-01-01T00:00:00,2025-03-31T00:00:00,5205.54,15969.99,2360.62,APRIL QUARTERLY,202504159755796401
UT-03,D,2026,H6UT03182,C00938811,2026-04-01T00:00:00,2026-06-30T00:00:00,33145.47,30852.83,13335.27,JULY QUARTERLY,202607159875746213
UT-03,D,2026,H6UT03182,C00938811,2026-01-01T00:00:00,2026-03-31T00:00:00,14388.0,3345.37,11042.63,APRIL QUARTERLY,202607159875692413
UT-03,D,2026,H6UT03182,C00938811,2026-01-01T00:00:00,2026-03-31T00:00:00,14010.0,3379.8,10630.2,APRIL QUARTERLY,202604219866634448
OH-08,D,2026,H6OH08364,C00924688,2026-04-16T00:00:00,2026-06-30T00:00:00,1554.0,1250.0,420.0,JULY QUARTERLY,202607159875041949
OH-08,D,2026,H6OH08364,C00924688,2026-04-01T00:00:00,2026-04-15T00:00:00,400.0,554.4,-2481.07,PRE-PRIMARY,202604169863152768
OH-08,D,2026,H6OH08364,C00924688,2026-01-01T00:00:00,2026-03-31T00:00:00,13214.05,18513.3,-2326.67,APRIL QUARTERLY,202604139857146772
OH-08,D,2026,H6OH08364,C00924688,2025-08-01T00:00:00,2025-12-31T00:00:00,16327.83,13355.25,2972.58,YEAR-END,202601309794561963
CA-09,R,2026,H4CA09101,C00846873,2026-05-14T00:00:00,2026-06-30T00:00:00,22027.14,4713.7,18738.45,JULY QUARTERLY,202607159875939311
CA-09,R,2026,H4CA09101,C00846873,2026-04-01T00:00:00,2026-05-13T00:00:00,1501.0,1559.43,1425.01,PRE-PRIMARY,202605219870232127
CA-09,R,2026,H4CA09101,C00846873,2026-01-01T00:00:00,2026-03-31T00:00:00,2670.0,2454.13,1383.44,APRIL QUARTERLY,202604159862391281
CA-09,R,2026,H4CA09101,C00846873,2025-10-01T00:00:00,2025-12-31T00:00:00,600.0,51.45,767.57,YEAR-END,202601309795204984
CA-09,R,2026,H4CA09101,C00846873,2025-07-01T00:00:00,2025-09-30T00:00:00,504.1,211.99,619.02,OCTOBER QUARTERLY,202510159791329213
CA-09,R,2026,H4CA09101,C00846873,2025-04-01T00:00:00,2025-06-30T00:00:00,0.0,1114.02,326.91,JULY QUARTERLY,202507159763446023
CA-09,R,2026,H4CA09101,C00846873,2025-01-01T00:00:00,2025-03-31T00:00:00,2889.35,1478.42,1440.93,APRIL QUARTERLY,202504149755350665
CA-32,R,2026,H4CA32137,C00907626,2026-05-14T00:00:00,2026-06-30T00:00:00,14535.0,13496.01,2174.08,JULY QUARTERLY,202607099874814776
CA-32,R,2026,H4CA32137,C00907626,2026-04-01T00:00:00,2026-05-13T00:00:00,4530.29,4367.81,1135.09,PRE-PRIMARY,202605159866972955
CA-32,R,2026,H4CA32137,C00907626,2026-01-01T00:00:00,2026-03-31T00:00:00,5398.93,5497.03,972.61,APRIL QUARTERLY,202604019856931559
CA-32,R,2026,H4CA32137,C00907626,2026-01-01T00:00:00,2026-03-31T00:00:00,5398.93,5497.03,972.61,APRIL QUARTERLY,202605159866972934
CA-32,R,2026,H4CA32137,C00907626,2025-10-01T00:00:00,2025-12-31T00:00:00,4248.71,3517.7,1070.71,YEAR-END,202603259856855904
CA-32,R,2026,H4CA32137,C00907626,2025-10-01T00:00:00,2025-12-31T00:00:00,1800.0,1068.99,1070.71,YEAR-END,202601219794114615
CA-32,R,2026,H4CA32137,C00907626,2025-07-01T00:00:00,2025-09-30T00:00:00,350.0,10.3,339.7,OCTOBER QUARTERLY,202510159790849025
CA-32,R,2026,H4CA32137,C00907626,2025-01-13T00:00:00,2025-06-30T00:00:00,5253.41,5253.41,0.0,JULY QUARTERLY,202507139762772718
TX-14,D,2026,H6TX14173,C00916049,2026-05-14T00:00:00,2026-06-30T00:00:00,2172.37,5742.39,0.0,JULY QUARTERLY,202607019874289349
TX-14,D,2026,H6TX14173,C00916049,2026-04-01T00:00:00,2026-05-13T00:00:00,15767.67,15355.46,3570.02,PRE-PRIMARY,202605149866960941
TX-14,D,2026,H6TX14173,C00916049,2026-02-12T00:00:00,2026-03-31T00:00:00,3203.32,2540.71,3157.81,APRIL QUARTERLY,202604129857123212
TX-14,D,2026,H6TX14173,C00916049,2026-01-01T00:00:00,2026-02-11T00:00:00,1787.08,1326.81,2495.2,PRE-PRIMARY,202602139834322427
TX-14,D,2026,H6TX14173,C00916049,2026-01-01T00:00:00,2026-02-11T00:00:00,1787.08,1326.81,2495.2,PRE-PRIMARY,202602139834321578
TX-14,D,2026,H6TX14173,C00916049,2025-08-14T00:00:00,2025-12-31T00:00:00,8831.05,6796.12,2034.93,YEAR-END,202603279856872897
UT-02,D,2026,H6UT01160,C00913582,2026-06-04T00:00:00,2026-06-30T00:00:00,20362.0,3187.12,23283.12,JULY QUARTERLY,202607109874857218
UT-02,D,2026,H6UT01160,C00913582,2026-04-16T00:00:00,2026-06-30T00:00:00,38568.0,19044.02,22933.96,JULY QUARTERLY,202607069874766689
UT-02,D,2026,H6UT01160,C00913582,2026-04-06T00:00:00,2026-06-03T00:00:00,19001.0,17378.14,6108.24,PRE-PRIMARY,202607109874857235
UT-02,D,2026,H6UT01160,C00913582,2026-01-01T00:00:00,2026-04-05T00:00:00,9398.48,6180.99,3896.12,PRE-CONVENTION,202604209863212388
UT-02,D,2026,H6UT01160,C00913582,2026-01-01T00:00:00,2026-04-05T00:00:00,9523.0,6005.41,4485.38,PRE-CONVENTION,202607109874857013
UT-02,D,2026,H6UT01160,C00913582,2026-01-01T00:00:00,2026-03-31T00:00:00,9333.48,4089.91,6211.36,APRIL QUARTERLY,202604149857184795
UT-02,D,2026,H6UT01160,C00913582,2025-08-01T00:00:00,2025-12-31T00:00:00,2005.49,1037.7,967.79,YEAR-END,202601129793941963
PA-12,R,2026,H4PA12068,C00838185,2026-04-30T00:00:00,2026-06-30T00:00:00,13032.76,15065.37,9521.39,JULY QUARTERLY,202607159875052297
PA-12,R,2026,H4PA12068,C00838185,2026-04-01T00:00:00,2026-04-29T00:00:00,2366.0,9353.25,11554.0,PRE-PRIMARY,202605069866843336
PA-12,R,2026,H4PA12068,C00838185,2026-01-01T00:00:00,2026-03-31T00:00:00,13854.0,3500.13,18541.25,APRIL QUARTERLY,202604139857140360
PA-12,R,2026,H4PA12068,C00838185,2025-10-01T00:00:00,2025-12-31T00:00:00,5801.0,2778.01,8187.38,YEAR-END,202601289794260666
PA-12,R,2026,H4PA12068,C00838185,2025-07-01T00:00:00,2025-09-30T00:00:00,1675.0,189.95,5164.39,OCTOBER QUARTERLY,202510139790775991
PA-12,R,2026,H4PA12068,C00838185,2025-04-01T00:00:00,2025-06-30T00:00:00,3060.0,91.17,3679.34,JULY QUARTERLY,202507149762837943
PA-12,R,2026,H4PA12068,C00838185,2025-01-01T00:00:00,2025-03-31T00:00:00,350.0,325.0,710.51,APRIL QUARTERLY,202504149755349971
OH-06,D,2026,H6OH06202,C00933044,2026-04-16T00:00:00,2026-06-30T00:00:00,5012.0,11496.0,967.34,JULY QUARTERLY,202607159875149583
OH-06,D,2026,H6OH06202,C00933044,2026-04-01T00:00:00,2026-04-15T00:00:00,6504.57,16044.3,7451.34,PRE-PRIMARY,202604239866694900
OH-06,D,2026,H6OH06202,C00933044,2025-11-23T00:00:00,2026-03-31T00:00:00,20723.58,3732.51,16991.07,APRIL QUARTERLY,202604139857148055
CO-06,R,2026,H6CO06157,C00944173,2026-06-11T00:00:00,2026-06-30T00:00:00,0.0,0.0,8936.3,JULY QUARTERLY,202607159875266838
CO-06,R,2026,H6CO06157,C00944173,2026-04-01T00:00:00,2026-06-10T00:00:00,8453.16,30645.9,8936.3,PRE-PRIMARY,202606189870726477
CO-06,R,2026,H6CO06157,C00944173,2026-03-19T00:00:00,2026-03-31T00:00:00,31311.91,182.87,31129.04,APRIL QUARTERLY,202604159857534895
TX-06,D,2026,H6TX25203,C00893842,2026-04-01T00:00:00,2026-06-30T00:00:00,19149.64,14893.54,13637.58,JULY QUARTERLY,202607159890715938
TX-06,D,2026,H6TX25203,C00893842,2026-02-12T00:00:00,2026-03-31T00:00:00,12293.36,8376.91,9381.48,APRIL QUARTERLY,202604139857131566
TX-06,D,2026,H6TX25203,C00893842,2026-01-01T00:00:00,2026-02-11T00:00:00,4842.0,5020.4,5465.03,PRE-PRIMARY,202602199834757855
TX-06,D,2026,H6TX25203,C00893842,2025-10-01T00:00:00,2025-12-31T00:00:00,5075.0,1139.27,5498.43,YEAR-END,202601079793919481
TX-06,D,2026,H6TX25203,C00893842,2025-07-01T00:00:00,2025-09-30T00:00:00,2158.0,1122.76,1562.7,OCTOBER QUARTERLY,202510199791653283
TX-06,D,2026,H6TX25203,C00893842,2025-07-01T00:00:00,2025-09-30T00:00:00,2303.0,1122.76,1707.7,OCTOBER QUARTERLY,202601079793919510
TX-06,D,2026,H6TX25203,C00893842,2025-04-01T00:00:00,2025-06-30T00:00:00,315.0,39.0,527.46,JULY QUARTERLY,202510199791652735
TX-06,D,2026,H6TX25203,C00893842,2025-01-01T00:00:00,2025-03-31T00:00:00,305.0,53.54,251.46,APRIL QUARTERLY,202510199791652730
IN-06,D,2026,H6IN06230,C00913194,2026-04-16T00:00:00,2026-06-30T00:00:00,13706.71,11765.72,7151.09,JULY QUARTERLY,202607169890837521
IN-06,D,2026,H6IN06230,C00913194,2026-04-01T00:00:00,2026-04-15T00:00:00,2062.0,298.68,5210.1,PRE-PRIMARY,202604239866687567
IN-06,D,2026,H6IN06230,C00913194,2026-01-01T00:00:00,2026-03-31T00:00:00,21277.4,18335.98,3446.78,APRIL QUARTERLY,202604159863088886
IN-06,D,2026,H6IN06230,C00913194,2026-01-01T00:00:00,2026-03-31T00:00:00,21277.4,18335.98,3446.78,APRIL QUARTERLY,202604189863185451
FL-03,D,2026,H6FL03099,C00903013,2026-04-01T00:00:00,2026-06-30T00:00:00,9770.36,10476.62,2321.55,JULY QUARTERLY,202607159875392160
FL-03,D,2026,H6FL03099,C00903013,2026-01-01T00:00:00,2026-03-31T00:00:00,10167.21,8944.72,3027.81,APRIL QUARTERLY,202604159857260149
FL-03,D,2026,H6FL03099,C00903013,2025-10-01T00:00:00,2025-12-31T00:00:00,4800.42,4277.32,1805.32,YEAR-END,202601209794084553
FL-03,D,2026,H6FL03099,C00903013,2025-07-01T00:00:00,2025-09-30T00:00:00,4450.88,4038.13,1282.22,OCTOBER QUARTERLY,202601209794084474
FL-03,D,2026,H6FL03099,C00903013,2025-07-01T00:00:00,2025-09-30T00:00:00,4350.88,4038.13,1182.22,OCTOBER QUARTERLY,202510159791600143
FL-03,D,2026,H6FL03099,C00903013,2025-04-01T00:00:00,2025-06-30T00:00:00,3006.04,2136.57,869.47,JULY QUARTERLY,202510159791600136
NJ-04,D,2026,H6NJ04257,C00933846,2026-05-14T00:00:00,2026-06-30T00:00:00,10778.0,11273.39,5363.19,JULY QUARTERLY,202607139874897419
NJ-04,D,2026,H6NJ04257,C00933846,2026-04-01T00:00:00,2026-05-13T00:00:00,8804.0,7239.99,5858.58,PRE-PRIMARY,202605209867436156
NJ-04,D,2026,H6NJ04257,C00933846,2026-01-01T00:00:00,2026-03-31T00:00:00,14769.97,10475.4,4294.57,APRIL QUARTERLY,202604159857240700
AL-03,D,2026,H6AL03199,C00918433,2026-07-01T00:00:00,2026-09-30T00:00:00,0.0,0.0,9461.79,OCTOBER QUARTERLY,202601129793943904
AL-03,D,2026,H6AL03199,C00918433,2026-04-30T00:00:00,2026-06-30T00:00:00,20928.72,14857.79,31897.22,JULY QUARTERLY,202607159890800940
AL-03,D,2026,H6AL03199,C00918433,2026-04-01T00:00:00,2026-04-29T00:00:00,12172.96,1179.38,25826.29,PRE-PRIMARY,202605079866891367
AL-03,D,2026,H6AL03199,C00918433,2026-01-01T00:00:00,2026-03-31T00:00:00,17525.37,9945.35,14822.71,APRIL QUARTERLY,202604149857218039
AL-03,D,2026,H6AL03199,C00918433,2025-10-01T00:00:00,2025-12-31T00:00:00,7615.0,2529.92,5085.08,YEAR-END,202601319808407320
AL-03,D,2026,H6AL03199,C00918433,2025-07-01T00:00:00,2025-09-30T00:00:00,2545.0,387.39,2157.61,OCTOBER QUARTERLY,202510109790741864
NC-12,R,2026,H6NC12113,C00926840,2026-04-01T00:00:00,2026-06-30T00:00:00,13602.81,16145.94,2.57,JULY QUARTERLY,202607169890830388
NC-12,R,2026,H6NC12113,C00926840,2026-02-12T00:00:00,2026-03-31T00:00:00,5088.81,7370.92,2545.7,APRIL QUARTERLY,202604169863122742
NC-12,R,2026,H6NC12113,C00926840,2026-01-01T00:00:00,2026-02-11T00:00:00,5916.85,2260.97,4827.81,PRE-PRIMARY,202602249837848021
NC-12,R,2026,H6NC12113,C00926840,2025-10-01T00:00:00,2025-12-31T00:00:00,4095.29,2923.36,1171.93,YEAR-END,202601309795290157
NY-18,R,2026,H6NY18252,C00946723,2026-06-04T00:00:00,2026-06-30T00:00:00,40433.14,18528.65,61255.39,JULY QUARTERLY,202607159875757883
NY-18,R,2026,H6NY18252,C00946723,2026-04-01T00:00:00,2026-06-03T00:00:00,49264.91,9914.01,39350.9,PRE-PRIMARY,202606119870610270
SC-02,D,2026,H6SC02134,C00906032,2026-04-01T00:00:00,2026-05-20T00:00:00,9570.2,4951.36,5807.79,PRE-PRIMARY,202605299870346008
SC-02,D,2026,H6SC02134,C00906032,2026-01-01T00:00:00,2026-03-31T00:00:00,5212.23,4596.5,1188.95,APRIL QUARTERLY,202604159857268862
SC-02,D,2026,H6SC02134,C00906032,2025-10-01T00:00:00,2025-12-31T00:00:00,1491.56,3630.21,573.22,YEAR-END,202601319795536149
SC-02,D,2026,H6SC02134,C00906032,2025-07-01T00:00:00,2025-09-30T00:00:00,13886.26,13161.99,2711.87,OCTOBER QUARTERLY,202510159790803296
SC-02,D,2026,H6SC02134,C00906032,2025-04-01T00:00:00,2025-06-30T00:00:00,3429.22,1441.62,1987.6,JULY QUARTERLY,202507149762833073
TN-03,D,2026,H6TN03228,C00936971,2026-07-01T00:00:00,2026-07-17T00:00:00,12681.86,5929.74,34756.71,PRE-PRIMARY,202607239894444222
TN-03,D,2026,H6TN03228,C00936971,2026-04-01T00:00:00,2026-06-30T00:00:00,26376.39,17098.3,28004.59,JULY QUARTERLY,202607159885304725
TN-03,D,2026,H6TN03228,C00936971,2026-01-01T00:00:00,2026-03-31T00:00:00,16496.54,4437.51,18726.5,APRIL QUARTERLY,202604159863101469
GU-00,D,2026,H6GU01032,C00940940,2026-07-01T00:00:00,2026-07-12T00:00:00,0.0,2169.68,7330.32,PRE-PRIMARY,202607209890915101
GU-00,D,2026,H6GU01032,C00940940,2026-04-01T00:00:00,2026-06-30T00:00:00,8320.0,19200.0,-7780.0,JULY QUARTERLY,202607159890098719
GU-00,D,2026,H6GU01032,C00940940,2026-01-01T00:00:00,2026-03-31T00:00:00,9011.03,5911.03,3100.0,APRIL QUARTERLY,202604159857268835
TX-20,R,2026,H6TX20113,C00905661,2026-04-01T00:00:00,2026-06-30T00:00:00,16032.81,0.0,21462.49,JULY QUARTERLY,202607139874933746
TX-20,R,2026,H6TX20113,C00905661,2026-02-12T00:00:00,2026-03-31T00:00:00,1157.43,0.0,5429.68,APRIL QUARTERLY,202604139857135051
TX-20,R,2026,H6TX20113,C00905661,2026-01-01T00:00:00,2026-02-11T00:00:00,260.25,75.0,4272.25,PRE-PRIMARY,202602199834769598
TX-20,R,2026,H6TX20113,C00905661,2025-10-01T00:00:00,2025-12-31T00:00:00,9852.77,19108.1,4087.0,YEAR-END,202601219794113108
TX-20,R,2026,H6TX20113,C00905661,2025-07-01T00:00:00,2025-09-30T00:00:00,14391.05,6017.11,13092.33,OCTOBER QUARTERLY,202510069790704799
TX-20,R,2026,H6TX20113,C00905661,2025-07-01T00:00:00,2025-09-30T00:00:00,14641.05,6017.11,13342.33,OCTOBER QUARTERLY,202510089790718524
TX-20,R,2026,H6TX20113,C00905661,2025-05-19T00:00:00,2025-06-30T00:00:00,6591.59,1873.2,4718.39,JULY QUARTERLY,202507079762732998
WA-06,R,2026,H6WA06286,C00939926,2026-07-01T00:00:00,2026-07-15T00:00:00,4708.05,2829.16,2836.12,PRE-PRIMARY,202607239894460428
WA-06,R,2026,H6WA06286,C00939926,2026-03-01T00:00:00,2026-06-30T00:00:00,22906.97,21949.74,957.23,JULY QUARTERLY,202607169890829004
WA-06,R,2026,H6WA06286,C00939926,2026-03-01T00:00:00,2026-06-30T00:00:00,22906.97,21949.74,957.23,JULY QUARTERLY,202607239894460386
GA-12,D,2026,H6GA12064,C00919738,2026-04-01T00:00:00,2026-04-29T00:00:00,2981.26,1759.09,7030.47,PRE-PRIMARY,202605099866913262
GA-12,D,2026,H6GA12064,C00919738,2026-01-01T00:00:00,2026-03-31T00:00:00,11397.38,16214.95,5808.3,APRIL QUARTERLY,202604199863196307
GA-12,D,2026,H6GA12064,C00919738,2025-10-01T00:00:00,2025-12-31T00:00:00,6495.68,6561.87,-66.19,YEAR-END,202602189834339123
GA-12,D,2026,H6GA12064,C00919738,2025-10-01T00:00:00,2025-12-31T00:00:00,6495.68,6561.87,-66.19,YEAR-END,202602259837850502
GA-12,D,2026,H6GA12064,C00919738,2025-07-01T00:00:00,2025-09-30T00:00:00,5798.53,0.0,10692.06,OCTOBER QUARTERLY,202512179793530542
CA-52,R,2026,H6CA52163,C00943225,2026-05-14T00:00:00,2026-06-30T00:00:00,4900.63,4096.45,1363.92,JULY QUARTERLY,202607159875521370
CA-52,R,2026,H6CA52163,C00943225,2026-04-01T00:00:00,2026-05-13T00:00:00,20322.47,20002.73,559.74,PRE-PRIMARY,202605219870269599
CA-52,R,2026,H6CA52163,C00943225,2026-01-01T00:00:00,2026-03-31T00:00:00,275.0,35.0,240.0,APRIL QUARTERLY,202604149857233950
MA-04,R,2026,H6MA04140,C00945477,2026-03-30T00:00:00,2026-06-30T00:00:00,25533.88,24028.17,1505.71,JULY QUARTERLY,202607149875037946
GA-08,D,2026,H6GA08138,C00912584,2026-04-01T00:00:00,2026-06-30T00:00:00,1687.58,0.0,1687.58,JULY QUARTERLY,202607159890682296
GA-08,D,2026,H6GA08138,C00912584,2026-01-01T00:00:00,2026-03-31T00:00:00,17655.0,24002.84,2662.33,APRIL QUARTERLY,202604169863147419
SC-03,D,2026,H6SC03090,C00930313,2026-05-21T00:00:00,2026-06-30T00:00:00,10171.29,7919.06,17299.37,JULY QUARTERLY,202607019874295314
SC-03,D,2026,H6SC03090,C00930313,2026-04-01T00:00:00,2026-05-20T00:00:00,11117.91,6657.34,15047.14,PRE-PRIMARY,202606309874282023
SC-03,D,2026,H6SC03090,C00930313,2026-04-01T00:00:00,2026-05-20T00:00:00,10922.91,6717.34,14792.14,PRE-PRIMARY,202605219870255572
SC-03,D,2026,H6SC03090,C00930313,2026-01-01T00:00:00,2026-03-31T00:00:00,18123.65,8294.11,10586.57,APRIL QUARTERLY,202604099857047780
SC-03,D,2026,H6SC03090,C00930313,2025-10-01T00:00:00,2025-12-31T00:00:00,1000.03,243.0,757.03,YEAR-END,202601289794266831
SC-03,D,2026,H6SC03090,C00930313,2025-10-01T00:00:00,2025-12-31T00:00:00,1000.03,243.0,757.03,YEAR-END,202604019856930391
MS-04,D,2026,H6MS04242,C00931386,2026-04-01T00:00:00,2026-06-30T00:00:00,19349.82,21151.9,6534.4,JULY QUARTERLY,202607139874942463
MS-04,D,2026,H6MS04242,C00931386,2026-02-27T00:00:00,2026-03-31T00:00:00,2225.0,1711.6,1714.71,APRIL QUARTERLY,202604159857235384
MS-04,D,2026,H6MS04242,C00931386,2026-02-27T00:00:00,2026-03-31T00:00:00,9695.36,1711.6,8336.48,APRIL QUARTERLY,202607139874942412
MS-04,D,2026,H6MS04242,C00931386,2026-02-27T00:00:00,2026-03-31T00:00:00,9695.36,1711.6,9185.07,APRIL QUARTERLY,202604309866741335
KY-03,R,2026,H6KY03223,C00938209,2026-05-01T00:00:00,2026-06-30T00:00:00,12409.7,18009.94,15672.05,JULY QUARTERLY,202607209894355159
KY-03,R,2026,H6KY03223,C00938209,2026-04-01T00:00:00,2026-04-29T00:00:00,7039.0,1229.13,21372.29,PRE-PRIMARY,202606089870439735
KY-03,R,2026,H6KY03223,C00938209,2026-01-01T00:00:00,2026-03-31T00:00:00,18620.0,3057.58,15562.42,APRIL QUARTERLY,202604159862267902
MO-07,D,2026,H4MO07156,C00859140,2026-07-01T00:00:00,2026-07-15T00:00:00,0.0,2400.0,33543.24,PRE-PRIMARY,202607200300531119
MO-07,D,2026,H4MO07156,C00859140,2026-04-01T00:00:00,2026-06-30T00:00:00,20236.97,4742.77,35943.24,JULY QUARTERLY,202607100300529442
MO-07,D,2026,H4MO07156,C00859140,2026-01-01T00:00:00,2026-03-31T00:00:00,15188.39,5247.47,20449.04,APRIL QUARTERLY,202604150300523855
MO-07,D,2026,H4MO07156,C00859140,2025-10-01T00:00:00,2025-12-31T00:00:00,10005.54,3727.23,10508.12,YEAR-END,202601210300516932
MO-07,D,2026,H4MO07156,C00859140,2025-07-01T00:00:00,2025-09-30T00:00:00,2077.39,2786.29,4229.81,OCTOBER QUARTERLY,202511190300513105
MO-07,D,2026,H4MO07156,C00859140,2025-04-01T00:00:00,2025-06-30T00:00:00,3002.75,2210.42,4938.71,JULY QUARTERLY,202507080300505429
MO-07,D,2026,H4MO07156,C00859140,2025-01-30T00:00:00,2025-03-31T00:00:00,28.81,1020.22,4146.38,APRIL QUARTERLY,202504080300502233
MI-11,R,2026,H6MI11290,C00942508,2026-07-01T00:00:00,2026-07-15T00:00:00,27275.0,1704.98,121125.09,PRE-PRIMARY,202607239894459214
MI-11,R,2026,H6MI11290,C00942508,2026-04-01T00:00:00,2026-06-30T00:00:00,114601.0,20045.93,95555.07,JULY QUARTERLY,202607159890712128
IL-09,R,2026,H6IL09210,C00904680,2026-04-01T00:00:00,2026-06-30T00:00:00,0.0,0.0,0.0,JULY QUARTERLY,202607059874765788
IL-09,R,2026,H6IL09210,C00904680,2026-02-26T00:00:00,2026-03-31T00:00:00,0.0,3498.85,-5185.86,APRIL QUARTERLY,202604099857046949
IL-09,R,2026,H6IL09210,C00904680,2026-01-01T00:00:00,2026-02-25T00:00:00,4246.0,6194.23,5890.81,PRE-PRIMARY,202603059837890291
IL-09,R,2026,H6IL09210,C00904680,2025-10-01T00:00:00,2025-12-31T00:00:00,4339.0,4817.31,7839.04,YEAR-END,202601299794339724
IL-09,R,2026,H6IL09210,C00904680,2025-07-01T00:00:00,2025-09-30T00:00:00,5129.64,4173.0,8317.35,OCTOBER QUARTERLY,202510059790678068
IL-09,R,2026,H6IL09210,C00904680,2025-04-01T00:00:00,2025-06-30T00:00:00,10400.0,3039.29,7360.71,JULY QUARTERLY,202507159762845419
FL-11,D,2026,H4FL11105,C00863506,2026-04-01T00:00:00,2026-06-30T00:00:00,2683.53,658.26,10581.14,JULY QUARTERLY,202607159890616655
FL-11,D,2026,H4FL11105,C00863506,2026-01-01T00:00:00,2026-03-31T00:00:00,3067.0,2387.88,8555.87,APRIL QUARTERLY,202604159863113705
FL-11,D,2026,H4FL11105,C00863506,2025-10-01T00:00:00,2025-12-31T00:00:00,14825.11,7861.42,7876.75,YEAR-END,202601319810148910
FL-11,D,2026,H4FL11105,C00863506,2025-07-01T00:00:00,2025-09-30T00:00:00,2216.0,7450.22,913.06,OCTOBER QUARTERLY,202510159791308395
FL-11,D,2026,H4FL11105,C00863506,2025-04-01T00:00:00,2025-06-30T00:00:00,589.11,1717.99,6147.28,JULY QUARTERLY,202507159763543037
FL-11,D,2026,H4FL11105,C00863506,2025-01-01T00:00:00,2025-03-31T00:00:00,608.19,1414.37,7276.16,APRIL QUARTERLY,202505029758922100
FL-11,D,2026,H4FL11105,C00863506,2025-01-01T00:00:00,2025-03-31T00:00:00,608.19,1414.37,10224.57,APRIL QUARTERLY,202504159755364920
KS-03,R,2026,H4KS03212,C00845347,2026-04-01T00:00:00,2026-06-30T00:00:00,0.0,2807.0,24170.21,JULY QUARTERLY,202607149874995038
KS-03,R,2026,H4KS03212,C00845347,2026-01-01T00:00:00,2026-03-31T00:00:00,0.0,662.0,26977.21,APRIL QUARTERLY,202604139857136957
KS-03,R,2026,H4KS03212,C00845347,2025-10-01T00:00:00,2025-12-31T00:00:00,0.0,3072.0,27639.21,YEAR-END,202601149793988194
KS-03,R,2026,H4KS03212,C00845347,2025-07-01T00:00:00,2025-09-30T00:00:00,0.0,720.04,30711.21,OCTOBER QUARTERLY,202510079790712904
KS-03,R,2026,H4KS03212,C00845347,2025-04-01T00:00:00,2025-06-30T00:00:00,844.59,678.0,31431.25,JULY QUARTERLY,202507149762830154
KS-03,R,2026,H4KS03212,C00845347,2025-01-01T00:00:00,2025-03-31T00:00:00,0.0,13339.05,31264.66,APRIL QUARTERLY,202504119755216924
NY-20,R,2026,H6NY20225,C00935965,2026-06-04T00:00:00,2026-06-30T00:00:00,4623.1,6394.24,8118.81,JULY QUARTERLY,202607149874978988
NY-20,R,2026,H6NY20225,C00935965,2026-04-01T00:00:00,2026-06-03T00:00:00,16258.5,11763.12,9889.95,PRE-PRIMARY,202606119870650437
NY-20,R,2026,H6NY20225,C00935965,2026-01-01T00:00:00,2026-03-31T00:00:00,8144.05,2749.48,5394.57,APRIL QUARTERLY,202604129857123840
TX-19,D,2026,H6TX19198,C00900514,2026-04-01T00:00:00,2026-06-30T00:00:00,10189.41,8253.89,7630.63,JULY QUARTERLY,202607159875746364
TX-19,D,2026,H6TX19198,C00900514,2026-02-12T00:00:00,2026-03-31T00:00:00,4702.36,1970.87,8529.35,APRIL QUARTERLY,202604149857233346
TX-19,D,2026,H6TX19198,C00900514,2026-01-01T00:00:00,2026-02-11T00:00:00,3370.0,1913.33,5797.86,PRE-PRIMARY,202602259837861320
TX-19,D,2026,H6TX19198,C00900514,2025-10-01T00:00:00,2025-12-31T00:00:00,3111.0,3018.08,4341.19,YEAR-END,202601309795280705
TX-19,D,2026,H6TX19198,C00900514,2025-07-01T00:00:00,2025-09-30T00:00:00,2242.0,3495.84,2145.27,OCTOBER QUARTERLY,202510149790779468
TX-19,D,2026,H6TX19198,C00900514,2025-07-01T00:00:00,2025-09-30T00:00:00,4345.0,3495.84,4248.27,OCTOBER QUARTERLY,202601309795269127
TX-19,D,2026,H6TX19198,C00900514,2025-03-01T00:00:00,2025-06-30T00:00:00,5558.0,2158.89,3399.11,JULY QUARTERLY,202507159762949299
OH-14,D,2026,H6OH14248,C00947051,2026-04-16T00:00:00,2026-06-30T00:00:00,40621.74,6928.91,33692.83,JULY QUARTERLY,202607159890640723
OH-14,D,2026,H6OH14248,C00947051,2026-02-02T00:00:00,2026-04-15T00:00:00,21055.82,13979.43,7076.39,PRE-PRIMARY,202604239866687870
OH-14,D,2026,H6OH14248,C00947051,2026-02-02T00:00:00,2026-04-15T00:00:00,21055.82,12586.08,8469.74,PRE-PRIMARY,202607119874868689
TX-17,D,2026,H6TX17143,C00919845,2026-03-26T00:00:00,2026-03-31T00:00:00,0.0,0.0,0.0,APRIL QUARTERLY,202604039856935983
TX-17,D,2026,H6TX17143,C00919845,2026-02-12T00:00:00,2026-03-25T00:00:00,2685.4,6477.4,0.0,TERMINATION REPORT,202603259856841737
TX-17,D,2026,H6TX17143,C00919845,2026-01-01T00:00:00,2026-02-11T00:00:00,8954.0,5162.0,3792.0,PRE-PRIMARY,202602189834756769
TX-17,D,2026,H6TX17143,C00919845,2025-10-01T00:00:00,2025-12-31T00:00:00,2706.0,2625.7,360.3,YEAR-END,202601279794212229
TX-17,D,2026,H6TX17143,C00919845,2025-06-25T00:00:00,2025-09-30T00:00:00,5032.66,4752.66,280.0,OCTOBER QUARTERLY,202510089790717905
TX-01,D,2026,H6TX01303,C00897074,2026-04-01T00:00:00,2026-06-30T00:00:00,51.25,54.62,10.35,JULY QUARTERLY,202607109874858601
TX-01,D,2026,H6TX01303,C00897074,2026-02-12T00:00:00,2026-03-31T00:00:00,8.0,772.95,13.72,APRIL QUARTERLY,202604099857048145
TX-01,D,2026,H6TX01303,C00897074,2026-01-01T00:00:00,2026-02-11T00:00:00,1326.0,1746.44,778.67,PRE-PRIMARY,202602179834333426
TX-01,D,2026,H6TX01303,C00897074,2025-10-01T00:00:00,2025-12-31T00:00:00,9952.1,9899.84,1199.11,YEAR-END,202601269794174148
TX-01,D,2026,H6TX01303,C00897074,2025-02-07T00:00:00,2025-09-30T00:00:00,7565.13,6418.28,1146.85,OCTOBER QUARTERLY,202510039790675573
CA-51,R,2026,H2CA53038,C00795591,2025-01-01T00:00:00,2025-01-27T00:00:00,0.0,18876.52,0.0,TERMINATION REPORT,202501279747905142
SC-06,R,2026,H6SC06168,C00946897,2026-05-21T00:00:00,2026-06-30T00:00:00,4200.0,13111.61,7832.98,JULY QUARTERLY,202607159875083840
SC-06,R,2026,H6SC06168,C00946897,2026-03-30T00:00:00,2026-05-20T00:00:00,21410.0,4665.41,16744.59,PRE-PRIMARY,202606189870746070
LA-03,D,2026,H6LA03205,C00942151,2026-07-01T00:00:00,2026-07-18T00:00:00,2772.18,495.82,7385.01,PRE-PRIMARY,202607249894463853
LA-03,D,2026,H6LA03205,C00942151,2026-04-01T00:00:00,2026-06-30T00:00:00,11124.47,12888.09,5108.65,JULY QUARTERLY,202607159890815630
LA-03,D,2026,H6LA03205,C00942151,2026-01-01T00:00:00,2026-03-31T00:00:00,5050.0,4364.94,3552.59,APRIL QUARTERLY,202604159857286297
CA-06,R,2026,H6CA06292,C00931782,2026-01-01T00:00:00,2026-03-31T00:00:00,17441.0,17441.0,0.0,APRIL QUARTERLY,202604179863179546
MD-02,R,2026,H2MD06138,C00940718,2026-06-04T00:00:00,2026-06-30T00:00:00,3716.4,1156.37,3072.87,JULY QUARTERLY,202607159875067137
MD-02,R,2026,H2MD06138,C00940718,2026-04-01T00:00:00,2026-06-03T00:00:00,16203.07,15965.23,512.84,PRE-PRIMARY,202606119870564169
MD-02,R,2026,H2MD06138,C00940718,2026-01-01T00:00:00,2026-03-31T00:00:00,275.0,0.0,275.0,APRIL QUARTERLY,202604159857262667
TX-05,D,2026,H2TX05253,C00797316,2026-04-01T00:00:00,2026-05-06T00:00:00,10.0,2559.84,4035.09,PRE-RUN-OFF,202605149866972713
TX-05,D,2026,H2TX05253,C00797316,2026-02-12T00:00:00,2026-03-31T00:00:00,10113.0,5041.04,6584.93,APRIL QUARTERLY,202605149866972689
TX-05,D,2026,H2TX05253,C00797316,2026-01-01T00:00:00,2026-02-11T00:00:00,350.0,7485.6,1512.97,PRE-PRIMARY,202602129834313410
TX-05,D,2026,H2TX05253,C00797316,2026-01-01T00:00:00,2026-02-11T00:00:00,350.0,7390.67,1607.9,PRE-PRIMARY,202602129834313366
TX-05,D,2026,H2TX05253,C00797316,2025-10-01T00:00:00,2025-12-31T00:00:00,10275.0,1627.07,8648.57,YEAR-END,202602059825918727
TX-05,D,2026,H2TX05253,C00797316,2025-01-01T00:00:00,2025-06-30T00:00:00,0.0,275.16,87.81,JULY QUARTERLY,202507159763382361
TX-08,D,2026,H0TX08145,C00721597,2026-04-01T00:00:00,2026-06-30T00:00:00,8585.64,6939.5,7859.32,JULY QUARTERLY,202607119874884606
TX-08,D,2026,H0TX08145,C00721597,2026-02-15T00:00:00,2026-03-31T00:00:00,4484.36,1898.48,6213.18,APRIL QUARTERLY,202604119857119160
TX-08,D,2026,H0TX08145,C00721597,2026-01-01T00:00:00,2026-02-11T00:00:00,1288.0,1030.54,3627.3,PRE-PRIMARY,202602209837825072
TX-08,D,2026,H0TX08145,C00721597,2025-10-01T00:00:00,2025-12-31T00:00:00,5154.0,4447.38,3369.84,YEAR-END,202601249794155872
TX-08,D,2026,H0TX08145,C00721597,2025-07-01T00:00:00,2025-09-30T00:00:00,1385.0,1127.97,2663.22,OCTOBER QUARTERLY,202511209792707070
TX-08,D,2026,H0TX08145,C00721597,2025-04-01T00:00:00,2025-06-30T00:00:00,654.0,799.06,2406.19,JULY QUARTERLY,202507159762882418
TX-08,D,2026,H0TX08145,C00721597,2025-01-01T00:00:00,2025-03-31T00:00:00,429.0,378.5,2551.25,APRIL QUARTERLY,202504149755349540
AL-07,R,2026,H6AL07208,C00953315,2026-04-01T00:00:00,2026-06-30T00:00:00,138700.04,16127.0,122573.04,JULY QUARTERLY,202607159875705158
OH-11,R,2026,H0OH11106,C00904193,2025-10-01T00:00:00,2025-10-28T00:00:00,0.0,93.01,0.0,TERMINATION REPORT,202510289792038757
OH-11,R,2026,H0OH11106,C00904193,2025-07-01T00:00:00,2025-09-30T00:00:00,410.0,9422.65,93.01,OCTOBER QUARTERLY,202510159791488122
OH-11,R,2026,H0OH11106,C00904193,2025-04-01T00:00:00,2025-06-30T00:00:00,15100.0,5994.34,9105.66,JULY QUARTERLY,202507159763425460
OH-11,R,2026,H0OH11106,C00904193,2025-04-01T00:00:00,2025-06-30T00:00:00,15100.0,5994.34,9105.66,JULY QUARTERLY,202507169763554012
MD-08,R,2026,H4MD08213,C00872754,2026-06-04T00:00:00,2026-06-30T00:00:00,927.98,2902.67,1806.19,JULY QUARTERLY,202607159875066860
MD-08,R,2026,H4MD08213,C00872754,2026-04-01T00:00:00,2026-06-03T00:00:00,2096.65,2982.45,3780.88,PRE-PRIMARY,202606119870564228
MD-08,R,2026,H4MD08213,C00872754,2026-01-01T00:00:00,2026-03-31T00:00:00,2716.21,5782.28,4666.68,APRIL QUARTERLY,202604159857262451
MD-08,R,2026,H4MD08213,C00872754,2025-10-01T00:00:00,2025-12-31T00:00:00,1412.38,1498.98,7732.75,YEAR-END,202601299794393986
MD-08,R,2026,H4MD08213,C00872754,2025-07-01T00:00:00,2025-09-30T00:00:00,4579.2,799.82,7819.35,OCTOBER QUARTERLY,202510159790813556
MD-08,R,2026,H4MD08213,C00872754,2025-04-01T00:00:00,2025-06-30T00:00:00,4830.83,1389.83,4039.97,JULY QUARTERLY,202507139762772670
MD-08,R,2026,H4MD08213,C00872754,2025-01-01T00:00:00,2025-03-31T00:00:00,26.35,16.35,598.97,APRIL QUARTERLY,202504039755036510
MD-05,R,2026,H4MD05219,C00847103,2026-06-04T00:00:00,2026-06-30T00:00:00,7052.12,6507.36,2452.57,JULY QUARTERLY,202607119874884598
MD-05,R,2026,H4MD05219,C00847103,2026-04-01T00:00:00,2026-06-03T00:00:00,7567.43,5659.62,1907.81,PRE-PRIMARY,202606119870565286
MD-05,R,2026,H4MD05219,C00847103,2026-01-01T00:00:00,2026-03-31T00:00:00,915.33,34.13,921.79,APRIL QUARTERLY,202604139857133968
MD-05,R,2026,H4MD05219,C00847103,2025-10-01T00:00:00,2025-12-31T00:00:00,0.0,0.0,40.59,YEAR-END,202601149793982062
MD-05,R,2026,H4MD05219,C00847103,2025-07-01T00:00:00,2025-09-30T00:00:00,105.21,1119.01,40.59,OCTOBER QUARTERLY,202510159790813899
MD-05,R,2026,H4MD05219,C00847103,2025-04-01T00:00:00,2025-06-30T00:00:00,0.0,0.0,1054.39,JULY QUARTERLY,202507079762728934
MD-05,R,2026,H4MD05219,C00847103,2025-01-01T00:00:00,2025-03-31T00:00:00,0.0,1873.27,1054.39,APRIL QUARTERLY,202504039755036677
CA-02,R,2026,H2CA01250,C00941997,2026-05-14T00:00:00,2026-06-30T00:00:00,104.99,0.0,496.99,JULY QUARTERLY,202607169890832757
CA-02,R,2026,H2CA01250,C00941997,2026-04-01T00:00:00,2026-05-13T00:00:00,4421.41,4139.41,392.0,PRE-PRIMARY,202605229870271712
CA-02,R,2026,H2CA01250,C00941997,2026-01-01T00:00:00,2026-03-31T00:00:00,11158.99,11048.99,110.0,APRIL QUARTERLY,202604169863147433
GA-06,R,2026,H6GA06157,C00921999,2026-04-01T00:00:00,2026-04-29T00:00:00,1125.47,1801.02,1389.36,PRE-PRIMARY,202605059866806017
GA-06,R,2026,H6GA06157,C00921999,2026-01-01T00:00:00,2026-03-31T00:00:00,11090.98,9026.07,2064.91,APRIL QUARTERLY,202604149857194104
GA-06,R,2026,H6GA06157,C00921999,2025-10-01T00:00:00,2025-12-31T00:00:00,4122.08,4122.08,0.0,YEAR-END,202601319795711113
GA-06,R,2026,H6GA06157,C00921999,2025-07-01T00:00:00,2025-09-30T00:00:00,0.0,0.0,0.0,OCTOBER QUARTERLY,202510159791596282
FL-24,R,2026,H6FL14203,C00949099,2026-04-01T00:00:00,2026-06-30T00:00:00,313318.49,14692.9,298625.59,JULY QUARTERLY,202607149875029435
AL-04,D,2026,H6AL05228,C00902247,2026-05-01T00:00:00,2026-06-30T00:00:00,1793.32,2316.67,395.79,JULY QUARTERLY,202607149874991532
AL-04,D,2026,H6AL05228,C00902247,2026-04-01T00:00:00,2026-04-29T00:00:00,269.76,440.61,-56.02,PRE-PRIMARY,202605079866897441
AL-04,D,2026,H6AL05228,C00902247,2026-01-01T00:00:00,2026-03-31T00:00:00,6518.67,8314.74,114.83,APRIL QUARTERLY,202604089857030195
AL-04,D,2026,H6AL05228,C00902247,2025-10-01T00:00:00,2025-12-31T00:00:00,7009.0,3551.52,2510.57,YEAR-END,202602039825915352
MT-02,D,2026,H6MT02150,C00922831,2026-05-14T00:00:00,2026-06-30T00:00:00,2978.48,5168.07,3165.53,JULY QUARTERLY,202607169890836618
MT-02,D,2026,H6MT02150,C00922831,2026-04-01T00:00:00,2026-05-13T00:00:00,975.0,15.38,5600.09,PRE-PRIMARY,202606039870362645
MT-02,D,2026,H6MT02150,C00922831,2026-01-01T00:00:00,2026-03-31T00:00:00,4996.28,3311.05,1820.79,APRIL QUARTERLY,202604159862581169
MT-02,D,2026,H6MT02150,C00922831,2025-10-01T00:00:00,2025-12-31T00:00:00,400.69,1039.5,4640.47,YEAR-END,202601319825852168
MT-02,D,2026,H6MT02150,C00922831,2025-07-01T00:00:00,2025-09-30T00:00:00,9823.28,5039.0,5279.28,OCTOBER QUARTERLY,202510179791644021
TX-04,D,2026,H6TX04174,C00923870,2026-04-01T00:00:00,2026-06-30T00:00:00,4487.9,3279.17,2086.05,JULY QUARTERLY,202607159875757903
TX-04,D,2026,H6TX04174,C00923870,2026-02-12T00:00:00,2026-03-31T00:00:00,2488.41,3585.23,877.32,APRIL QUARTERLY,202604149857233379
TX-04,D,2026,H6TX04174,C00923870,2026-01-01T00:00:00,2026-02-11T00:00:00,3390.29,1557.78,1974.14,PRE-PRIMARY,202602199834769561
TX-04,D,2026,H6TX04174,C00923870,2025-09-01T00:00:00,2025-12-31T00:00:00,5904.49,5762.86,141.63,YEAR-END,202601319795291454
IN-04,D,2026,H6IN04193,C00912428,2026-04-16T00:00:00,2026-06-30T00:00:00,13694.36,8540.95,6862.87,JULY QUARTERLY,202607159890819275
IN-04,D,2026,H6IN04193,C00912428,2026-04-01T00:00:00,2026-04-15T00:00:00,101.5,2000.0,1709.46,PRE-PRIMARY,202604239866695083
IN-04,D,2026,H6IN04193,C00912428,2025-07-24T00:00:00,2026-03-31T00:00:00,6581.15,2973.19,3607.96,APRIL QUARTERLY,202604159862546276
OH-04,D,2026,H6OH04181,C00932889,2026-04-16T00:00:00,2026-06-30T00:00:00,8036.0,11240.74,464.84,JULY QUARTERLY,202607159875980437
OH-04,D,2026,H6OH04181,C00932889,2026-04-01T00:00:00,2026-04-15T00:00:00,3294.65,112.05,3669.58,PRE-PRIMARY,202604229866677259
OH-04,D,2026,H6OH04181,C00932889,2026-04-01T00:00:00,2026-04-15T00:00:00,3294.65,112.05,3669.58,PRE-PRIMARY,202607159875974628
OH-04,D,2026,H6OH04181,C00932889,2026-01-01T00:00:00,2026-03-31T00:00:00,1537.36,1050.38,486.98,APRIL QUARTERLY,202604149857183312
OH-04,D,2026,H6OH04181,C00932889,2026-01-01T00:00:00,2026-03-31T00:00:00,1537.36,1050.38,486.98,APRIL QUARTERLY,202607159875945687
TX-33,R,2026,H6TX33041,C00893073,2026-01-01T00:00:00,2026-02-11T00:00:00,535.0,394.73,870.25,PRE-PRIMARY,202602259837850493
TX-33,R,2026,H6TX33041,C00893073,2025-10-01T00:00:00,2025-12-31T00:00:00,2550.0,2410.58,729.98,YEAR-END,202602209834840829
TX-33,R,2026,H6TX33041,C00893073,2025-07-01T00:00:00,2025-09-30T00:00:00,6175.0,6585.13,590.56,OCTOBER QUARTERLY,202512229793852566
TX-33,R,2026,H6TX33041,C00893073,2025-04-01T00:00:00,2025-06-30T00:00:00,1855.0,1144.37,1000.69,JULY QUARTERLY,202509249790385177
TX-33,R,2026,H6TX33041,C00893073,2025-01-01T00:00:00,2025-03-31T00:00:00,2100.0,1809.94,290.06,APRIL QUARTERLY,202504049755049222
WI-05,D,2026,H6WI05136,C00872697,2026-04-01T00:00:00,2026-06-30T00:00:00,8292.0,6431.54,3158.02,JULY QUARTERLY,202607169890830350
WI-05,D,2026,H6WI05136,C00872697,2026-01-01T00:00:00,2026-03-31T00:00:00,1891.0,1586.43,1297.56,APRIL QUARTERLY,202604159857289052
WI-05,D,2026,H6WI05136,C00872697,2025-10-01T00:00:00,2025-12-31T00:00:00,1853.0,1676.16,992.99,YEAR-END,202601199794083066
WI-05,D,2026,H6WI05136,C00872697,2025-07-01T00:00:00,2025-09-30T00:00:00,1124.26,1541.81,816.15,OCTOBER QUARTERLY,202510149790778450
WI-05,D,2026,H6WI05136,C00872697,2025-04-01T00:00:00,2025-06-30T00:00:00,1452.0,218.46,1233.54,JULY QUARTERLY,202507149762785665
WI-05,D,2026,H6WI05136,C00872697,2025-01-01T00:00:00,2025-03-31T00:00:00,0.0,136.0,40.16,APRIL QUARTERLY,202505209761430568
WY-00,D,2026,H6WY01173,C00944280,2026-04-01T00:00:00,2026-06-30T00:00:00,13270.0,11031.21,2685.88,JULY QUARTERLY,202607139874939444
WY-00,D,2026,H6WY01173,C00944280,2026-01-01T00:00:00,2026-03-31T00:00:00,0.0,182.91,-182.91,APRIL QUARTERLY,202607139874939239
OH-05,D,2026,H2OH05070,C00938621,2026-04-16T00:00:00,2026-06-30T00:00:00,5800.0,5748.68,130.11,JULY QUARTERLY,202607139874937849
OH-05,D,2026,H2OH05070,C00938621,2026-04-01T00:00:00,2026-04-15T00:00:00,5100.0,5021.21,78.79,PRE-PRIMARY,202605059866804608
FL-18,D,2026,H6FL18212,C00932376,2026-04-01T00:00:00,2026-06-30T00:00:00,11755.33,10650.48,1452.42,JULY QUARTERLY,202607279894475447
FL-18,D,2026,H6FL18212,C00932376,2026-01-01T00:00:00,2026-03-31T00:00:00,452.9,105.33,347.57,APRIL QUARTERLY,202606239874231803
TX-12,D,2026,H8TX12108,C00900902,2026-02-12T00:00:00,2026-03-03T00:00:00,0.0,0.0,0.0,TERMINATION REPORT,202604159862447216
TX-12,D,2026,H8TX12108,C00900902,2026-01-01T00:00:00,2026-02-11T00:00:00,0.0,514.5,-442.5,PRE-PRIMARY,202602159834323248
TX-12,D,2026,H8TX12108,C00900902,2025-10-01T00:00:00,2025-12-31T00:00:00,9258.86,8390.7,72.72,YEAR-END,202601079793921092
TX-12,D,2026,H8TX12108,C00900902,2025-07-01T00:00:00,2025-09-30T00:00:00,1091.56,1650.95,-795.44,OCTOBER QUARTERLY,202510199791652580
WA-07,R,2026,H4WA08147,C00845354,2026-07-01T00:00:00,2026-07-22T00:00:00,5000.0,5000.0,5043.77,PRE-PRIMARY,202607229894418718
WA-07,R,2026,H4WA08147,C00845354,2026-04-01T00:00:00,2026-06-30T00:00:00,6810.81,5525.0,5043.77,JULY QUARTERLY,202607079874798925
GA-13,R,2026,H6GA13146,C00949917,2026-05-08T00:00:00,2026-07-08T00:00:00,8253.14,7091.72,1161.42,PRE-SPECIAL,202607179890871845
GA-13,R,2026,H6GA13146,C00949917,2026-04-01T00:00:00,2026-06-30T00:00:00,7187.12,3304.3,3882.82,JULY QUARTERLY,202607159875065986
NC-04,R,2026,H4NC02150,C00769463,2026-04-01T00:00:00,2026-06-30T00:00:00,6385.9,6816.96,16967.44,JULY QUARTERLY,202607159890819306
NC-04,R,2026,H4NC02150,C00769463,2026-02-19T00:00:00,2026-03-31T00:00:00,1578.4,1017.48,17398.5,APRIL QUARTERLY,202604279866710065
NC-04,R,2026,H4NC02150,C00769463,2026-01-01T00:00:00,2026-02-18T00:00:00,0.0,0.0,16728.9,PRE-PRIMARY,202602189834342841
NC-04,R,2026,H4NC02150,C00769463,2025-10-01T00:00:00,2025-12-31T00:00:00,2002.66,817.77,16728.9,YEAR-END,202601239794154098
NC-04,R,2026,H4NC02150,C00769463,2025-07-01T00:00:00,2025-09-30T00:00:00,200.0,150.0,15544.01,OCTOBER QUARTERLY,202510199791653277
NC-04,R,2026,H4NC02150,C00769463,2025-04-01T00:00:00,2025-06-30T00:00:00,1750.0,1500.0,15494.01,JULY QUARTERLY,202507149762822254
NC-04,R,2026,H4NC02150,C00769463,2025-01-01T00:00:00,2025-03-31T00:00:00,0.0,0.0,15244.01,APRIL QUARTERLY,202505049758927046
RI-01,R,2026,H6RI01153,C00947416,2026-04-01T00:00:00,2026-06-30T00:00:00,10335.25,9152.25,1183.0,JULY QUARTERLY,202607169890829560
TX-18,R,2026,H6TX18323,C00898940,2026-04-15T00:00:00,2026-07-15T00:00:00,0.0,0.0,-171.29,TERMINATION REPORT,202604149857225374
TX-18,R,2026,H6TX18323,C00898940,2026-01-01T00:00:00,2026-03-31T00:00:00,0.0,51.31,-171.29,APRIL QUARTERLY,202604149857219034
TX-18,R,2026,H6TX18323,C00898940,2025-10-01T00:00:00,2025-12-31T00:00:00,1930.0,2028.53,-119.98,YEAR-END,202601249794158286
TX-18,R,2026,H6TX18323,C00898940,2025-07-01T00:00:00,2025-09-30T00:00:00,6582.13,6603.58,-21.45,OCTOBER QUARTERLY,202510109790742701
MD-03,R,2026,H4MD03149,C00920082,2026-06-04T00:00:00,2026-06-30T00:00:00,4751.03,6130.92,2015.51,JULY QUARTERLY,202607149874991624
MD-03,R,2026,H4MD03149,C00920082,2026-01-01T00:00:00,2026-03-31T00:00:00,5109.36,1969.33,6851.31,APRIL QUARTERLY,202604159857268038
CA-08,R,2026,H2CA00153,C00784835,2026-05-14T00:00:00,2026-06-30T00:00:00,839.0,722.0,1540.87,JULY QUARTERLY,202607109874856569
CA-08,R,2026,H2CA00153,C00784835,2026-04-01T00:00:00,2026-05-13T00:00:00,403.0,394.29,1423.87,PRE-PRIMARY,202605209867439884
CA-08,R,2026,H2CA00153,C00784835,2026-01-01T00:00:00,2026-03-31T00:00:00,3736.0,3128.23,1415.16,APRIL QUARTERLY,202604059856981734
CA-08,R,2026,H2CA00153,C00784835,2025-10-01T00:00:00,2025-12-31T00:00:00,800.0,1780.17,807.39,YEAR-END,202601259794161079
CA-08,R,2026,H2CA00153,C00784835,2025-07-01T00:00:00,2025-09-30T00:00:00,1275.0,701.1,1787.56,OCTOBER QUARTERLY,202510089790718959
CA-08,R,2026,H2CA00153,C00784835,2025-04-01T00:00:00,2025-06-30T00:00:00,825.0,671.4,1213.66,JULY QUARTERLY,202507039762576878
CA-08,R,2026,H2CA00153,C00784835,2025-04-01T00:00:00,2025-06-30T00:00:00,825.0,568.4,1815.97,JULY QUARTERLY,202507039762576132
CA-08,R,2026,H2CA00153,C00784835,2025-01-01T00:00:00,2025-03-31T00:00:00,698.0,176.37,1559.37,APRIL QUARTERLY,202504109755207361
CA-08,R,2026,H2CA00153,C00784835,2025-01-01T00:00:00,2025-03-31T00:00:00,698.0,675.68,1060.06,APRIL QUARTERLY,202507039762576826
IL-02,R,2026,H6IL02280,C00904383,2025-07-01T00:00:00,2025-09-23T00:00:00,6025.0,6455.7,0.0,TERMINATION REPORT,202509239790382559
IL-02,R,2026,H6IL02280,C00904383,2025-05-06T00:00:00,2025-06-30T00:00:00,1968.84,1538.14,430.7,JULY QUARTERLY,202507159762901270
CA-28,R,2026,H4CA28127,C00858845,2026-05-14T00:00:00,2026-06-30T00:00:00,200.0,230.0,205.19,JULY QUARTERLY,202607139874923192
CA-28,R,2026,H4CA28127,C00858845,2026-04-01T00:00:00,2026-05-13T00:00:00,0.0,15.0,235.19,PRE-PRIMARY,202607139874923153
CA-28,R,2026,H4CA28127,C00858845,2026-04-01T00:00:00,2026-05-13T00:00:00,0.0,15.0,397.65,PRE-PRIMARY,202605219870208476
CA-28,R,2026,H4CA28127,C00858845,2026-01-01T00:00:00,2026-03-31T00:00:00,0.0,45.0,250.19,APRIL QUARTERLY,202607139874921492
CA-28,R,2026,H4CA28127,C00858845,2026-01-01T00:00:00,2026-03-31T00:00:00,0.0,30.0,412.65,APRIL QUARTERLY,202604149857185944
CA-28,R,2026,H4CA28127,C00858845,2025-10-01T00:00:00,2025-12-31T00:00:00,0.0,0.0,442.65,YEAR-END,202601309795193687
CA-28,R,2026,H4CA28127,C00858845,2025-10-01T00:00:00,2025-12-31T00:00:00,0.0,147.46,295.19,YEAR-END,202607139874920576
CA-28,R,2026,H4CA28127,C00858845,2025-07-01T00:00:00,2025-09-30T00:00:00,50.0,4195.0,442.65,OCTOBER QUARTERLY,202510159791521251
CA-28,R,2026,H4CA28127,C00858845,2025-04-01T00:00:00,2025-06-30T00:00:00,0.0,1250.0,4587.65,JULY QUARTERLY,202507159763468084
CA-28,R,2026,H4CA28127,C00858845,2025-01-01T00:00:00,2025-03-31T00:00:00,0.0,2000.0,5837.65,APRIL QUARTERLY,202504149755328877
TX-16,R,2026,H2TX16250,C00794859,2026-04-01T00:00:00,2026-06-30T00:00:00,0.0,30.0,821.44,JULY QUARTERLY,202607159875748598
TX-16,R,2026,H2TX16250,C00794859,2026-02-12T00:00:00,2026-03-31T00:00:00,737.38,1106.06,851.44,APRIL QUARTERLY,202604129857120837
TX-16,R,2026,H2TX16250,C00794859,2026-01-01T00:00:00,2026-02-11T00:00:00,992.65,864.14,1220.12,PRE-PRIMARY,202602199834772089
TX-16,R,2026,H2TX16250,C00794859,2025-10-01T00:00:00,2025-12-31T00:00:00,988.96,458.08,1091.61,YEAR-END,202601319825701695
TX-16,R,2026,H2TX16250,C00794859,2025-07-01T00:00:00,2025-09-30T00:00:00,2853.58,3516.49,560.73,OCTOBER QUARTERLY,202510159791383864
TX-16,R,2026,H2TX16250,C00794859,2025-04-01T00:00:00,2025-06-30T00:00:00,1462.28,1534.28,500.0,JULY QUARTERLY,202507159763099783
TX-16,R,2026,H2TX16250,C00794859,2025-01-01T00:00:00,2025-03-31T00:00:00,282.63,210.63,572.0,APRIL QUARTERLY,202504149755317022
CO-02,R,2026,H2CO02205,C00810457,2026-04-01T00:00:00,2026-06-08T00:00:00,0.0,6937.05,0.0,TERMINATION REPORT,202606089870439875
CO-02,R,2026,H2CO02205,C00810457,2026-01-01T00:00:00,2026-03-31T00:00:00,0.0,21.0,6937.05,APRIL QUARTERLY,202604149857197636
CO-02,R,2026,H2CO02205,C00810457,2025-10-01T00:00:00,2025-12-31T00:00:00,0.0,21.0,6958.05,YEAR-END,202601239794127397
CO-02,R,2026,H2CO02205,C00810457,2025-07-01T00:00:00,2025-09-30T00:00:00,0.0,24.98,6979.05,OCTOBER QUARTERLY,202510159791557400
CO-02,R,2026,H2CO02205,C00810457,2025-04-01T00:00:00,2025-06-30T00:00:00,0.0,116.69,7004.03,JULY QUARTERLY,202507169763555254
CO-02,R,2026,H2CO02205,C00810457,2025-01-01T00:00:00,2025-03-31T00:00:00,0.0,254.01,7120.72,APRIL QUARTERLY,202504159756054389
CA-15,R,2026,H4CA15074,C00847590,2025-01-01T00:00:00,2025-03-31T00:00:00,5350.0,7037.73,0.0,APRIL QUARTERLY,202504159755353592
NJ-01,R,2026,H2NJ01187,C00930941,2026-05-14T00:00:00,2026-06-30T00:00:00,6868.63,5075.1,5055.73,JULY QUARTERLY,202607129874888861
NJ-01,R,2026,H2NJ01187,C00930941,2026-04-01T00:00:00,2026-05-13T00:00:00,3756.1,793.74,3262.2,PRE-PRIMARY,202605219870203616
NJ-01,R,2026,H2NJ01187,C00930941,2026-01-01T00:00:00,2026-03-31T00:00:00,500.0,200.16,299.84,APRIL QUARTERLY,202604059856983008
MP-00,D,2026,H8MP00041,C00469882,2025-07-01T00:00:00,2025-09-30T00:00:00,0.0,522.83,0.0,TERMINATION REPORT,202510129790748182
MP-00,D,2026,H8MP00041,C00469882,2025-04-01T00:00:00,2025-06-30T00:00:00,0.0,1000.0,522.83,JULY QUARTERLY,202507149762781394
MP-00,D,2026,H8MP00041,C00469882,2025-01-01T00:00:00,2025-03-31T00:00:00,0.0,4306.95,1522.83,APRIL QUARTERLY,202504159755350826
NJ-06,R,2026,H6NJ06286,C00927335,2026-05-14T00:00:00,2026-06-30T00:00:00,2662.2,2492.13,1866.13,JULY QUARTERLY,202607159875136583
NJ-06,R,2026,H6NJ06286,C00927335,2026-04-01T00:00:00,2026-05-13T00:00:00,1411.13,1012.94,1696.06,PRE-PRIMARY,202605219870210938
NJ-06,R,2026,H6NJ06286,C00927335,2026-01-01T00:00:00,2026-03-31T00:00:00,1971.79,1173.92,1297.87,APRIL QUARTERLY,202604159857524427
NJ-06,R,2026,H6NJ06286,C00927335,2025-01-01T00:00:00,2025-12-31T00:00:00,1600.0,1100.0,500.0,YEAR-END,202601259794161133
AR-04,D,2026,H6AR04084,C00924621,2026-04-01T00:00:00,2026-06-30T00:00:00,5853.42,5627.98,907.45,JULY QUARTERLY,202607139874904993
PA-05,R,2026,H2PA05116,C00868992,2025-04-01T00:00:00,2025-06-30T00:00:00,0.0,647.59,0.0,TERMINATION REPORT,202507159762853969
PA-05,R,2026,H2PA05116,C00868992,2025-01-01T00:00:00,2025-03-31T00:00:00,0.0,4765.05,647.59,APRIL QUARTERLY,202504159755351028
CA-44,R,2026,H6CA44210,C00942029,2026-05-14T00:00:00,2026-06-30T00:00:00,1086.24,831.59,8746.29,JULY QUARTERLY,202607129874889782
CA-44,R,2026,H6CA44210,C00942029,2026-04-01T00:00:00,2026-05-13T00:00:00,2510.65,1782.64,8491.64,PRE-PRIMARY,202605179866978091
CA-44,R,2026,H6CA44210,C00942029,2026-01-01T00:00:00,2026-03-31T00:00:00,10305.08,2537.45,7767.63,APRIL QUARTERLY,202604109857063930
CA-44,R,2026,H6CA44210,C00942029,2026-01-01T00:00:00,2026-03-31T00:00:00,10301.08,2537.45,7763.63,APRIL QUARTERLY,202605179866978077
VA-03,R,2026,H6VA03121,C00949644,2026-07-01T00:00:00,2026-07-15T00:00:00,52.4,1256.41,1761.88,PRE-PRIMARY,202607209890922283
VA-03,R,2026,H6VA03121,C00949644,2026-04-01T00:00:00,2026-06-30T00:00:00,6502.23,3536.34,2965.89,JULY QUARTERLY,202607149874979983
NC-02,R,2026,H2NC13110,C00499236,2025-10-01T00:00:00,2025-11-03T00:00:00,0.0,1708.57,0.0,TERMINATION REPORT,202511039792570015
NC-02,R,2026,H2NC13110,C00499236,2025-07-01T00:00:00,2025-09-30T00:00:00,0.0,999.0,1708.57,OCTOBER QUARTERLY,202510149790788491
NC-02,R,2026,H2NC13110,C00499236,2025-04-01T00:00:00,2025-06-30T00:00:00,0.0,999.0,2707.57,JULY QUARTERLY,202507079762730625
NC-02,R,2026,H2NC13110,C00499236,2025-01-01T00:00:00,2025-03-31T00:00:00,0.0,989.5,3706.57,APRIL QUARTERLY,202504079755056957
CT-03,R,2026,H6CT03178,C00905125,2026-04-30T00:00:00,2026-06-30T00:00:00,3874.0,0.0,4028.0,JULY QUARTERLY,202607139874904274
CT-03,R,2026,H6CT03178,C00905125,2026-04-01T00:00:00,2026-04-25T00:00:00,25.0,0.0,6328.76,PRE-CONVENTION,202605059866804580
CT-03,R,2026,H6CT03178,C00905125,2026-01-01T00:00:00,2026-03-31T00:00:00,660.0,0.0,6303.76,APRIL QUARTERLY,202604219866630029
CT-03,R,2026,H6CT03178,C00905125,2025-01-01T00:00:00,2025-12-31T00:00:00,10089.55,4445.79,5643.76,YEAR-END,202601319795536130
IL-03,R,2026,H6IL03163,C00880161,2026-04-01T00:00:00,2026-06-30T00:00:00,3040.26,2683.97,3738.26,JULY QUARTERLY,202607159875936503
IL-03,R,2026,H6IL03163,C00880161,2025-08-01T00:00:00,2026-03-31T00:00:00,5039.26,1657.29,3381.97,APRIL QUARTERLY,202604159857643444
NY-09,R,2026,H6NY09160,C00936161,2026-02-01T00:00:00,2026-04-15T00:00:00,4742.81,2710.0,1054.94,PRE-PRIMARY,202604240300526178
NY-09,R,2026,H6NY09160,C00936161,2026-02-01T00:00:00,2026-04-15T00:00:00,4742.81,2710.0,1054.94,PRE-PRIMARY,202605080300526984
NY-09,R,2026,H6NY09160,C00936161,2026-02-01T00:00:00,2026-04-15T00:00:00,4742.81,2710.0,1054.94,PRE-PRIMARY,202605080300526984
NY-09,R,2026,H6NY09160,C00936161,2025-10-15T00:00:00,2026-01-31T00:00:00,1459.31,1459.31,0.0,PRE-PRIMARY,202602130300520635
CT-01,R,2026,H2CT03102,C00785634,2026-04-01T00:00:00,2026-06-30T00:00:00,2855.91,2511.48,344.43,JULY QUARTERLY,202607229894415350
CT-01,R,2026,H2CT03102,C00785634,2025-10-01T00:00:00,2025-12-31T00:00:00,139.91,809.0,-669.09,YEAR-END,202601309795289092
CT-01,R,2026,H2CT03102,C00785634,2025-07-01T00:00:00,2025-09-30T00:00:00,0.0,9.68,-9.68,OCTOBER QUARTERLY,202510159791302509
CT-01,R,2026,H2CT03102,C00785634,2025-01-01T00:00:00,2025-03-31T00:00:00,700.0,789.0,-89.0,APRIL QUARTERLY,202504149755350353
WI-02,R,2026,H2WI02173,C00788083,2026-04-01T00:00:00,2026-06-30T00:00:00,100.0,57.35,49.53,JULY QUARTERLY,202607149874971151
WI-02,R,2026,H2WI02173,C00788083,2026-01-01T00:00:00,2026-03-31T00:00:00,1009.43,1009.43,6.88,APRIL QUARTERLY,202604149857233432
WI-02,R,2026,H2WI02173,C00788083,2025-10-01T00:00:00,2025-12-31T00:00:00,510.0,606.0,6.88,YEAR-END,202601299794448927
WI-02,R,2026,H2WI02173,C00788083,2025-07-01T00:00:00,2025-09-30T00:00:00,500.0,1000.0,102.88,OCTOBER QUARTERLY,202510139790748525
WI-02,R,2026,H2WI02173,C00788083,2025-04-01T00:00:00,2025-06-30T00:00:00,756.41,350.76,602.88,JULY QUARTERLY,202507159762867481
WI-02,R,2026,H2WI02173,C00788083,2025-01-01T00:00:00,2025-03-31T00:00:00,1050.0,1019.88,197.23,APRIL QUARTERLY,202504159755426429
VA-08,R,2026,H6VA08252,C00905943,2026-07-01T00:00:00,2026-07-15T00:00:00,11877.11,223.51,17903.16,PRE-PRIMARY,202607239894446311
VA-08,R,2026,H6VA08252,C00905943,2026-04-01T00:00:00,2026-06-30T00:00:00,6022.16,3622.3,6249.56,JULY QUARTERLY,202607159875392239
VA-08,R,2026,H6VA08252,C00905943,2026-01-01T00:00:00,2026-03-31T00:00:00,2177.92,100.72,3849.7,APRIL QUARTERLY,202604159863010479
VA-08,R,2026,H6VA08252,C00905943,2025-10-01T00:00:00,2025-12-31T00:00:00,375.0,38.4,1772.5,YEAR-END,202601319795652500
VA-08,R,2026,H6VA08252,C00905943,2025-07-01T00:00:00,2025-09-30T00:00:00,1325.0,22.6,1435.9,OCTOBER QUARTERLY,202510159791092654
VA-08,R,2026,H6VA08252,C00905943,2025-04-01T00:00:00,2025-06-30T00:00:00,140.0,6.5,133.5,JULY QUARTERLY,202507159763481964
OR-01,R,2026,H6OR01308,C00942839,2026-04-30T00:00:00,2026-06-30T00:00:00,1835.0,2323.13,211.69,JULY QUARTERLY,202607119874881278
OR-01,R,2026,H6OR01308,C00942839,2026-03-10T00:00:00,2026-04-29T00:00:00,1440.53,740.71,699.82,PRE-PRIMARY,202607099874817032
MI-09,D,2026,H4MI09125,C00873752,2025-07-01T00:00:00,2025-09-30T00:00:00,0.0,0.0,0.0,TERMINATION REPORT,202504039755044163
MI-09,D,2026,H4MI09125,C00873752,2025-04-01T00:00:00,2025-06-30T00:00:00,0.0,2892.07,0.0,JULY QUARTERLY,202504039755044158
MI-09,D,2026,H4MI09125,C00873752,2025-01-01T00:00:00,2025-03-31T00:00:00,0.0,370.0,2892.07,APRIL QUARTERLY,202504039755044153
WA-01,R,2026,H2WA01252,C00789644,2025-10-01T00:00:00,2025-12-31T00:00:00,0.0,31.69,0.0,TERMINATION REPORT,202601289794269375
WA-01,R,2026,H2WA01252,C00789644,2025-07-01T00:00:00,2025-09-30T00:00:00,0.0,3090.31,31.69,OCTOBER QUARTERLY,202510159791599913
WA-01,R,2026,H2WA01252,C00789644,2025-04-01T00:00:00,2025-06-30T00:00:00,0.0,0.0,3122.0,JULY QUARTERLY,202507159763271760
WA-01,R,2026,H2WA01252,C00789644,2025-01-01T00:00:00,2025-03-31T00:00:00,0.0,0.0,3122.0,APRIL QUARTERLY,202504159756064032
PR-00,R,2026,H4PR01036,C00858399,2026-04-01T00:00:00,2026-06-30T00:00:00,0.0,0.0,5053.33,JULY QUARTERLY,202607229894415328
PR-00,R,2026,H4PR01036,C00858399,2026-01-01T00:00:00,2026-03-31T00:00:00,0.0,0.0,5053.33,APRIL QUARTERLY,202607229894415323
PR-00,R,2026,H4PR01036,C00858399,2025-10-01T00:00:00,2025-12-31T00:00:00,0.0,0.0,5053.33,YEAR-END,202602059825919102
PR-00,R,2026,H4PR01036,C00858399,2025-07-01T00:00:00,2025-09-30T00:00:00,0.0,0.0,5053.33,OCTOBER QUARTERLY,202512019793348195
PR-00,R,2026,H4PR01036,C00858399,2025-04-01T00:00:00,2025-06-30T00:00:00,0.0,2700.0,5053.33,JULY QUARTERLY,202508069789389022
PR-00,R,2026,H4PR01036,C00858399,2025-01-01T00:00:00,2025-03-31T00:00:00,0.0,0.0,7753.33,APRIL QUARTERLY,202508069789389014
NY-16,R,2026,H2NY16115,C00827147,2025-04-01T00:00:00,2025-06-30T00:00:00,0.0,350.85,0.0,TERMINATION REPORT,202507029762564340
NY-16,R,2026,H2NY16115,C00827147,2025-01-01T00:00:00,2025-03-31T00:00:00,0.0,2052.53,350.85,APRIL QUARTERLY,202504149755274803
CA-35,R,2026,H0CA35146,C00730812,2026-05-14T00:00:00,2026-06-30T00:00:00,264.0,33.06,2873.01,JULY QUARTERLY,202607089874804288
CA-35,R,2026,H0CA35146,C00730812,2026-04-01T00:00:00,2026-05-13T00:00:00,350.0,257.9,2642.07,PRE-PRIMARY,202605199867428960
CA-35,R,2026,H0CA35146,C00730812,2026-01-01T00:00:00,2026-03-31T00:00:00,630.0,697.6,2549.97,APRIL QUARTERLY,202604139857133156
CA-35,R,2026,H0CA35146,C00730812,2025-10-01T00:00:00,2025-12-31T00:00:00,550.0,162.1,2617.57,YEAR-END,202601279794245641
CA-35,R,2026,H0CA35146,C00730812,2025-07-01T00:00:00,2025-09-30T00:00:00,750.0,124.8,2229.67,OCTOBER QUARTERLY,202510149790785692
CA-35,R,2026,H0CA35146,C00730812,2025-04-01T00:00:00,2025-06-30T00:00:00,1495.0,719.4,1604.47,JULY QUARTERLY,202507139762773856
CA-35,R,2026,H0CA35146,C00730812,2025-01-01T00:00:00,2025-03-31T00:00:00,720.0,361.9,828.87,APRIL QUARTERLY,202504159755398662
WI-04,R,2026,H4WI04282,C00879833,2026-04-01T00:00:00,2026-06-30T00:00:00,0.0,451.06,4717.51,JULY QUARTERLY,202607169890829703
WI-04,R,2026,H4WI04282,C00879833,2026-01-01T00:00:00,2026-03-31T00:00:00,0.0,257.78,5168.57,APRIL QUARTERLY,202604159863087806
WI-04,R,2026,H4WI04282,C00879833,2025-10-01T00:00:00,2025-12-31T00:00:00,0.0,485.18,5426.35,YEAR-END,202601319825679545
WI-04,R,2026,H4WI04282,C00879833,2025-07-01T00:00:00,2025-09-30T00:00:00,0.0,148.59,5911.53,OCTOBER QUARTERLY,202512039793375140
WI-04,R,2026,H4WI04282,C00879833,2025-04-01T00:00:00,2025-06-30T00:00:00,0.0,406.19,6060.12,JULY QUARTERLY,202507169763548879
WI-04,R,2026,H4WI04282,C00879833,2025-01-01T00:00:00,2025-03-31T00:00:00,0.0,144.04,6466.31,APRIL QUARTERLY,202504179756120349
CO-01,R,2026,H4CO01161,C00864835,2025-10-01T00:00:00,2025-12-31T00:00:00,0.0,150.0,1442.4,TERMINATION REPORT,202512299793860978
CO-01,R,2026,H4CO01161,C00864835,2025-10-01T00:00:00,2025-12-31T00:00:00,0.0,1592.4,0.0,TERMINATION REPORT,202512319793866336
CO-01,R,2026,H4CO01161,C00864835,2025-07-01T00:00:00,2025-09-30T00:00:00,0.0,114.0,1592.4,OCTOBER QUARTERLY,202510129790748147
CO-01,R,2026,H4CO01161,C00864835,2025-04-01T00:00:00,2025-06-30T00:00:00,0.0,132.66,1573.74,JULY QUARTERLY,202507289764307488
CO-01,R,2026,H4CO01161,C00864835,2025-01-01T00:00:00,2025-03-31T00:00:00,0.0,0.0,2100.61,APRIL QUARTERLY,202504159755431100
OR-03,R,2026,H0OR03174,C00870451,2026-01-01T00:00:00,2026-03-31T00:00:00,0.0,0.0,0.0,TERMINATION REPORT,202601219794113022
OR-03,R,2026,H0OR03174,C00870451,2025-10-01T00:00:00,2025-12-31T00:00:00,0.0,77.31,0.0,YEAR-END,202512299793860890
OR-03,R,2026,H0OR03174,C00870451,2025-07-01T00:00:00,2025-09-30T00:00:00,0.0,222.19,77.31,OCTOBER QUARTERLY,202510139790774886
OR-03,R,2026,H0OR03174,C00870451,2025-04-01T00:00:00,2025-06-30T00:00:00,0.0,577.4,299.5,JULY QUARTERLY,202507019762560458
OR-03,R,2026,H0OR03174,C00870451,2025-01-01T00:00:00,2025-03-31T00:00:00,68.07,560.34,876.9,APRIL QUARTERLY,202504149755348419
MI-12,R,2026,H2MI12198,C00812644,2026-07-01T00:00:00,2026-07-15T00:00:00,0.0,69.94,8381.09,PRE-PRIMARY,202607229894403388
MI-12,R,2026,H2MI12198,C00812644,2026-04-01T00:00:00,2026-06-30T00:00:00,775.0,949.83,8451.03,JULY QUARTERLY,202607089874807092
MI-12,R,2026,H2MI12198,C00812644,2026-01-01T00:00:00,2026-03-31T00:00:00,0.0,147.04,8625.86,APRIL QUARTERLY,202607089874807077
MI-12,R,2026,H2MI12198,C00812644,2026-01-01T00:00:00,2026-03-31T00:00:00,0.0,147.04,8625.86,APRIL QUARTERLY,202604079857018849
MI-12,R,2026,H2MI12198,C00812644,2025-10-01T00:00:00,2025-12-31T00:00:00,0.0,0.0,8772.9,YEAR-END,202601239794153667
MI-12,R,2026,H2MI12198,C00812644,2025-07-01T00:00:00,2025-09-30T00:00:00,0.0,122.0,8772.9,OCTOBER QUARTERLY,202510059790677984
MI-12,R,2026,H2MI12198,C00812644,2025-04-01T00:00:00,2025-06-30T00:00:00,0.0,122.0,8894.9,JULY QUARTERLY,202507149762833058
MI-12,R,2026,H2MI12198,C00812644,2025-01-01T00:00:00,2025-03-31T00:00:00,0.0,0.0,9016.9,APRIL QUARTERLY,202504149755331745
NJ-10,R,2026,H4NJ10135,C00927533,2026-05-14T00:00:00,2026-06-30T00:00:00,0.0,849.06,1018.06,JULY QUARTERLY,202607149875038935
NJ-10,R,2026,H4NJ10135,C00927533,2026-01-01T00:00:00,2026-05-13T00:00:00,2270.33,403.21,1867.12,PRE-PRIMARY,202605169866977544
PA-02,R,2026,H4PA02069,C00872143,2025-01-01T00:00:00,2025-06-27T00:00:00,0.0,1067.63,0.0,TERMINATION REPORT,202506279762546471
DC-00,R,2026,H6DC01111,C00934083,2026-01-01T00:00:00,2026-03-31T00:00:00,5714.99,467.19,5247.8,APRIL QUARTERLY,202604029856932556
OH-02,D,2026,H4OH02222,C00860353,2023-12-15T00:00:00,2026-02-08T00:00:00,983.0,983.0,0.0,TERMINATION REPORT,202603020300521319
WA-02,R,2026,H6WA02210,C00949735,2026-04-01T00:00:00,2026-06-30T00:00:00,2390.0,650.0,1740.0,TERMINATION REPORT,202607149874944953
NY-06,R,2026,H4NY06047,C00872333,2026-06-04T00:00:00,2026-06-30T00:00:00,0.0,13.89,4149.39,JULY QUARTERLY,202607159875729863
NY-06,R,2026,H4NY06047,C00872333,2026-04-01T00:00:00,2026-06-03T00:00:00,2578.08,149.36,4163.28,PRE-PRIMARY,202607159875706670
NY-06,R,2026,H4NY06047,C00872333,2026-01-01T00:00:00,2026-03-31T00:00:00,0.0,101.67,1734.56,APRIL QUARTERLY,202604149857225341
NY-06,R,2026,H4NY06047,C00872333,2025-10-01T00:00:00,2025-12-31T00:00:00,0.0,101.67,1836.23,YEAR-END,202601149793972123
NY-06,R,2026,H4NY06047,C00872333,2025-07-01T00:00:00,2025-09-30T00:00:00,0.0,101.67,1937.9,OCTOBER QUARTERLY,202510149790785702
NY-06,R,2026,H4NY06047,C00872333,2025-04-01T00:00:00,2025-06-30T00:00:00,0.0,81.67,2039.57,JULY QUARTERLY,202507149762829803
DE-00,R,2026,H4DE00060,C00855411,2026-04-01T00:00:00,2026-06-30T00:00:00,31.23,1.27,240.73,JULY QUARTERLY,202607099874816110
DE-00,R,2026,H4DE00060,C00855411,2026-01-01T00:00:00,2026-03-31T00:00:00,100.0,3.94,210.77,APRIL QUARTERLY,202604109857088080
DE-00,R,2026,H4DE00060,C00855411,2025-10-01T00:00:00,2025-12-31T00:00:00,104.1,252.57,114.71,YEAR-END,202601249794157035
DE-00,R,2026,H4DE00060,C00855411,2025-07-01T00:00:00,2025-09-30T00:00:00,15.0,250.0,263.18,OCTOBER QUARTERLY,202510149790793444
DE-00,R,2026,H4DE00060,C00855411,2025-04-01T00:00:00,2025-06-30T00:00:00,100.0,3.94,498.18,JULY QUARTERLY,202507149762833311
DE-00,R,2026,H4DE00060,C00855411,2025-01-01T00:00:00,2025-03-31T00:00:00,418.63,16.51,402.12,APRIL QUARTERLY,202504149755349569
LA-02,R,2026,H4LA02145,C00885517,2025-01-01T00:00:00,2025-03-31T00:00:00,0.0,487.82,0.0,TERMINATION REPORT,202504149755315958
MI-13,R,2026,H2MI13360,C00813048,2026-04-01T00:00:00,2026-06-30T00:00:00,0.0,0.0,14940.02,JULY QUARTERLY,202607179890878789
MI-13,R,2026,H2MI13360,C00813048,2026-01-01T00:00:00,2026-03-31T00:00:00,0.0,0.0,14940.02,APRIL QUARTERLY,202604099857048390
MI-13,R,2026,H2MI13360,C00813048,2025-10-01T00:00:00,2025-12-31T00:00:00,0.0,0.0,14940.02,YEAR-END,202601069793907517
MI-13,R,2026,H2MI13360,C00813048,2025-07-01T00:00:00,2025-09-30T00:00:00,0.0,0.0,14940.02,OCTOBER QUARTERLY,202510139790774754
MI-13,R,2026,H2MI13360,C00813048,2025-04-01T00:00:00,2025-06-30T00:00:00,0.0,5.4,14940.02,JULY QUARTERLY,202507149762810616
MI-13,R,2026,H2MI13360,C00813048,2025-01-01T00:00:00,2025-03-31T00:00:00,0.01,481.5,14945.42,APRIL QUARTERLY,202504099755201521
OK-03,D,2026,H6OK03249,C00916833,2025-10-01T00:00:00,2025-12-31T00:00:00,500.0,434.18,510.82,YEAR-END,202601229794125983
OK-03,D,2026,H6OK03249,C00916833,2025-07-01T00:00:00,2025-09-30T00:00:00,445.0,0.0,445.0,OCTOBER QUARTERLY,202510119790744037
CA-11,R,2026,H0CA15262,C00723031,2026-05-14T00:00:00,2026-06-30T00:00:00,0.0,13.0,1501.76,JULY QUARTERLY,202607089874804009
CA-11,R,2026,H0CA15262,C00723031,2026-04-01T00:00:00,2026-05-13T00:00:00,0.0,0.0,1514.76,PRE-PRIMARY,202605199867428617
CA-11,R,2026,H0CA15262,C00723031,2026-01-01T00:00:00,2026-03-31T00:00:00,0.0,280.0,1514.76,APRIL QUARTERLY,202604139857132813
CA-11,R,2026,H0CA15262,C00723031,2025-10-01T00:00:00,2025-12-31T00:00:00,0.0,45.0,1794.76,YEAR-END,202601279794246241
CA-11,R,2026,H0CA15262,C00723031,2025-07-01T00:00:00,2025-09-30T00:00:00,0.0,15.0,1839.76,OCTOBER QUARTERLY,202510149790786297
CA-11,R,2026,H0CA15262,C00723031,2025-04-01T00:00:00,2025-06-30T00:00:00,0.0,0.0,1854.76,JULY QUARTERLY,202507139762773600
CA-11,R,2026,H0CA15262,C00723031,2025-01-01T00:00:00,2025-03-31T00:00:00,0.0,0.0,1854.76,APRIL QUARTERLY,202504149755349177
CA-39,R,2026,H4CA39066,C00844589,2025-01-01T00:00:00,2025-01-23T00:00:00,0.0,300.0,0.0,TERMINATION REPORT,202501239747731435
AZ-03,R,2026,H2AZ07187,C00766402,2026-04-01T00:00:00,2026-06-30T00:00:00,0.0,0.0,408.24,JULY QUARTERLY,202607159875561480
AZ-03,R,2026,H2AZ07187,C00766402,2026-01-01T00:00:00,2026-03-31T00:00:00,0.0,0.0,408.24,APRIL QUARTERLY,202604159862581186
AZ-03,R,2026,H2AZ07187,C00766402,2025-10-01T00:00:00,2025-12-31T00:00:00,0.0,0.0,408.24,YEAR-END,202601159794007137
AZ-03,R,2026,H2AZ07187,C00766402,2025-07-01T00:00:00,2025-09-30T00:00:00,0.0,0.0,408.24,OCTOBER QUARTERLY,202510159791512425
AZ-03,R,2026,H2AZ07187,C00766402,2025-04-01T00:00:00,2025-06-30T00:00:00,0.0,75.75,408.24,JULY QUARTERLY,202507149762832581
AZ-03,R,2026,H2AZ07187,C00766402,2025-01-01T00:00:00,2025-03-31T00:00:00,0.0,75.75,483.99,APRIL QUARTERLY,202504149755302305
AZ-03,R,2026,H2AZ07187,C00766402,2025-01-01T00:00:00,2025-03-31T00:00:00,0.0,75.75,483.99,APRIL QUARTERLY,202505209761499945
GA-05,R,2026,H2GA05166,C00801423,2026-04-01T00:00:00,2026-06-30T00:00:00,0.0,0.0,-891.78,JULY QUARTERLY,202607139874942570
GA-05,R,2026,H2GA05166,C00801423,2026-01-01T00:00:00,2026-03-31T00:00:00,0.0,140.0,-891.78,APRIL QUARTERLY,202604139857147169
GA-05,R,2026,H2GA05166,C00801423,2025-10-01T00:00:00,2025-12-31T00:00:00,0.0,0.0,-751.78,YEAR-END,202601289794298308
GA-05,R,2026,H2GA05166,C00801423,2025-07-01T00:00:00,2025-09-30T00:00:00,0.0,0.0,-751.78,OCTOBER QUARTERLY,202510139790775294
GA-05,R,2026,H2GA05166,C00801423,2025-04-01T00:00:00,2025-06-30T00:00:00,0.0,0.0,-751.78,JULY QUARTERLY,202507079762734564
GA-05,R,2026,H2GA05166,C00801423,2025-01-01T00:00:00,2025-03-31T00:00:00,0.0,0.0,-751.78,APRIL QUARTERLY,202504149755344511
PA-04,R,2026,H6PA04144,C00899674,2025-01-01T00:00:00,2025-03-31T00:00:00,0.0,99.0,-99.0,APRIL QUARTERLY,202504129755255868
MA-03,R,2026,H6MA03100,C00941054,2026-04-01T00:00:00,2026-06-30T00:00:00,2165.01,43.91,6650.11,JULY QUARTERLY,202607159875095237
MA-03,R,2026,H6MA03100,C00941054,2026-01-01T00:00:00,2026-03-31T00:00:00,4550.71,21.7,4529.01,APRIL QUARTERLY,202604159857263169
PA-03,R,2026,H6PA03310,C00937839,2026-07-13T00:00:00,2026-07-13T00:00:00,0.0,0.0,22.0,TERMINATION REPORT,202607139874943859
PA-03,R,2026,H6PA03310,C00937839,2026-04-01T00:00:00,2026-06-30T00:00:00,0.0,0.0,22.0,JULY QUARTERLY,202607139874943846
PA-03,R,2026,H6PA03310,C00937839,2026-01-01T00:00:00,2026-03-31T00:00:00,80.64,58.64,22.0,APRIL QUARTERLY,202604089857030510
CA-41,R,2026,H2CA38260,C00946038,2026-04-01T00:00:00,2026-06-30T00:00:00,1709.0,49.56,1659.44,JULY QUARTERLY,202607129874890043
CA-07,R,2026,H6CA07183,C00925180,2026-01-22T00:00:00,2026-01-28T00:00:00,0.0,0.0,0.0,TERMINATION REPORT,202601289794267490
CA-07,R,2026,H6CA07183,C00925180,2025-10-01T00:00:00,2025-12-31T00:00:00,25.0,25.0,0.0,YEAR-END,202601289794266421
FL-10,R,2026,H0FL10113,C00741900,2026-04-01T00:00:00,2026-06-30T00:00:00,80.7,21.0,87.9,JULY QUARTERLY,202607159890077184
FL-10,R,2026,H0FL10113,C00741900,2026-01-01T00:00:00,2026-03-31T00:00:00,28.2,0.0,28.2,APRIL QUARTERLY,202604149857184935
FL-10,R,2026,H0FL10113,C00741900,2025-10-01T00:00:00,2025-12-31T00:00:00,0.0,0.0,0.0,YEAR-END,202601129793943878
FL-10,R,2026,H0FL10113,C00741900,2025-07-01T00:00:00,2025-09-30T00:00:00,0.0,0.0,0.0,OCTOBER QUARTERLY,202510149790779539
FL-10,R,2026,H0FL10113,C00741900,2025-04-01T00:00:00,2025-06-30T00:00:00,0.0,0.0,0.0,JULY QUARTERLY,202507159762990542
FL-10,R,2026,H0FL10113,C00741900,2025-01-01T00:00:00,2025-03-31T00:00:00,0.0,0.0,0.0,APRIL QUARTERLY,202504149755317620
VA-04,R,2026,H4VA07192,C00839902,2025-01-01T00:00:00,2025-01-07T00:00:00,1.0,1.0,0.0,TERMINATION REPORT,202501089740107308
CA-53,D,2026,H0CA53180,C00727867,2026-04-01T00:00:00,2026-06-30T00:00:00,0.0,0.0,4186.29,JULY QUARTERLY,202607119874888437
CA-53,D,2026,H0CA53180,C00727867,2026-01-01T00:00:00,2026-03-31T00:00:00,0.0,0.0,4186.29,APRIL QUARTERLY,202605039866788990
CA-53,D,2026,H0CA53180,C00727867,2025-10-01T00:00:00,2025-12-31T00:00:00,0.0,0.0,4186.29,YEAR-END,202601319808611419
CA-53,D,2026,H0CA53180,C00727867,2025-07-01T00:00:00,2025-09-30T00:00:00,0.0,0.0,4186.29,OCTOBER QUARTERLY,202510159790860331
CA-53,D,2026,H0CA53180,C00727867,2025-04-01T00:00:00,2025-06-30T00:00:00,0.0,0.0,4186.29,JULY QUARTERLY,202508139789465486
CA-53,D,2026,H0CA53180,C00727867,2025-01-01T00:00:00,2025-03-31T00:00:00,0.0,0.0,4186.29,APRIL QUARTERLY,202504159755366946
TX-29,R,2026,H6TX29122,C00931170,2026-04-01T00:00:00,2026-06-30T00:00:00,0.0,0.0,0.0,JULY QUARTERLY,202607029874735449
TX-29,R,2026,H6TX29122,C00931170,2026-02-12T00:00:00,2026-03-31T00:00:00,0.0,0.0,0.0,APRIL QUARTERLY,202604029856935368
TX-29,R,2026,H6TX29122,C00931170,2026-01-01T00:00:00,2026-02-11T00:00:00,0.0,0.0,0.0,PRE-PRIMARY,202602199834759979
TX-29,R,2026,H6TX29122,C00931170,2025-10-01T00:00:00,2025-12-31T00:00:00,0.0,0.0,0.0,YEAR-END,202601099793937946
CA-29,R,2026,H2CA28097,C00498683,,,,,,,
NY-00,R,2026,H6NY04138,C00918045,2025-07-01T00:00:00,2025-09-24T00:00:00,0.0,0.0,0.0,TERMINATION REPORT,202509249790385201
PA-00,R,2026,H2PA00034,C00776286,2026-04-01T00:00:00,2026-06-30T00:00:00,0.0,0.0,2170.83,JULY QUARTERLY,202607099874841026
PA-00,R,2026,H2PA00034,C00776286,2026-01-01T00:00:00,2026-03-31T00:00:00,0.0,0.0,2170.83,APRIL QUARTERLY,202604169863152777
PA-00,R,2026,H2PA00034,C00776286,2025-10-15T00:00:00,2025-12-31T00:00:00,0.0,0.0,2170.83,YEAR-END,202601019793870580
PA-00,R,2026,H2PA00034,C00776286,2025-07-01T00:00:00,2025-09-30T00:00:00,0.0,0.0,2170.83,OCTOBER QUARTERLY,202510059790678158
PA-00,R,2026,H2PA00034,C00776286,2025-04-01T00:00:00,2025-06-30T00:00:00,0.0,0.0,2170.83,JULY QUARTERLY,202507139762780464
PA-00,R,2026,H2PA00034,C00776286,2025-01-01T00:00:00,2025-03-31T00:00:00,0.0,0.0,2170.83,APRIL QUARTERLY,202504169756106716
HI-01,R,2026,H0HI01298,C00755421,2026-01-01T00:00:00,2026-03-31T00:00:00,0.0,0.0,-109.32,APRIL QUARTERLY,202604209863284090
HI-01,R,2026,H0HI01298,C00755421,2025-10-01T00:00:00,2025-12-31T00:00:00,0.0,0.0,-109.32,YEAR-END,202601199794066565
HI-01,R,2026,H0HI01298,C00755421,2025-07-01T00:00:00,2025-09-30T00:00:00,0.0,0.0,-109.32,OCTOBER QUARTERLY,202510149790798273
HI-01,R,2026,H0HI01298,C00755421,2025-04-01T00:00:00,2025-06-30T00:00:00,0.0,0.0,-109.32,JULY QUARTERLY,202507159762846354
HI-01,R,2026,H0HI01298,C00755421,2025-01-01T00:00:00,2025-03-31T00:00:00,0.0,0.0,-109.32,APRIL QUARTERLY,202504109755207834
NJ-08,R,2026,H4NJ08121,C00877878,2025-01-01T00:00:00,2025-02-15T00:00:00,0.0,0.0,0.0,TERMINATION REPORT,202502159753432383
MA-02,R,2026,H8MA02090,C00659227,2026-04-01T00:00:00,2026-06-30T00:00:00,0.0,0.0,17622.84,JULY QUARTERLY,202607119874869057
MA-02,R,2026,H8MA02090,C00659227,2026-01-01T00:00:00,2026-03-31T00:00:00,0.0,0.0,17622.84,APRIL QUARTERLY,202604159857601864
MA-02,R,2026,H8MA02090,C00659227,2025-10-01T00:00:00,2025-12-31T00:00:00,0.0,0.0,17622.84,YEAR-END,202601319825683723
MA-02,R,2026,H8MA02090,C00659227,2025-07-01T00:00:00,2025-09-30T00:00:00,0.0,0.0,17622.84,OCTOBER QUARTERLY,202510159791207362
MA-02,R,2026,H8MA02090,C00659227,2025-04-01T00:00:00,2025-06-30T00:00:00,0.0,0.0,17622.84,JULY QUARTERLY,202507159763271642
MA-02,R,2026,H8MA02090,C00659227,2025-01-01T00:00:00,2025-03-31T00:00:00,0.0,0.0,17622.84,APRIL QUARTERLY,202504159755649928
NY-15,R,2026,H0NY15111,C00470997,2026-04-01T00:00:00,2026-06-30T00:00:00,0.0,0.0,232.13,JULY QUARTERLY,202607090300529276
NY-15,R,2026,H0NY15111,C00470997,2026-01-01T00:00:00,2026-03-31T00:00:00,0.0,0.0,232.13,APRIL QUARTERLY,202604170300525101
NY-15,R,2026,H0NY15111,C00470997,2025-10-01T00:00:00,2025-12-31T00:00:00,0.0,0.0,232.13,YEAR-END,202602040300517660
NY-15,R,2026,H0NY15111,C00470997,2025-10-01T00:00:00,2025-12-31T00:00:00,0.0,0.0,232.13,YEAR-END,202602130300520649
NY-15,R,2026,H0NY15111,C00470997,2025-10-01T00:00:00,2025-12-31T00:00:00,0.0,0.0,232.13,YEAR-END,202602040300517660
NY-15,R,2026,H0NY15111,C00470997,2025-07-01T00:00:00,2025-09-30T00:00:00,0.0,0.0,232.13,OCTOBER QUARTERLY,202511190300513363
NY-15,R,2026,H0NY15111,C00470997,2025-04-01T00:00:00,2025-06-30T00:00:00,0.0,0.0,232.13,JULY QUARTERLY,202507110300505737
NY-15,R,2026,H0NY15111,C00470997,2025-01-01T00:00:00,2025-03-31T00:00:00,0.0,0.0,232.13,APRIL QUARTERLY,202504140300502708
IL-18,R,2026,H6IL18138,C00577122,2026-04-01T00:00:00,2026-06-30T00:00:00,0.0,0.0,10.0,JULY QUARTERLY,202607169890838608
IL-18,R,2026,H6IL18138,C00577122,2026-01-01T00:00:00,2026-03-31T00:00:00,0.0,0.0,10.0,APRIL QUARTERLY,202604159863085593
IL-18,R,2026,H6IL18138,C00577122,2025-10-01T00:00:00,2025-12-31T00:00:00,0.0,0.0,10.0,YEAR-END,202602069825933396
IL-18,R,2026,H6IL18138,C00577122,2025-07-01T00:00:00,2025-09-30T00:00:00,0.0,0.0,10.0,OCTOBER QUARTERLY,202602069825933387
IL-18,R,2026,H6IL18138,C00577122,2025-07-01T00:00:00,2025-09-30T00:00:00,0.0,0.0,10.0,OCTOBER QUARTERLY,202510159791567695
IL-18,R,2026,H6IL18138,C00577122,2025-04-01T00:00:00,2025-06-30T00:00:00,0.0,0.0,10.0,JULY QUARTERLY,202507319789368542
IL-18,R,2026,H6IL18138,C00577122,2025-01-01T00:00:00,2025-03-31T00:00:00,0.0,0.0,10.0,APRIL QUARTERLY,202504189756219519
OH-16,R,2026,H8OH16066,C00435685,2026-04-01T00:00:00,2026-06-30T00:00:00,0.0,0.0,2592.01,JULY QUARTERLY,202607159875391640
OH-16,R,2026,H8OH16066,C00435685,2026-01-01T00:00:00,2026-03-31T00:00:00,0.0,0.0,2592.01,APRIL QUARTERLY,202604159857786943
OH-16,R,2026,H8OH16066,C00435685,2025-10-01T00:00:00,2025-12-31T00:00:00,0.0,0.0,2592.01,YEAR-END,202601319808352233
OH-16,R,2026,H8OH16066,C00435685,2025-07-01T00:00:00,2025-09-30T00:00:00,0.0,0.0,2592.01,OCTOBER QUARTERLY,202510159791183037
OH-16,R,2026,H8OH16066,C00435685,2025-04-01T00:00:00,2025-06-30T00:00:00,0.0,0.0,2592.01,JULY QUARTERLY,202507159763098150
OH-16,R,2026,H8OH16066,C00435685,2025-01-01T00:00:00,2025-03-31T00:00:00,0.0,0.0,2592.01,APRIL QUARTERLY,202504149755327508
NY-10,R,2026,H2NY10134,C00780759,2026-04-01T00:00:00,2026-06-30T00:00:00,20000.0,0.0,0.0,JULY QUARTERLY,202607270300532861
NY-10,R,2026,H2NY10134,C00780759,2025-10-01T00:00:00,2025-12-31T00:00:00,,,,YEAR-END,202602100300520317
NY-10,R,2026,H2NY10134,C00780759,2025-07-01T00:00:00,2025-09-30T00:00:00,0.0,0.0,0.0,OCTOBER QUARTERLY,202511190300512898
NY-10,R,2026,H2NY10134,C00780759,2025-01-01T00:00:00,2025-03-31T00:00:00,0.0,0.0,0.0,APRIL QUARTERLY,202511190300512906
MP-01,D,2026,H4MP01048,C00876680,2026-04-01T00:00:00,2026-06-30T00:00:00,0.0,0.0,8539.03,JULY QUARTERLY,202607149875012246
MP-01,D,2026,H4MP01048,C00876680,2026-01-01T00:00:00,2026-03-31T00:00:00,0.0,0.0,8539.03,APRIL QUARTERLY,202607149875012208
MP-01,D,2026,H4MP01048,C00876680,2025-10-01T00:00:00,2025-12-31T00:00:00,0.0,0.0,8539.03,YEAR-END,202601309795268493
MP-01,D,2026,H4MP01048,C00876680,2025-07-01T00:00:00,2025-09-30T00:00:00,0.0,0.0,8539.03,OCTOBER QUARTERLY,202510159790806456
MP-01,D,2026,H4MP01048,C00876680,2025-04-01T00:00:00,2025-06-30T00:00:00,0.0,0.0,8539.03,JULY QUARTERLY,202507149762782175
MP-01,D,2026,H4MP01048,C00876680,2025-01-01T00:00:00,2025-03-31T00:00:00,0.0,0.0,8539.03,APRIL QUARTERLY,202507149762782076
MP-01,D,2026,H4MP01048,C00876680,2025-01-01T00:00:00,2025-03-31T00:00:00,0.0,0.0,0.0,APRIL QUARTERLY,202504159755350788
